1.000000E-03 5.048907E+04 7.702444E+03 6.878443E+04 9.999994E+01 1.000833E+02 -3.012691E-05 0.000000E+00 -3.012691E-05 6.876306E+04 5.215066E+04 2.124286E+04 2.001666E+04 2.124287E+02 0.000000E+00
2.000000E-03 4.931711E+04 7.981956E+03 6.868543E+04 9.999994E+01 1.001666E+02 -1.367772E-09 0.000000E+00 -1.367772E-09 6.863906E+04 5.291342E+04 2.145882E+04 2.003332E+04 2.145884E+02 0.000000E+00
3.000000E-03 4.827989E+04 8.273792E+03 6.858627E+04 9.999994E+01 1.002499E+02 -6.209731E-14 0.000000E+00 -6.209731E-14 6.851797E+04 5.357857E+04 2.169602E+04 2.004998E+04 2.169603E+02 0.000000E+00
4.000000E-03 4.736480E+04 8.578886E+03 6.848698E+04 9.999994E+01 1.003332E+02 -2.819239E-18 0.000000E+00 -2.819239E-18 6.839838E+04 5.423781E+04 2.195505E+04 2.006664E+04 2.195507E+02 0.000000E+00
5.000000E-03 4.656234E+04 8.898953E+03 6.838758E+04 9.999994E+01 1.004165E+02 -1.279944E-22 0.000000E+00 -1.279944E-22 6.828025E+04 5.488868E+04 2.223750E+04 2.008330E+04 2.223751E+02 0.000000E+00
6.000000E-03 4.586360E+04 9.236348E+03 6.828810E+04 9.999994E+01 1.004998E+02 -5.810990E-27 0.000000E+00 -5.810990E-27 6.816357E+04 5.552404E+04 2.254548E+04 2.009996E+04 2.254550E+02 0.000000E+00
7.000000E-03 4.526024E+04 9.589264E+03 6.818854E+04 9.999994E+01 1.005831E+02 -2.638209E-31 0.000000E+00 -2.638209E-31 6.804821E+04 5.614632E+04 2.287712E+04 2.011662E+04 2.287713E+02 0.000000E+00
8.000000E-03 4.474455E+04 9.958322E+03 6.808893E+04 9.999994E+01 1.006664E+02 -1.197756E-35 0.000000E+00 -1.197756E-35 6.793416E+04 5.675100E+04 2.323289E+04 2.013328E+04 2.323290E+02 0.000000E+00
9.000000E-03 4.430931E+04 1.034397E+04 6.798928E+04 9.999994E+01 1.007497E+02 -5.437853E-40 0.000000E+00 -5.437853E-40 6.782134E+04 5.733757E+04 2.361326E+04 2.014994E+04 2.361327E+02 0.000000E+00
1.000000E-02 4.394782E+04 1.074883E+04 6.788962E+04 9.999994E+01 1.008330E+02 -2.468804E-44 0.000000E+00 -2.468804E-44 6.770972E+04 5.790383E+04 2.402081E+04 2.016660E+04 2.402082E+02 0.000000E+00
1.100000E-02 4.365385E+04 1.117281E+04 6.778995E+04 9.999994E+01 1.009163E+02 -1.120845E-48 0.000000E+00 -1.120845E-48 6.759923E+04 5.844888E+04 2.445546E+04 2.018326E+04 2.445547E+02 0.000000E+00
1.200000E-02 4.342162E+04 1.161455E+04 6.769029E+04 9.999994E+01 1.009996E+02 -5.088676E-53 0.000000E+00 -5.088676E-53 6.748984E+04 5.897159E+04 2.491594E+04 2.019992E+04 2.491595E+02 0.000000E+00
1.300000E-02 4.324576E+04 1.207431E+04 6.759066E+04 9.999994E+01 1.010829E+02 -2.310276E-57 0.000000E+00 -2.310276E-57 6.738150E+04 5.947134E+04 2.540254E+04 2.021658E+04 2.540256E+02 0.000000E+00
1.400000E-02 4.312128E+04 1.255220E+04 6.749106E+04 9.999994E+01 1.011662E+02 -1.048873E-61 0.000000E+00 -1.048873E-61 6.727416E+04 5.994767E+04 2.591553E+04 2.023324E+04 2.591555E+02 0.000000E+00
1.500000E-02 4.304360E+04 1.305175E+04 6.739151E+04 9.999994E+01 1.012495E+02 -4.761921E-66 0.000000E+00 -4.761921E-66 6.716777E+04 6.040037E+04 2.645854E+04 2.024990E+04 2.645856E+02 0.000000E+00
1.600000E-02 4.300850E+04 1.357022E+04 6.729202E+04 9.999994E+01 1.013328E+02 -2.161928E-70 0.000000E+00 -2.161928E-70 6.706230E+04 6.082944E+04 2.702893E+04 2.026656E+04 2.702894E+02 0.000000E+00
1.700000E-02 4.301206E+04 1.410694E+04 6.719261E+04 9.999994E+01 1.014161E+02 -9.815228E-75 0.000000E+00 -9.815228E-75 6.695770E+04 6.123503E+04 2.762624E+04 2.028322E+04 2.762626E+02 0.000000E+00
1.800000E-02 4.305071E+04 1.466187E+04 6.709327E+04 9.999994E+01 1.014994E+02 -4.456147E-79 0.000000E+00 -4.456147E-79 6.685393E+04 6.161745E+04 2.825057E+04 2.029988E+04 2.825059E+02 0.000000E+00
1.900000E-02 4.312113E+04 1.523545E+04 6.699402E+04 9.999994E+01 1.015827E+02 -2.023106E-83 0.000000E+00 -2.023106E-83 6.675095E+04 6.197713E+04 2.890251E+04 2.031654E+04 2.890253E+02 0.000000E+00
2.000000E-02 4.322034E+04 1.583026E+04 6.689487E+04 9.999994E+01 1.016660E+02 -9.184970E-88 0.000000E+00 -9.184970E-88 6.664873E+04 6.231462E+04 2.958492E+04 2.033320E+04 2.958494E+02 0.000000E+00
2.100000E-02 4.334557E+04 1.644265E+04 6.679583E+04 9.999994E+01 1.017493E+02 -4.170008E-92 0.000000E+00 -4.170008E-92 6.654723E+04 6.263054E+04 3.029429E+04 2.034986E+04 3.029430E+02 0.000000E+00
2.200000E-02 4.349431E+04 1.707226E+04 6.669690E+04 9.999994E+01 1.018326E+02 -1.893198E-96 0.000000E+00 -1.893198E-96 6.644642E+04 6.292559E+04 3.103049E+04 2.036652E+04 3.103051E+02 0.000000E+00
2.300000E-02 4.366424E+04 1.771878E+04 6.659809E+04 9.999994E+01 1.019159E+02 0.000000E+00 0.000000E+00 0.000000E+00 6.634625E+04 6.320051E+04 3.179337E+04 2.038318E+04 3.179339E+02 0.000000E+00
2.400000E-02 4.385327E+04 1.838349E+04 6.649941E+04 9.999994E+01 1.019992E+02 0.000000E+00 0.000000E+00 0.000000E+00 6.624672E+04 6.345609E+04 3.258440E+04 2.039984E+04 3.258442E+02 0.000000E+00
2.500000E-02 4.405952E+04 1.906633E+04 6.640086E+04 9.999994E+01 1.020825E+02 0.000000E+00 0.000000E+00 0.000000E+00 6.614777E+04 6.369316E+04 3.340385E+04 2.041650E+04 3.340387E+02 0.000000E+00
2.600000E-02 4.428124E+04 1.976464E+04 6.630245E+04 9.999994E+01 1.021658E+02 0.000000E+00 0.000000E+00 0.000000E+00 6.604939E+04 6.391253E+04 3.424916E+04 2.043316E+04 3.424918E+02 0.000000E+00
2.700000E-02 4.451687E+04 2.047781E+04 6.620419E+04 9.999994E+01 1.022491E+02 0.000000E+00 0.000000E+00 0.000000E+00 6.595155E+04 6.411505E+04 3.511998E+04 2.044982E+04 3.512000E+02 0.000000E+00
2.800000E-02 4.476498E+04 2.120531E+04 6.610607E+04 9.999994E+01 1.023324E+02 0.000000E+00 0.000000E+00 0.000000E+00 6.585423E+04 6.430154E+04 3.601594E+04 2.046648E+04 3.601596E+02 0.000000E+00
2.900000E-02 4.502427E+04 2.194910E+04 6.600811E+04 9.999994E+01 1.024157E+02 0.000000E+00 0.000000E+00 0.000000E+00 6.575740E+04 6.447282E+04 3.693916E+04 2.048314E+04 3.693918E+02 0.000000E+00
3.000000E-02 4.529358E+04 2.270677E+04 6.591030E+04 9.999994E+01 1.024990E+02 0.000000E+00 0.000000E+00 0.000000E+00 6.566105E+04 6.462971E+04 3.788754E+04 2.049980E+04 3.788756E+02 0.000000E+00
3.100000E-02 4.557184E+04 2.347665E+04 6.581265E+04 9.999994E+01 1.025823E+02 0.000000E+00 0.000000E+00 0.000000E+00 6.556514E+04 6.477299E+04 3.885949E+04 2.051646E+04 3.885951E+02 0.000000E+00
3.200000E-02 4.585809E+04 2.425801E+04 6.571517E+04 9.999994E+01 1.026656E+02 0.000000E+00 0.000000E+00 0.000000E+00 6.546967E+04 6.490342E+04 3.985445E+04 2.053312E+04 3.985448E+02 0.000000E+00
3.300000E-02 4.615143E+04 2.505007E+04 6.561786E+04 9.999994E+01 1.027489E+02 0.000000E+00 0.000000E+00 0.000000E+00 6.537461E+04 6.502172E+04 4.087184E+04 2.054978E+04 4.087186E+02 0.000000E+00
3.400000E-02 4.645108E+04 2.585516E+04 6.552071E+04 9.999994E+01 1.028322E+02 0.000000E+00 0.000000E+00 0.000000E+00 6.527995E+04 6.512861E+04 4.191416E+04 2.056644E+04 4.191418E+02 0.000000E+00
3.500000E-02 4.675631E+04 2.666918E+04 6.542374E+04 9.999994E+01 1.029155E+02 0.000000E+00 0.000000E+00 0.000000E+00 6.518567E+04 6.522475E+04 4.297741E+04 2.058310E+04 4.297743E+02 0.000000E+00
3.600000E-02 4.706645E+04 2.749126E+04 6.532695E+04 9.999994E+01 1.029988E+02 0.000000E+00 0.000000E+00 0.000000E+00 6.509176E+04 6.531077E+04 4.406088E+04 2.059976E+04 4.406091E+02 0.000000E+00
3.700000E-02 4.738088E+04 2.832057E+04 6.523033E+04 9.999994E+01 1.030821E+02 0.000000E+00 0.000000E+00 0.000000E+00 6.499821E+04 6.538728E+04 4.516384E+04 2.061642E+04 4.516387E+02 0.000000E+00
3.800000E-02 4.769904E+04 2.915698E+04 6.513389E+04 9.999994E+01 1.031654E+02 0.000000E+00 0.000000E+00 0.000000E+00 6.490500E+04 6.545482E+04 4.628626E+04 2.063308E+04 4.628629E+02 0.000000E+00
3.900000E-02 4.802040E+04 3.000057E+04 6.503763E+04 9.999994E+01 1.032487E+02 0.000000E+00 0.000000E+00 0.000000E+00 6.481212E+04 6.551393E+04 4.742835E+04 2.064974E+04 4.742837E+02 0.000000E+00
4.000000E-02 4.834449E+04 3.084850E+04 6.494155E+04 9.999994E+01 1.033320E+02 0.000000E+00 0.000000E+00 0.000000E+00 6.471956E+04 6.556510E+04 4.858729E+04 2.066640E+04 4.858731E+02 0.000000E+00
4.100000E-02 4.867084E+04 3.169981E+04 6.484565E+04 9.999994E+01 1.034153E+02 0.000000E+00 0.000000E+00 0.000000E+00 6.462731E+04 6.560878E+04 4.976222E+04 2.068306E+04 4.976225E+02 0.000000E+00
4.200000E-02 4.899903E+04 3.255361E+04 6.474995E+04 9.999994E+01 1.034986E+02 0.000000E+00 0.000000E+00 0.000000E+00 6.453536E+04 6.564540E+04 5.095228E+04 2.069972E+04 5.095231E+02 0.000000E+00
4.300000E-02 4.932865E+04 3.341007E+04 6.465442E+04 9.999994E+01 1.035819E+02 0.000000E+00 0.000000E+00 0.000000E+00 6.444371E+04 6.567533E+04 5.215768E+04 2.071638E+04 5.215771E+02 0.000000E+00
4.400000E-02 4.965931E+04 3.426777E+04 6.455909E+04 9.999994E+01 1.036652E+02 0.000000E+00 0.000000E+00 0.000000E+00 6.435233E+04 6.569893E+04 5.337702E+04 2.073304E+04 5.337705E+02 0.000000E+00
4.500000E-02 4.999065E+04 3.512489E+04 6.446394E+04 9.999994E+01 1.037485E+02 0.000000E+00 0.000000E+00 0.000000E+00 6.426123E+04 6.571654E+04 5.460848E+04 2.074970E+04 5.460852E+02 0.000000E+00
4.600000E-02 5.032231E+04 3.598048E+04 6.436899E+04 9.999994E+01 1.038318E+02 0.000000E+00 0.000000E+00 0.000000E+00 6.417039E+04 6.572844E+04 5.585111E+04 2.076636E+04 5.585114E+02 0.000000E+00
4.700000E-02 5.065394E+04 3.683361E+04 6.427422E+04 9.999994E+01 1.039151E+02 0.000000E+00 0.000000E+00 0.000000E+00 6.407981E+04 6.573491E+04 5.710392E+04 2.078302E+04 5.710396E+02 0.000000E+00
4.800000E-02 5.098521E+04 3.768441E+04 6.417964E+04 9.999994E+01 1.039984E+02 0.000000E+00 0.000000E+00 0.000000E+00 6.398949E+04 6.573618E+04 5.836702E+04 2.079968E+04 5.836705E+02 0.000000E+00
4.900000E-02 5.131579E+04 3.853082E+04 6.408525E+04 9.999994E+01 1.040817E+02 0.000000E+00 0.000000E+00 0.000000E+00 6.389941E+04 6.573248E+04 5.963829E+04 2.081634E+04 5.963832E+02 0.000000E+00
5.000000E-02 5.164535E+04 3.937175E+04 6.399106E+04 9.999994E+01 1.041650E+02 0.000000E+00 0.000000E+00 0.000000E+00 6.380957E+04 6.572400E+04 6.091656E+04 2.083300E+04 6.091660E+02 0.000000E+00
5.100000E-02 5.197358E+04 4.020631E+04 6.389705E+04 9.999994E+01 1.042483E+02 6.695253E-08 0.000000E+00 6.695253E-08 6.371997E+04 6.571092E+04 6.220086E+04 2.084966E+04 6.220089E+02 0.000000E+00
5.200000E-02 5.230016E+04 4.103369E+04 6.380324E+04 9.999994E+01 1.043316E+02 3.039668E-12 0.000000E+00 3.039668E-12 6.363059E+04 6.569340E+04 6.349026E+04 2.086632E+04 6.349030E+02 0.000000E+00
5.300000E-02 5.262495E+04 4.185329E+04 6.370966E+04 9.999993E+01 1.044149E+02 -4.575325E-02 0.000000E+00 -4.575325E-02 6.354845E+04 6.567812E+04 6.478406E+04 2.088298E+04 6.478410E+02 0.000000E+00
5.400000E-02 5.294815E+04 4.266359E+04 6.361648E+04 9.999981E+01 1.044982E+02 -2.019935E-01 0.000000E+00 -2.019935E-01 6.348341E+04 6.567454E+04 6.608060E+04 2.089964E+04 6.608072E+02 0.000000E+00
5.500000E-02 5.327021E+04 4.346371E+04 6.352390E+04 9.999949E+01 1.045815E+02 -4.668448E-01 0.000000E+00 -4.668448E-01 6.343606E+04 6.568345E+04 6.737883E+04 2.091630E+04 6.737918E+02 0.000000E+00
5.600000E-02 5.359148E+04 4.425276E+04 6.343214E+04 9.999884E+01 1.046648E+02 -8.409643E-01 0.000000E+00 -8.409643E-01 6.340587E+04 6.570458E+04 6.867772E+04 2.093296E+04 6.867852E+02 0.000000E+00
5.700000E-02 5.391230E+04 4.502983E+04 6.334142E+04 9.999777E+01 1.047481E+02 -1.320772E+00 0.000000E+00 -1.320772E+00 6.339347E+04 6.573886E+04 6.997616E+04 2.094962E+04 6.997772E+02 0.000000E+00
5.800000E-02 5.423296E+04 4.579389E+04 6.325194E+04 9.999617E+01 1.048314E+02 -1.906339E+00 0.000000E+00 -1.906339E+00 6.339802E+04 6.578573E+04 7.127293E+04 2.096628E+04 7.127566E+02 0.000000E+00
5.900000E-02 5.455369E+04 4.654418E+04 6.316390E+04 9.999393E+01 1.049147E+02 -2.594851E+00 0.000000E+00 -2.594851E+00 6.342012E+04 6.584599E+04 7.256703E+04 2.098294E+04 7.257143E+02 0.000000E+00
6.000000E-02 5.487472E+04 4.727993E+04 6.307751E+04 9.999094E+01 1.049980E+02 -3.385186E+00 0.000000E+00 -3.385186E+00 6.345937E+04 6.591947E+04 7.385747E+04 2.099960E+04 7.386416E+02 0.000000E+00
6.100000E-02 5.519622E+04 4.800042E+04 6.299296E+04 9.998712E+01 1.050813E+02 -4.275108E+00 0.000000E+00 -4.275108E+00 6.351577E+04 6.600632E+04 7.514327E+04 2.101626E+04 7.515295E+02 0.000000E+00
6.200000E-02 5.551832E+04 4.870432E+04 6.291045E+04 9.998236E+01 1.051646E+02 -5.262968E+00 0.000000E+00 -5.262968E+00 6.358918E+04 6.610654E+04 7.642287E+04 2.103292E+04 7.643635E+02 0.000000E+00
6.300000E-02 5.584113E+04 4.939115E+04 6.283016E+04 9.997656E+01 1.052479E+02 -6.346605E+00 0.000000E+00 -6.346605E+00 6.367952E+04 6.622015E+04 7.769550E+04 2.104958E+04 7.771371E+02 0.000000E+00
6.400000E-02 5.616473E+04 5.006051E+04 6.275228E+04 9.996964E+01 1.053312E+02 -7.524071E+00 0.000000E+00 -7.524071E+00 6.378663E+04 6.634708E+04 7.896046E+04 2.106624E+04 7.898445E+02 0.000000E+00
6.500000E-02 5.648915E+04 5.071181E+04 6.267699E+04 9.996149E+01 1.054145E+02 -8.793180E+00 0.000000E+00 -8.793180E+00 6.391037E+04 6.648728E+04 8.021687E+04 2.108290E+04 8.024778E+02 0.000000E+00
6.600000E-02 5.681444E+04 5.134447E+04 6.260446E+04 9.995202E+01 1.054978E+02 -1.015179E+01 0.000000E+00 -1.015179E+01 6.405059E+04 6.664063E+04 8.146386E+04 2.109956E+04 8.150297E+02 0.000000E+00
6.700000E-02 5.714056E+04 5.195656E+04 6.253487E+04 9.994115E+01 1.055811E+02 -1.159764E+01 0.000000E+00 -1.159764E+01 6.420710E+04 6.680698E+04 8.269918E+04 2.111622E+04 8.274788E+02 0.000000E+00
6.800000E-02 5.746750E+04 5.254887E+04 6.246837E+04 9.992880E+01 1.056644E+02 -1.312843E+01 0.000000E+00 -1.312843E+01 6.437972E+04 6.698619E+04 8.392328E+04 2.113288E+04 8.398308E+02 0.000000E+00
6.900000E-02 5.779520E+04 5.312095E+04 6.240514E+04 9.991487E+01 1.057477E+02 -1.474181E+01 0.000000E+00 -1.474181E+01 6.456825E+04 6.717806E+04 8.513539E+04 2.114954E+04 8.520793E+02 0.000000E+00
7.000000E-02 5.812360E+04 5.367243E+04 6.234532E+04 9.989929E+01 1.058310E+02 -1.643541E+01 0.000000E+00 -1.643541E+01 6.477248E+04 6.738240E+04 8.633478E+04 2.116620E+04 8.642182E+02 0.000000E+00
7.100000E-02 5.845261E+04 5.420244E+04 6.228907E+04 9.988197E+01 1.059143E+02 -1.820679E+01 0.000000E+00 -1.820679E+01 6.499217E+04 6.759899E+04 8.752024E+04 2.118286E+04 8.762366E+02 0.000000E+00
7.200000E-02 5.878213E+04 5.470979E+04 6.223653E+04 9.986285E+01 1.059976E+02 -2.005347E+01 0.000000E+00 -2.005347E+01 6.522710E+04 6.782760E+04 8.869026E+04 2.119952E+04 8.881207E+02 0.000000E+00
7.300000E-02 5.911203E+04 5.519551E+04 6.218785E+04 9.984184E+01 1.060809E+02 -2.197294E+01 0.000000E+00 -2.197294E+01 6.547703E+04 6.806799E+04 8.984546E+04 2.121618E+04 8.998779E+02 0.000000E+00
7.400000E-02 5.944219E+04 5.565935E+04 6.214316E+04 9.981888E+01 1.061642E+02 -2.396267E+01 0.000000E+00 -2.396267E+01 6.574168E+04 6.831990E+04 9.098527E+04 2.123284E+04 9.115036E+02 0.000000E+00
7.500000E-02 5.977248E+04 5.610117E+04 6.210259E+04 9.979389E+01 1.062475E+02 -2.602012E+01 0.000000E+00 -2.602012E+01 6.602081E+04 6.858309E+04 9.210914E+04 2.124950E+04 9.229938E+02 0.000000E+00
7.600000E-02 6.010277E+04 5.651960E+04 6.206626E+04 9.976682E+01 1.063308E+02 -2.814271E+01 0.000000E+00 -2.814271E+01 6.631414E+04 6.885728E+04 9.321538E+04 2.126616E+04 9.343325E+02 0.000000E+00
7.700000E-02 6.043288E+04 5.691479E+04 6.203430E+04 9.973759E+01 1.064141E+02 -3.032783E+01 0.000000E+00 -3.032783E+01 6.662138E+04 6.914221E+04 9.430375E+04 2.128282E+04 9.455187E+02 0.000000E+00
7.800000E-02 6.076267E+04 5.728763E+04 6.200682E+04 9.970614E+01 1.064974E+02 -3.257287E+01 0.000000E+00 -3.257287E+01 6.694225E+04 6.943760E+04 9.537475E+04 2.129948E+04 9.565584E+02 0.000000E+00
7.900000E-02 6.109199E+04 5.763808E+04 6.198392E+04 9.967242E+01 1.065807E+02 -3.487525E+01 0.000000E+00 -3.487525E+01 6.727645E+04 6.974319E+04 9.642801E+04 2.131614E+04 9.674493E+02 0.000000E+00
8.000000E-02 6.142069E+04 5.796623E+04 6.196572E+04 9.963637E+01 1.066640E+02 -3.723234E+01 0.000000E+00 -3.723234E+01 6.762369E+04 7.005870E+04 9.746321E+04 2.133280E+04 9.781890E+02 0.000000E+00
8.100000E-02 6.174860E+04 5.827017E+04 6.195231E+04 9.959794E+01 1.067473E+02 -3.964153E+01 0.000000E+00 -3.964153E+01 6.798366E+04 7.038386E+04 9.847809E+04 2.134946E+04 9.887563E+02 0.000000E+00
8.200000E-02 6.207557E+04 5.855163E+04 6.194378E+04 9.955708E+01 1.068306E+02 -4.210020E+01 0.000000E+00 -4.210020E+01 6.835605E+04 7.071840E+04 9.947403E+04 2.136612E+04 9.991658E+02 0.000000E+00
8.300000E-02 6.240144E+04 5.881113E+04 6.194022E+04 9.951373E+01 1.069139E+02 -4.460576E+01 0.000000E+00 -4.460576E+01 6.874055E+04 7.106206E+04 1.004512E+05 2.138278E+04 1.009420E+03 0.000000E+00
8.400000E-02 6.272609E+04 5.904885E+04 6.194172E+04 9.946785E+01 1.069972E+02 -4.715563E+01 0.000000E+00 -4.715563E+01 6.913684E+04 7.141456E+04 1.014093E+05 2.139944E+04 1.019518E+03 0.000000E+00
8.500000E-02 6.304936E+04 5.926469E+04 6.194834E+04 9.941940E+01 1.070805E+02 -4.974725E+01 0.000000E+00 -4.974725E+01 6.954460E+04 7.177567E+04 1.023481E+05 2.141610E+04 1.029458E+03 0.000000E+00
8.600000E-02 6.337111E+04 5.945735E+04 6.196017E+04 9.936834E+01 1.071638E+02 -5.237807E+01 0.000000E+00 -5.237807E+01 6.996351E+04 7.214511E+04 1.032657E+05 2.143276E+04 1.039221E+03 0.000000E+00
8.700000E-02 6.369123E+04 5.962908E+04 6.197727E+04 9.931463E+01 1.072471E+02 -5.504555E+01 0.000000E+00 -5.504555E+01 7.039324E+04 7.252263E+04 1.041641E+05 2.144942E+04 1.048830E+03 0.000000E+00
8.800000E-02 6.400959E+04 5.978026E+04 6.199969E+04 9.925824E+01 1.073304E+02 -5.774721E+01 0.000000E+00 -5.774721E+01 7.083348E+04 7.290800E+04 1.050434E+05 2.146608E+04 1.058284E+03 0.000000E+00
8.900000E-02 6.432608E+04 5.991123E+04 6.202751E+04 9.919913E+01 1.074137E+02 -6.048061E+01 0.000000E+00 -6.048061E+01 7.128391E+04 7.330098E+04 1.059036E+05 2.148274E+04 1.067586E+03 0.000000E+00
9.000000E-02 6.464061E+04 6.002146E+04 6.206076E+04 9.913727E+01 1.074970E+02 -6.324331E+01 0.000000E+00 -6.324331E+01 7.174419E+04 7.370133E+04 1.067438E+05 2.149940E+04 1.076727E+03 0.000000E+00
9.100000E-02 6.495308E+04 6.011117E+04 6.209950E+04 9.907263E+01 1.075803E+02 -6.603292E+01 0.000000E+00 -6.603292E+01 7.221401E+04 7.410884E+04 1.075639E+05 2.151606E+04 1.085707E+03 0.000000E+00
9.200000E-02 6.526341E+04 6.018204E+04 6.214376E+04 9.900520E+01 1.076636E+02 -6.884709E+01 0.000000E+00 -6.884709E+01 7.269305E+04 7.452326E+04 1.083652E+05 2.153272E+04 1.094541E+03 0.000000E+00
9.300000E-02 6.557153E+04 6.023459E+04 6.219359E+04 9.893493E+01 1.077469E+02 -7.168353E+01 0.000000E+00 -7.168353E+01 7.318099E+04 7.494441E+04 1.091481E+05 2.154938E+04 1.103231E+03 0.000000E+00
9.400000E-02 6.587739E+04 6.026930E+04 6.224902E+04 9.886182E+01 1.078302E+02 -7.453998E+01 0.000000E+00 -7.453998E+01 7.367752E+04 7.537208E+04 1.099127E+05 2.156604E+04 1.111781E+03 0.000000E+00
9.500000E-02 6.618093E+04 6.028530E+04 6.231007E+04 9.878585E+01 1.079135E+02 -7.741425E+01 0.000000E+00 -7.741425E+01 7.418232E+04 7.580606E+04 1.106578E+05 2.158270E+04 1.120178E+03 0.000000E+00
9.600000E-02 6.648212E+04 6.028409E+04 6.237678E+04 9.870699E+01 1.079968E+02 -8.030415E+01 0.000000E+00 -8.030415E+01 7.469509E+04 7.624617E+04 1.113846E+05 2.159936E+04 1.128437E+03 0.000000E+00
9.700000E-02 6.678094E+04 6.026679E+04 6.244915E+04 9.862523E+01 1.080801E+02 -8.320760E+01 0.000000E+00 -8.320760E+01 7.521552E+04 7.669221E+04 1.120941E+05 2.161602E+04 1.136566E+03 0.000000E+00
9.800000E-02 6.707736E+04 6.023399E+04 6.252721E+04 9.854057E+01 1.081634E+02 -8.612254E+01 0.000000E+00 -8.612254E+01 7.574331E+04 7.714401E+04 1.127865E+05 2.163268E+04 1.144569E+03 0.000000E+00
9.900000E-02 6.737140E+04 6.018626E+04 6.261097E+04 9.845299E+01 1.082467E+02 -8.904700E+01 0.000000E+00 -8.904700E+01 7.627817E+04 7.760141E+04 1.134621E+05 2.164934E+04 1.152450E+03 0.000000E+00
1.000000E-01 6.766306E+04 6.012256E+04 6.270043E+04 9.836247E+01 1.083300E+02 -9.197903E+01 0.000000E+00 -9.197903E+01 7.681981E+04 7.806424E+04 1.141198E+05 2.166600E+04 1.160197E+03 0.000000E+00
1.010000E-01 6.795235E+04 6.004529E+04 6.279560E+04 9.826903E+01 1.084133E+02 -9.491675E+01 0.000000E+00 -9.491675E+01 7.736794E+04 7.853232E+04 1.147617E+05 2.168266E+04 1.167832E+03 0.000000E+00
1.020000E-01 6.823930E+04 5.995503E+04 6.289647E+04 9.817264E+01 1.084966E+02 -9.785834E+01 0.000000E+00 -9.785834E+01 7.792228E+04 7.900553E+04 1.153881E+05 2.169932E+04 1.175359E+03 0.000000E+00
1.030000E-01 6.852397E+04 5.985243E+04 6.300306E+04 9.807331E+01 1.085799E+02 -1.008021E+02 0.000000E+00 -1.008021E+02 7.848257E+04 7.948370E+04 1.159994E+05 2.171598E+04 1.182783E+03 0.000000E+00
1.040000E-01 6.880639E+04 5.973771E+04 6.311534E+04 9.797104E+01 1.086632E+02 -1.037462E+02 0.000000E+00 -1.037462E+02 7.904853E+04 7.996670E+04 1.165958E+05 2.173264E+04 1.190105E+03 0.000000E+00
1.050000E-01 6.908662E+04 5.961098E+04 6.323331E+04 9.786582E+01 1.087465E+02 -1.066892E+02 0.000000E+00 -1.066892E+02 7.961990E+04 8.045439E+04 1.171772E+05 2.174930E+04 1.197325E+03 0.000000E+00
1.060000E-01 6.936474E+04 5.947389E+04 6.335695E+04 9.775766E+01 1.088298E+02 -1.096294E+02 0.000000E+00 -1.096294E+02 8.019644E+04 8.094664E+04 1.177449E+05 2.176596E+04 1.204457E+03 0.000000E+00
1.070000E-01 6.964081E+04 5.932704E+04 6.348625E+04 9.764656E+01 1.089131E+02 -1.125653E+02 0.000000E+00 -1.125653E+02 8.077788E+04 8.144331E+04 1.182996E+05 2.178262E+04 1.211508E+03 0.000000E+00
1.080000E-01 6.991492E+04 5.917106E+04 6.362119E+04 9.753253E+01 1.089964E+02 -1.154955E+02 0.000000E+00 -1.154955E+02 8.136400E+04 8.194430E+04 1.188415E+05 2.179928E+04 1.218481E+03 0.000000E+00
1.090000E-01 7.018716E+04 5.900597E+04 6.376175E+04 9.741557E+01 1.090797E+02 -1.184185E+02 0.000000E+00 -1.184185E+02 8.195456E+04 8.244949E+04 1.193707E+05 2.181594E+04 1.225376E+03 0.000000E+00
1.100000E-01 7.045763E+04 5.883261E+04 6.390790E+04 9.729570E+01 1.091630E+02 -1.213332E+02 0.000000E+00 -1.213332E+02 8.254932E+04 8.295875E+04 1.198879E+05 2.183260E+04 1.232201E+03 0.000000E+00
1.110000E-01 7.072642E+04 5.865202E+04 6.405962E+04 9.717291E+01 1.092463E+02 -1.242381E+02 0.000000E+00 -1.242381E+02 8.314808E+04 8.347197E+04 1.203938E+05 2.184926E+04 1.238965E+03 0.000000E+00
1.120000E-01 7.099366E+04 5.846474E+04 6.421687E+04 9.704723E+01 1.093296E+02 -1.271321E+02 0.000000E+00 -1.271321E+02 8.375061E+04 8.398905E+04 1.208891E+05 2.186592E+04 1.245673E+03 0.000000E+00
1.130000E-01 7.125943E+04 5.827133E+04 6.437963E+04 9.691865E+01 1.094129E+02 -1.300141E+02 0.000000E+00 -1.300141E+02 8.435671E+04 8.450989E+04 1.213741E+05 2.188258E+04 1.252330E+03 0.000000E+00
1.140000E-01 7.152388E+04 5.807182E+04 6.454786E+04 9.678720E+01 1.094962E+02 -1.328830E+02 0.000000E+00 -1.328830E+02 8.496619E+04 8.503437E+04 1.218488E+05 2.189924E+04 1.258935E+03 0.000000E+00
1.150000E-01 7.178710E+04 5.786728E+04 6.472152E+04 9.665289E+01 1.095795E+02 -1.357377E+02 0.000000E+00 -1.357377E+02 8.557884E+04 8.556241E+04 1.223142E+05 2.191590E+04 1.265500E+03 0.000000E+00
1.160000E-01 7.204922E+04 5.765829E+04 6.490058E+04 9.651573E+01 1.096628E+02 -1.385772E+02 0.000000E+00 -1.385772E+02 8.619448E+04 8.609389E+04 1.227707E+05 2.193256E+04 1.272028E+03 0.000000E+00
1.170000E-01 7.231037E+04 5.744533E+04 6.508500E+04 9.637574E+01 1.097461E+02 -1.414007E+02 0.000000E+00 -1.414007E+02 8.681293E+04 8.662872E+04 1.232188E+05 2.194922E+04 1.278526E+03 0.000000E+00
1.180000E-01 7.257067E+04 5.722883E+04 6.527474E+04 9.623294E+01 1.098294E+02 -1.442072E+02 0.000000E+00 -1.442072E+02 8.743402E+04 8.716681E+04 1.236589E+05 2.196588E+04 1.284996E+03 0.000000E+00
1.190000E-01 7.283023E+04 5.700906E+04 6.546974E+04 9.608733E+01 1.099127E+02 -1.469959E+02 0.000000E+00 -1.469959E+02 8.805758E+04 8.770805E+04 1.240912E+05 2.198254E+04 1.291442E+03 0.000000E+00
1.200000E-01 7.308919E+04 5.678676E+04 6.566998E+04 9.593895E+01 1.099960E+02 -1.497661E+02 0.000000E+00 -1.497661E+02 8.868344E+04 8.825235E+04 1.245163E+05 2.199920E+04 1.297870E+03 0.000000E+00
1.210000E-01 7.334766E+04 5.656233E+04 6.587539E+04 9.578781E+01 1.100793E+02 -1.525170E+02 0.000000E+00 -1.525170E+02 8.931146E+04 8.879962E+04 1.249347E+05 2.201586E+04 1.304286E+03 0.000000E+00
1.220000E-01 7.360577E+04 5.633612E+04 6.608595E+04 9.563393E+01 1.101626E+02 -1.552480E+02 0.000000E+00 -1.552480E+02 8.994148E+04 8.934976E+04 1.253466E+05 2.203252E+04 1.310692E+03 0.000000E+00
1.230000E-01 7.386364E+04 5.610850E+04 6.630159E+04 9.547732E+01 1.102459E+02 -1.579583E+02 0.000000E+00 -1.579583E+02 9.057335E+04 8.990268E+04 1.257525E+05 2.204918E+04 1.317093E+03 0.000000E+00
1.240000E-01 7.412137E+04 5.587984E+04 6.652226E+04 9.531802E+01 1.103292E+02 -1.606475E+02 0.000000E+00 -1.606475E+02 9.120694E+04 9.045827E+04 1.261526E+05 2.206584E+04 1.323491E+03 0.000000E+00
1.250000E-01 7.437909E+04 5.565048E+04 6.674793E+04 9.515603E+01 1.104125E+02 -1.633149E+02 0.000000E+00 -1.633149E+02 9.184210E+04 9.101644E+04 1.265472E+05 2.208250E+04 1.329892E+03 0.000000E+00
1.260000E-01 7.463689E+04 5.542070E+04 6.697852E+04 9.499139E+01 1.104958E+02 -1.659599E+02 0.000000E+00 -1.659599E+02 9.247872E+04 9.157710E+04 1.269367E+05 2.209916E+04 1.336297E+03 0.000000E+00
1.270000E-01 7.489488E+04 5.519076E+04 6.721401E+04 9.482412E+01 1.105791E+02 -1.685822E+02 0.000000E+00 -1.685822E+02 9.311666E+04 9.214014E+04 1.273214E+05 2.211582E+04 1.342711E+03 0.000000E+00
1.280000E-01 7.515317E+04 5.496102E+04 6.745432E+04 9.465424E+01 1.106624E+02 -1.711813E+02 0.000000E+00 -1.711813E+02 9.375580E+04 9.270546E+04 1.277014E+05 2.213248E+04 1.349136E+03 0.000000E+00
1.290000E-01 7.541183E+04 5.473167E+04 6.769940E+04 9.448177E+01 1.107457E+02 -1.737566E+02 0.000000E+00 -1.737566E+02 9.439602E+04 9.327297E+04 1.280772E+05 2.214914E+04 1.355576E+03 0.000000E+00
1.300000E-01 7.567097E+04 5.450283E+04 6.794921E+04 9.430673E+01 1.108290E+02 -1.763079E+02 0.000000E+00 -1.763079E+02 9.503720E+04 9.384255E+04 1.284487E+05 2.216580E+04 1.362031E+03 0.000000E+00
1.310000E-01 7.593066E+04 5.427467E+04 6.820368E+04 9.412916E+01 1.109123E+02 -1.788347E+02 0.000000E+00 -1.788347E+02 9.567925E+04 9.441410E+04 1.288162E+05 2.218246E+04 1.368505E+03 0.000000E+00
1.320000E-01 7.619097E+04 5.404734E+04 6.846276E+04 9.394907E+01 1.109956E+02 -1.813367E+02 0.000000E+00 -1.813367E+02 9.632203E+04 9.498751E+04 1.291798E+05 2.219912E+04 1.374998E+03 0.000000E+00
1.330000E-01 7.645197E+04 5.382126E+04 6.872639E+04 9.376650E+01 1.110789E+02 -1.838135E+02 0.000000E+00 -1.838135E+02 9.696546E+04 9.556267E+04 1.295400E+05 2.221578E+04 1.381517E+03 0.000000E+00
1.340000E-01 7.671372E+04 5.359625E+04 6.899451E+04 9.358145E+01 1.111622E+02 -1.862648E+02 0.000000E+00 -1.862648E+02 9.760942E+04 9.613947E+04 1.298965E+05 2.223244E+04 1.388059E+03 0.000000E+00
1.350000E-01 7.697628E+04 5.337237E+04 6.926708E+04 9.339398E+01 1.112455E+02 -1.886904E+02 0.000000E+00 -1.886904E+02 9.825381E+04 9.671780E+04 1.302496E+05 2.224910E+04 1.394625E+03 0.000000E+00
1.360000E-01 7.723968E+04 5.314969E+04 6.954402E+04 9.320408E+01 1.113288E+02 -1.910899E+02 0.000000E+00 -1.910899E+02 9.889854E+04 9.729754E+04 1.305991E+05 2.226576E+04 1.401217E+03 0.000000E+00
1.370000E-01 7.750397E+04 5.292835E+04 6.982528E+04 9.301180E+01 1.114121E+02 -1.934631E+02 0.000000E+00 -1.934631E+02 9.954351E+04 9.787857E+04 1.309454E+05 2.228242E+04 1.407837E+03 0.000000E+00
1.380000E-01 7.776918E+04 5.270853E+04 7.011080E+04 9.281717E+01 1.114954E+02 -1.958098E+02 0.000000E+00 -1.958098E+02 1.001886E+05 9.846078E+04 1.312886E+05 2.229908E+04 1.414487E+03 0.000000E+00
1.390000E-01 7.803533E+04 5.248997E+04 7.040052E+04 9.262019E+01 1.115787E+02 -1.981296E+02 0.000000E+00 -1.981296E+02 1.008338E+05 9.904404E+04 1.316285E+05 2.231574E+04 1.421164E+03 0.000000E+00
1.400000E-01 7.830243E+04 5.227265E+04 7.069439E+04 9.242092E+01 1.116620E+02 -2.004223E+02 0.000000E+00 -2.004223E+02 1.014789E+05 9.962822E+04 1.319650E+05 2.233240E+04 1.427870E+03 0.000000E+00
1.410000E-01 7.857049E+04 5.205655E+04 7.099233E+04 9.221936E+01 1.117453E+02 -2.026878E+02 0.000000E+00 -2.026878E+02 1.021238E+05 1.002132E+05 1.322982E+05 2.234906E+04 1.434604E+03 0.000000E+00
1.420000E-01 7.883951E+04 5.184183E+04 7.129430E+04 9.201555E+01 1.118286E+02 -2.049258E+02 0.000000E+00 -2.049258E+02 1.027685E+05 1.007988E+05 1.326283E+05 2.236572E+04 1.441368E+03 0.000000E+00
1.430000E-01 7.910948E+04 5.162838E+04 7.160022E+04 9.180952E+01 1.119119E+02 -2.071361E+02 0.000000E+00 -2.071361E+02 1.034129E+05 1.013850E+05 1.329551E+05 2.238238E+04 1.448162E+03 0.000000E+00
1.440000E-01 7.938037E+04 5.141596E+04 7.191005E+04 9.160129E+01 1.119952E+02 -2.093185E+02 0.000000E+00 -2.093185E+02 1.040568E+05 1.019716E+05 1.332784E+05 2.239904E+04 1.454984E+03 0.000000E+00
1.450000E-01 7.965218E+04 5.120449E+04 7.222371E+04 9.139089E+01 1.120785E+02 -2.114727E+02 0.000000E+00 -2.114727E+02 1.047003E+05 1.025585E+05 1.335981E+05 2.241570E+04 1.461832E+03 0.000000E+00
1.460000E-01 7.992486E+04 5.099388E+04 7.254115E+04 9.117835E+01 1.121618E+02 -2.135985E+02 0.000000E+00 -2.135985E+02 1.053431E+05 1.031456E+05 1.339143E+05 2.243236E+04 1.468707E+03 0.000000E+00
1.470000E-01 8.019838E+04 5.078434E+04 7.286230E+04 9.096370E+01 1.122451E+02 -2.156958E+02 0.000000E+00 -2.156958E+02 1.059853E+05 1.037326E+05 1.342270E+05 2.244902E+04 1.475611E+03 0.000000E+00
1.480000E-01 8.047269E+04 5.057548E+04 7.318710E+04 9.074697E+01 1.123284E+02 -2.177643E+02 0.000000E+00 -2.177643E+02 1.066266E+05 1.043195E+05 1.345360E+05 2.246568E+04 1.482540E+03 0.000000E+00
1.490000E-01 8.074774E+04 5.036715E+04 7.351548E+04 9.052819E+01 1.124117E+02 -2.198038E+02 0.000000E+00 -2.198038E+02 1.072671E+05 1.049062E+05 1.348410E+05 2.248234E+04 1.489492E+03 0.000000E+00
1.500000E-01 8.102347E+04 5.015923E+04 7.384740E+04 9.030737E+01 1.124950E+02 -2.218141E+02 0.000000E+00 -2.218141E+02 1.079065E+05 1.054924E+05 1.351421E+05 2.249900E+04 1.496467E+03 0.000000E+00
1.510000E-01 8.129982E+04 4.995165E+04 7.418277E+04 9.008457E+01 1.125783E+02 -2.237950E+02 0.000000E+00 -2.237950E+02 1.085449E+05 1.060781E+05 1.354390E+05 2.251566E+04 1.503465E+03 0.000000E+00
1.520000E-01 8.157671E+04 4.974446E+04 7.452154E+04 8.985979E+01 1.126616E+02 -2.257462E+02 0.000000E+00 -2.257462E+02 1.091821E+05 1.066630E+05 1.357318E+05 2.253232E+04 1.510484E+03 0.000000E+00
1.530000E-01 8.185408E+04 4.953729E+04 7.486365E+04 8.963309E+01 1.127449E+02 -2.276676E+02 0.000000E+00 -2.276676E+02 1.098180E+05 1.072472E+05 1.360202E+05 2.254898E+04 1.517523E+03 0.000000E+00
1.540000E-01 8.213184E+04 4.933003E+04 7.520902E+04 8.940447E+01 1.128282E+02 -2.295590E+02 0.000000E+00 -2.295590E+02 1.104526E+05 1.078304E+05 1.363041E+05 2.256564E+04 1.524579E+03 0.000000E+00
1.550000E-01 8.240991E+04 4.912255E+04 7.555760E+04 8.917398E+01 1.129115E+02 -2.314200E+02 0.000000E+00 -2.314200E+02 1.110856E+05 1.084124E+05 1.365834E+05 2.258230E+04 1.531651E+03 0.000000E+00
1.560000E-01 8.268819E+04 4.891480E+04 7.590932E+04 8.894164E+01 1.129948E+02 -2.332506E+02 0.000000E+00 -2.332506E+02 1.117172E+05 1.089932E+05 1.368579E+05 2.259896E+04 1.538738E+03 0.000000E+00
1.570000E-01 8.296660E+04 4.870667E+04 7.626411E+04 8.870749E+01 1.130781E+02 -2.350503E+02 0.000000E+00 -2.350503E+02 1.123470E+05 1.095727E+05 1.371276E+05 2.261562E+04 1.545840E+03 0.000000E+00
1.580000E-01 8.324504E+04 4.849794E+04 7.662190E+04 8.847155E+01 1.131614E+02 -2.368191E+02 0.000000E+00 -2.368191E+02 1.129751E+05 1.101505E+05 1.373922E+05 2.263228E+04 1.552954E+03 0.000000E+00
1.590000E-01 8.352342E+04 4.828850E+04 7.698264E+04 8.823386E+01 1.132447E+02 -2.385567E+02 0.000000E+00 -2.385567E+02 1.136012E+05 1.107268E+05 1.376516E+05 2.264894E+04 1.560077E+03 0.000000E+00
1.600000E-01 8.380162E+04 4.807825E+04 7.734626E+04 8.799445E+01 1.133280E+02 -2.402629E+02 0.000000E+00 -2.402629E+02 1.142255E+05 1.113012E+05 1.379058E+05 2.266560E+04 1.567210E+03 0.000000E+00
1.610000E-01 8.407955E+04 4.786714E+04 7.771268E+04 8.775335E+01 1.134113E+02 -2.419373E+02 0.000000E+00 -2.419373E+02 1.148476E+05 1.118736E+05 1.381546E+05 2.268226E+04 1.574351E+03 0.000000E+00
1.620000E-01 8.435711E+04 4.765503E+04 7.808185E+04 8.751059E+01 1.134946E+02 -2.435798E+02 0.000000E+00 -2.435798E+02 1.154675E+05 1.124440E+05 1.383978E+05 2.269892E+04 1.581498E+03 0.000000E+00
1.630000E-01 8.463418E+04 4.744179E+04 7.845368E+04 8.726620E+01 1.135779E+02 -2.451902E+02 0.000000E+00 -2.451902E+02 1.160852E+05 1.130122E+05 1.386354E+05 2.271558E+04 1.588650E+03 0.000000E+00
1.640000E-01 8.491067E+04 4.722737E+04 7.882812E+04 8.702022E+01 1.136612E+02 -2.467682E+02 0.000000E+00 -2.467682E+02 1.167004E+05 1.135780E+05 1.388673E+05 2.273224E+04 1.595805E+03 0.000000E+00
1.650000E-01 8.518645E+04 4.701169E+04 7.920510E+04 8.677267E+01 1.137445E+02 -2.483135E+02 0.000000E+00 -2.483135E+02 1.173132E+05 1.141414E+05 1.390934E+05 2.274890E+04 1.602963E+03 0.000000E+00
1.660000E-01 8.546144E+04 4.679468E+04 7.958455E+04 8.652360E+01 1.138278E+02 -2.498259E+02 0.000000E+00 -2.498259E+02 1.179234E+05 1.147022E+05 1.393135E+05 2.276556E+04 1.610122E+03 0.000000E+00
1.670000E-01 8.573552E+04 4.657629E+04 7.996639E+04 8.627303E+01 1.139111E+02 -2.513053E+02 0.000000E+00 -2.513053E+02 1.185308E+05 1.152603E+05 1.395277E+05 2.278222E+04 1.617281E+03 0.000000E+00
1.680000E-01 8.600858E+04 4.635646E+04 8.035057E+04 8.602100E+01 1.139944E+02 -2.527513E+02 0.000000E+00 -2.527513E+02 1.191355E+05 1.158155E+05 1.397358E+05 2.279888E+04 1.624438E+03 0.000000E+00
1.690000E-01 8.628053E+04 4.613516E+04 8.073700E+04 8.576754E+01 1.140777E+02 -2.541637E+02 0.000000E+00 -2.541637E+02 1.197372E+05 1.163678E+05 1.399378E+05 2.281554E+04 1.631594E+03 0.000000E+00
1.700000E-01 8.655125E+04 4.591237E+04 8.112562E+04 8.551269E+01 1.141610E+02 -2.555423E+02 0.000000E+00 -2.555423E+02 1.203359E+05 1.169170E+05 1.401337E+05 2.283220E+04 1.638747E+03 0.000000E+00
1.710000E-01 8.682065E+04 4.568803E+04 8.151636E+04 8.525647E+01 1.142443E+02 -2.568870E+02 0.000000E+00 -2.568870E+02 1.209314E+05 1.174630E+05 1.403233E+05 2.284886E+04 1.645896E+03 0.000000E+00
1.720000E-01 8.708863E+04 4.546218E+04 8.190915E+04 8.499892E+01 1.143276E+02 -2.581974E+02 0.000000E+00 -2.581974E+02 1.215238E+05 1.180058E+05 1.405067E+05 2.286552E+04 1.653041E+03 0.000000E+00
1.730000E-01 8.735510E+04 4.523482E+04 8.230391E+04 8.474009E+01 1.144109E+02 -2.594734E+02 0.000000E+00 -2.594734E+02 1.221128E+05 1.185451E+05 1.406839E+05 2.288218E+04 1.660181E+03 0.000000E+00
1.740000E-01 8.761996E+04 4.500596E+04 8.270058E+04 8.447999E+01 1.144942E+02 -2.607148E+02 0.000000E+00 -2.607148E+02 1.226983E+05 1.190810E+05 1.408548E+05 2.289884E+04 1.667316E+03 0.000000E+00
1.750000E-01 8.788311E+04 4.477560E+04 8.309909E+04 8.421867E+01 1.145775E+02 -2.619213E+02 0.000000E+00 -2.619213E+02 1.232804E+05 1.196133E+05 1.410195E+05 2.291550E+04 1.674445E+03 0.000000E+00
1.760000E-01 8.814449E+04 4.454377E+04 8.349935E+04 8.395616E+01 1.146608E+02 -2.630929E+02 0.000000E+00 -2.630929E+02 1.238588E+05 1.201419E+05 1.411780E+05 2.293216E+04 1.681568E+03 0.000000E+00
1.770000E-01 8.840399E+04 4.431055E+04 8.390130E+04 8.369249E+01 1.147441E+02 -2.642293E+02 0.000000E+00 -2.642293E+02 1.244334E+05 1.206667E+05 1.413303E+05 2.294882E+04 1.688685E+03 0.000000E+00
1.780000E-01 8.866154E+04 4.407599E+04 8.430487E+04 8.342771E+01 1.148274E+02 -2.653304E+02 0.000000E+00 -2.653304E+02 1.250042E+05 1.211877E+05 1.414764E+05 2.296548E+04 1.695796E+03 0.000000E+00
1.790000E-01 8.891706E+04 4.384015E+04 8.470998E+04 8.316185E+01 1.149107E+02 -2.663961E+02 0.000000E+00 -2.663961E+02 1.255711E+05 1.217047E+05 1.416164E+05 2.298214E+04 1.702902E+03 0.000000E+00
1.800000E-01 8.917049E+04 4.360305E+04 8.511656E+04 8.289493E+01 1.149940E+02 -2.674261E+02 0.000000E+00 -2.674261E+02 1.261340E+05 1.222177E+05 1.417504E+05 2.299880E+04 1.710001E+03 0.000000E+00
1.810000E-01 8.942176E+04 4.336480E+04 8.552454E+04 8.262701E+01 1.150773E+02 -2.684204E+02 0.000000E+00 -2.684204E+02 1.266928E+05 1.227266E+05 1.418784E+05 2.301546E+04 1.717094E+03 0.000000E+00
1.820000E-01 8.967079E+04 4.312551E+04 8.593384E+04 8.235810E+01 1.151606E+02 -2.693789E+02 0.000000E+00 -2.693789E+02 1.272473E+05 1.232313E+05 1.420004E+05 2.303212E+04 1.724183E+03 0.000000E+00
1.830000E-01 8.991754E+04 4.288526E+04 8.634439E+04 8.208826E+01 1.152439E+02 -2.703014E+02 0.000000E+00 -2.703014E+02 1.277976E+05 1.237318E+05 1.421167E+05 2.304878E+04 1.731267E+03 0.000000E+00
1.840000E-01 9.016194E+04 4.264415E+04 8.675612E+04 8.181751E+01 1.153272E+02 -2.711880E+02 0.000000E+00 -2.711880E+02 1.283435E+05 1.242280E+05 1.422272E+05 2.306544E+04 1.738347E+03 0.000000E+00
1.850000E-01 9.040396E+04 4.240223E+04 8.716896E+04 8.154590E+01 1.154105E+02 -2.720384E+02 0.000000E+00 -2.720384E+02 1.288849E+05 1.247199E+05 1.423321E+05 2.308210E+04 1.745423E+03 0.000000E+00
1.860000E-01 9.064353E+04 4.215967E+04 8.758282E+04 8.127345E+01 1.154938E+02 -2.728528E+02 0.000000E+00 -2.728528E+02 1.294218E+05 1.252073E+05 1.424314E+05 2.309876E+04 1.752496E+03 0.000000E+00
1.870000E-01 9.088061E+04 4.191657E+04 8.799765E+04 8.100020E+01 1.155771E+02 -2.736309E+02 0.000000E+00 -2.736309E+02 1.299540E+05 1.256902E+05 1.425253E+05 2.311542E+04 1.759567E+03 0.000000E+00
1.880000E-01 9.111518E+04 4.167304E+04 8.841335E+04 8.072620E+01 1.156604E+02 -2.743729E+02 0.000000E+00 -2.743729E+02 1.304816E+05 1.261687E+05 1.426139E+05 2.313208E+04 1.766638E+03 0.000000E+00
1.890000E-01 9.134719E+04 4.142919E+04 8.882987E+04 8.045147E+01 1.157437E+02 -2.750787E+02 0.000000E+00 -2.750787E+02 1.310044E+05 1.266426E+05 1.426974E+05 2.314874E+04 1.773708E+03 0.000000E+00
1.900000E-01 9.157662E+04 4.118516E+04 8.924713E+04 8.017605E+01 1.158270E+02 -2.757483E+02 0.000000E+00 -2.757483E+02 1.315223E+05 1.271118E+05 1.427758E+05 2.316540E+04 1.780778E+03 0.000000E+00
1.910000E-01 9.180344E+04 4.094107E+04 8.966505E+04 7.989999E+01 1.159103E+02 -2.763818E+02 0.000000E+00 -2.763818E+02 1.320354E+05 1.275764E+05 1.428493E+05 2.318206E+04 1.787851E+03 0.000000E+00
1.920000E-01 9.202762E+04 4.069702E+04 9.008356E+04 7.962330E+01 1.159936E+02 -2.769791E+02 0.000000E+00 -2.769791E+02 1.325434E+05 1.280363E+05 1.429180E+05 2.319872E+04 1.794926E+03 0.000000E+00
1.930000E-01 9.224916E+04 4.045313E+04 9.050259E+04 7.934604E+01 1.160769E+02 -2.775404E+02 0.000000E+00 -2.775404E+02 1.330464E+05 1.284915E+05 1.429820E+05 2.321538E+04 1.802005E+03 0.000000E+00
1.940000E-01 9.246803E+04 4.020958E+04 9.092207E+04 7.906824E+01 1.161602E+02 -2.780658E+02 0.000000E+00 -2.780658E+02 1.335444E+05 1.289420E+05 1.430415E+05 2.323204E+04 1.809090E+03 0.000000E+00
1.950000E-01 9.268422E+04 3.996646E+04 9.134192E+04 7.878992E+01 1.162435E+02 -2.785552E+02 0.000000E+00 -2.785552E+02 1.340371E+05 1.293876E+05 1.430967E+05 2.324870E+04 1.816180E+03 0.000000E+00
1.960000E-01 9.289772E+04 3.972386E+04 9.176208E+04 7.851114E+01 1.163268E+02 -2.790088E+02 0.000000E+00 -2.790088E+02 1.345247E+05 1.298285E+05 1.431476E+05 2.326536E+04 1.823278E+03 0.000000E+00
1.970000E-01 9.310854E+04 3.948191E+04 9.218247E+04 7.823192E+01 1.164101E+02 -2.794268E+02 0.000000E+00 -2.794268E+02 1.350069E+05 1.302645E+05 1.431944E+05 2.328202E+04 1.830384E+03 0.000000E+00
1.980000E-01 9.331666E+04 3.924069E+04 9.260301E+04 7.795230E+01 1.164934E+02 -2.798093E+02 0.000000E+00 -2.798093E+02 1.354839E+05 1.306956E+05 1.432372E+05 2.329868E+04 1.837498E+03 0.000000E+00
1.990000E-01 9.352208E+04 3.900045E+04 9.302365E+04 7.767231E+01 1.165767E+02 -2.801564E+02 0.000000E+00 -2.801564E+02 1.359555E+05 1.311219E+05 1.432763E+05 2.331534E+04 1.844625E+03 0.000000E+00
2.000000E-01 9.372481E+04 3.876118E+04 9.344431E+04 7.739200E+01 1.166600E+02 -2.804683E+02 0.000000E+00 -2.804683E+02 1.364217E+05 1.315432E+05 1.433116E+05 2.333200E+04 1.851762E+03 0.000000E+00
2.010000E-01 9.392485E+04 3.852296E+04 9.386491E+04 7.711139E+01 1.167433E+02 -2.807452E+02 0.000000E+00 -2.807452E+02 1.368824E+05 1.319597E+05 1.433433E+05 2.334866E+04 1.858912E+03 0.000000E+00
2.020000E-01 9.412221E+04 3.828589E+04 9.428540E+04 7.683052E+01 1.168266E+02 -2.809872E+02 0.000000E+00 -2.809872E+02 1.373376E+05 1.323712E+05 1.433716E+05 2.336532E+04 1.866076E+03 0.000000E+00
2.030000E-01 9.431689E+04 3.805010E+04 9.470569E+04 7.654942E+01 1.169099E+02 -2.811946E+02 0.000000E+00 -2.811946E+02 1.377874E+05 1.327778E+05 1.433965E+05 2.338198E+04 1.873253E+03 0.000000E+00
2.040000E-01 9.450890E+04 3.781575E+04 9.512573E+04 7.626814E+01 1.169932E+02 -2.813676E+02 0.000000E+00 -2.813676E+02 1.382315E+05 1.331794E+05 1.434182E+05 2.339864E+04 1.880448E+03 0.000000E+00
2.050000E-01 9.469826E+04 3.758279E+04 9.554545E+04 7.598670E+01 1.170765E+02 -2.815065E+02 0.000000E+00 -2.815065E+02 1.386701E+05 1.335760E+05 1.434369E+05 2.341530E+04 1.887658E+03 0.000000E+00
2.060000E-01 9.488496E+04 3.735128E+04 9.596477E+04 7.570514E+01 1.171598E+02 -2.816114E+02 0.000000E+00 -2.816114E+02 1.391030E+05 1.339676E+05 1.434525E+05 2.343196E+04 1.894884E+03 0.000000E+00
2.070000E-01 9.506903E+04 3.712130E+04 9.638364E+04 7.542349E+01 1.172431E+02 -2.816825E+02 0.000000E+00 -2.816825E+02 1.395303E+05 1.343542E+05 1.434651E+05 2.344862E+04 1.902127E+03 0.000000E+00
2.080000E-01 9.525047E+04 3.689299E+04 9.680198E+04 7.514178E+01 1.173264E+02 -2.817203E+02 0.000000E+00 -2.817203E+02 1.399519E+05 1.347358E+05 1.434750E+05 2.346528E+04 1.909390E+03 0.000000E+00
2.090000E-01 9.542929E+04 3.666639E+04 9.721973E+04 7.486006E+01 1.174097E+02 -2.817249E+02 0.000000E+00 -2.817249E+02 1.403679E+05 1.351124E+05 1.434821E+05 2.348194E+04 1.916671E+03 0.000000E+00
2.100000E-01 9.560551E+04 3.644144E+04 9.763682E+04 7.457835E+01 1.174930E+02 -2.816966E+02 0.000000E+00 -2.816966E+02 1.407781E+05 1.354839E+05 1.434866E+05 2.349860E+04 1.923972E+03 0.000000E+00
2.110000E-01 9.577914E+04 3.621818E+04 9.805320E+04 7.429668E+01 1.175763E+02 -2.816357E+02 0.000000E+00 -2.816357E+02 1.411825E+05 1.358505E+05 1.434884E+05 2.351526E+04 1.931290E+03 0.000000E+00
2.120000E-01 9.595018E+04 3.599662E+04 9.846879E+04 7.401509E+01 1.176596E+02 -2.815424E+02 0.000000E+00 -2.815424E+02 1.415812E+05 1.362119E+05 1.434877E+05 2.353192E+04 1.938628E+03 0.000000E+00
2.130000E-01 9.611865E+04 3.577697E+04 9.888354E+04 7.373360E+01 1.177429E+02 -2.814172E+02 0.000000E+00 -2.814172E+02 1.419742E+05 1.365683E+05 1.434846E+05 2.354858E+04 1.945987E+03 0.000000E+00
2.140000E-01 9.628455E+04 3.555907E+04 9.929738E+04 7.345226E+01 1.178262E+02 -2.812602E+02 0.000000E+00 -2.812602E+02 1.423613E+05 1.369196E+05 1.434791E+05 2.356524E+04 1.953365E+03 0.000000E+00
2.150000E-01 9.644790E+04 3.534290E+04 9.971025E+04 7.317109E+01 1.179095E+02 -2.810718E+02 0.000000E+00 -2.810718E+02 1.427426E+05 1.372658E+05 1.434711E+05 2.358190E+04 1.960762E+03 0.000000E+00
2.160000E-01 9.660869E+04 3.512845E+04 1.001221E+05 7.289013E+01 1.179928E+02 -2.808523E+02 0.000000E+00 -2.808523E+02 1.431181E+05 1.376069E+05 1.434607E+05 2.359856E+04 1.968178E+03 0.000000E+00
2.170000E-01 9.676693E+04 3.491575E+04 1.005328E+05 7.260940E+01 1.180761E+02 -2.806020E+02 0.000000E+00 -2.806020E+02 1.434878E+05 1.379429E+05 1.434480E+05 2.361522E+04 1.975612E+03 0.000000E+00
2.180000E-01 9.692263E+04 3.470489E+04 1.009425E+05 7.232894E+01 1.181594E+02 -2.803212E+02 0.000000E+00 -2.803212E+02 1.438517E+05 1.382738E+05 1.434331E+05 2.363188E+04 1.983066E+03 0.000000E+00
2.190000E-01 9.707579E+04 3.449570E+04 1.013509E+05 7.204877E+01 1.182427E+02 -2.800103E+02 0.000000E+00 -2.800103E+02 1.442096E+05 1.385995E+05 1.434158E+05 2.364854E+04 1.990538E+03 0.000000E+00
2.200000E-01 9.722640E+04 3.428812E+04 1.017580E+05 7.176893E+01 1.183260E+02 -2.796694E+02 0.000000E+00 -2.796694E+02 1.445618E+05 1.389201E+05 1.433961E+05 2.366520E+04 1.998025E+03 0.000000E+00
2.210000E-01 9.737447E+04 3.408214E+04 1.021638E+05 7.148944E+01 1.184093E+02 -2.792991E+02 0.000000E+00 -2.792991E+02 1.449081E+05 1.392355E+05 1.433741E+05 2.368186E+04 2.005529E+03 0.000000E+00
2.220000E-01 9.751999E+04 3.387777E+04 1.025682E+05 7.121034E+01 1.184926E+02 -2.788995E+02 0.000000E+00 -2.788995E+02 1.452484E+05 1.395457E+05 1.433499E+05 2.369852E+04 2.013048E+03 0.000000E+00
2.230000E-01 9.766296E+04 3.367498E+04 1.029712E+05 7.093165E+01 1.185759E+02 -2.784710E+02 0.000000E+00 -2.784710E+02 1.455830E+05 1.398507E+05 1.433233E+05 2.371518E+04 2.020583E+03 0.000000E+00
2.240000E-01 9.780336E+04 3.347361E+04 1.033727E+05 7.065340E+01 1.186592E+02 -2.780139E+02 0.000000E+00 -2.780139E+02 1.459116E+05 1.401506E+05 1.432943E+05 2.373184E+04 2.028130E+03 0.000000E+00
2.250000E-01 9.794119E+04 3.327363E+04 1.037727E+05 7.037563E+01 1.187425E+02 -2.775286E+02 0.000000E+00 -2.775286E+02 1.462343E+05 1.404451E+05 1.432629E+05 2.374850E+04 2.035689E+03 0.000000E+00
2.260000E-01 9.807644E+04 3.307497E+04 1.041711E+05 7.009836E+01 1.188258E+02 -2.770152E+02 0.000000E+00 -2.770152E+02 1.465512E+05 1.407345E+05 1.432290E+05 2.376516E+04 2.043258E+03 0.000000E+00
2.270000E-01 9.820909E+04 3.287762E+04 1.045678E+05 6.982161E+01 1.189091E+02 -2.764742E+02 0.000000E+00 -2.764742E+02 1.468621E+05 1.410186E+05 1.431927E+05 2.378182E+04 2.050837E+03 0.000000E+00
2.280000E-01 9.833913E+04 3.268147E+04 1.049628E+05 6.954542E+01 1.189924E+02 -2.759058E+02 0.000000E+00 -2.759058E+02 1.471671E+05 1.412973E+05 1.431539E+05 2.379848E+04 2.058423E+03 0.000000E+00
2.290000E-01 9.846654E+04 3.248644E+04 1.053561E+05 6.926981E+01 1.190757E+02 -2.753104E+02 0.000000E+00 -2.753104E+02 1.474662E+05 1.415708E+05 1.431125E+05 2.381514E+04 2.066016E+03 0.000000E+00
2.300000E-01 9.859130E+04 3.229244E+04 1.057475E+05 6.899481E+01 1.191590E+02 -2.746882E+02 0.000000E+00 -2.746882E+02 1.477594E+05 1.418390E+05 1.430686E+05 2.383180E+04 2.073614E+03 0.000000E+00
2.310000E-01 9.871339E+04 3.209941E+04 1.061371E+05 6.872044E+01 1.192423E+02 -2.740395E+02 0.000000E+00 -2.740395E+02 1.480467E+05 1.421018E+05 1.430219E+05 2.384846E+04 2.081214E+03 0.000000E+00
2.320000E-01 9.883278E+04 3.190729E+04 1.065248E+05 6.844674E+01 1.193256E+02 -2.733646E+02 0.000000E+00 -2.733646E+02 1.483280E+05 1.423593E+05 1.429726E+05 2.386512E+04 2.088815E+03 0.000000E+00
2.330000E-01 9.894946E+04 3.171598E+04 1.069106E+05 6.817372E+01 1.194089E+02 -2.726638E+02 0.000000E+00 -2.726638E+02 1.486034E+05 1.426113E+05 1.429205E+05 2.388178E+04 2.096416E+03 0.000000E+00
2.340000E-01 9.906340E+04 3.152541E+04 1.072943E+05 6.790142E+01 1.194922E+02 -2.719373E+02 0.000000E+00 -2.719373E+02 1.488729E+05 1.428580E+05 1.428656E+05 2.389844E+04 2.104015E+03 0.000000E+00
2.350000E-01 9.917457E+04 3.133552E+04 1.076760E+05 6.762985E+01 1.195755E+02 -2.711855E+02 0.000000E+00 -2.711855E+02 1.491364E+05 1.430993E+05 1.428078E+05 2.391510E+04 2.111609E+03 0.000000E+00
2.360000E-01 9.928294E+04 3.114622E+04 1.080556E+05 6.735906E+01 1.196588E+02 -2.704087E+02 0.000000E+00 -2.704087E+02 1.493940E+05 1.433351E+05 1.427471E+05 2.393176E+04 2.119198E+03 0.000000E+00
2.370000E-01 9.938849E+04 3.095740E+04 1.084331E+05 6.708905E+01 1.197421E+02 -2.696070E+02 0.000000E+00 -2.696070E+02 1.496456E+05 1.435654E+05 1.426834E+05 2.394842E+04 2.126777E+03 0.000000E+00
2.380000E-01 9.949118E+04 3.076904E+04 1.088084E+05 6.681985E+01 1.198254E+02 -2.687807E+02 0.000000E+00 -2.687807E+02 1.498913E+05 1.437903E+05 1.426167E+05 2.396508E+04 2.134347E+03 0.000000E+00
2.390000E-01 9.959098E+04 3.058109E+04 1.091814E+05 6.655149E+01 1.199087E+02 -2.679302E+02 0.000000E+00 -2.679302E+02 1.501310E+05 1.440096E+05 1.425470E+05 2.398174E+04 2.141905E+03 0.000000E+00
2.400000E-01 9.968788E+04 3.039349E+04 1.095522E+05 6.628400E+01 1.199920E+02 -2.670556E+02 0.000000E+00 -2.670556E+02 1.503647E+05 1.442235E+05 1.424742E+05 2.399840E+04 2.149450E+03 0.000000E+00
2.410000E-01 9.978182E+04 3.020610E+04 1.099206E+05 6.601739E+01 1.200753E+02 -2.661573E+02 0.000000E+00 -2.661573E+02 1.505925E+05 1.444318E+05 1.423981E+05 2.401506E+04 2.156979E+03 0.000000E+00
2.420000E-01 9.987279E+04 3.001889E+04 1.102867E+05 6.575169E+01 1.201586E+02 -2.652354E+02 0.000000E+00 -2.652354E+02 1.508142E+05 1.446346E+05 1.423188E+05 2.403172E+04 2.164489E+03 0.000000E+00
2.430000E-01 9.996074E+04 2.983186E+04 1.106503E+05 6.548693E+01 1.202419E+02 -2.642902E+02 0.000000E+00 -2.642902E+02 1.510300E+05 1.448318E+05 1.422364E+05 2.404838E+04 2.171981E+03 0.000000E+00
2.440000E-01 1.000457E+05 2.964500E+04 1.110116E+05 6.522312E+01 1.203252E+02 -2.633219E+02 0.000000E+00 -2.633219E+02 1.512398E+05 1.450234E+05 1.421507E+05 2.406504E+04 2.179452E+03 0.000000E+00
2.450000E-01 1.001275E+05 2.945826E+04 1.113703E+05 6.496029E+01 1.204085E+02 -2.623309E+02 0.000000E+00 -2.623309E+02 1.514436E+05 1.452094E+05 1.420617E+05 2.408170E+04 2.186901E+03 0.000000E+00
2.460000E-01 1.002063E+05 2.927143E+04 1.117265E+05 6.469846E+01 1.204918E+02 -2.613173E+02 0.000000E+00 -2.613173E+02 1.516414E+05 1.453898E+05 1.419693E+05 2.409836E+04 2.194323E+03 0.000000E+00
2.470000E-01 1.002819E+05 2.908462E+04 1.120801E+05 6.443766E+01 1.205751E+02 -2.602814E+02 0.000000E+00 -2.602814E+02 1.518332E+05 1.455646E+05 1.418736E+05 2.411502E+04 2.201719E+03 0.000000E+00
2.480000E-01 1.003544E+05 2.889786E+04 1.124311E+05 6.417791E+01 1.206584E+02 -2.592233E+02 0.000000E+00 -2.592233E+02 1.520190E+05 1.457337E+05 1.417747E+05 2.413168E+04 2.209088E+03 0.000000E+00
2.490000E-01 1.004237E+05 2.871116E+04 1.127794E+05 6.391922E+01 1.207417E+02 -2.581435E+02 0.000000E+00 -2.581435E+02 1.521988E+05 1.458972E+05 1.416724E+05 2.414834E+04 2.216429E+03 0.000000E+00
2.500000E-01 1.004897E+05 2.852445E+04 1.131251E+05 6.366163E+01 1.208250E+02 -2.570420E+02 0.000000E+00 -2.570420E+02 1.523726E+05 1.460551E+05 1.415669E+05 2.416500E+04 2.223740E+03 0.000000E+00
2.510000E-01 1.005526E+05 2.833753E+04 1.134680E+05 6.340515E+01 1.209083E+02 -2.559191E+02 0.000000E+00 -2.559191E+02 1.525403E+05 1.462073E+05 1.414578E+05 2.418166E+04 2.231015E+03 0.000000E+00
2.520000E-01 1.006122E+05 2.815066E+04 1.138081E+05 6.314980E+01 1.209916E+02 -2.547751E+02 0.000000E+00 -2.547751E+02 1.527021E+05 1.463539E+05 1.413456E+05 2.419832E+04 2.238258E+03 0.000000E+00
2.530000E-01 1.006685E+05 2.796385E+04 1.141454E+05 6.289560E+01 1.210749E+02 -2.536102E+02 0.000000E+00 -2.536102E+02 1.528578E+05 1.464949E+05 1.412301E+05 2.421498E+04 2.245468E+03 0.000000E+00
2.540000E-01 1.007216E+05 2.777713E+04 1.144799E+05 6.264259E+01 1.211582E+02 -2.524247E+02 0.000000E+00 -2.524247E+02 1.530075E+05 1.466301E+05 1.411114E+05 2.423164E+04 2.252644E+03 0.000000E+00
2.550000E-01 1.007713E+05 2.759038E+04 1.148115E+05 6.239076E+01 1.212415E+02 -2.512187E+02 0.000000E+00 -2.512187E+02 1.531512E+05 1.467598E+05 1.409895E+05 2.424830E+04 2.259782E+03 0.000000E+00
2.560000E-01 1.008178E+05 2.740359E+04 1.151402E+05 6.214015E+01 1.213248E+02 -2.499926E+02 0.000000E+00 -2.499926E+02 1.532889E+05 1.468838E+05 1.408643E+05 2.426496E+04 2.266881E+03 0.000000E+00
2.570000E-01 1.008609E+05 2.721698E+04 1.154660E+05 6.189078E+01 1.214081E+02 -2.487466E+02 0.000000E+00 -2.487466E+02 1.534205E+05 1.470021E+05 1.407361E+05 2.428162E+04 2.273943E+03 0.000000E+00
2.580000E-01 1.009006E+05 2.703060E+04 1.157887E+05 6.164267E+01 1.214914E+02 -2.474810E+02 0.000000E+00 -2.474810E+02 1.535462E+05 1.471149E+05 1.406049E+05 2.429828E+04 2.280968E+03 0.000000E+00
2.590000E-01 1.009370E+05 2.684451E+04 1.161084E+05 6.139583E+01 1.215747E+02 -2.461959E+02 0.000000E+00 -2.461959E+02 1.536659E+05 1.472221E+05 1.404709E+05 2.431494E+04 2.287955E+03 0.000000E+00
2.600000E-01 1.009701E+05 2.665851E+04 1.164251E+05 6.115028E+01 1.216580E+02 -2.448917E+02 0.000000E+00 -2.448917E+02 1.537795E+05 1.473236E+05 1.403337E+05 2.433160E+04 2.294899E+03 0.000000E+00
2.610000E-01 1.009999E+05 2.647281E+04 1.167387E+05 6.090605E+01 1.217413E+02 -2.435687E+02 0.000000E+00 -2.435687E+02 1.538872E+05 1.474196E+05 1.401937E+05 2.434826E+04 2.301803E+03 0.000000E+00
2.620000E-01 1.010263E+05 2.628757E+04 1.170491E+05 6.066315E+01 1.218246E+02 -2.422271E+02 0.000000E+00 -2.422271E+02 1.539890E+05 1.475100E+05 1.400510E+05 2.436492E+04 2.308668E+03 0.000000E+00
2.630000E-01 1.010493E+05 2.610287E+04 1.173564E+05 6.042160E+01 1.219079E+02 -2.408672E+02 0.000000E+00 -2.408672E+02 1.540847E+05 1.475949E+05 1.399058E+05 2.438158E+04 2.315493E+03 0.000000E+00
2.640000E-01 1.010691E+05 2.591877E+04 1.176605E+05 6.018142E+01 1.219912E+02 -2.394894E+02 0.000000E+00 -2.394894E+02 1.541745E+05 1.476743E+05 1.397581E+05 2.439824E+04 2.322280E+03 0.000000E+00
2.650000E-01 1.010855E+05 2.573502E+04 1.179614E+05 5.994263E+01 1.220745E+02 -2.380938E+02 0.000000E+00 -2.380938E+02 1.542584E+05 1.477482E+05 1.396076E+05 2.441490E+04 2.329021E+03 0.000000E+00
2.660000E-01 1.010986E+05 2.555202E+04 1.182590E+05 5.970524E+01 1.221578E+02 -2.366809E+02 0.000000E+00 -2.366809E+02 1.543363E+05 1.478167E+05 1.394549E+05 2.443156E+04 2.335723E+03 0.000000E+00
2.670000E-01 1.011085E+05 2.536987E+04 1.185534E+05 5.946927E+01 1.222411E+02 -2.352508E+02 0.000000E+00 -2.352508E+02 1.544084E+05 1.478797E+05 1.393000E+05 2.444822E+04 2.342386E+03 0.000000E+00
2.680000E-01 1.011151E+05 2.518865E+04 1.188445E+05 5.923475E+01 1.223244E+02 -2.338040E+02 0.000000E+00 -2.338040E+02 1.544746E+05 1.479374E+05 1.391430E+05 2.446488E+04 2.349010E+03 0.000000E+00
2.690000E-01 1.011184E+05 2.500833E+04 1.191322E+05 5.900167E+01 1.224077E+02 -2.323407E+02 0.000000E+00 -2.323407E+02 1.545349E+05 1.479897E+05 1.389840E+05 2.448154E+04 2.355594E+03 0.000000E+00
2.700000E-01 1.011185E+05 2.482888E+04 1.194166E+05 5.877007E+01 1.224910E+02 -2.308612E+02 0.000000E+00 -2.308612E+02 1.545894E+05 1.480367E+05 1.388229E+05 2.449820E+04 2.362136E+03 0.000000E+00
2.710000E-01 1.011154E+05 2.465060E+04 1.196976E+05 5.853995E+01 1.225743E+02 -2.293660E+02 0.000000E+00 -2.293660E+02 1.546381E+05 1.480784E+05 1.386600E+05 2.451486E+04 2.368640E+03 0.000000E+00
2.720000E-01 1.011092E+05 2.447359E+04 1.199751E+05 5.831134E+01 1.226576E+02 -2.278553E+02 0.000000E+00 -2.278553E+02 1.546810E+05 1.481149E+05 1.384956E+05 2.453152E+04 2.375106E+03 0.000000E+00
2.730000E-01 1.010999E+05 2.429791E+04 1.202493E+05 5.808425E+01 1.227409E+02 -2.263295E+02 0.000000E+00 -2.263295E+02 1.547182E+05 1.481462E+05 1.383296E+05 2.454818E+04 2.381534E+03 0.000000E+00
2.740000E-01 1.010874E+05 2.412347E+04 1.205199E+05 5.785869E+01 1.228242E+02 -2.247890E+02 0.000000E+00 -2.247890E+02 1.547496E+05 1.481723E+05 1.381621E+05 2.456484E+04 2.387923E+03 0.000000E+00
2.750000E-01 1.010719E+05 2.395040E+04 1.207871E+05 5.763468E+01 1.229075E+02 -2.232341E+02 0.000000E+00 -2.232341E+02 1.547754E+05 1.481934E+05 1.379932E+05 2.458150E+04 2.394273E+03 0.000000E+00
2.760000E-01 1.010533E+05 2.377890E+04 1.210508E+05 5.741222E+01 1.229908E+02 -2.216651E+02 0.000000E+00 -2.216651E+02 1.547954E+05 1.482093E+05 1.378231E+05 2.459816E+04 2.400587E+03 0.000000E+00
2.770000E-01 1.010318E+05 2.360904E+04 1.213109E+05 5.719135E+01 1.230741E+02 -2.200826E+02 0.000000E+00 -2.200826E+02 1.548098E+05 1.482202E+05 1.376519E+05 2.461482E+04 2.406865E+03 0.000000E+00
2.780000E-01 1.010073E+05 2.344088E+04 1.215675E+05 5.697206E+01 1.231574E+02 -2.184869E+02 0.000000E+00 -2.184869E+02 1.548187E+05 1.482262E+05 1.374797E+05 2.463148E+04 2.413108E+03 0.000000E+00
2.790000E-01 1.009800E+05 2.327423E+04 1.218205E+05 5.675438E+01 1.232407E+02 -2.168782E+02 0.000000E+00 -2.168782E+02 1.548221E+05 1.482273E+05 1.373065E+05 2.464814E+04 2.419310E+03 0.000000E+00
2.800000E-01 1.009497E+05 2.310935E+04 1.220699E+05 5.653831E+01 1.233240E+02 -2.152571E+02 0.000000E+00 -2.152571E+02 1.548199E+05 1.482235E+05 1.371324E+05 2.466480E+04 2.425477E+03 0.000000E+00
2.810000E-01 1.009167E+05 2.294634E+04 1.223157E+05 5.632387E+01 1.234073E+02 -2.136239E+02 0.000000E+00 -2.136239E+02 1.548123E+05 1.482150E+05 1.369576E+05 2.468146E+04 2.431609E+03 0.000000E+00
2.820000E-01 1.008808E+05 2.278523E+04 1.225579E+05 5.611107E+01 1.234906E+02 -2.119788E+02 0.000000E+00 -2.119788E+02 1.547993E+05 1.482017E+05 1.367822E+05 2.469812E+04 2.437705E+03 0.000000E+00
2.830000E-01 1.008422E+05 2.262601E+04 1.227964E+05 5.589992E+01 1.235739E+02 -2.103224E+02 0.000000E+00 -2.103224E+02 1.547809E+05 1.481836E+05 1.366063E+05 2.471478E+04 2.443766E+03 0.000000E+00
2.840000E-01 1.008010E+05 2.246849E+04 1.230312E+05 5.569043E+01 1.236572E+02 -2.086551E+02 0.000000E+00 -2.086551E+02 1.547571E+05 1.481608E+05 1.364296E+05 2.473144E+04 2.449786E+03 0.000000E+00
2.850000E-01 1.007571E+05 2.231296E+04 1.232624E+05 5.548261E+01 1.237405E+02 -2.069773E+02 0.000000E+00 -2.069773E+02 1.547281E+05 1.481334E+05 1.362525E+05 2.474810E+04 2.455770E+03 0.000000E+00
2.860000E-01 1.007106E+05 2.215940E+04 1.234899E+05 5.527648E+01 1.238238E+02 -2.052893E+02 0.000000E+00 -2.052893E+02 1.546938E+05 1.481014E+05 1.360751E+05 2.476476E+04 2.461718E+03 0.000000E+00
2.870000E-01 1.006615E+05 2.200782E+04 1.237136E+05 5.507203E+01 1.239071E+02 -2.035917E+02 0.000000E+00 -2.035917E+02 1.546543E+05 1.480649E+05 1.358973E+05 2.478142E+04 2.467629E+03 0.000000E+00
2.880000E-01 1.006099E+05 2.185807E+04 1.239337E+05 5.486930E+01 1.239904E+02 -2.018847E+02 0.000000E+00 -2.018847E+02 1.546097E+05 1.480240E+05 1.357191E+05 2.479808E+04 2.473498E+03 0.000000E+00
2.890000E-01 1.005557E+05 2.171008E+04 1.241500E+05 5.466827E+01 1.240737E+02 -2.001688E+02 0.000000E+00 -2.001688E+02 1.545599E+05 1.479785E+05 1.355405E+05 2.481474E+04 2.479326E+03 0.000000E+00
2.900000E-01 1.004992E+05 2.156399E+04 1.243625E+05 5.446896E+01 1.241570E+02 -1.984443E+02 0.000000E+00 -1.984443E+02 1.545051E+05 1.479287E+05 1.353615E+05 2.483140E+04 2.485113E+03 0.000000E+00
2.910000E-01 1.004402E+05 2.141976E+04 1.245713E+05 5.427138E+01 1.242403E+02 -1.967117E+02 0.000000E+00 -1.967117E+02 1.544454E+05 1.478746E+05 1.351823E+05 2.484806E+04 2.490857E+03 0.000000E+00
2.920000E-01 1.003788E+05 2.127735E+04 1.247763E+05 5.407554E+01 1.243236E+02 -1.949713E+02 0.000000E+00 -1.949713E+02 1.543806E+05 1.478161E+05 1.350027E+05 2.486472E+04 2.496558E+03 0.000000E+00
2.930000E-01 1.003151E+05 2.113640E+04 1.249776E+05 5.388144E+01 1.244069E+02 -1.932235E+02 0.000000E+00 -1.932235E+02 1.543110E+05 1.477533E+05 1.348226E+05 2.488138E+04 2.502209E+03 0.000000E+00
2.940000E-01 1.002491E+05 2.099700E+04 1.251750E+05 5.368909E+01 1.244902E+02 -1.914687E+02 0.000000E+00 -1.914687E+02 1.542365E+05 1.476863E+05 1.346420E+05 2.489804E+04 2.507809E+03 0.000000E+00
2.950000E-01 1.001807E+05 2.085917E+04 1.253687E+05 5.349851E+01 1.245735E+02 -1.897072E+02 0.000000E+00 -1.897072E+02 1.541572E+05 1.476150E+05 1.344610E+05 2.491470E+04 2.513359E+03 0.000000E+00
2.960000E-01 1.001100E+05 2.072279E+04 1.255585E+05 5.330968E+01 1.246568E+02 -1.879394E+02 0.000000E+00 -1.879394E+02 1.540732E+05 1.475396E+05 1.342794E+05 2.493136E+04 2.518856E+03 0.000000E+00
2.970000E-01 1.000371E+05 2.058778E+04 1.257446E+05 5.312263E+01 1.247401E+02 -1.861655E+02 0.000000E+00 -1.861655E+02 1.539844E+05 1.474600E+05 1.340973E+05 2.494802E+04 2.524297E+03 0.000000E+00
2.980000E-01 9.996190E+04 2.045352E+04 1.259268E+05 5.293735E+01 1.248234E+02 -1.843860E+02 0.000000E+00 -1.843860E+02 1.538910E+05 1.473763E+05 1.339140E+05 2.496468E+04 2.529669E+03 0.000000E+00
2.990000E-01 9.988445E+04 2.032032E+04 1.261052E+05 5.275386E+01 1.249067E+02 -1.826011E+02 0.000000E+00 -1.826011E+02 1.537930E+05 1.472886E+05 1.337299E+05 2.498134E+04 2.534978E+03 0.000000E+00
3.000000E-01 9.980476E+04 2.018806E+04 1.262798E+05 5.257215E+01 1.249900E+02 -1.808111E+02 0.000000E+00 -1.808111E+02 1.536903E+05 1.471966E+05 1.335448E+05 2.499800E+04 2.540220E+03 0.000000E+00
3.010000E-01 9.972281E+04 2.005657E+04 1.264505E+05 5.239224E+01 1.250733E+02 -1.790164E+02 0.000000E+00 -1.790164E+02 1.535831E+05 1.471006E+05 1.333587E+05 2.501466E+04 2.545391E+03 0.000000E+00
3.020000E-01 9.963862E+04 1.992552E+04 1.266174E+05 5.221412E+01 1.251566E+02 -1.772171E+02 0.000000E+00 -1.772171E+02 1.534714E+05 1.470005E+05 1.331712E+05 2.503132E+04 2.550483E+03 0.000000E+00
3.030000E-01 9.955216E+04 1.979443E+04 1.267805E+05 5.203781E+01 1.252399E+02 -1.754136E+02 0.000000E+00 -1.754136E+02 1.533552E+05 1.468963E+05 1.329819E+05 2.504798E+04 2.555487E+03 0.000000E+00
3.040000E-01 9.946342E+04 1.966355E+04 1.269398E+05 5.186330E+01 1.253232E+02 -1.736060E+02 0.000000E+00 -1.736060E+02 1.532346E+05 1.467881E+05 1.327910E+05 2.506464E+04 2.560404E+03 0.000000E+00
3.050000E-01 9.937238E+04 1.953268E+04 1.270952E+05 5.169059E+01 1.254065E+02 -1.717947E+02 0.000000E+00 -1.717947E+02 1.531095E+05 1.466758E+05 1.325983E+05 2.508130E+04 2.565231E+03 0.000000E+00
3.060000E-01 9.927902E+04 1.940162E+04 1.272467E+05 5.151971E+01 1.254898E+02 -1.699797E+02 0.000000E+00 -1.699797E+02 1.529801E+05 1.465594E+05 1.324036E+05 2.509796E+04 2.569961E+03 0.000000E+00
3.070000E-01 9.918330E+04 1.926970E+04 1.273944E+05 5.135064E+01 1.255731E+02 -1.681613E+02 0.000000E+00 -1.681613E+02 1.528464E+05 1.464390E+05 1.322063E+05 2.511462E+04 2.574580E+03 0.000000E+00
3.080000E-01 9.908520E+04 1.913675E+04 1.275383E+05 5.118339E+01 1.256564E+02 -1.663395E+02 0.000000E+00 -1.663395E+02 1.527082E+05 1.463144E+05 1.320062E+05 2.513128E+04 2.579083E+03 0.000000E+00
3.090000E-01 9.898467E+04 1.900288E+04 1.276783E+05 5.101796E+01 1.257397E+02 -1.645147E+02 0.000000E+00 -1.645147E+02 1.525658E+05 1.461857E+05 1.318034E+05 2.514794E+04 2.583470E+03 0.000000E+00
3.100000E-01 9.888166E+04 1.886786E+04 1.278145E+05 5.085436E+01 1.258230E+02 -1.626867E+02 0.000000E+00 -1.626867E+02 1.524191E+05 1.460529E+05 1.315976E+05 2.516460E+04 2.587735E+03 0.000000E+00
3.110000E-01 9.877612E+04 1.873146E+04 1.279468E+05 5.069259E+01 1.259063E+02 -1.608558E+02 0.000000E+00 -1.608558E+02 1.522681E+05 1.459159E+05 1.313886E+05 2.518126E+04 2.591870E+03 0.000000E+00
3.120000E-01 9.866800E+04 1.859249E+04 1.280753E+05 5.053265E+01 1.259896E+02 -1.590220E+02 0.000000E+00 -1.590220E+02 1.521128E+05 1.457746E+05 1.311752E+05 2.519792E+04 2.595851E+03 0.000000E+00
3.130000E-01 9.855723E+04 1.845142E+04 1.281999E+05 5.037454E+01 1.260729E+02 -1.571853E+02 0.000000E+00 -1.571853E+02 1.519533E+05 1.456292E+05 1.309579E+05 2.521458E+04 2.599684E+03 0.000000E+00
3.140000E-01 9.844374E+04 1.830811E+04 1.283207E+05 5.021828E+01 1.261562E+02 -1.553458E+02 0.000000E+00 -1.553458E+02 1.517895E+05 1.454794E+05 1.307364E+05 2.523124E+04 2.603363E+03 0.000000E+00
3.150000E-01 9.832746E+04 1.816233E+04 1.284377E+05 5.006385E+01 1.262395E+02 -1.535033E+02 0.000000E+00 -1.535033E+02 1.516214E+05 1.453254E+05 1.305106E+05 2.524790E+04 2.606882E+03 0.000000E+00
3.160000E-01 9.820832E+04 1.801360E+04 1.285508E+05 4.991127E+01 1.263228E+02 -1.516579E+02 0.000000E+00 -1.516579E+02 1.514490E+05 1.451669E+05 1.302798E+05 2.526456E+04 2.610228E+03 0.000000E+00
3.170000E-01 9.808622E+04 1.786067E+04 1.286600E+05 4.976054E+01 1.264061E+02 -1.498095E+02 0.000000E+00 -1.498095E+02 1.512723E+05 1.450041E+05 1.300429E+05 2.528122E+04 2.613373E+03 0.000000E+00
3.180000E-01 9.796108E+04 1.770437E+04 1.287654E+05 4.961165E+01 1.264894E+02 -1.479581E+02 0.000000E+00 -1.479581E+02 1.510913E+05 1.448367E+05 1.298005E+05 2.529788E+04 2.616331E+03 0.000000E+00
3.190000E-01 9.783280E+04 1.754441E+04 1.288670E+05 4.946462E+01 1.265727E+02 -1.461033E+02 0.000000E+00 -1.461033E+02 1.509060E+05 1.446648E+05 1.295524E+05 2.531454E+04 2.619092E+03 0.000000E+00
3.200000E-01 9.770129E+04 1.738056E+04 1.289647E+05 4.931945E+01 1.266560E+02 -1.442453E+02 0.000000E+00 -1.442453E+02 1.507164E+05 1.444882E+05 1.292982E+05 2.533120E+04 2.621648E+03 0.000000E+00
3.210000E-01 9.756643E+04 1.721181E+04 1.290585E+05 4.917613E+01 1.267393E+02 -1.423837E+02 0.000000E+00 -1.423837E+02 1.505223E+05 1.443070E+05 1.290370E+05 2.534786E+04 2.623976E+03 0.000000E+00
3.220000E-01 9.742813E+04 1.703761E+04 1.291486E+05 4.903468E+01 1.268226E+02 -1.405183E+02 0.000000E+00 -1.405183E+02 1.503239E+05 1.441210E+05 1.287681E+05 2.536452E+04 2.626061E+03 0.000000E+00
3.230000E-01 9.728627E+04 1.685862E+04 1.292347E+05 4.889510E+01 1.269059E+02 -1.386489E+02 0.000000E+00 -1.386489E+02 1.501210E+05 1.439301E+05 1.284920E+05 2.538118E+04 2.627911E+03 0.000000E+00
3.240000E-01 9.714074E+04 1.667455E+04 1.293170E+05 4.875738E+01 1.269892E+02 -1.367753E+02 0.000000E+00 -1.367753E+02 1.499136E+05 1.437344E+05 1.282084E+05 2.539784E+04 2.629518E+03 0.000000E+00
3.250000E-01 9.699141E+04 1.648517E+04 1.293954E+05 4.862155E+01 1.270725E+02 -1.348972E+02 0.000000E+00 -1.348972E+02 1.497016E+05 1.435336E+05 1.279170E+05 2.541450E+04 2.630871E+03 0.000000E+00
3.260000E-01 9.683816E+04 1.628880E+04 1.294700E+05 4.848759E+01 1.271558E+02 -1.330143E+02 0.000000E+00 -1.330143E+02 1.494851E+05 1.433277E+05 1.276161E+05 2.543116E+04 2.631934E+03 0.000000E+00
3.270000E-01 9.668087E+04 1.608598E+04 1.295407E+05 4.835552E+01 1.272391E+02 -1.311262E+02 0.000000E+00 -1.311262E+02 1.492639E+05 1.431166E+05 1.273061E+05 2.544782E+04 2.632711E+03 0.000000E+00
3.280000E-01 9.651940E+04 1.587702E+04 1.296076E+05 4.822534E+01 1.273224E+02 -1.292326E+02 0.000000E+00 -1.292326E+02 1.490380E+05 1.429003E+05 1.269872E+05 2.546448E+04 2.633205E+03 0.000000E+00
3.290000E-01 9.635363E+04 1.566166E+04 1.296705E+05 4.809706E+01 1.274057E+02 -1.273331E+02 0.000000E+00 -1.273331E+02 1.488073E+05 1.426786E+05 1.266591E+05 2.548114E+04 2.633406E+03 0.000000E+00
3.300000E-01 9.618343E+04 1.543971E+04 1.297296E+05 4.797068E+01 1.274890E+02 -1.254274E+02 0.000000E+00 -1.254274E+02 1.485718E+05 1.424513E+05 1.263214E+05 2.549780E+04 2.633305E+03 0.000000E+00
3.310000E-01 9.600865E+04 1.520868E+04 1.297848E+05 4.784620E+01 1.275723E+02 -1.235149E+02 0.000000E+00 -1.235149E+02 1.483313E+05 1.422186E+05 1.259717E+05 2.551446E+04 2.632845E+03 0.000000E+00
3.320000E-01 9.582915E+04 1.497053E+04 1.298361E+05 4.772365E+01 1.276556E+02 -1.215952E+02 0.000000E+00 -1.215952E+02 1.480859E+05 1.419801E+05 1.256117E+05 2.553112E+04 2.632063E+03 0.000000E+00
3.330000E-01 9.564481E+04 1.472510E+04 1.298835E+05 4.760302E+01 1.277389E+02 -1.196679E+02 0.000000E+00 -1.196679E+02 1.478354E+05 1.417358E+05 1.252411E+05 2.554778E+04 2.630949E+03 0.000000E+00
3.340000E-01 9.545548E+04 1.447219E+04 1.299270E+05 4.748431E+01 1.278222E+02 -1.177325E+02 0.000000E+00 -1.177325E+02 1.475797E+05 1.414856E+05 1.248598E+05 2.556444E+04 2.629495E+03 0.000000E+00
3.350000E-01 9.526102E+04 1.421091E+04 1.299665E+05 4.736755E+01 1.279055E+02 -1.157885E+02 0.000000E+00 -1.157885E+02 1.473188E+05 1.412295E+05 1.244666E+05 2.558110E+04 2.627676E+03 0.000000E+00
3.360000E-01 9.506130E+04 1.394001E+04 1.300021E+05 4.725274E+01 1.279888E+02 -1.138353E+02 0.000000E+00 -1.138353E+02 1.470525E+05 1.409672E+05 1.240602E+05 2.559776E+04 2.625460E+03 0.000000E+00
3.370000E-01 9.485617E+04 1.366107E+04 1.300337E+05 4.713989E+01 1.280721E+02 -1.118725E+02 0.000000E+00 -1.118725E+02 1.467808E+05 1.406987E+05 1.236421E+05 2.561442E+04 2.622876E+03 0.000000E+00
3.380000E-01 9.464550E+04 1.337402E+04 1.300614E+05 4.702900E+01 1.281554E+02 -1.098995E+02 0.000000E+00 -1.098995E+02 1.465035E+05 1.404239E+05 1.232120E+05 2.563108E+04 2.619916E+03 0.000000E+00
3.390000E-01 9.442915E+04 1.307871E+04 1.300851E+05 4.692009E+01 1.282387E+02 -1.079156E+02 0.000000E+00 -1.079156E+02 1.462206E+05 1.401426E+05 1.227698E+05 2.564774E+04 2.616572E+03 0.000000E+00
3.400000E-01 9.420699E+04 1.277347E+04 1.301048E+05 4.681317E+01 1.283220E+02 -1.059205E+02 0.000000E+00 -1.059205E+02 1.459320E+05 1.398548E+05 1.223136E+05 2.566440E+04 2.612803E+03 0.000000E+00
3.410000E-01 9.397887E+04 1.245860E+04 1.301205E+05 4.670825E+01 1.284053E+02 -1.039134E+02 0.000000E+00 -1.039134E+02 1.456375E+05 1.395603E+05 1.218435E+05 2.568106E+04 2.608608E+03 0.000000E+00
3.420000E-01 9.374468E+04 1.213517E+04 1.301321E+05 4.660535E+01 1.284886E+02 -1.018937E+02 0.000000E+00 -1.018937E+02 1.453370E+05 1.392591E+05 1.213606E+05 2.569772E+04 2.604006E+03 0.000000E+00
3.430000E-01 9.350428E+04 1.180317E+04 1.301397E+05 4.650447E+01 1.285719E+02 -9.986095E+01 0.000000E+00 -9.986095E+01 1.450304E+05 1.389510E+05 1.208647E+05 2.571438E+04 2.598991E+03 0.000000E+00
3.440000E-01 9.325755E+04 1.146254E+04 1.301432E+05 4.640563E+01 1.286552E+02 -9.781448E+01 0.000000E+00 -9.781448E+01 1.447177E+05 1.386359E+05 1.203556E+05 2.573104E+04 2.593556E+03 0.000000E+00
3.450000E-01 9.300438E+04 1.111074E+04 1.301426E+05 4.630885E+01 1.287385E+02 -9.575368E+01 0.000000E+00 -9.575368E+01 1.443986E+05 1.383137E+05 1.198307E+05 2.574770E+04 2.587641E+03 0.000000E+00
3.460000E-01 9.274462E+04 1.074989E+04 1.301379E+05 4.621413E+01 1.288218E+02 -9.367794E+01 0.000000E+00 -9.367794E+01 1.440732E+05 1.379844E+05 1.192919E+05 2.576436E+04 2.581285E+03 0.000000E+00
3.470000E-01 9.247819E+04 1.038039E+04 1.301291E+05 4.612149E+01 1.289051E+02 -9.158665E+01 0.000000E+00 -9.158665E+01 1.437411E+05 1.376477E+05 1.187395E+05 2.578102E+04 2.574493E+03 0.000000E+00
3.480000E-01 9.220497E+04 1.000232E+04 1.301161E+05 4.603096E+01 1.289884E+02 -8.947923E+01 0.000000E+00 -8.947923E+01 1.434024E+05 1.373037E+05 1.181734E+05 2.579768E+04 2.567260E+03 0.000000E+00
3.490000E-01 9.192485E+04 9.615271E+03 1.300988E+05 4.594254E+01 1.290717E+02 -8.735508E+01 0.000000E+00 -8.735508E+01 1.430569E+05 1.369522E+05 1.175932E+05 2.581434E+04 2.559572E+03 0.000000E+00
3.500000E-01 9.163775E+04 9.217135E+03 1.300774E+05 4.585625E+01 1.291550E+02 -8.521358E+01 0.000000E+00 -8.521358E+01 1.427046E+05 1.365931E+05 1.169967E+05 2.583100E+04 2.551378E+03 0.000000E+00
3.510000E-01 9.134356E+04 8.810660E+03 1.300517E+05 4.577212E+01 1.292383E+02 -8.305414E+01 0.000000E+00 -8.305414E+01 1.423451E+05 1.362264E+05 1.163863E+05 2.584766E+04 2.542733E+03 0.000000E+00
3.520000E-01 9.104219E+04 8.395920E+03 1.300217E+05 4.569015E+01 1.293216E+02 -8.087619E+01 0.000000E+00 -8.087619E+01 1.419786E+05 1.358519E+05 1.157621E+05 2.586432E+04 2.533634E+03 0.000000E+00
3.530000E-01 9.073358E+04 7.973092E+03 1.299874E+05 4.561037E+01 1.294049E+02 -7.867918E+01 0.000000E+00 -7.867918E+01 1.416048E+05 1.354695E+05 1.151242E+05 2.588098E+04 2.524079E+03 0.000000E+00
3.540000E-01 9.041766E+04 7.540953E+03 1.299487E+05 4.553280E+01 1.294882E+02 -7.646255E+01 0.000000E+00 -7.646255E+01 1.412236E+05 1.350793E+05 1.144712E+05 2.589764E+04 2.514038E+03 0.000000E+00
3.550000E-01 9.009434E+04 7.099262E+03 1.299057E+05 4.545745E+01 1.295715E+02 -7.422574E+01 0.000000E+00 -7.422574E+01 1.408349E+05 1.346811E+05 1.138028E+05 2.591430E+04 2.503501E+03 0.000000E+00
3.560000E-01 8.976357E+04 6.650005E+03 1.298582E+05 4.538436E+01 1.296548E+02 -7.196822E+01 0.000000E+00 -7.196822E+01 1.404385E+05 1.342748E+05 1.131207E+05 2.593096E+04 2.492505E+03 0.000000E+00
3.570000E-01 8.942530E+04 6.193343E+03 1.298063E+05 4.531352E+01 1.297381E+02 -6.968950E+01 0.000000E+00 -6.968950E+01 1.400345E+05 1.338604E+05 1.124252E+05 2.594762E+04 2.481052E+03 0.000000E+00
3.580000E-01 8.907949E+04 5.729541E+03 1.297499E+05 4.524498E+01 1.298214E+02 -6.738909E+01 0.000000E+00 -6.738909E+01 1.396226E+05 1.334378E+05 1.117164E+05 2.596428E+04 2.469144E+03 0.000000E+00
3.590000E-01 8.872610E+04 5.256617E+03 1.296890E+05 4.517875E+01 1.299047E+02 -6.506653E+01 0.000000E+00 -6.506653E+01 1.392027E+05 1.330070E+05 1.109921E+05 2.598094E+04 2.456732E+03 0.000000E+00
3.600000E-01 8.836510E+04 4.776187E+03 1.296235E+05 4.511486E+01 1.299880E+02 -6.272135E+01 0.000000E+00 -6.272135E+01 1.387748E+05 1.325679E+05 1.102539E+05 2.599760E+04 2.443850E+03 0.000000E+00
3.610000E-01 8.799647E+04 4.289417E+03 1.295535E+05 4.505332E+01 1.300713E+02 -6.035313E+01 0.000000E+00 -6.035313E+01 1.383388E+05 1.321204E+05 1.095029E+05 2.601426E+04 2.430519E+03 0.000000E+00
3.620000E-01 8.762020E+04 3.796547E+03 1.294787E+05 4.499416E+01 1.301546E+02 -5.796150E+01 0.000000E+00 -5.796150E+01 1.378944E+05 1.316646E+05 1.087393E+05 2.603092E+04 2.416743E+03 0.000000E+00
3.630000E-01 8.723629E+04 3.297892E+03 1.293993E+05 4.493740E+01 1.302379E+02 -5.554608E+01 0.000000E+00 -5.554608E+01 1.374417E+05 1.312003E+05 1.079633E+05 2.604758E+04 2.402526E+03 0.000000E+00
3.640000E-01 8.684473E+04 2.790903E+03 1.293152E+05 4.488307E+01 1.303212E+02 -5.310652E+01 0.000000E+00 -5.310652E+01 1.369806E+05 1.307277E+05 1.071721E+05 2.606424E+04 2.387808E+03 0.000000E+00
3.650000E-01 8.644555E+04 2.278814E+03 1.292263E+05 4.483120E+01 1.304045E+02 -5.064251E+01 0.000000E+00 -5.064251E+01 1.365109E+05 1.302465E+05 1.063692E+05 2.608090E+04 2.372660E+03 0.000000E+00
3.660000E-01 8.603875E+04 1.762004E+03 1.291326E+05 4.478180E+01 1.304878E+02 -4.815377E+01 0.000000E+00 -4.815377E+01 1.360326E+05 1.297569E+05 1.055546E+05 2.609756E+04 2.357088E+03 0.000000E+00
3.670000E-01 8.562438E+04 1.240778E+03 1.290340E+05 4.473490E+01 1.305711E+02 -4.564007E+01 0.000000E+00 -4.564007E+01 1.355456E+05 1.292587E+05 1.047288E+05 2.611422E+04 2.341098E+03 0.000000E+00
3.680000E-01 8.520248E+04 7.147451E+02 1.289305E+05 4.469052E+01 1.306544E+02 -4.310118E+01 0.000000E+00 -4.310118E+01 1.350497E+05 1.287521E+05 1.038912E+05 2.613088E+04 2.324681E+03 0.000000E+00
3.690000E-01 8.477309E+04 1.832087E+02 1.288221E+05 4.464870E+01 1.307377E+02 -4.053692E+01 0.000000E+00 -4.053692E+01 1.345451E+05 1.282369E+05 1.030411E+05 2.614754E+04 2.307819E+03 0.000000E+00
3.700000E-01 8.433625E+04 -3.515449E+02 1.287088E+05 4.460946E+01 1.308210E+02 -3.794714E+01 0.000000E+00 -3.794714E+01 1.340315E+05 1.277133E+05 1.021808E+05 2.616420E+04 2.290564E+03 0.000000E+00
3.710000E-01 8.389204E+04 -8.890926E+02 1.285904E+05 4.457282E+01 1.309043E+02 -3.533174E+01 0.000000E+00 -3.533174E+01 1.335089E+05 1.271812E+05 1.013107E+05 2.618086E+04 2.272925E+03 0.000000E+00
3.720000E-01 8.344054E+04 -1.429081E+03 1.284669E+05 4.453880E+01 1.309876E+02 -3.269065E+01 0.000000E+00 -3.269065E+01 1.329773E+05 1.266406E+05 1.004310E+05 2.619752E+04 2.254911E+03 0.000000E+00
3.730000E-01 8.298182E+04 -1.972441E+03 1.283383E+05 4.450744E+01 1.310709E+02 -3.002384E+01 0.000000E+00 -3.002384E+01 1.324366E+05 1.260915E+05 9.954091E+04 2.621418E+04 2.236500E+03 0.000000E+00
3.740000E-01 8.251597E+04 -2.518316E+03 1.282046E+05 4.447876E+01 1.311542E+02 -2.733129E+01 0.000000E+00 -2.733129E+01 1.318868E+05 1.255341E+05 9.864117E+04 2.623084E+04 2.217714E+03 0.000000E+00
3.750000E-01 8.204309E+04 -3.065297E+03 1.280657E+05 4.445279E+01 1.312375E+02 -2.461307E+01 0.000000E+00 -2.461307E+01 1.313278E+05 1.249682E+05 9.773324E+04 2.624750E+04 2.198585E+03 0.000000E+00
3.760000E-01 8.156327E+04 -3.612940E+03 1.279215E+05 4.442955E+01 1.313208E+02 -2.186924E+01 0.000000E+00 -2.186924E+01 1.307597E+05 1.243940E+05 9.681753E+04 2.626416E+04 2.179125E+03 0.000000E+00
3.770000E-01 8.107665E+04 -4.160862E+03 1.277720E+05 4.440906E+01 1.314041E+02 -1.909995E+01 0.000000E+00 -1.909995E+01 1.301823E+05 1.238115E+05 9.589448E+04 2.628082E+04 2.159345E+03 0.000000E+00
3.780000E-01 8.058333E+04 -4.710306E+03 1.276172E+05 4.439135E+01 1.314874E+02 -1.630536E+01 0.000000E+00 -1.630536E+01 1.295957E+05 1.232208E+05 9.496285E+04 2.629748E+04 2.139219E+03 0.000000E+00
3.790000E-01 8.008343E+04 -5.259309E+03 1.274571E+05 4.437646E+01 1.315707E+02 -1.348564E+01 0.000000E+00 -1.348564E+01 1.289998E+05 1.226219E+05 9.402460E+04 2.631414E+04 2.118795E+03 0.000000E+00
3.800000E-01 7.957711E+04 -5.807191E+03 1.272915E+05 4.436439E+01 1.316540E+02 -1.064107E+01 0.000000E+00 -1.064107E+01 1.283947E+05 1.220149E+05 9.308047E+04 2.633080E+04 2.098090E+03 0.000000E+00
3.810000E-01 7.906448E+04 -6.353510E+03 1.271205E+05 4.435518E+01 1.317373E+02 -7.771912E+00 0.000000E+00 -7.771912E+00 1.277804E+05 1.213998E+05 9.213094E+04 2.634746E+04 2.077118E+03 0.000000E+00
3.820000E-01 7.854572E+04 -6.898098E+03 1.269439E+05 4.434885E+01 1.318206E+02 -4.878515E+00 0.000000E+00 -4.878515E+00 1.271568E+05 1.207768E+05 9.117623E+04 2.636412E+04 2.055887E+03 0.000000E+00
3.830000E-01 7.802096E+04 -7.441567E+03 1.267619E+05 4.434543E+01 1.319039E+02 -1.961229E+00 0.000000E+00 -1.961229E+00 1.265240E+05 1.201459E+05 9.021577E+04 2.638078E+04 2.034387E+03 0.000000E+00
3.840000E-01 7.749376E+04 -7.982357E+03 1.265752E+05 4.434480E+01 1.319872E+02 1.095157E-05 0.000000E+00 1.095157E-05 1.260317E+05 1.196468E+05 8.925117E+04 2.639744E+04 2.012664E+03 0.000000E+00
3.850000E-01 7.697440E+04 -8.524332E+03 1.263868E+05 4.434480E+01 1.320705E+02 4.972051E-10 0.000000E+00 4.972051E-10 1.258395E+05 1.194299E+05 8.827859E+04 2.641410E+04 1.990732E+03 0.000000E+00
3.860000E-01 7.646910E+04 -9.068061E+03 1.261986E+05 4.434480E+01 1.321538E+02 2.257328E-14 0.000000E+00 2.257328E-14 1.256475E+05 1.192176E+05 8.729736E+04 2.643076E+04 1.968604E+03 0.000000E+00
3.870000E-01 7.597689E+04 -9.613315E+03 1.260106E+05 4.434480E+01 1.322371E+02 1.024835E-18 0.000000E+00 1.024835E-18 1.254559E+05 1.190084E+05 8.630765E+04 2.644742E+04 1.946286E+03 0.000000E+00
3.880000E-01 7.549695E+04 -1.015941E+04 1.258229E+05 4.434480E+01 1.323204E+02 4.652784E-23 0.000000E+00 4.652784E-23 1.252646E+05 1.188058E+05 8.531007E+04 2.646408E+04 1.923790E+03 0.000000E+00
3.890000E-01 7.502860E+04 -1.070499E+04 1.256354E+05 4.434480E+01 1.324037E+02 2.112380E-27 0.000000E+00 2.112380E-27 1.250736E+05 1.186080E+05 8.430593E+04 2.648074E+04 1.901146E+03 0.000000E+00
3.900000E-01 7.457119E+04 -1.124937E+04 1.254481E+05 4.434480E+01 1.324870E+02 9.590277E-32 0.000000E+00 9.590277E-32 1.248829E+05 1.184152E+05 8.329588E+04 2.649740E+04 1.878369E+03 0.000000E+00
3.910000E-01 7.412412E+04 -1.179188E+04 1.252610E+05 4.434480E+01 1.325703E+02 4.354018E-36 0.000000E+00 4.354018E-36 1.246925E+05 1.182266E+05 8.228057E+04 2.651406E+04 1.855473E+03 0.000000E+00
3.920000E-01 7.368684E+04 -1.233229E+04 1.250742E+05 4.434480E+01 1.326536E+02 1.976739E-40 0.000000E+00 1.976739E-40 1.245024E+05 1.180416E+05 8.126024E+04 2.653072E+04 1.832464E+03 0.000000E+00
3.930000E-01 7.325884E+04 -1.286954E+04 1.248876E+05 4.434480E+01 1.327369E+02 8.974463E-45 0.000000E+00 8.974463E-45 1.243126E+05 1.178598E+05 8.023594E+04 2.654738E+04 1.809365E+03 0.000000E+00
3.940000E-01 7.283963E+04 -1.340282E+04 1.247012E+05 4.434480E+01 1.328202E+02 4.074437E-49 0.000000E+00 4.074437E-49 1.241232E+05 1.176807E+05 7.920851E+04 2.656404E+04 1.786196E+03 0.000000E+00
3.950000E-01 7.242877E+04 -1.393152E+04 1.245150E+05 4.434480E+01 1.329035E+02 1.849808E-53 0.000000E+00 1.849808E-53 1.239340E+05 1.175039E+05 7.817860E+04 2.658070E+04 1.762971E+03 0.000000E+00
3.960000E-01 7.202585E+04 -1.445504E+04 1.243291E+05 4.434480E+01 1.329868E+02 8.398193E-58 0.000000E+00 8.398193E-58 1.237451E+05 1.173290E+05 7.714685E+04 2.659736E+04 1.739705E+03 0.000000E+00
3.970000E-01 7.163051E+04 -1.497289E+04 1.241434E+05 4.434480E+01 1.330701E+02 3.812808E-62 0.000000E+00 3.812808E-62 1.235566E+05 1.171558E+05 7.611382E+04 2.661402E+04 1.716409E+03 0.000000E+00
3.980000E-01 7.124239E+04 -1.548426E+04 1.239579E+05 4.434480E+01 1.331534E+02 1.731028E-66 0.000000E+00 1.731028E-66 1.233683E+05 1.169838E+05 7.508039E+04 2.663068E+04 1.693105E+03 0.000000E+00
3.990000E-01 7.086121E+04 -1.598859E+04 1.237727E+05 4.434480E+01 1.332367E+02 7.858926E-71 0.000000E+00 7.858926E-71 1.231804E+05 1.168131E+05 7.404719E+04 2.664734E+04 1.669806E+03 0.000000E+00
4.000000E-01 7.048668E+04 -1.648538E+04 1.235877E+05 4.434480E+01 1.333200E+02 3.567979E-75 0.000000E+00 3.567979E-75 1.229927E+05 1.166433E+05 7.301482E+04 2.666400E+04 1.646525E+03 0.000000E+00
4.010000E-01 7.011857E+04 -1.697403E+04 1.234029E+05 4.434480E+01 1.334033E+02 1.619875E-79 0.000000E+00 1.619875E-79 1.228054E+05 1.164744E+05 7.198399E+04 2.668066E+04 1.623279E+03 0.000000E+00
4.020000E-01 6.975666E+04 -1.745383E+04 1.232184E+05 4.434480E+01 1.334866E+02 7.354286E-84 0.000000E+00 7.354286E-84 1.226183E+05 1.163062E+05 7.095552E+04 2.669732E+04 1.600087E+03 0.000000E+00
4.030000E-01 6.940077E+04 -1.792447E+04 1.230341E+05 4.434480E+01 1.335699E+02 3.338871E-88 0.000000E+00 3.338871E-88 1.224316E+05 1.161387E+05 6.992982E+04 2.671398E+04 1.576957E+03 0.000000E+00
4.040000E-01 6.905074E+04 -1.838554E+04 1.228500E+05 4.434480E+01 1.336532E+02 1.515859E-92 0.000000E+00 1.515859E-92 1.222451E+05 1.159718E+05 6.890747E+04 2.673064E+04 1.553902E+03 0.000000E+00
4.050000E-01 6.870644E+04 -1.883660E+04 1.226661E+05 4.434480E+01 1.337365E+02 6.882051E-97 0.000000E+00 6.882051E-97 1.220590E+05 1.158055E+05 6.788902E+04 2.674730E+04 1.530935E+03 0.000000E+00
4.060000E-01 6.836774E+04 -1.927685E+04 1.224825E+05 4.434480E+01 1.338198E+02 0.000000E+00 0.000000E+00 0.000000E+00 1.218732E+05 1.156397E+05 6.687544E+04 2.676396E+04 1.508079E+03 0.000000E+00
4.070000E-01 6.803457E+04 -1.970590E+04 1.222991E+05 4.434480E+01 1.339031E+02 0.000000E+00 0.000000E+00 0.000000E+00 1.216876E+05 1.154745E+05 6.586725E+04 2.678062E+04 1.485343E+03 0.000000E+00
4.080000E-01 6.770686E+04 -2.012371E+04 1.221160E+05 4.434480E+01 1.339864E+02 0.000000E+00 0.000000E+00 0.000000E+00 1.215024E+05 1.153098E+05 6.486467E+04 2.679728E+04 1.462735E+03 0.000000E+00
4.090000E-01 6.738455E+04 -2.052995E+04 1.219331E+05 4.434480E+01 1.340697E+02 0.000000E+00 0.000000E+00 0.000000E+00 1.213174E+05 1.151457E+05 6.386819E+04 2.681394E+04 1.440263E+03 0.000000E+00
4.100000E-01 6.706759E+04 -2.092433E+04 1.217504E+05 4.434480E+01 1.341530E+02 0.000000E+00 0.000000E+00 0.000000E+00 1.211328E+05 1.149823E+05 6.287828E+04 2.683060E+04 1.417940E+03 0.000000E+00
4.110000E-01 6.675598E+04 -2.130560E+04 1.215680E+05 4.434480E+01 1.342363E+02 0.000000E+00 0.000000E+00 0.000000E+00 1.209484E+05 1.148195E+05 6.189635E+04 2.684726E+04 1.395797E+03 0.000000E+00
4.120000E-01 6.644970E+04 -2.167422E+04 1.213858E+05 4.434480E+01 1.343196E+02 0.000000E+00 0.000000E+00 0.000000E+00 1.207644E+05 1.146574E+05 6.092215E+04 2.686392E+04 1.373829E+03 0.000000E+00
4.130000E-01 6.614875E+04 -2.203011E+04 1.212038E+05 4.434480E+01 1.344029E+02 0.000000E+00 0.000000E+00 0.000000E+00 1.205806E+05 1.144961E+05 5.995594E+04 2.688058E+04 1.352040E+03 0.000000E+00
4.140000E-01 6.585314E+04 -2.237307E+04 1.210221E+05 4.434480E+01 1.344862E+02 0.000000E+00 0.000000E+00 0.000000E+00 1.203971E+05 1.143356E+05 5.899812E+04 2.689724E+04 1.330441E+03 0.000000E+00
4.150000E-01 6.556288E+04 -2.270272E+04 1.208406E+05 4.434480E+01 1.345695E+02 0.000000E+00 0.000000E+00 0.000000E+00 1.202140E+05 1.141758E+05 5.804924E+04 2.691390E+04 1.309043E+03 0.000000E+00
4.160000E-01 6.527801E+04 -2.301788E+04 1.206594E+05 4.434480E+01 1.346528E+02 0.000000E+00 0.000000E+00 0.000000E+00 1.200311E+05 1.140170E+05 5.711070E+04 2.693056E+04 1.287878E+03 0.000000E+00
4.170000E-01 6.499856E+04 -2.331958E+04 1.204784E+05 4.434480E+01 1.347361E+02 0.000000E+00 0.000000E+00 0.000000E+00 1.198485E+05 1.138591E+05 5.618169E+04 2.694722E+04 1.266929E+03 0.000000E+00
4.180000E-01 6.472455E+04 -2.360767E+04 1.202976E+05 4.434480E+01 1.348194E+02 0.000000E+00 0.000000E+00 0.000000E+00 1.196663E+05 1.137022E+05 5.526252E+04 2.696388E+04 1.246201E+03 0.000000E+00
4.190000E-01 6.445603E+04 -2.388211E+04 1.201171E+05 4.434480E+01 1.349027E+02 0.000000E+00 0.000000E+00 0.000000E+00 1.194843E+05 1.135462E+05 5.435347E+04 2.698054E+04 1.225701E+03 0.000000E+00
4.200000E-01 6.419303E+04 -2.414213E+04 1.199368E+05 4.434480E+01 1.349860E+02 0.000000E+00 0.000000E+00 0.000000E+00 1.193026E+05 1.133913E+05 5.345551E+04 2.699720E+04 1.205452E+03 0.000000E+00
4.210000E-01 6.393560E+04 -2.438743E+04 1.197568E+05 4.434480E+01 1.350693E+02 0.000000E+00 0.000000E+00 0.000000E+00 1.191212E+05 1.132375E+05 5.256913E+04 2.701386E+04 1.185463E+03 0.000000E+00
4.220000E-01 6.368377E+04 -2.461891E+04 1.195770E+05 4.434480E+01 1.351526E+02 0.000000E+00 0.000000E+00 0.000000E+00 1.189402E+05 1.130848E+05 5.169369E+04 2.703052E+04 1.165722E+03 0.000000E+00
4.230000E-01 6.343759E+04 -2.483654E+04 1.193974E+05 4.434480E+01 1.352359E+02 0.000000E+00 0.000000E+00 0.000000E+00 1.187594E+05 1.129332E+05 5.082937E+04 2.704718E+04 1.146231E+03 0.000000E+00
4.240000E-01 6.319708E+04 -2.504039E+04 1.192181E+05 4.434480E+01 1.353192E+02 0.000000E+00 0.000000E+00 0.000000E+00 1.185789E+05 1.127827E+05 4.997635E+04 2.706384E+04 1.126995E+03 0.000000E+00
4.250000E-01 6.296227E+04 -2.522923E+04 1.190390E+05 4.434480E+01 1.354025E+02 0.000000E+00 0.000000E+00 0.000000E+00 1.183987E+05 1.126334E+05 4.913604E+04 2.708050E+04 1.108045E+03 0.000000E+00
4.260000E-01 6.273322E+04 -2.540386E+04 1.188602E+05 4.434480E+01 1.354858E+02 0.000000E+00 0.000000E+00 0.000000E+00 1.182188E+05 1.124852E+05 4.830786E+04 2.709716E+04 1.089369E+03 0.000000E+00
4.270000E-01 6.250993E+04 -2.556489E+04 1.186816E+05 4.434480E+01 1.355691E+02 0.000000E+00 0.000000E+00 0.000000E+00 1.180393E+05 1.123383E+05 4.749143E+04 2.711382E+04 1.070958E+03 0.000000E+00
4.280000E-01 6.229242E+04 -2.571238E+04 1.185032E+05 4.434480E+01 1.356524E+02 0.000000E+00 0.000000E+00 0.000000E+00 1.178600E+05 1.121925E+05 4.668685E+04 2.713048E+04 1.052815E+03 0.000000E+00
4.290000E-01 6.208072E+04 -2.584648E+04 1.183251E+05 4.434480E+01 1.357357E+02 0.000000E+00 0.000000E+00 0.000000E+00 1.176810E+05 1.120478E+05 4.589421E+04 2.714714E+04 1.034940E+03 0.000000E+00
4.300000E-01 6.187483E+04 -2.596555E+04 1.181473E+05 4.434480E+01 1.358190E+02 0.000000E+00 0.000000E+00 0.000000E+00 1.175024E+05 1.119044E+05 4.511534E+04 2.716380E+04 1.017376E+03 0.000000E+00
4.310000E-01 6.167476E+04 -2.607151E+04 1.179697E+05 4.434480E+01 1.359023E+02 0.000000E+00 0.000000E+00 0.000000E+00 1.173240E+05 1.117620E+05 4.434851E+04 2.718046E+04 1.000084E+03 0.000000E+00
4.320000E-01 6.148052E+04 -2.616456E+04 1.177923E+05 4.434480E+01 1.359856E+02 0.000000E+00 0.000000E+00 0.000000E+00 1.171460E+05 1.116208E+05 4.359373E+04 2.719712E+04 9.830630E+02 0.000000E+00
4.330000E-01 6.129208E+04 -2.624486E+04 1.176152E+05 4.434480E+01 1.360689E+02 0.000000E+00 0.000000E+00 0.000000E+00 1.169682E+05 1.114807E+05 4.285101E+04 2.721378E+04 9.663143E+02 0.000000E+00
4.340000E-01 6.110943E+04 -2.631213E+04 1.174383E+05 4.434480E+01 1.361522E+02 0.000000E+00 0.000000E+00 0.000000E+00 1.167908E+05 1.113417E+05 4.212084E+04 2.723044E+04 9.498485E+02 0.000000E+00
4.350000E-01 6.093256E+04 -2.636583E+04 1.172617E+05 4.434480E+01 1.362355E+02 0.000000E+00 0.000000E+00 0.000000E+00 1.166136E+05 1.112037E+05 4.140395E+04 2.724710E+04 9.336823E+02 0.000000E+00
4.360000E-01 6.076145E+04 -2.640745E+04 1.170853E+05 4.434480E+01 1.363188E+02 0.000000E+00 0.000000E+00 0.000000E+00 1.164368E+05 1.110668E+05 4.069902E+04 2.726376E+04 9.177857E+02 0.000000E+00
4.370000E-01 6.059605E+04 -2.643726E+04 1.169091E+05 4.434480E+01 1.364021E+02 0.000000E+00 0.000000E+00 0.000000E+00 1.162603E+05 1.109308E+05 4.000597E+04 2.728042E+04 9.021571E+02 0.000000E+00
4.380000E-01 6.043632E+04 -2.645548E+04 1.167333E+05 4.434480E+01 1.364854E+02 0.000000E+00 0.000000E+00 0.000000E+00 1.160841E+05 1.107958E+05 3.932474E+04 2.729708E+04 8.867948E+02 0.000000E+00
4.390000E-01 6.028222E+04 -2.646140E+04 1.165576E+05 4.434480E+01 1.365687E+02 0.000000E+00 0.000000E+00 0.000000E+00 1.159082E+05 1.106617E+05 3.865621E+04 2.731374E+04 8.717192E+02 0.000000E+00
4.400000E-01 6.013369E+04 -2.645557E+04 1.163822E+05 4.434480E+01 1.366520E+02 0.000000E+00 0.000000E+00 0.000000E+00 1.157326E+05 1.105285E+05 3.800002E+04 2.733040E+04 8.569219E+02 0.000000E+00
4.410000E-01 5.999068E+04 -2.643900E+04 1.162071E+05 4.434480E+01 1.367353E+02 0.000000E+00 0.000000E+00 0.000000E+00 1.155573E+05 1.103961E+05 3.735531E+04 2.734706E+04 8.423832E+02 0.000000E+00
4.420000E-01 5.985312E+04 -2.641198E+04 1.160322E+05 4.434480E+01 1.368186E+02 0.000000E+00 0.000000E+00 0.000000E+00 1.153824E+05 1.102645E+05 3.672195E+04 2.736372E+04 8.281005E+02 0.000000E+00
4.430000E-01 5.972093E+04 -2.637478E+04 1.158575E+05 4.434480E+01 1.369019E+02 0.000000E+00 0.000000E+00 0.000000E+00 1.152077E+05 1.101336E+05 3.609979E+04 2.738038E+04 8.140706E+02 0.000000E+00
4.440000E-01 5.959404E+04 -2.632632E+04 1.156832E+05 4.434480E+01 1.369852E+02 0.000000E+00 0.000000E+00 0.000000E+00 1.150333E+05 1.100033E+05 3.549010E+04 2.739704E+04 8.003216E+02 0.000000E+00
4.450000E-01 5.947236E+04 -2.626811E+04 1.155090E+05 4.434480E+01 1.370685E+02 0.000000E+00 0.000000E+00 0.000000E+00 1.148593E+05 1.098738E+05 3.489151E+04 2.741370E+04 7.868230E+02 0.000000E+00
4.460000E-01 5.935582E+04 -2.620066E+04 1.153351E+05 4.434480E+01 1.371518E+02 0.000000E+00 0.000000E+00 0.000000E+00 1.146856E+05 1.097448E+05 3.430362E+04 2.743036E+04 7.735659E+02 0.000000E+00
4.470000E-01 5.924431E+04 -2.612430E+04 1.151615E+05 4.434480E+01 1.372351E+02 0.000000E+00 0.000000E+00 0.000000E+00 1.145122E+05 1.096163E+05 3.372628E+04 2.744702E+04 7.605464E+02 0.000000E+00
4.480000E-01 5.913773E+04 -2.603909E+04 1.149881E+05 4.434480E+01 1.373184E+02 0.000000E+00 0.000000E+00 0.000000E+00 1.143390E+05 1.094884E+05 3.315951E+04 2.746368E+04 7.477655E+02 0.000000E+00
4.490000E-01 5.903598E+04 -2.594429E+04 1.148150E+05 4.434480E+01 1.374017E+02 0.000000E+00 0.000000E+00 0.000000E+00 1.141662E+05 1.093609E+05 3.260419E+04 2.748034E+04 7.352427E+02 0.000000E+00
4.500000E-01 5.893897E+04 -2.584154E+04 1.146421E+05 4.434480E+01 1.374850E+02 0.000000E+00 0.000000E+00 0.000000E+00 1.139938E+05 1.092338E+05 3.205882E+04 2.749700E+04 7.229443E+02 0.000000E+00
4.510000E-01 5.884657E+04 -2.573112E+04 1.144695E+05 4.434480E+01 1.375683E+02 0.000000E+00 0.000000E+00 0.000000E+00 1.138216E+05 1.091070E+05 3.152321E+04 2.751366E+04 7.108660E+02 0.000000E+00
4.520000E-01 5.875868E+04 -2.561335E+04 1.142971E+05 4.434480E+01 1.376516E+02 0.000000E+00 0.000000E+00 0.000000E+00 1.136497E+05 1.089805E+05 3.099717E+04 2.753032E+04 6.990035E+02 0.000000E+00
4.530000E-01 5.867517E+04 -2.548793E+04 1.141250E+05 4.434480E+01 1.377349E+02 0.000000E+00 0.000000E+00 0.000000E+00 1.134781E+05 1.088543E+05 3.048108E+04 2.754698E+04 6.873655E+02 0.000000E+00
4.540000E-01 5.859594E+04 -2.535500E+04 1.139531E+05 4.434480E+01 1.378182E+02 0.000000E+00 0.000000E+00 0.000000E+00 1.133069E+05 1.087282E+05 2.997492E+04 2.756364E+04 6.759513E+02 0.000000E+00
4.550000E-01 5.852085E+04 -2.521565E+04 1.137815E+05 4.434480E+01 1.379015E+02 0.000000E+00 0.000000E+00 0.000000E+00 1.131359E+05 1.086024E+05 2.947769E+04 2.758030E+04 6.647385E+02 0.000000E+00
4.560000E-01 5.844980E+04 -2.507016E+04 1.136101E+05 4.434480E+01 1.379848E+02 0.000000E+00 0.000000E+00 0.000000E+00 1.129652E+05 1.084766E+05 2.898920E+04 2.759696E+04 6.537228E+02 0.000000E+00
4.570000E-01 5.838264E+04 -2.491883E+04 1.134390E+05 4.434480E+01 1.380681E+02 0.000000E+00 0.000000E+00 0.000000E+00 1.127949E+05 1.083509E+05 2.850926E+04 2.761362E+04 6.428998E+02 0.000000E+00
4.580000E-01 5.831927E+04 -2.476103E+04 1.132682E+05 4.434480E+01 1.381514E+02 0.000000E+00 0.000000E+00 0.000000E+00 1.126249E+05 1.082253E+05 2.803853E+04 2.763028E+04 6.322847E+02 0.000000E+00
4.590000E-01 5.825954E+04 -2.459762E+04 1.130976E+05 4.434480E+01 1.382347E+02 0.000000E+00 -5.264621E-03 0.000000E+00 1.124551E+05 1.080997E+05 2.757628E+04 2.764694E+04 6.218605E+02 0.000000E+00
4.600000E-01 5.820335E+04 -2.442914E+04 1.129272E+05 4.434492E+01 1.383179E+02 0.000000E+00 -3.116317E-01 0.000000E+00 1.122857E+05 1.079740E+05 2.712202E+04 2.766358E+04 6.116150E+02 0.000000E+00
4.610000E-01 5.815057E+04 -2.425559E+04 1.127572E+05 4.434557E+01 1.384005E+02 0.000000E+00 -1.082056E+00 0.000000E+00 1.121165E+05 1.078482E+05 2.667582E+04 2.768010E+04 6.015441E+02 0.000000E+00
4.620000E-01 5.810108E+04 -2.407697E+04 1.125873E+05 4.434723E+01 1.384822E+02 0.000000E+00 -2.305794E+00 0.000000E+00 1.119477E+05 1.077224E+05 2.623776E+04 2.769643E+04 5.916437E+02 0.000000E+00
4.630000E-01 5.805478E+04 -2.389224E+04 1.124178E+05 4.435033E+01 1.385624E+02 0.000000E+00 -3.971920E+00 0.000000E+00 1.117792E+05 1.075965E+05 2.580897E+04 2.771247E+04 5.819340E+02 0.000000E+00
4.640000E-01 5.801157E+04 -2.370253E+04 1.122485E+05 4.435532E+01 1.386407E+02 0.000000E+00 -6.069445E+00 0.000000E+00 1.116109E+05 1.074705E+05 2.538836E+04 2.772814E+04 5.723860E+02 0.000000E+00
4.650000E-01 5.797136E+04 -2.350790E+04 1.120794E+05 4.436261E+01 1.387167E+02 0.000000E+00 -8.587429E+00 0.000000E+00 1.114430E+05 1.073443E+05 2.497597E+04 2.774334E+04 5.629960E+02 0.000000E+00
4.660000E-01 5.793407E+04 -2.330841E+04 1.119106E+05 4.437263E+01 1.387900E+02 0.000000E+00 -1.151490E+01 0.000000E+00 1.112753E+05 1.072181E+05 2.457180E+04 2.775799E+04 5.537603E+02 0.000000E+00
4.670000E-01 5.789960E+04 -2.310386E+04 1.117421E+05 4.438577E+01 1.388601E+02 0.000000E+00 -1.484085E+01 0.000000E+00 1.111080E+05 1.070917E+05 2.417612E+04 2.777202E+04 5.446817E+02 0.000000E+00
4.680000E-01 5.786788E+04 -2.289395E+04 1.115738E+05 4.440244E+01 1.389268E+02 0.000000E+00 -1.855418E+01 0.000000E+00 1.109409E+05 1.069652E+05 2.378930E+04 2.778535E+04 5.357657E+02 0.000000E+00
4.690000E-01 5.783883E+04 -2.267948E+04 1.114058E+05 4.442301E+01 1.389895E+02 0.000000E+00 -2.264386E+01 0.000000E+00 1.107741E+05 1.068387E+05 2.341062E+04 2.779790E+04 5.269932E+02 0.000000E+00
4.700000E-01 5.781238E+04 -2.246055E+04 1.112380E+05 4.444785E+01 1.390479E+02 0.000000E+00 -2.709894E+01 0.000000E+00 1.106076E+05 1.067120E+05 2.304004E+04 2.780959E+04 5.183612E+02 0.000000E+00
4.710000E-01 5.778846E+04 -2.223727E+04 1.110705E+05 4.447732E+01 1.391018E+02 0.000000E+00 -3.190850E+01 0.000000E+00 1.104415E+05 1.065852E+05 2.267751E+04 2.782035E+04 5.098667E+02 0.000000E+00
4.720000E-01 5.776700E+04 -2.200925E+04 1.109032E+05 4.451178E+01 1.391506E+02 0.000000E+00 -3.706162E+01 0.000000E+00 1.102756E+05 1.064584E+05 2.232347E+04 2.783012E+04 5.015183E+02 0.000000E+00
4.730000E-01 5.774793E+04 -2.177677E+04 1.107362E+05 4.455156E+01 1.391941E+02 0.000000E+00 -4.254736E+01 0.000000E+00 1.101099E+05 1.063315E+05 2.197774E+04 2.783883E+04 4.933101E+02 0.000000E+00
4.740000E-01 5.773119E+04 -2.154033E+04 1.105695E+05 4.459698E+01 1.392320E+02 0.000000E+00 -4.835493E+01 0.000000E+00 1.099446E+05 1.062045E+05 2.163985E+04 2.784640E+04 4.852312E+02 0.000000E+00
4.750000E-01 5.771672E+04 -2.130005E+04 1.104030E+05 4.464837E+01 1.392639E+02 0.000000E+00 -5.447363E+01 0.000000E+00 1.097796E+05 1.060774E+05 2.130974E+04 2.785278E+04 4.772792E+02 0.000000E+00
4.760000E-01 5.770444E+04 -2.105606E+04 1.102368E+05 4.470603E+01 1.392896E+02 0.000000E+00 -6.089280E+01 0.000000E+00 1.096149E+05 1.059503E+05 2.098734E+04 2.785791E+04 4.694522E+02 0.000000E+00
4.770000E-01 5.769430E+04 -2.080779E+04 1.100708E+05 4.477025E+01 1.393086E+02 0.000000E+00 -6.760184E+01 0.000000E+00 1.094504E+05 1.058231E+05 2.067327E+04 2.786173E+04 4.617636E+02 0.000000E+00
4.780000E-01 5.768625E+04 -2.055598E+04 1.099051E+05 4.484133E+01 1.393209E+02 0.000000E+00 -7.459015E+01 0.000000E+00 1.092862E+05 1.056959E+05 2.036686E+04 2.786417E+04 4.541984E+02 0.000000E+00
4.790000E-01 5.768021E+04 -2.030087E+04 1.097396E+05 4.491952E+01 1.393260E+02 0.000000E+00 -8.184733E+01 0.000000E+00 1.091223E+05 1.055686E+05 2.006790E+04 2.786519E+04 4.467524E+02 0.000000E+00
4.800000E-01 5.767613E+04 -2.004258E+04 1.095744E+05 4.500511E+01 1.393237E+02 0.000000E+00 -8.936305E+01 0.000000E+00 1.089587E+05 1.054413E+05 1.977633E+04 2.786474E+04 4.394241E+02 0.000000E+00
4.810000E-01 5.767395E+04 -1.978113E+04 1.094095E+05 4.509833E+01 1.393138E+02 0.000000E+00 -9.712707E+01 0.000000E+00 1.087954E+05 1.053139E+05 1.949216E+04 2.786275E+04 4.322146E+02 0.000000E+00
4.820000E-01 5.767362E+04 -1.951610E+04 1.092448E+05 4.519944E+01 1.392960E+02 0.000000E+00 -1.051291E+02 0.000000E+00 1.086324E+05 1.051864E+05 1.921586E+04 2.785919E+04 4.251350E+02 0.000000E+00
4.830000E-01 5.767507E+04 -1.924829E+04 1.090804E+05 4.530867E+01 1.392700E+02 0.000000E+00 -1.133591E+02 0.000000E+00 1.084696E+05 1.050589E+05 1.894669E+04 2.785401E+04 4.181693E+02 0.000000E+00
4.840000E-01 5.767825E+04 -1.897781E+04 1.089162E+05 4.542623E+01 1.392358E+02 0.000000E+00 -1.218071E+02 0.000000E+00 1.083071E+05 1.049313E+05 1.868457E+04 2.784715E+04 4.113167E+02 0.000000E+00
4.850000E-01 5.768311E+04 -1.870478E+04 1.087523E+05 4.555235E+01 1.391929E+02 0.000000E+00 -1.304631E+02 0.000000E+00 1.081449E+05 1.048037E+05 1.842940E+04 2.783859E+04 4.045763E+02 0.000000E+00
4.860000E-01 5.768959E+04 -1.842899E+04 1.085887E+05 4.568723E+01 1.391414E+02 0.000000E+00 -1.393174E+02 0.000000E+00 1.079830E+05 1.046761E+05 1.818145E+04 2.782827E+04 3.979548E+02 0.000000E+00
4.870000E-01 5.769764E+04 -1.815045E+04 1.084253E+05 4.583105E+01 1.390808E+02 0.000000E+00 -1.483601E+02 0.000000E+00 1.078213E+05 1.045484E+05 1.794073E+04 2.781617E+04 3.914536E+02 0.000000E+00
4.880000E-01 5.770720E+04 -1.786971E+04 1.082621E+05 4.598400E+01 1.390112E+02 0.000000E+00 -1.575816E+02 0.000000E+00 1.076600E+05 1.044206E+05 1.770674E+04 2.780224E+04 3.850630E+02 0.000000E+00
4.890000E-01 5.771823E+04 -1.758686E+04 1.080993E+05 4.614627E+01 1.389322E+02 0.000000E+00 -1.669724E+02 0.000000E+00 1.074989E+05 1.042928E+05 1.747940E+04 2.778645E+04 3.787826E+02 0.000000E+00
4.900000E-01 5.773066E+04 -1.730202E+04 1.079366E+05 4.631800E+01 1.388438E+02 0.000000E+00 -1.765229E+02 0.000000E+00 1.073381E+05 1.041649E+05 1.725865E+04 2.776876E+04 3.726122E+02 0.000000E+00
4.910000E-01 5.774446E+04 -1.701473E+04 1.077743E+05 4.649936E+01 1.387457E+02 0.000000E+00 -1.862239E+02 0.000000E+00 1.071775E+05 1.040370E+05 1.704495E+04 2.774915E+04 3.665631E+02 0.000000E+00
4.920000E-01 5.775957E+04 -1.672542E+04 1.076121E+05 4.669050E+01 1.386379E+02 0.000000E+00 -1.960659E+02 0.000000E+00 1.070173E+05 1.039090E+05 1.683792E+04 2.772758E+04 3.606283E+02 0.000000E+00
4.930000E-01 5.777594E+04 -1.643440E+04 1.074503E+05 4.689154E+01 1.385202E+02 0.000000E+00 -2.060397E+02 0.000000E+00 1.068573E+05 1.037810E+05 1.663726E+04 2.770403E+04 3.548031E+02 0.000000E+00
4.940000E-01 5.779353E+04 -1.614175E+04 1.072887E+05 4.710262E+01 1.383924E+02 0.000000E+00 -2.161362E+02 0.000000E+00 1.066975E+05 1.036530E+05 1.644293E+04 2.767848E+04 3.490874E+02 0.000000E+00
4.950000E-01 5.781230E+04 -1.584755E+04 1.071273E+05 4.732385E+01 1.382544E+02 0.000000E+00 -2.263464E+02 0.000000E+00 1.065381E+05 1.035248E+05 1.625485E+04 2.765089E+04 3.434812E+02 0.000000E+00
4.960000E-01 5.783219E+04 -1.555111E+04 1.069663E+05 4.755535E+01 1.381062E+02 0.000000E+00 -2.366613E+02 0.000000E+00 1.063789E+05 1.033967E+05 1.607376E+04 2.762125E+04 3.380011E+02 0.000000E+00
4.970000E-01 5.785316E+04 -1.525328E+04 1.068054E+05 4.779720E+01 1.379477E+02 0.000000E+00 -2.470719E+02 0.000000E+00 1.062200E+05 1.032685E+05 1.589881E+04 2.758954E+04 3.326306E+02 0.000000E+00
4.980000E-01 5.787518E+04 -1.495413E+04 1.066448E+05 4.804952E+01 1.377787E+02 0.000000E+00 -2.575693E+02 0.000000E+00 1.060614E+05 1.031402E+05 1.572997E+04 2.755574E+04 3.273700E+02 0.000000E+00
4.990000E-01 5.789820E+04 -1.465373E+04 1.064845E+05 4.831237E+01 1.375991E+02 0.000000E+00 -2.681450E+02 0.000000E+00 1.059030E+05 1.030119E+05 1.556718E+04 2.751983E+04 3.222193E+02 0.000000E+00
5.000000E-01 5.792219E+04 -1.435192E+04 1.063245E+05 4.858583E+01 1.374090E+02 0.000000E+00 -2.787902E+02 0.000000E+00 1.057449E+05 1.028836E+05 1.541062E+04 2.748179E+04 3.171834E+02 0.000000E+00
5.010000E-01 5.794710E+04 -1.404842E+04 1.061646E+05 4.886997E+01 1.372081E+02 0.000000E+00 -2.894962E+02 0.000000E+00 1.055870E+05 1.027552E+05 1.526059E+04 2.744163E+04 3.122692E+02 0.000000E+00
5.020000E-01 5.797290E+04 -1.374385E+04 1.060051E+05 4.916484E+01 1.369966E+02 0.000000E+00 -3.002546E+02 0.000000E+00 1.054295E+05 1.026268E+05 1.511648E+04 2.739931E+04 3.074652E+02 0.000000E+00
5.030000E-01 5.799955E+04 -1.343827E+04 1.058458E+05 4.947049E+01 1.367742E+02 0.000000E+00 -3.110568E+02 0.000000E+00 1.052722E+05 1.024983E+05 1.497825E+04 2.735484E+04 3.027714E+02 0.000000E+00
5.040000E-01 5.802702E+04 -1.313175E+04 1.056867E+05 4.978697E+01 1.365410E+02 0.000000E+00 -3.218946E+02 0.000000E+00 1.051151E+05 1.023699E+05 1.484586E+04 2.730821E+04 2.981877E+02 0.000000E+00
5.050000E-01 5.805528E+04 -1.282385E+04 1.055279E+05 5.011429E+01 1.362970E+02 0.000000E+00 -3.327595E+02 0.000000E+00 1.049583E+05 1.022414E+05 1.471975E+04 2.725940E+04 2.937235E+02 0.000000E+00
5.060000E-01 5.808430E+04 -1.251473E+04 1.053694E+05 5.045249E+01 1.360421E+02 0.000000E+00 -3.436433E+02 0.000000E+00 1.048018E+05 1.021128E+05 1.459976E+04 2.720842E+04 2.893763E+02 0.000000E+00
5.070000E-01 5.811404E+04 -1.220481E+04 1.052111E+05 5.080158E+01 1.357763E+02 0.000000E+00 -3.545379E+02 0.000000E+00 1.046456E+05 1.019843E+05 1.448551E+04 2.715526E+04 2.851389E+02 0.000000E+00
5.080000E-01 5.814448E+04 -1.189412E+04 1.050531E+05 5.116157E+01 1.354996E+02 0.000000E+00 -3.654350E+02 0.000000E+00 1.044896E+05 1.018558E+05 1.437696E+04 2.709993E+04 2.810110E+02 0.000000E+00
5.090000E-01 5.817559E+04 -1.158272E+04 1.048953E+05 5.153245E+01 1.352120E+02 0.000000E+00 -3.763268E+02 0.000000E+00 1.043339E+05 1.017272E+05 1.427409E+04 2.704241E+04 2.769922E+02 0.000000E+00
5.100000E-01 5.820735E+04 -1.126993E+04 1.047378E+05 5.191422E+01 1.349136E+02 0.000000E+00 -3.872053E+02 0.000000E+00 1.041784E+05 1.015987E+05 1.417757E+04 2.698272E+04 2.730961E+02 0.000000E+00
5.110000E-01 5.823972E+04 -1.095637E+04 1.045805E+05 5.230685E+01 1.346042E+02 0.000000E+00 -3.980624E+02 0.000000E+00 1.040232E+05 1.014702E+05 1.408679E+04 2.692085E+04 2.693106E+02 0.000000E+00
5.120000E-01 5.827269E+04 -1.064223E+04 1.044234E+05 5.271033E+01 1.342841E+02 0.000000E+00 -4.088904E+02 0.000000E+00 1.038683E+05 1.013416E+05 1.400159E+04 2.685681E+04 2.656326E+02 0.000000E+00
5.130000E-01 5.830622E+04 -1.032754E+04 1.042667E+05 5.312462E+01 1.339531E+02 0.000000E+00 -4.196816E+02 0.000000E+00 1.037136E+05 1.012131E+05 1.392193E+04 2.679061E+04 2.620617E+02 0.000000E+00
5.140000E-01 5.834031E+04 -1.001222E+04 1.041102E+05 5.354968E+01 1.336113E+02 0.000000E+00 -4.304284E+02 0.000000E+00 1.035591E+05 1.010846E+05 1.384791E+04 2.672226E+04 2.585993E+02 0.000000E+00
5.150000E-01 5.837491E+04 -9.695718E+03 1.039539E+05 5.398546E+01 1.332588E+02 0.000000E+00 -4.411231E+02 0.000000E+00 1.034050E+05 1.009562E+05 1.378009E+04 2.665177E+04 2.552555E+02 0.000000E+00
5.160000E-01 5.841003E+04 -9.378789E+03 1.037979E+05 5.443191E+01 1.328957E+02 0.000000E+00 -4.517581E+02 0.000000E+00 1.032511E+05 1.008277E+05 1.371771E+04 2.657914E+04 2.520160E+02 0.000000E+00
5.170000E-01 5.844563E+04 -9.061488E+03 1.036421E+05 5.488896E+01 1.325219E+02 0.000000E+00 -4.623262E+02 0.000000E+00 1.030974E+05 1.006993E+05 1.366074E+04 2.650439E+04 2.488796E+02 0.000000E+00
5.180000E-01 5.848168E+04 -8.743850E+03 1.034866E+05 5.535654E+01 1.321377E+02 0.000000E+00 -4.728199E+02 0.000000E+00 1.029440E+05 1.005709E+05 1.360915E+04 2.642753E+04 2.458453E+02 0.000000E+00
5.190000E-01 5.851818E+04 -8.425579E+03 1.033313E+05 5.583457E+01 1.317429E+02 0.000000E+00 -4.832321E+02 0.000000E+00 1.027909E+05 1.004426E+05 1.356323E+04 2.634859E+04 2.429182E+02 0.000000E+00
5.200000E-01 5.855511E+04 -8.106603E+03 1.031763E+05 5.632297E+01 1.313378E+02 0.000000E+00 -4.935556E+02 0.000000E+00 1.026380E+05 1.003143E+05 1.352307E+04 2.626757E+04 2.400987E+02 0.000000E+00
5.210000E-01 5.859244E+04 -7.787443E+03 1.030215E+05 5.682165E+01 1.309224E+02 0.000000E+00 -5.037834E+02 0.000000E+00 1.024853E+05 1.001860E+05 1.348814E+04 2.618449E+04 2.373769E+02 0.000000E+00
5.220000E-01 5.863015E+04 -7.468162E+03 1.028670E+05 5.733050E+01 1.304969E+02 0.000000E+00 -5.139085E+02 0.000000E+00 1.023330E+05 1.000578E+05 1.345840E+04 2.609938E+04 2.347512E+02 0.000000E+00
5.230000E-01 5.866822E+04 -7.148803E+03 1.027127E+05 5.784943E+01 1.300613E+02 0.000000E+00 -5.239241E+02 0.000000E+00 1.021808E+05 9.992960E+04 1.343379E+04 2.601225E+04 2.322200E+02 0.000000E+00
5.240000E-01 5.870664E+04 -6.828860E+03 1.025587E+05 5.837831E+01 1.296157E+02 0.000000E+00 -5.338236E+02 0.000000E+00 1.020290E+05 9.980147E+04 1.341483E+04 2.592314E+04 2.297912E+02 0.000000E+00
5.250000E-01 5.874538E+04 -6.508761E+03 1.024049E+05 5.891703E+01 1.291603E+02 0.000000E+00 -5.436002E+02 0.000000E+00 1.018773E+05 9.967339E+04 1.340109E+04 2.583205E+04 2.274570E+02 0.000000E+00
5.260000E-01 5.878442E+04 -6.188781E+03 1.022514E+05 5.946547E+01 1.286951E+02 0.000000E+00 -5.532476E+02 0.000000E+00 1.017260E+05 9.954535E+04 1.339229E+04 2.573903E+04 2.252113E+02 0.000000E+00
5.270000E-01 5.882375E+04 -5.868998E+03 1.020981E+05 6.002348E+01 1.282204E+02 0.000000E+00 -5.627593E+02 0.000000E+00 1.015749E+05 9.941735E+04 1.338837E+04 2.564408E+04 2.230522E+02 0.000000E+00
5.280000E-01 5.886333E+04 -5.549471E+03 1.019451E+05 6.059094E+01 1.277363E+02 0.000000E+00 -5.721294E+02 0.000000E+00 1.014240E+05 9.928939E+04 1.338925E+04 2.554725E+04 2.209777E+02 0.000000E+00
5.290000E-01 5.890315E+04 -5.229547E+03 1.017923E+05 6.116769E+01 1.272428E+02 0.000000E+00 -5.813515E+02 0.000000E+00 1.012734E+05 9.916147E+04 1.339558E+04 2.544856E+04 2.189976E+02 0.000000E+00
5.300000E-01 5.894318E+04 -4.910061E+03 1.016398E+05 6.175359E+01 1.267402E+02 0.000000E+00 -5.904199E+02 0.000000E+00 1.011230E+05 9.903359E+04 1.340653E+04 2.534804E+04 2.170971E+02 0.000000E+00
5.310000E-01 5.898340E+04 -4.591085E+03 1.014875E+05 6.234848E+01 1.262286E+02 0.000000E+00 -5.993287E+02 0.000000E+00 1.009729E+05 9.890574E+04 1.342201E+04 2.524572E+04 2.152741E+02 0.000000E+00
5.320000E-01 5.902378E+04 -4.272711E+03 1.013354E+05 6.295220E+01 1.257082E+02 0.000000E+00 -6.080724E+02 0.000000E+00 1.008230E+05 9.877791E+04 1.344194E+04 2.514164E+04 2.135262E+02 0.000000E+00
5.330000E-01 5.906430E+04 -3.954832E+03 1.011836E+05 6.356457E+01 1.251791E+02 0.000000E+00 -6.166455E+02 0.000000E+00 1.006734E+05 9.865010E+04 1.346640E+04 2.503583E+04 2.118539E+02 0.000000E+00
5.340000E-01 5.910493E+04 -3.637269E+03 1.010321E+05 6.418543E+01 1.246416E+02 0.000000E+00 -6.250427E+02 0.000000E+00 1.005240E+05 9.852231E+04 1.349557E+04 2.492831E+04 2.102590E+02 0.000000E+00
5.350000E-01 5.914563E+04 -3.320610E+03 1.008808E+05 6.481459E+01 1.240957E+02 0.000000E+00 -6.332590E+02 0.000000E+00 1.003748E+05 9.839452E+04 1.352884E+04 2.481914E+04 2.087314E+02 0.000000E+00
5.360000E-01 5.918639E+04 -3.004943E+03 1.007297E+05 6.545188E+01 1.235417E+02 0.000000E+00 -6.412893E+02 0.000000E+00 1.002260E+05 9.826673E+04 1.356611E+04 2.470834E+04 2.072685E+02 0.000000E+00
5.370000E-01 5.922716E+04 -2.690379E+03 1.005789E+05 6.609711E+01 1.229798E+02 0.000000E+00 -6.491291E+02 0.000000E+00 1.000773E+05 9.813893E+04 1.360727E+04 2.459596E+04 2.058678E+02 0.000000E+00
5.380000E-01 5.926792E+04 -2.376691E+03 1.004283E+05 6.675008E+01 1.224101E+02 0.000000E+00 -6.567737E+02 0.000000E+00 9.992891E+04 9.801110E+04 1.365251E+04 2.448202E+04 2.045317E+02 0.000000E+00
5.390000E-01 5.930863E+04 -2.064090E+03 1.002780E+05 6.741059E+01 1.218329E+02 0.000000E+00 -6.642188E+02 0.000000E+00 9.978076E+04 9.788325E+04 1.370160E+04 2.436658E+04 2.032560E+02 0.000000E+00
5.400000E-01 5.934925E+04 -1.752945E+03 1.001279E+05 6.807845E+01 1.212483E+02 0.000000E+00 -6.714603E+02 0.000000E+00 9.963284E+04 9.775536E+04 1.375417E+04 2.424967E+04 2.020342E+02 0.000000E+00
5.410000E-01 5.938975E+04 -1.443357E+03 9.997808E+04 6.875344E+01 1.206567E+02 0.000000E+00 -6.784941E+02 0.000000E+00 9.948517E+04 9.762742E+04 1.381008E+04 2.413133E+04 2.008639E+02 0.000000E+00
5.420000E-01 5.943009E+04 -1.135449E+03 9.982848E+04 6.943536E+01 1.200580E+02 0.000000E+00 -6.853167E+02 0.000000E+00 9.933774E+04 9.749941E+04 1.386920E+04 2.401161E+04 1.997426E+02 0.000000E+00
5.430000E-01 5.947023E+04 -8.289364E+02 9.967912E+04 7.012400E+01 1.194527E+02 0.000000E+00 -6.919244E+02 0.000000E+00 9.919055E+04 9.737133E+04 1.393177E+04 2.389054E+04 1.986733E+02 0.000000E+00
5.440000E-01 5.951013E+04 -5.242956E+02 9.953000E+04 7.081914E+01 1.188409E+02 0.000000E+00 -6.983139E+02 0.000000E+00 9.904360E+04 9.724316E+04 1.399728E+04 2.376817E+04 1.976483E+02 0.000000E+00
5.450000E-01 5.954974E+04 -2.217173E+02 9.938113E+04 7.152056E+01 1.182227E+02 0.000000E+00 -7.044821E+02 0.000000E+00 9.889689E+04 9.711489E+04 1.406554E+04 2.364455E+04 1.966643E+02 0.000000E+00
5.460000E-01 5.958903E+04 7.868702E+01 9.923250E+04 7.222803E+01 1.175986E+02 0.000000E+00 -7.104263E+02 0.000000E+00 9.875042E+04 9.698651E+04 1.413638E+04 2.351971E+04 1.957187E+02 0.000000E+00
5.470000E-01 5.962794E+04 3.768464E+02 9.908410E+04 7.294133E+01 1.169686E+02 0.000000E+00 -7.161437E+02 0.000000E+00 9.860418E+04 9.685801E+04 1.420970E+04 2.339371E+04 1.948100E+02 0.000000E+00
5.480000E-01 5.966644E+04 6.728864E+02 9.893595E+04 7.366024E+01 1.163330E+02 0.000000E+00 -7.216319E+02 0.000000E+00 9.845819E+04 9.672936E+04 1.428560E+04 2.326659E+04 1.939391E+02 0.000000E+00
5.490000E-01 5.970448E+04 9.663647E+02 9.878804E+04 7.438452E+01 1.156920E+02 0.000000E+00 -7.268886E+02 0.000000E+00 9.831242E+04 9.660057E+04 1.436359E+04 2.313840E+04 1.930992E+02 0.000000E+00
5.500000E-01 5.974200E+04 1.257162E+03 9.864037E+04 7.511394E+01 1.150459E+02 0.000000E+00 -7.319121E+02 0.000000E+00 9.816690E+04 9.647161E+04 1.444352E+04 2.300917E+04 1.922881E+02 0.000000E+00
5.510000E-01 5.977897E+04 1.545170E+03 9.849293E+04 7.584827E+01 1.143948E+02 0.000000E+00 -7.367004E+02 0.000000E+00 9.802161E+04 9.634248E+04 1.452523E+04 2.287897E+04 1.915038E+02 0.000000E+00
5.520000E-01 5.981533E+04 1.830383E+03 9.834574E+04 7.658726E+01 1.137391E+02 0.000000E+00 -7.412520E+02 0.000000E+00 9.787655E+04 9.621316E+04 1.460867E+04 2.274783E+04 1.907455E+02 0.000000E+00
5.530000E-01 5.985103E+04 2.112709E+03 9.819878E+04 7.733069E+01 1.130790E+02 0.000000E+00 -7.455656E+02 0.000000E+00 9.773172E+04 9.608363E+04 1.469372E+04 2.261580E+04 1.900115E+02 0.000000E+00
5.540000E-01 5.988603E+04 2.391887E+03 9.805206E+04 7.807831E+01 1.124147E+02 0.000000E+00 -7.496402E+02 0.000000E+00 9.758713E+04 9.595390E+04 1.478005E+04 2.248294E+04 1.892978E+02 0.000000E+00
5.550000E-01 5.992027E+04 2.667814E+03 9.790558E+04 7.882989E+01 1.117464E+02 0.000000E+00 -7.534748E+02 0.000000E+00 9.744276E+04 9.582394E+04 1.486753E+04 2.234928E+04 1.886027E+02 0.000000E+00
5.560000E-01 5.995371E+04 2.940396E+03 9.775934E+04 7.958518E+01 1.110744E+02 0.000000E+00 -7.570688E+02 0.000000E+00 9.729863E+04 9.569374E+04 1.495600E+04 2.221488E+04 1.879244E+02 0.000000E+00
5.570000E-01 5.998629E+04 3.209657E+03 9.761333E+04 8.034395E+01 1.103989E+02 0.000000E+00 -7.604217E+02 0.000000E+00 9.715472E+04 9.556330E+04 1.504543E+04 2.207979E+04 1.872628E+02 0.000000E+00
5.580000E-01 6.001798E+04 3.475411E+03 9.746756E+04 8.110595E+01 1.097202E+02 0.000000E+00 -7.635332E+02 0.000000E+00 9.701105E+04 9.543261E+04 1.513560E+04 2.194405E+04 1.866152E+02 0.000000E+00
5.590000E-01 6.004872E+04 3.737532E+03 9.732203E+04 8.187093E+01 1.090386E+02 0.000000E+00 -7.664033E+02 0.000000E+00 9.686760E+04 9.530166E+04 1.522631E+04 2.180771E+04 1.859795E+02 0.000000E+00
5.600000E-01 6.007846E+04 3.995941E+03 9.717673E+04 8.263867E+01 1.083541E+02 0.000000E+00 -7.690321E+02 0.000000E+00 9.672437E+04 9.517045E+04 1.531744E+04 2.167082E+04 1.853544E+02 0.000000E+00
5.610000E-01 6.010715E+04 4.250571E+03 9.703167E+04 8.340892E+01 1.076672E+02 0.000000E+00 -7.714199E+02 0.000000E+00 9.658137E+04 9.503895E+04 1.540886E+04 2.153344E+04 1.847387E+02 0.000000E+00
5.620000E-01 6.013477E+04 4.501449E+03 9.688684E+04 8.418143E+01 1.069780E+02 0.000000E+00 -7.735672E+02 0.000000E+00 9.643860E+04 9.490718E+04 1.550053E+04 2.139559E+04 1.841325E+02 0.000000E+00
5.630000E-01 6.016124E+04 4.748408E+03 9.674224E+04 8.495597E+01 1.062867E+02 0.000000E+00 -7.754746E+02 0.000000E+00 9.629605E+04 9.477513E+04 1.559224E+04 2.125734E+04 1.835332E+02 0.000000E+00
5.640000E-01 6.018655E+04 4.991400E+03 9.659788E+04 8.573230E+01 1.055937E+02 0.000000E+00 -7.771430E+02 0.000000E+00 9.615372E+04 9.464279E+04 1.568388E+04 2.111874E+04 1.829401E+02 0.000000E+00
5.650000E-01 6.021064E+04 5.230384E+03 9.645375E+04 8.651018E+01 1.048991E+02 0.000000E+00 -7.785732E+02 0.000000E+00 9.601161E+04 9.451016E+04 1.577534E+04 2.097982E+04 1.823524E+02 0.000000E+00
5.660000E-01 6.023348E+04 5.465343E+03 9.630985E+04 8.728937E+01 1.042032E+02 0.000000E+00 -7.797666E+02 0.000000E+00 9.586972E+04 9.437725E+04 1.586654E+04 2.084065E+04 1.817695E+02 0.000000E+00
5.670000E-01 6.025504E+04 5.696265E+03 9.616619E+04 8.806963E+01 1.035063E+02 0.000000E+00 -7.807242E+02 0.000000E+00 9.572805E+04 9.424405E+04 1.595742E+04 2.070125E+04 1.811909E+02 0.000000E+00
5.680000E-01 6.027526E+04 5.923092E+03 9.602275E+04 8.885074E+01 1.028085E+02 0.000000E+00 -7.814475E+02 0.000000E+00 9.558659E+04 9.411057E+04 1.604785E+04 2.056169E+04 1.806159E+02 0.000000E+00
5.690000E-01 6.029414E+04 6.145816E+03 9.587955E+04 8.963245E+01 1.021100E+02 0.000000E+00 -7.819379E+02 0.000000E+00 9.544536E+04 9.397681E+04 1.613777E+04 2.042201E+04 1.800439E+02 0.000000E+00
5.700000E-01 6.031163E+04 6.364435E+03 9.573658E+04 9.041454E+01 1.014113E+02 0.000000E+00 -7.821971E+02 0.000000E+00 9.530434E+04 9.384277E+04 1.622711E+04 2.028225E+04 1.794746E+02 0.000000E+00
5.710000E-01 6.032770E+04 6.578975E+03 9.559384E+04 9.119677E+01 1.007123E+02 0.000000E+00 -7.822268E+02 0.000000E+00 9.516354E+04 9.370847E+04 1.631584E+04 2.014247E+04 1.789081E+02 0.000000E+00
5.720000E-01 6.034235E+04 6.789445E+03 9.545132E+04 9.197892E+01 1.000135E+02 0.000000E+00 -7.820287E+02 0.000000E+00 9.502295E+04 9.357391E+04 1.640390E+04 2.000270E+04 1.783441E+02 0.000000E+00
5.730000E-01 6.035553E+04 6.995853E+03 9.530904E+04 9.276075E+01 9.931494E+01 0.000000E+00 -7.816048E+02 0.000000E+00 9.488257E+04 9.343909E+04 1.649124E+04 1.986299E+04 1.777825E+02 0.000000E+00
5.740000E-01 6.036724E+04 7.198232E+03 9.516699E+04 9.354205E+01 9.861695E+01 0.000000E+00 -7.809569E+02 0.000000E+00 9.474241E+04 9.330404E+04 1.657783E+04 1.972339E+04 1.772233E+02 0.000000E+00
5.750000E-01 6.037746E+04 7.396619E+03 9.502516E+04 9.432259E+01 9.791971E+01 0.000000E+00 -7.800870E+02 0.000000E+00 9.460246E+04 9.316876E+04 1.666366E+04 1.958394E+04 1.766667E+02 0.000000E+00
5.760000E-01 6.038618E+04 7.591095E+03 9.488356E+04 9.510215E+01 9.722344E+01 0.000000E+00 -7.789972E+02 0.000000E+00 9.446272E+04 9.303326E+04 1.674874E+04 1.944469E+04 1.761131E+02 0.000000E+00
5.770000E-01 6.039338E+04 7.781690E+03 9.474218E+04 9.588051E+01 9.652838E+01 0.000000E+00 -7.776896E+02 0.000000E+00 9.432319E+04 9.289757E+04 1.683304E+04 1.930568E+04 1.755627E+02 0.000000E+00
5.780000E-01 6.039907E+04 7.968459E+03 9.460104E+04 9.665746E+01 9.583474E+01 0.000000E+00 -7.761663E+02 0.000000E+00 9.418386E+04 9.276169E+04 1.691657E+04 1.916695E+04 1.750157E+02 0.000000E+00
5.790000E-01 6.040324E+04 8.151467E+03 9.446012E+04 9.743277E+01 9.514272E+01 0.000000E+00 -7.744294E+02 0.000000E+00 9.404475E+04 9.262564E+04 1.699933E+04 1.902854E+04 1.744724E+02 0.000000E+00
5.800000E-01 6.040589E+04 8.330796E+03 9.431942E+04 9.820625E+01 9.445255E+01 0.000000E+00 -7.724812E+02 0.000000E+00 9.390584E+04 9.248944E+04 1.708136E+04 1.889051E+04 1.739335E+02 0.000000E+00
5.810000E-01 6.040702E+04 8.506580E+03 9.417895E+04 9.897767E+01 9.376443E+01 0.000000E+00 -7.703236E+02 0.000000E+00 9.376714E+04 9.235311E+04 1.716272E+04 1.875289E+04 1.733999E+02 0.000000E+00
5.820000E-01 6.040665E+04 8.678849E+03 9.403870E+04 9.974682E+01 9.307857E+01 0.000000E+00 -7.679590E+02 0.000000E+00 9.362865E+04 9.221667E+04 1.724340E+04 1.861571E+04 1.728717E+02 0.000000E+00
5.830000E-01 6.040477E+04 8.847688E+03 9.389868E+04 1.005135E+02 9.239518E+01 0.000000E+00 -7.653894E+02 0.000000E+00 9.349036E+04 9.208014E+04 1.732344E+04 1.847904E+04 1.723493E+02 0.000000E+00
5.840000E-01 6.040142E+04 9.013190E+03 9.375887E+04 1.012775E+02 9.171446E+01 0.000000E+00 -7.626170E+02 0.000000E+00 9.335228E+04 9.194353E+04 1.740287E+04 1.834289E+04 1.718335E+02 0.000000E+00
5.850000E-01 6.039659E+04 9.175498E+03 9.361930E+04 1.020387E+02 9.103661E+01 0.000000E+00 -7.596439E+02 0.000000E+00 9.321440E+04 9.180687E+04 1.748180E+04 1.820732E+04 1.713252E+02 0.000000E+00
5.860000E-01 6.039031E+04 9.334737E+03 9.347994E+04 1.027968E+02 9.036184E+01 0.000000E+00 -7.564723E+02 0.000000E+00 9.307672E+04 9.167019E+04 1.756030E+04 1.807237E+04 1.708254E+02 0.000000E+00
5.870000E-01 6.038260E+04 9.490947E+03 9.334080E+04 1.035516E+02 8.969033E+01 0.000000E+00 -7.531041E+02 0.000000E+00 9.293925E+04 9.153349E+04 1.763836E+04 1.793807E+04 1.703341E+02 0.000000E+00
5.880000E-01 6.037349E+04 9.644226E+03 9.320189E+04 1.043029E+02 8.902229E+01 0.000000E+00 -7.495414E+02 0.000000E+00 9.280198E+04 9.139681E+04 1.771605E+04 1.780446E+04 1.698519E+02 0.000000E+00
5.890000E-01 6.036300E+04 9.794676E+03 9.306319E+04 1.050506E+02 8.835791E+01 0.000000E+00 -7.457862E+02 0.000000E+00 9.266491E+04 9.126017E+04 1.779342E+04 1.767158E+04 1.693795E+02 0.000000E+00
5.900000E-01 6.035115E+04 9.942525E+03 9.292472E+04 1.057944E+02 8.769739E+01 0.000000E+00 -7.418404E+02 0.000000E+00 9.252804E+04 9.112359E+04 1.787066E+04 1.753948E+04 1.689188E+02 0.000000E+00
5.910000E-01 6.033799E+04 1.008781E+04 9.278646E+04 1.065342E+02 8.704090E+01 0.000000E+00 -7.377060E+02 0.000000E+00 9.239137E+04 9.098708E+04 1.794778E+04 1.740818E+04 1.684696E+02 0.000000E+00
5.920000E-01 6.032354E+04 1.023059E+04 9.264842E+04 1.072698E+02 8.638864E+01 0.000000E+00 -7.333848E+02 0.000000E+00 9.225491E+04 9.085068E+04 1.802478E+04 1.727773E+04 1.680323E+02 0.000000E+00
5.930000E-01 6.030784E+04 1.037095E+04 9.251060E+04 1.080009E+02 8.574079E+01 0.000000E+00 -7.288787E+02 0.000000E+00 9.211864E+04 9.071441E+04 1.810175E+04 1.714816E+04 1.676074E+02 0.000000E+00
5.940000E-01 6.029092E+04 1.050901E+04 9.237300E+04 1.087275E+02 8.509754E+01 0.000000E+00 -7.241894E+02 0.000000E+00 9.198258E+04 9.057827E+04 1.817873E+04 1.701951E+04 1.671954E+02 0.000000E+00
5.950000E-01 6.027282E+04 1.064507E+04 9.223561E+04 1.094492E+02 8.445907E+01 0.000000E+00 -7.193188E+02 0.000000E+00 9.184671E+04 9.044230E+04 1.825601E+04 1.689181E+04 1.667989E+02 0.000000E+00
5.960000E-01 6.025357E+04 1.077901E+04 9.209844E+04 1.101660E+02 8.382556E+01 0.000000E+00 -7.142684E+02 0.000000E+00 9.171104E+04 9.030652E+04 1.833345E+04 1.676511E+04 1.664166E+02 0.000000E+00
5.970000E-01 6.023322E+04 1.091092E+04 9.196149E+04 1.108777E+02 8.319719E+01 0.000000E+00 -7.090400E+02 0.000000E+00 9.157557E+04 9.017093E+04 1.841110E+04 1.663944E+04 1.660487E+02 0.000000E+00
5.980000E-01 6.021181E+04 1.104088E+04 9.182475E+04 1.115841E+02 8.257414E+01 0.000000E+00 -7.036353E+02 0.000000E+00 9.144030E+04 9.003556E+04 1.848902E+04 1.651483E+04 1.656959E+02 0.000000E+00
5.990000E-01 6.018937E+04 1.116904E+04 9.168823E+04 1.122849E+02 8.195658E+01 0.000000E+00 -6.980558E+02 0.000000E+00 9.130523E+04 8.990043E+04 1.856732E+04 1.639132E+04 1.653590E+02 0.000000E+00
6.000000E-01 6.016594E+04 1.129558E+04 9.155192E+04 1.129801E+02 8.134469E+01 0.000000E+00 -6.923031E+02 0.000000E+00 9.117036E+04 8.976554E+04 1.864617E+04 1.626894E+04 1.650394E+02 0.000000E+00
6.010000E-01 6.014155E+04 1.142039E+04 9.141582E+04 1.136695E+02 8.073863E+01 0.000000E+00 -6.863789E+02 0.000000E+00 9.103569E+04 8.963092E+04 1.872542E+04 1.614773E+04 1.647357E+02 0.000000E+00
6.020000E-01 6.011626E+04 1.154353E+04 9.127994E+04 1.143528E+02 8.013859E+01 0.000000E+00 -6.802846E+02 0.000000E+00 9.090121E+04 8.949657E+04 1.880511E+04 1.602772E+04 1.644482E+02 0.000000E+00
6.030000E-01 6.009010E+04 1.166503E+04 9.114427E+04 1.150300E+02 7.954472E+01 0.000000E+00 -6.740218E+02 0.000000E+00 9.076693E+04 8.936250E+04 1.888527E+04 1.590894E+04 1.641770E+02 0.000000E+00
6.040000E-01 6.006309E+04 1.178512E+04 9.100881E+04 1.157008E+02 7.895720E+01 0.000000E+00 -6.675921E+02 0.000000E+00 9.063285E+04 8.922873E+04 1.896608E+04 1.579144E+04 1.639235E+02 0.000000E+00
6.050000E-01 6.003529E+04 1.190377E+04 9.087357E+04 1.163651E+02 7.837619E+01 0.000000E+00 -6.609971E+02 0.000000E+00 9.049897E+04 8.909526E+04 1.904750E+04 1.567524E+04 1.636874E+02 0.000000E+00
6.060000E-01 6.000671E+04 1.202090E+04 9.073853E+04 1.170227E+02 7.780186E+01 0.000000E+00 -6.542382E+02 0.000000E+00 9.036528E+04 8.896209E+04 1.912943E+04 1.556037E+04 1.634677E+02 0.000000E+00
6.070000E-01 5.997740E+04 1.213653E+04 9.060371E+04 1.176735E+02 7.723437E+01 0.000000E+00 -6.473172E+02 0.000000E+00 9.023179E+04 8.882924E+04 1.921187E+04 1.544687E+04 1.632642E+02 0.000000E+00
6.080000E-01 5.994738E+04 1.225067E+04 9.046910E+04 1.183173E+02 7.667388E+01 0.000000E+00 -6.402356E+02 0.000000E+00 9.009850E+04 8.869670E+04 1.929480E+04 1.533478E+04 1.630768E+02 0.000000E+00
6.090000E-01 5.991668E+04 1.236355E+04 9.033469E+04 1.189539E+02 7.612055E+01 0.000000E+00 -6.329952E+02 0.000000E+00 8.996541E+04 8.856447E+04 1.937845E+04 1.522411E+04 1.629072E+02 0.000000E+00
6.100000E-01 5.988532E+04 1.247498E+04 9.020050E+04 1.195833E+02 7.557454E+01 0.000000E+00 -6.255976E+02 0.000000E+00 8.983251E+04 8.843256E+04 1.946258E+04 1.511491E+04 1.627534E+02 0.000000E+00
6.110000E-01 5.985334E+04 1.258488E+04 9.006651E+04 1.202051E+02 7.503601E+01 0.000000E+00 -6.180446E+02 0.000000E+00 8.969981E+04 8.830096E+04 1.954711E+04 1.500720E+04 1.626147E+02 0.000000E+00
6.120000E-01 5.982075E+04 1.269325E+04 8.993274E+04 1.208193E+02 7.450510E+01 0.000000E+00 -6.103380E+02 0.000000E+00 8.956730E+04 8.816967E+04 1.963201E+04 1.490102E+04 1.624907E+02 0.000000E+00
6.130000E-01 5.978756E+04 1.280009E+04 8.979917E+04 1.214257E+02 7.398198E+01 0.000000E+00 -6.024798E+02 0.000000E+00 8.943499E+04 8.803868E+04 1.971726E+04 1.479640E+04 1.623813E+02 0.000000E+00
6.140000E-01 5.975379E+04 1.290552E+04 8.966581E+04 1.220242E+02 7.346679E+01 0.000000E+00 -5.944720E+02 0.000000E+00 8.930288E+04 8.790798E+04 1.980297E+04 1.469336E+04 1.622872E+02 0.000000E+00
6.150000E-01 5.971946E+04 1.300929E+04 8.953265E+04 1.226146E+02 7.295969E+01 0.000000E+00 -5.863166E+02 0.000000E+00 8.917097E+04 8.777757E+04 1.988884E+04 1.459194E+04 1.622061E+02 0.000000E+00
6.160000E-01 5.968458E+04 1.311134E+04 8.939971E+04 1.231968E+02 7.246081E+01 0.000000E+00 -5.780158E+02 0.000000E+00 8.903925E+04 8.764743E+04 1.997481E+04 1.449216E+04 1.621374E+02 0.000000E+00
6.170000E-01 5.964914E+04 1.321161E+04 8.926697E+04 1.237706E+02 7.197030E+01 0.000000E+00 -5.695720E+02 0.000000E+00 8.890772E+04 8.751755E+04 2.006078E+04 1.439406E+04 1.620803E+02 0.000000E+00
6.180000E-01 5.961315E+04 1.331012E+04 8.913443E+04 1.243359E+02 7.148831E+01 0.000000E+00 -5.609874E+02 0.000000E+00 8.877640E+04 8.738792E+04 2.014675E+04 1.429766E+04 1.620349E+02 0.000000E+00
6.190000E-01 5.957662E+04 1.340682E+04 8.900210E+04 1.248925E+02 7.101497E+01 0.000000E+00 -5.522647E+02 0.000000E+00 8.864526E+04 8.725853E+04 2.023263E+04 1.420299E+04 1.620003E+02 0.000000E+00
6.200000E-01 5.953953E+04 1.350150E+04 8.886998E+04 1.254404E+02 7.055043E+01 0.000000E+00 -5.434065E+02 0.000000E+00 8.851433E+04 8.712936E+04 2.031820E+04 1.411009E+04 1.619749E+02 0.000000E+00
6.210000E-01 5.950188E+04 1.359409E+04 8.873806E+04 1.259793E+02 7.009480E+01 0.000000E+00 -5.344154E+02 0.000000E+00 8.838358E+04 8.700039E+04 2.040334E+04 1.401896E+04 1.619579E+02 0.000000E+00
6.220000E-01 5.946367E+04 1.368450E+04 8.860634E+04 1.265092E+02 6.964824E+01 0.000000E+00 -5.252946E+02 0.000000E+00 8.825304E+04 8.687160E+04 2.048794E+04 1.392965E+04 1.619483E+02 0.000000E+00
6.230000E-01 5.942487E+04 1.377273E+04 8.847483E+04 1.270298E+02 6.921086E+01 0.000000E+00 -5.160469E+02 0.000000E+00 8.812268E+04 8.674298E+04 2.057196E+04 1.384217E+04 1.619459E+02 0.000000E+00
6.240000E-01 5.938548E+04 1.385860E+04 8.834352E+04 1.275412E+02 6.878279E+01 0.000000E+00 -5.066756E+02 0.000000E+00 8.799252E+04 8.661451E+04 2.065520E+04 1.375656E+04 1.619492E+02 0.000000E+00
6.250000E-01 5.934548E+04 1.394200E+04 8.821241E+04 1.280431E+02 6.836415E+01 0.000000E+00 -4.971840E+02 0.000000E+00 8.786255E+04 8.648616E+04 2.073749E+04 1.367283E+04 1.619570E+02 0.000000E+00
6.260000E-01 5.930483E+04 1.402282E+04 8.808151E+04 1.285355E+02 6.795506E+01 0.000000E+00 -4.875756E+02 0.000000E+00 8.773278E+04 8.635792E+04 2.081870E+04 1.359101E+04 1.619684E+02 0.000000E+00
6.270000E-01 5.926353E+04 1.410097E+04 8.795081E+04 1.290183E+02 6.755563E+01 0.000000E+00 -4.778541E+02 0.000000E+00 8.760320E+04 8.622977E+04 2.089869E+04 1.351113E+04 1.619824E+02 0.000000E+00
6.280000E-01 5.922154E+04 1.417637E+04 8.782031E+04 1.294912E+02 6.716598E+01 0.000000E+00 -4.680232E+02 0.000000E+00 8.747381E+04 8.610169E+04 2.097735E+04 1.343320E+04 1.619982E+02 0.000000E+00
6.290000E-01 5.917884E+04 1.424889E+04 8.769001E+04 1.299543E+02 6.678622E+01 0.000000E+00 -4.580869E+02 0.000000E+00 8.734461E+04 8.597365E+04 2.105448E+04 1.335724E+04 1.620145E+02 0.000000E+00
6.300000E-01 5.913540E+04 1.431842E+04 8.755991E+04 1.304074E+02 6.641644E+01 0.000000E+00 -4.480493E+02 0.000000E+00 8.721560E+04 8.584564E+04 2.112995E+04 1.328329E+04 1.620303E+02 0.000000E+00
6.310000E-01 5.909118E+04 1.438487E+04 8.743002E+04 1.308503E+02 6.605675E+01 0.000000E+00 -4.379145E+02 0.000000E+00 8.708678E+04 8.571764E+04 2.120362E+04 1.321135E+04 1.620448E+02 0.000000E+00
6.320000E-01 5.904616E+04 1.444815E+04 8.730032E+04 1.312831E+02 6.570725E+01 0.000000E+00 -4.276871E+02 0.000000E+00 8.695816E+04 8.558962E+04 2.127534E+04 1.314145E+04 1.620569E+02 0.000000E+00
6.330000E-01 5.900029E+04 1.450811E+04 8.717082E+04 1.317057E+02 6.536801E+01 0.000000E+00 -4.173714E+02 0.000000E+00 8.682972E+04 8.546158E+04 2.134493E+04 1.307360E+04 1.620653E+02 0.000000E+00
6.340000E-01 5.895355E+04 1.456472E+04 8.704152E+04 1.321179E+02 6.503913E+01 0.000000E+00 -4.069723E+02 0.000000E+00 8.670147E+04 8.533348E+04 2.141228E+04 1.300783E+04 1.620696E+02 0.000000E+00
6.350000E-01 5.890589E+04 1.461789E+04 8.691242E+04 1.325196E+02 6.472069E+01 0.000000E+00 -3.964944E+02 0.000000E+00 8.657341E+04 8.520532E+04 2.147729E+04 1.294414E+04 1.620688E+02 0.000000E+00
6.360000E-01 5.885729E+04 1.466757E+04 8.678352E+04 1.329108E+02 6.441277E+01 0.000000E+00 -3.859427E+02 0.000000E+00 8.644553E+04 8.507707E+04 2.153981E+04 1.288255E+04 1.620621E+02 0.000000E+00
6.370000E-01 5.880770E+04 1.471361E+04 8.665482E+04 1.332915E+02 6.411543E+01 0.000000E+00 -3.753222E+02 0.000000E+00 8.631784E+04 8.494872E+04 2.159966E+04 1.282309E+04 1.620484E+02 0.000000E+00
6.380000E-01 5.875709E+04 1.475594E+04 8.652631E+04 1.336615E+02 6.382874E+01 0.000000E+00 -3.646381E+02 0.000000E+00 8.619034E+04 8.482027E+04 2.165673E+04 1.276575E+04 1.620267E+02 0.000000E+00
6.390000E-01 5.870542E+04 1.479459E+04 8.639800E+04 1.340207E+02 6.355277E+01 0.000000E+00 -3.538956E+02 0.000000E+00 8.606302E+04 8.469169E+04 2.171096E+04 1.271055E+04 1.619970E+02 0.000000E+00
6.400000E-01 5.865266E+04 1.482951E+04 8.626989E+04 1.343692E+02 6.328757E+01 0.000000E+00 -3.431000E+02 0.000000E+00 8.593589E+04 8.456297E+04 2.176226E+04 1.265751E+04 1.619587E+02 0.000000E+00
6.410000E-01 5.859877E+04 1.486067E+04 8.614197E+04 1.347069E+02 6.303319E+01 0.000000E+00 -3.322569E+02 0.000000E+00 8.580894E+04 8.443411E+04 2.181055E+04 1.260664E+04 1.619112E+02 0.000000E+00
6.420000E-01 5.854372E+04 1.488788E+04 8.601425E+04 1.350337E+02 6.278967E+01 0.000000E+00 -3.213716E+02 0.000000E+00 8.568217E+04 8.430510E+04 2.185557E+04 1.255793E+04 1.618527E+02 0.000000E+00
6.430000E-01 5.848749E+04 1.491125E+04 8.588672E+04 1.353496E+02 6.255706E+01 0.000000E+00 -3.104498E+02 0.000000E+00 8.555558E+04 8.417593E+04 2.189738E+04 1.251141E+04 1.617838E+02 0.000000E+00
6.440000E-01 5.843003E+04 1.493082E+04 8.575939E+04 1.356546E+02 6.233538E+01 0.000000E+00 -2.994970E+02 0.000000E+00 8.542918E+04 8.404660E+04 2.193595E+04 1.246708E+04 1.617044E+02 0.000000E+00
6.450000E-01 5.837133E+04 1.494658E+04 8.563226E+04 1.359486E+02 6.212467E+01 0.000000E+00 -2.885189E+02 0.000000E+00 8.530296E+04 8.391711E+04 2.197123E+04 1.242493E+04 1.616142E+02 0.000000E+00
6.460000E-01 5.831135E+04 1.495853E+04 8.550531E+04 1.362316E+02 6.192495E+01 0.000000E+00 -2.775211E+02 0.000000E+00 8.517691E+04 8.378746E+04 2.200315E+04 1.238499E+04 1.615128E+02 0.000000E+00
6.470000E-01 5.825008E+04 1.496653E+04 8.537856E+04 1.365037E+02 6.173623E+01 0.000000E+00 -2.665094E+02 0.000000E+00 8.505105E+04 8.365764E+04 2.203152E+04 1.234725E+04 1.613987E+02 0.000000E+00
6.480000E-01 5.818750E+04 1.497082E+04 8.525201E+04 1.367647E+02 6.155853E+01 0.000000E+00 -2.554893E+02 0.000000E+00 8.492536E+04 8.352766E+04 2.205650E+04 1.231171E+04 1.612734E+02 0.000000E+00
6.490000E-01 5.812359E+04 1.497143E+04 8.512564E+04 1.370146E+02 6.139186E+01 0.000000E+00 -2.444667E+02 0.000000E+00 8.479985E+04 8.339754E+04 2.207810E+04 1.227837E+04 1.611368E+02 0.000000E+00
6.500000E-01 5.805833E+04 1.496845E+04 8.499947E+04 1.372536E+02 6.123620E+01 0.000000E+00 -2.334470E+02 0.000000E+00 8.467451E+04 8.326726E+04 2.209633E+04 1.224724E+04 1.609891E+02 0.000000E+00
6.510000E-01 5.799173E+04 1.496183E+04 8.487349E+04 1.374815E+02 6.109156E+01 0.000000E+00 -2.224359E+02 0.000000E+00 8.454935E+04 8.313686E+04 2.211110E+04 1.221831E+04 1.608296E+02 0.000000E+00
6.520000E-01 5.792376E+04 1.495164E+04 8.474770E+04 1.376985E+02 6.095792E+01 0.000000E+00 -2.114390E+02 0.000000E+00 8.442437E+04 8.300633E+04 2.212241E+04 1.219158E+04 1.606584E+02 0.000000E+00
6.530000E-01 5.785444E+04 1.493809E+04 8.462210E+04 1.379044E+02 6.083528E+01 0.000000E+00 -2.004617E+02 0.000000E+00 8.429956E+04 8.287569E+04 2.213045E+04 1.216705E+04 1.604767E+02 0.000000E+00
6.540000E-01 5.778376E+04 1.492130E+04 8.449669E+04 1.380994E+02 6.072359E+01 0.000000E+00 -1.895093E+02 0.000000E+00 8.417493E+04 8.274496E+04 2.213525E+04 1.214472E+04 1.602849E+02 0.000000E+00
6.550000E-01 5.771172E+04 1.490136E+04 8.437147E+04 1.382834E+02 6.062285E+01 0.000000E+00 -1.785872E+02 0.000000E+00 8.405047E+04 8.261416E+04 2.213689E+04 1.212457E+04 1.600834E+02 0.000000E+00
6.560000E-01 5.763834E+04 1.487828E+04 8.424644E+04 1.384566E+02 6.053301E+01 0.000000E+00 -1.677006E+02 0.000000E+00 8.392618E+04 8.248329E+04 2.213531E+04 1.210660E+04 1.598718E+02 0.000000E+00
6.570000E-01 5.756364E+04 1.485228E+04 8.412160E+04 1.386189E+02 6.045403E+01 0.000000E+00 -1.568545E+02 0.000000E+00 8.380206E+04 8.235239E+04 2.213069E+04 1.209081E+04 1.596514E+02 0.000000E+00
6.580000E-01 5.748762E+04 1.482354E+04 8.399695E+04 1.387703E+02 6.038588E+01 0.000000E+00 -1.460539E+02 0.000000E+00 8.367811E+04 8.222148E+04 2.212318E+04 1.207718E+04 1.594230E+02 0.000000E+00
6.590000E-01 5.741031E+04 1.479222E+04 8.387248E+04 1.389110E+02 6.032851E+01 0.000000E+00 -1.353035E+02 0.000000E+00 8.355434E+04 8.209057E+04 2.211289E+04 1.206570E+04 1.591874E+02 0.000000E+00
6.600000E-01 5.733174E+04 1.475845E+04 8.374820E+04 1.390409E+02 6.028186E+01 0.000000E+00 -1.246080E+02 0.000000E+00 8.343073E+04 8.195970E+04 2.209992E+04 1.205637E+04 1.589454E+02 0.000000E+00
6.610000E-01 5.725194E+04 1.472231E+04 8.362411E+04 1.391602E+02 6.024587E+01 0.000000E+00 -1.139718E+02 0.000000E+00 8.330730E+04 8.182889E+04 2.208431E+04 1.204917E+04 1.586970E+02 0.000000E+00
6.620000E-01 5.717094E+04 1.468408E+04 8.350021E+04 1.392689E+02 6.022049E+01 0.000000E+00 -1.033994E+02 0.000000E+00 8.318403E+04 8.169817E+04 2.206632E+04 1.204410E+04 1.584440E+02 0.000000E+00
6.630000E-01 5.708878E+04 1.464393E+04 8.337649E+04 1.393670E+02 6.020565E+01 0.000000E+00 -9.289474E+01 0.000000E+00 8.306094E+04 8.156756E+04 2.204608E+04 1.204113E+04 1.581872E+02 0.000000E+00
6.640000E-01 5.700551E+04 1.460203E+04 8.325295E+04 1.394547E+02 6.020128E+01 0.000000E+00 -8.246182E+01 0.000000E+00 8.293801E+04 8.143709E+04 2.202374E+04 1.204026E+04 1.579275E+02 0.000000E+00
6.650000E-01 5.692116E+04 1.455856E+04 8.312960E+04 1.395320E+02 6.020730E+01 0.000000E+00 -7.210437E+01 0.000000E+00 8.281525E+04 8.130680E+04 2.199945E+04 1.204146E+04 1.576660E+02 0.000000E+00
6.660000E-01 5.683579E+04 1.451370E+04 8.300643E+04 1.395990E+02 6.022364E+01 0.000000E+00 -6.182595E+01 0.000000E+00 8.269266E+04 8.117671E+04 2.197338E+04 1.204473E+04 1.574036E+02 0.000000E+00
6.670000E-01 5.674944E+04 1.446767E+04 8.288345E+04 1.396557E+02 6.025022E+01 0.000000E+00 -5.162989E+01 0.000000E+00 8.257024E+04 8.104686E+04 2.194572E+04 1.205004E+04 1.571417E+02 0.000000E+00
6.680000E-01 5.666219E+04 1.442063E+04 8.276065E+04 1.397022E+02 6.028695E+01 0.000000E+00 -4.151931E+01 0.000000E+00 8.244799E+04 8.091726E+04 2.191664E+04 1.205739E+04 1.568811E+02 0.000000E+00
6.690000E-01 5.657407E+04 1.437278E+04 8.263804E+04 1.397387E+02 6.033375E+01 0.000000E+00 -3.149714E+01 0.000000E+00 8.232591E+04 8.078796E+04 2.188630E+04 1.206675E+04 1.566230E+02 0.000000E+00
6.700000E-01 5.648516E+04 1.432433E+04 8.251560E+04 1.397653E+02 6.039053E+01 0.000000E+00 -2.156608E+01 0.000000E+00 8.220399E+04 8.065898E+04 2.185493E+04 1.207811E+04 1.563688E+02 0.000000E+00
6.710000E-01 5.639552E+04 1.427550E+04 8.239335E+04 1.397819E+02 6.045719E+01 0.000000E+00 -1.172861E+01 0.000000E+00 8.208224E+04 8.053035E+04 2.182271E+04 1.209144E+04 1.561197E+02 0.000000E+00
6.720000E-01 5.630521E+04 1.422641E+04 8.227128E+04 1.397888E+02 6.053364E+01 0.000000E+00 -1.986994E+00 0.000000E+00 8.196066E+04 8.040210E+04 2.178979E+04 1.210673E+04 1.558766E+02 0.000000E+00
6.730000E-01 5.621430E+04 1.417771E+04 8.214939E+04 1.397890E+02 6.061674E+01 0.000000E+00 3.547691E-06 0.000000E+00 8.183925E+04 8.027427E+04 2.175681E+04 1.212335E+04 1.556404E+02 0.000000E+00
6.740000E-01 5.612290E+04 1.413053E+04 8.202769E+04 1.397890E+02 6.070004E+01 0.000000E+00 1.610664E-10 0.000000E+00 8.171800E+04 8.014690E+04 2.172491E+04 1.214001E+04 1.554122E+02 0.000000E+00
6.750000E-01 5.603111E+04 1.408520E+04 8.190616E+04 1.397890E+02 6.078334E+01 0.000000E+00 7.312469E-15 0.000000E+00 8.159693E+04 8.002005E+04 2.169446E+04 1.215667E+04 1.551944E+02 0.000000E+00
6.760000E-01 5.593905E+04 1.404171E+04 8.178481E+04 1.397890E+02 6.086664E+01 0.000000E+00 3.319886E-19 0.000000E+00 8.147602E+04 7.989380E+04 2.166548E+04 1.217333E+04 1.549871E+02 0.000000E+00
6.770000E-01 5.584682E+04 1.400014E+04 8.166364E+04 1.397890E+02 6.094994E+01 0.000000E+00 1.507239E-23 0.000000E+00 8.135528E+04 7.976817E+04 2.163808E+04 1.218999E+04 1.547911E+02 0.000000E+00
6.780000E-01 5.575454E+04 1.396059E+04 8.154265E+04 1.397890E+02 6.103324E+01 0.000000E+00 6.842918E-28 0.000000E+00 8.123471E+04 7.964320E+04 2.161239E+04 1.220665E+04 1.546073E+02 0.000000E+00
6.790000E-01 5.566229E+04 1.392319E+04 8.142184E+04 1.397890E+02 6.111654E+01 0.000000E+00 3.106708E-32 0.000000E+00 8.111432E+04 7.951894E+04 2.158858E+04 1.222331E+04 1.544369E+02 0.000000E+00
6.800000E-01 5.557018E+04 1.388825E+04 8.130121E+04 1.397890E+02 6.119984E+01 0.000000E+00 1.410456E-36 0.000000E+00 8.099409E+04 7.939541E+04 2.156699E+04 1.223997E+04 1.542825E+02 0.000000E+00
6.810000E-01 5.547831E+04 1.385561E+04 8.118076E+04 1.397890E+02 6.128314E+01 0.000000E+00 6.403519E-41 0.000000E+00 8.087403E+04 7.927264E+04 2.154750E+04 1.225663E+04 1.541431E+02 0.000000E+00
6.820000E-01 5.538675E+04 1.382533E+04 8.106048E+04 1.397890E+02 6.136644E+01 0.000000E+00 2.907220E-45 0.000000E+00 8.075415E+04 7.915064E+04 2.153022E+04 1.227329E+04 1.540195E+02 0.000000E+00
6.830000E-01 5.529561E+04 1.379748E+04 8.094038E+04 1.397890E+02 6.144974E+01 0.000000E+00 1.319888E-49 0.000000E+00 8.063444E+04 7.902942E+04 2.151524E+04 1.228995E+04 1.539123E+02 0.000000E+00
6.840000E-01 5.520495E+04 1.377227E+04 8.082046E+04 1.397890E+02 6.153304E+01 0.000000E+00 5.992335E-54 0.000000E+00 8.051490E+04 7.890900E+04 2.150282E+04 1.230661E+04 1.538234E+02 0.000000E+00
6.850000E-01 5.511487E+04 1.374979E+04 8.070071E+04 1.397890E+02 6.161634E+01 0.000000E+00 2.720540E-58 0.000000E+00 8.039553E+04 7.878938E+04 2.149309E+04 1.232327E+04 1.537538E+02 0.000000E+00
6.860000E-01 5.502542E+04 1.372989E+04 8.058115E+04 1.397890E+02 6.169964E+01 0.000000E+00 1.235135E-62 0.000000E+00 8.027634E+04 7.867057E+04 2.148592E+04 1.233993E+04 1.537025E+02 0.000000E+00
6.870000E-01 5.493669E+04 1.371256E+04 8.046175E+04 1.397890E+02 6.178294E+01 0.000000E+00 5.607553E-67 0.000000E+00 8.015733E+04 7.855256E+04 2.148137E+04 1.235659E+04 1.536700E+02 0.000000E+00
6.880000E-01 5.484872E+04 1.369782E+04 8.034254E+04 1.397890E+02 6.186624E+01 0.000000E+00 2.545848E-71 0.000000E+00 8.003849E+04 7.843534E+04 2.147949E+04 1.237325E+04 1.536566E+02 0.000000E+00
6.890000E-01 5.476158E+04 1.368597E+04 8.022350E+04 1.397890E+02 6.194954E+01 0.000000E+00 1.155824E-75 0.000000E+00 7.991983E+04 7.831892E+04 2.148062E+04 1.238991E+04 1.536646E+02 0.000000E+00
6.900000E-01 5.467533E+04 1.367681E+04 8.010463E+04 1.397890E+02 6.203284E+01 0.000000E+00 5.247479E-80 0.000000E+00 7.980134E+04 7.820328E+04 2.148460E+04 1.240657E+04 1.536931E+02 0.000000E+00
6.910000E-01 5.459000E+04 1.367021E+04 7.998594E+04 1.397890E+02 6.211614E+01 0.000000E+00 2.382374E-84 0.000000E+00 7.968303E+04 7.808840E+04 2.149134E+04 1.242323E+04 1.537413E+02 0.000000E+00
6.920000E-01 5.450565E+04 1.366612E+04 7.986742E+04 1.397890E+02 6.219944E+01 0.000000E+00 1.081606E-88 0.000000E+00 7.956490E+04 7.797428E+04 2.150083E+04 1.243989E+04 1.538092E+02 0.000000E+00
6.930000E-01 5.442231E+04 1.366452E+04 7.974908E+04 1.397890E+02 6.228274E+01 0.000000E+00 4.910527E-93 0.000000E+00 7.944695E+04 7.786088E+04 2.151308E+04 1.245655E+04 1.538968E+02 0.000000E+00
6.940000E-01 5.434000E+04 1.366573E+04 7.963092E+04 1.397890E+02 6.236604E+01 0.000000E+00 2.229396E-97 0.000000E+00 7.932917E+04 7.774820E+04 2.152845E+04 1.247321E+04 1.540068E+02 0.000000E+00
6.950000E-01 5.425877E+04 1.366927E+04 7.951293E+04 1.397890E+02 6.244934E+01 0.000000E+00 0.000000E+00 0.000000E+00 7.921158E+04 7.763620E+04 2.154652E+04 1.248987E+04 1.541361E+02 0.000000E+00
6.960000E-01 5.417862E+04 1.367507E+04 7.939511E+04 1.397890E+02 6.253264E+01 0.000000E+00 0.000000E+00 0.000000E+00 7.909416E+04 7.752487E+04 2.156722E+04 1.250653E+04 1.542842E+02 0.000000E+00
6.970000E-01 5.409957E+04 1.368303E+04 7.927747E+04 1.397890E+02 6.261594E+01 0.000000E+00 0.000000E+00 0.000000E+00 7.897693E+04 7.741417E+04 2.159051E+04 1.252319E+04 1.544507E+02 0.000000E+00
6.980000E-01 5.402163E+04 1.369316E+04 7.916000E+04 1.397890E+02 6.269924E+01 0.000000E+00 0.000000E+00 0.000000E+00 7.885987E+04 7.730408E+04 2.161641E+04 1.253985E+04 1.546360E+02 0.000000E+00
6.990000E-01 5.394480E+04 1.370548E+04 7.904270E+04 1.397890E+02 6.278254E+01 0.000000E+00 0.000000E+00 0.000000E+00 7.874300E+04 7.719457E+04 2.164498E+04 1.255651E+04 1.548404E+02 0.000000E+00
7.000000E-01 5.386909E+04 1.371961E+04 7.892558E+04 1.397890E+02 6.286584E+01 0.000000E+00 0.000000E+00 0.000000E+00 7.862630E+04 7.708561E+04 2.167587E+04 1.257317E+04 1.550614E+02 0.000000E+00
7.010000E-01 5.379448E+04 1.373541E+04 7.880863E+04 1.397890E+02 6.294914E+01 0.000000E+00 0.000000E+00 0.000000E+00 7.850979E+04 7.697715E+04 2.170896E+04 1.258983E+04 1.552981E+02 0.000000E+00
7.020000E-01 5.372096E+04 1.375274E+04 7.869186E+04 1.397890E+02 6.303244E+01 0.000000E+00 0.000000E+00 0.000000E+00 7.839346E+04 7.686918E+04 2.174415E+04 1.260649E+04 1.555498E+02 0.000000E+00
7.030000E-01 5.364852E+04 1.377162E+04 7.857525E+04 1.397890E+02 6.311574E+01 0.000000E+00 0.000000E+00 0.000000E+00 7.827731E+04 7.676164E+04 2.178145E+04 1.262315E+04 1.558167E+02 0.000000E+00
7.040000E-01 5.357713E+04 1.379182E+04 7.845882E+04 1.397890E+02 6.319904E+01 0.000000E+00 0.000000E+00 0.000000E+00 7.816134E+04 7.665452E+04 2.182066E+04 1.263981E+04 1.560972E+02 0.000000E+00
7.050000E-01 5.350676E+04 1.381305E+04 7.834257E+04 1.397890E+02 6.328234E+01 0.000000E+00 0.000000E+00 0.000000E+00 7.804555E+04 7.654776E+04 2.186151E+04 1.265647E+04 1.563894E+02 0.000000E+00
7.060000E-01 5.343738E+04 1.383514E+04 7.822648E+04 1.397890E+02 6.336564E+01 0.000000E+00 0.000000E+00 0.000000E+00 7.792995E+04 7.644133E+04 2.190385E+04 1.267313E+04 1.566923E+02 0.000000E+00
7.070000E-01 5.336895E+04 1.385792E+04 7.811057E+04 1.397890E+02 6.344894E+01 0.000000E+00 0.000000E+00 0.000000E+00 7.781452E+04 7.633519E+04 2.194750E+04 1.268979E+04 1.570046E+02 0.000000E+00
7.080000E-01 5.330143E+04 1.388132E+04 7.799483E+04 1.397890E+02 6.353224E+01 0.000000E+00 0.000000E+00 0.000000E+00 7.769928E+04 7.622930E+04 2.199242E+04 1.270645E+04 1.573259E+02 0.000000E+00
7.090000E-01 5.323477E+04 1.390503E+04 7.787927E+04 1.397890E+02 6.361554E+01 0.000000E+00 0.000000E+00 0.000000E+00 7.758422E+04 7.612363E+04 2.203828E+04 1.272311E+04 1.576539E+02 0.000000E+00
7.100000E-01 5.316892E+04 1.392882E+04 7.776387E+04 1.397890E+02 6.369884E+01 0.000000E+00 0.000000E+00 0.000000E+00 7.746933E+04 7.601813E+04 2.208487E+04 1.273977E+04 1.579872E+02 0.000000E+00
7.110000E-01 5.310383E+04 1.395250E+04 7.764865E+04 1.397890E+02 6.378214E+01 0.000000E+00 0.000000E+00 0.000000E+00 7.735463E+04 7.591276E+04 2.213198E+04 1.275643E+04 1.583243E+02 0.000000E+00
7.120000E-01 5.303942E+04 1.397589E+04 7.753360E+04 1.397890E+02 6.386544E+01 0.000000E+00 0.000000E+00 0.000000E+00 7.724011E+04 7.580749E+04 2.217943E+04 1.277309E+04 1.586637E+02 0.000000E+00
7.130000E-01 5.297565E+04 1.399876E+04 7.741872E+04 1.397890E+02 6.394874E+01 0.000000E+00 0.000000E+00 0.000000E+00 7.712576E+04 7.570227E+04 2.222700E+04 1.278975E+04 1.590040E+02 0.000000E+00
7.140000E-01 5.291245E+04 1.402090E+04 7.730401E+04 1.397890E+02 6.403204E+01 0.000000E+00 0.000000E+00 0.000000E+00 7.701159E+04 7.559707E+04 2.227443E+04 1.280641E+04 1.593433E+02 0.000000E+00
7.150000E-01 5.284974E+04 1.404209E+04 7.718948E+04 1.397890E+02 6.411534E+01 0.000000E+00 0.000000E+00 0.000000E+00 7.689761E+04 7.549184E+04 2.232152E+04 1.282307E+04 1.596801E+02 0.000000E+00
7.160000E-01 5.278745E+04 1.406216E+04 7.707511E+04 1.397890E+02 6.419864E+01 0.000000E+00 0.000000E+00 0.000000E+00 7.678380E+04 7.538656E+04 2.236805E+04 1.283973E+04 1.600130E+02 0.000000E+00
7.170000E-01 5.272551E+04 1.408083E+04 7.696092E+04 1.397890E+02 6.428194E+01 0.000000E+00 0.000000E+00 0.000000E+00 7.667016E+04 7.528118E+04 2.241375E+04 1.285639E+04 1.603399E+02 0.000000E+00
7.180000E-01 5.266384E+04 1.409788E+04 7.684690E+04 1.397890E+02 6.436524E+01 0.000000E+00 0.000000E+00 0.000000E+00 7.655670E+04 7.517568E+04 2.245835E+04 1.287305E+04 1.606590E+02 0.000000E+00
7.190000E-01 5.260237E+04 1.411317E+04 7.673304E+04 1.397890E+02 6.444854E+01 0.000000E+00 0.000000E+00 0.000000E+00 7.644342E+04 7.507000E+04 2.250169E+04 1.288971E+04 1.609690E+02 0.000000E+00
7.200000E-01 5.254101E+04 1.412653E+04 7.661936E+04 1.397890E+02 6.453184E+01 0.000000E+00 0.000000E+00 0.000000E+00 7.633031E+04 7.496413E+04 2.254358E+04 1.290637E+04 1.612686E+02 0.000000E+00
7.210000E-01 5.247969E+04 1.413779E+04 7.650585E+04 1.397890E+02 6.461514E+01 0.000000E+00 0.000000E+00 0.000000E+00 7.621738E+04 7.485803E+04 2.258379E+04 1.292303E+04 1.615563E+02 0.000000E+00
7.220000E-01 5.241832E+04 1.414655E+04 7.639251E+04 1.397890E+02 6.469844E+01 0.000000E+00 0.000000E+00 0.000000E+00 7.610462E+04 7.475168E+04 2.262190E+04 1.293969E+04 1.618290E+02 0.000000E+00
7.230000E-01 5.235681E+04 1.415275E+04 7.627934E+04 1.397890E+02 6.478174E+01 0.000000E+00 0.000000E+00 0.000000E+00 7.599203E+04 7.464503E+04 2.265781E+04 1.295635E+04 1.620858E+02 0.000000E+00
7.240000E-01 5.229509E+04 1.415630E+04 7.616634E+04 1.397890E+02 6.486504E+01 0.000000E+00 0.000000E+00 0.000000E+00 7.587961E+04 7.453808E+04 2.269139E+04 1.297301E+04 1.623261E+02 0.000000E+00
7.250000E-01 5.223307E+04 1.415707E+04 7.605351E+04 1.397890E+02 6.494834E+01 0.000000E+00 0.000000E+00 0.000000E+00 7.576736E+04 7.443079E+04 2.272246E+04 1.298967E+04 1.625483E+02 0.000000E+00
7.260000E-01 5.217068E+04 1.415491E+04 7.594084E+04 1.397890E+02 6.503164E+01 0.000000E+00 0.000000E+00 0.000000E+00 7.565528E+04 7.432314E+04 2.275083E+04 1.300633E+04 1.627513E+02 0.000000E+00
7.270000E-01 5.210783E+04 1.414925E+04 7.582835E+04 1.397890E+02 6.511494E+01 0.000000E+00 0.000000E+00 0.000000E+00 7.554337E+04 7.421511E+04 2.277588E+04 1.302299E+04 1.629305E+02 0.000000E+00
7.280000E-01 5.204444E+04 1.414039E+04 7.571602E+04 1.397890E+02 6.519824E+01 0.000000E+00 0.000000E+00 0.000000E+00 7.543163E+04 7.410668E+04 2.279784E+04 1.303965E+04 1.630876E+02 0.000000E+00
7.290000E-01 5.198044E+04 1.412821E+04 7.560387E+04 1.397890E+02 6.528154E+01 0.000000E+00 0.000000E+00 0.000000E+00 7.532005E+04 7.399784E+04 2.281657E+04 1.305631E+04 1.632215E+02 0.000000E+00
7.300000E-01 5.191575E+04 1.411263E+04 7.549188E+04 1.397890E+02 6.536484E+01 0.000000E+00 0.000000E+00 0.000000E+00 7.520863E+04 7.388858E+04 2.283191E+04 1.307297E+04 1.633313E+02 0.000000E+00
7.310000E-01 5.185030E+04 1.409341E+04 7.538006E+04 1.397890E+02 6.544814E+01 0.000000E+00 0.000000E+00 0.000000E+00 7.509738E+04 7.377888E+04 2.284356E+04 1.308963E+04 1.634146E+02 0.000000E+00
7.320000E-01 5.178401E+04 1.407021E+04 7.526840E+04 1.397890E+02 6.553144E+01 0.000000E+00 0.000000E+00 0.000000E+00 7.498630E+04 7.366874E+04 2.285116E+04 1.310629E+04 1.634690E+02 0.000000E+00
7.330000E-01 5.171682E+04 1.404337E+04 7.515692E+04 1.397890E+02 6.561474E+01 0.000000E+00 0.000000E+00 0.000000E+00 7.487537E+04 7.355815E+04 2.285496E+04 1.312295E+04 1.634962E+02 0.000000E+00
7.340000E-01 5.164866E+04 1.401284E+04 7.504560E+04 1.397890E+02 6.569804E+01 0.000000E+00 0.000000E+00 0.000000E+00 7.476460E+04 7.344711E+04 2.285487E+04 1.313961E+04 1.634955E+02 0.000000E+00
7.350000E-01 5.157948E+04 1.397859E+04 7.493445E+04 1.397890E+02 6.578134E+01 0.000000E+00 0.000000E+00 0.000000E+00 7.465400E+04 7.333561E+04 2.285079E+04 1.315627E+04 1.634663E+02 0.000000E+00
7.360000E-01 5.150922E+04 1.394026E+04 7.482346E+04 1.397890E+02 6.586464E+01 0.000000E+00 0.000000E+00 0.000000E+00 7.454355E+04 7.322367E+04 2.284230E+04 1.317293E+04 1.634056E+02 0.000000E+00
7.370000E-01 5.143782E+04 1.389791E+04 7.471264E+04 1.397890E+02 6.594794E+01 0.000000E+00 0.000000E+00 0.000000E+00 7.443325E+04 7.311128E+04 2.282941E+04 1.318959E+04 1.633134E+02 0.000000E+00
7.380000E-01 5.136524E+04 1.385182E+04 7.460198E+04 1.397890E+02 6.603124E+01 0.000000E+00 0.000000E+00 0.000000E+00 7.432312E+04 7.299845E+04 2.281234E+04 1.320625E+04 1.631913E+02 0.000000E+00
7.390000E-01 5.129143E+04 1.380201E+04 7.449149E+04 1.397890E+02 6.611454E+01 0.000000E+00 0.000000E+00 0.000000E+00 7.421314E+04 7.288520E+04 2.279104E+04 1.322291E+04 1.630389E+02 0.000000E+00
7.400000E-01 5.121636E+04 1.374853E+04 7.438117E+04 1.397890E+02 6.619784E+01 0.000000E+00 0.000000E+00 0.000000E+00 7.410331E+04 7.277153E+04 2.276552E+04 1.323957E+04 1.628563E+02 0.000000E+00
7.410000E-01 5.113999E+04 1.369088E+04 7.427101E+04 1.397890E+02 6.628114E+01 0.000000E+00 0.000000E+00 0.000000E+00 7.399364E+04 7.265746E+04 2.273520E+04 1.325623E+04 1.626395E+02 0.000000E+00
7.420000E-01 5.106229E+04 1.362958E+04 7.416101E+04 1.397890E+02 6.636444E+01 0.000000E+00 0.000000E+00 0.000000E+00 7.388411E+04 7.254301E+04 2.270057E+04 1.327289E+04 1.623918E+02 0.000000E+00
7.430000E-01 5.098324E+04 1.356481E+04 7.405118E+04 1.397890E+02 6.644774E+01 0.000000E+00 0.000000E+00 0.000000E+00 7.377474E+04 7.242820E+04 2.266174E+04 1.328955E+04 1.621140E+02 0.000000E+00
7.440000E-01 5.090282E+04 1.349665E+04 7.394151E+04 1.397890E+02 6.653104E+01 0.000000E+00 0.000000E+00 0.000000E+00 7.366552E+04 7.231305E+04 2.261875E+04 1.330621E+04 1.618064E+02 0.000000E+00
7.450000E-01 5.082103E+04 1.342513E+04 7.383200E+04 1.397890E+02 6.661434E+01 0.000000E+00 0.000000E+00 0.000000E+00 7.355645E+04 7.219758E+04 2.257157E+04 1.332287E+04 1.614689E+02 0.000000E+00
7.460000E-01 5.073784E+04 1.334995E+04 7.372266E+04 1.397890E+02 6.669764E+01 0.000000E+00 0.000000E+00 0.000000E+00 7.344752E+04 7.208183E+04 2.251984E+04 1.333953E+04 1.610989E+02 0.000000E+00
7.470000E-01 5.065328E+04 1.327176E+04 7.361348E+04 1.397890E+02 6.678094E+01 0.000000E+00 0.000000E+00 0.000000E+00 7.333874E+04 7.196581E+04 2.246418E+04 1.335619E+04 1.607007E+02 0.000000E+00
7.480000E-01 5.056733E+04 1.319071E+04 7.350446E+04 1.397890E+02 6.686424E+01 0.000000E+00 0.000000E+00 0.000000E+00 7.323011E+04 7.184957E+04 2.240469E+04 1.337285E+04 1.602751E+02 0.000000E+00
7.490000E-01 5.048001E+04 1.310694E+04 7.339560E+04 1.397890E+02 6.694754E+01 0.000000E+00 0.000000E+00 0.000000E+00 7.312163E+04 7.173314E+04 2.234148E+04 1.338951E+04 1.598229E+02 0.000000E+00
7.500000E-01 5.039134E+04 1.302041E+04 7.328690E+04 1.397890E+02 6.703084E+01 0.000000E+00 0.000000E+00 0.000000E+00 7.301329E+04 7.161654E+04 2.227445E+04 1.340617E+04 1.593434E+02 0.000000E+00
7.510000E-01 5.030134E+04 1.293125E+04 7.317836E+04 1.397890E+02 6.711414E+01 0.000000E+00 0.000000E+00 0.000000E+00 7.290510E+04 7.149981E+04 2.220369E+04 1.342283E+04 1.588372E+02 0.000000E+00
7.520000E-01 5.021003E+04 1.283993E+04 7.306998E+04 1.397890E+02 6.719744E+01 0.000000E+00 0.000000E+00 0.000000E+00 7.279705E+04 7.138300E+04 2.212966E+04 1.343949E+04 1.583077E+02 0.000000E+00
7.530000E-01 5.011746E+04 1.274667E+04 7.296176E+04 1.397890E+02 6.728074E+01 0.000000E+00 0.000000E+00 0.000000E+00 7.268914E+04 7.126614E+04 2.205253E+04 1.345615E+04 1.577559E+02 0.000000E+00
7.540000E-01 5.002367E+04 1.265164E+04 7.285370E+04 1.397890E+02 6.736404E+01 0.000000E+00 0.000000E+00 0.000000E+00 7.258138E+04 7.114927E+04 2.197246E+04 1.347281E+04 1.571831E+02 0.000000E+00
7.550000E-01 4.992869E+04 1.255480E+04 7.274580E+04 1.397890E+02 6.744734E+01 0.000000E+00 0.000000E+00 0.000000E+00 7.247376E+04 7.103242E+04 2.188938E+04 1.348947E+04 1.565887E+02 0.000000E+00
7.560000E-01 4.983258E+04 1.245656E+04 7.263806E+04 1.397890E+02 6.753064E+01 0.000000E+00 0.000000E+00 0.000000E+00 7.236628E+04 7.091565E+04 2.180367E+04 1.350613E+04 1.559756E+02 0.000000E+00
7.570000E-01 4.973539E+04 1.235726E+04 7.253047E+04 1.397890E+02 6.761394E+01 0.000000E+00 0.000000E+00 0.000000E+00 7.225895E+04 7.079900E+04 2.171567E+04 1.352279E+04 1.553461E+02 0.000000E+00
7.580000E-01 4.963719E+04 1.225713E+04 7.242304E+04 1.397890E+02 6.769724E+01 0.000000E+00 0.000000E+00 0.000000E+00 7.215175E+04 7.068250E+04 2.162558E+04 1.353945E+04 1.547017E+02 0.000000E+00
7.590000E-01 4.953803E+04 1.215640E+04 7.231577E+04 1.397890E+02 6.778054E+01 0.000000E+00 0.000000E+00 0.000000E+00 7.204470E+04 7.056619E+04 2.153363E+04 1.355611E+04 1.540439E+02 0.000000E+00
7.600000E-01 4.943800E+04 1.205508E+04 7.220866E+04 1.397890E+02 6.786384E+01 0.000000E+00 0.000000E+00 0.000000E+00 7.193780E+04 7.045014E+04 2.143984E+04 1.357277E+04 1.533729E+02 0.000000E+00
7.610000E-01 4.933716E+04 1.195369E+04 7.210170E+04 1.397890E+02 6.794714E+01 0.000000E+00 0.000000E+00 0.000000E+00 7.183103E+04 7.033436E+04 2.134469E+04 1.358943E+04 1.526923E+02 0.000000E+00
7.620000E-01 4.923558E+04 1.185245E+04 7.199489E+04 1.397890E+02 6.803044E+01 0.000000E+00 0.000000E+00 0.000000E+00 7.172440E+04 7.021891E+04 2.124845E+04 1.360609E+04 1.520038E+02 0.000000E+00
7.630000E-01 4.913336E+04 1.175161E+04 7.188824E+04 1.397890E+02 6.811374E+01 0.000000E+00 0.000000E+00 0.000000E+00 7.161792E+04 7.010383E+04 2.115134E+04 1.362275E+04 1.513091E+02 0.000000E+00
7.640000E-01 4.903058E+04 1.165139E+04 7.178175E+04 1.397890E+02 6.819704E+01 0.000000E+00 0.000000E+00 0.000000E+00 7.151158E+04 6.998916E+04 2.105361E+04 1.363941E+04 1.506100E+02 0.000000E+00
7.650000E-01 4.892732E+04 1.155204E+04 7.167541E+04 1.397890E+02 6.828034E+01 0.000000E+00 0.000000E+00 0.000000E+00 7.140538E+04 6.987495E+04 2.095551E+04 1.365607E+04 1.499082E+02 0.000000E+00
7.660000E-01 4.882368E+04 1.145385E+04 7.156923E+04 1.397890E+02 6.836364E+01 0.000000E+00 0.000000E+00 0.000000E+00 7.129933E+04 6.976122E+04 2.085737E+04 1.367273E+04 1.492061E+02 0.000000E+00
7.670000E-01 4.871974E+04 1.135705E+04 7.146320E+04 1.397890E+02 6.844694E+01 0.000000E+00 0.000000E+00 0.000000E+00 7.119342E+04 6.964802E+04 2.075942E+04 1.368939E+04 1.485054E+02 0.000000E+00
7.680000E-01 4.861560E+04 1.126187E+04 7.135732E+04 1.397890E+02 6.853024E+01 0.000000E+00 0.000000E+00 0.000000E+00 7.108765E+04 6.953539E+04 2.066193E+04 1.370605E+04 1.478080E+02 0.000000E+00
7.690000E-01 4.851137E+04 1.116860E+04 7.125159E+04 1.397890E+02 6.861354E+01 0.000000E+00 0.000000E+00 0.000000E+00 7.098203E+04 6.942336E+04 2.056521E+04 1.372271E+04 1.471162E+02 0.000000E+00
7.700000E-01 4.840713E+04 1.107750E+04 7.114602E+04 1.397890E+02 6.869684E+01 0.000000E+00 0.000000E+00 0.000000E+00 7.087655E+04 6.931197E+04 2.046956E+04 1.373937E+04 1.464319E+02 0.000000E+00
7.710000E-01 4.830298E+04 1.098871E+04 7.104060E+04 1.397890E+02 6.878014E+01 0.000000E+00 0.000000E+00 0.000000E+00 7.077121E+04 6.920125E+04 2.037516E+04 1.375603E+04 1.457566E+02 0.000000E+00
7.720000E-01 4.819903E+04 1.090245E+04 7.093534E+04 1.397890E+02 6.886344E+01 0.000000E+00 0.000000E+00 0.000000E+00 7.066602E+04 6.909123E+04 2.028225E+04 1.377269E+04 1.450919E+02 0.000000E+00
7.730000E-01 4.809537E+04 1.081890E+04 7.083022E+04 1.397890E+02 6.894674E+01 0.000000E+00 0.000000E+00 0.000000E+00 7.056098E+04 6.898194E+04 2.019107E+04 1.378935E+04 1.444397E+02 0.000000E+00
7.740000E-01 4.799211E+04 1.073852E+04 7.072526E+04 1.397890E+02 6.903004E+01 0.000000E+00 0.000000E+00 0.000000E+00 7.045608E+04 6.887341E+04 2.010212E+04 1.380601E+04 1.438034E+02 0.000000E+00
7.750000E-01 4.788933E+04 1.066131E+04 7.062044E+04 1.397890E+02 6.911334E+01 0.000000E+00 0.000000E+00 0.000000E+00 7.035134E+04 6.876566E+04 2.001546E+04 1.382267E+04 1.431834E+02 0.000000E+00
7.760000E-01 4.778714E+04 1.058739E+04 7.051578E+04 1.397890E+02 6.919664E+01 0.000000E+00 0.000000E+00 0.000000E+00 7.024673E+04 6.865871E+04 1.993124E+04 1.383933E+04 1.425809E+02 0.000000E+00
7.770000E-01 4.768564E+04 1.051691E+04 7.041127E+04 1.397890E+02 6.927994E+01 0.000000E+00 0.000000E+00 0.000000E+00 7.014228E+04 6.855259E+04 1.984968E+04 1.385599E+04 1.419975E+02 0.000000E+00
7.780000E-01 4.758492E+04 1.045008E+04 7.030691E+04 1.397890E+02 6.936324E+01 0.000000E+00 0.000000E+00 0.000000E+00 7.003798E+04 6.844731E+04 1.977103E+04 1.387265E+04 1.414348E+02 0.000000E+00
7.790000E-01 4.748506E+04 1.038737E+04 7.020270E+04 1.397890E+02 6.944654E+01 0.000000E+00 0.000000E+00 0.000000E+00 6.993383E+04 6.834288E+04 1.969584E+04 1.388931E+04 1.408969E+02 0.000000E+00
7.800000E-01 4.738617E+04 1.032854E+04 7.009864E+04 1.397890E+02 6.952984E+01 0.000000E+00 0.000000E+00 0.000000E+00 6.982983E+04 6.823932E+04 1.962391E+04 1.390597E+04 1.403824E+02 0.000000E+00
7.810000E-01 4.728833E+04 1.027367E+04 6.999473E+04 1.397890E+02 6.961314E+01 0.000000E+00 0.000000E+00 0.000000E+00 6.972598E+04 6.813665E+04 1.955540E+04 1.392263E+04 1.398923E+02 0.000000E+00
7.820000E-01 4.719161E+04 1.022288E+04 6.989097E+04 1.397890E+02 6.969644E+01 0.000000E+00 0.000000E+00 0.000000E+00 6.962229E+04 6.803485E+04 1.949047E+04 1.393929E+04 1.394278E+02 0.000000E+00
7.830000E-01 4.709611E+04 1.017648E+04 6.978736E+04 1.397890E+02 6.977974E+01 0.000000E+00 0.000000E+00 0.000000E+00 6.951875E+04 6.793395E+04 1.942951E+04 1.395595E+04 1.389917E+02 0.000000E+00
7.840000E-01 4.700190E+04 1.013462E+04 6.968390E+04 1.397890E+02 6.986304E+01 0.000000E+00 0.000000E+00 0.000000E+00 6.941536E+04 6.783393E+04 1.937275E+04 1.397261E+04 1.385857E+02 0.000000E+00
7.850000E-01 4.690905E+04 1.009706E+04 6.958059E+04 1.397890E+02 6.994634E+01 0.000000E+00 0.000000E+00 0.000000E+00 6.931213E+04 6.773481E+04 1.931998E+04 1.398927E+04 1.382082E+02 0.000000E+00
7.860000E-01 4.681763E+04 1.006381E+04 6.947742E+04 1.397890E+02 7.002964E+01 0.000000E+00 0.000000E+00 0.000000E+00 6.920905E+04 6.763657E+04 1.927131E+04 1.400593E+04 1.378600E+02 0.000000E+00
7.870000E-01 4.672771E+04 1.003490E+04 6.937441E+04 1.397890E+02 7.011294E+01 0.000000E+00 0.000000E+00 0.000000E+00 6.910614E+04 6.753922E+04 1.922682E+04 1.402259E+04 1.375418E+02 0.000000E+00
7.880000E-01 4.663933E+04 1.001081E+04 6.927154E+04 1.397890E+02 7.019624E+01 0.000000E+00 0.000000E+00 0.000000E+00 6.900338E+04 6.744273E+04 1.918705E+04 1.403925E+04 1.372573E+02 0.000000E+00
7.890000E-01 4.655257E+04 9.991247E+03 6.916883E+04 1.397890E+02 7.027954E+01 0.000000E+00 0.000000E+00 0.000000E+00 6.890077E+04 6.734710E+04 1.915180E+04 1.405591E+04 1.370051E+02 0.000000E+00
7.900000E-01 4.646746E+04 9.976018E+03 6.906626E+04 1.397890E+02 7.036284E+01 0.000000E+00 0.000000E+00 0.000000E+00 6.879833E+04 6.725232E+04 1.912092E+04 1.407257E+04 1.367842E+02 0.000000E+00
7.910000E-01 4.638405E+04 9.965081E+03 6.896384E+04 1.397890E+02 7.044614E+01 0.000000E+00 0.000000E+00 0.000000E+00 6.869605E+04 6.715836E+04 1.909445E+04 1.408923E+04 1.365948E+02 0.000000E+00
7.920000E-01 4.630238E+04 9.958396E+03 6.886157E+04 1.397890E+02 7.052944E+01 0.000000E+00 0.000000E+00 0.000000E+00 6.859393E+04 6.706520E+04 1.907240E+04 1.410589E+04 1.364371E+02 0.000000E+00
7.930000E-01 4.622248E+04 9.956557E+03 6.875945E+04 1.397890E+02 7.061274E+01 0.000000E+00 0.000000E+00 0.000000E+00 6.849196E+04 6.697284E+04 1.905544E+04 1.412255E+04 1.363158E+02 0.000000E+00
7.940000E-01 4.614438E+04 9.958818E+03 6.865748E+04 1.397890E+02 7.069604E+01 0.000000E+00 0.000000E+00 0.000000E+00 6.839016E+04 6.688123E+04 1.904289E+04 1.413921E+04 1.362260E+02 0.000000E+00
7.950000E-01 4.606810E+04 9.965102E+03 6.855565E+04 1.397890E+02 7.077934E+01 0.000000E+00 0.000000E+00 0.000000E+00 6.828853E+04 6.679036E+04 1.903472E+04 1.415587E+04 1.361675E+02 0.000000E+00
7.960000E-01 4.599365E+04 9.975299E+03 6.845397E+04 1.397890E+02 7.086264E+01 0.000000E+00 0.000000E+00 0.000000E+00 6.818705E+04 6.670020E+04 1.903089E+04 1.417253E+04 1.361402E+02 0.000000E+00
7.970000E-01 4.592104E+04 9.989481E+03 6.835245E+04 1.397890E+02 7.094594E+01 0.000000E+00 0.000000E+00 0.000000E+00 6.808574E+04 6.661071E+04 1.903153E+04 1.418919E+04 1.361447E+02 0.000000E+00
7.980000E-01 4.585027E+04 1.000779E+04 6.825107E+04 1.397890E+02 7.102924E+01 0.000000E+00 0.000000E+00 0.000000E+00 6.798460E+04 6.652186E+04 1.903683E+04 1.420585E+04 1.361826E+02 0.000000E+00
7.990000E-01 4.578135E+04 1.002961E+04 6.814984E+04 1.397890E+02 7.111254E+01 0.000000E+00 0.000000E+00 0.000000E+00 6.788361E+04 6.643362E+04 1.904625E+04 1.422251E+04 1.362500E+02 0.000000E+00
8.000000E-01 4.571426E+04 1.005483E+04 6.804875E+04 1.397890E+02 7.119584E+01 0.000000E+00 0.000000E+00 0.000000E+00 6.778280E+04 6.634596E+04 1.905969E+04 1.423917E+04 1.363462E+02 0.000000E+00
8.010000E-01 4.564900E+04 1.008327E+04 6.794782E+04 1.397890E+02 7.127914E+01 0.000000E+00 0.000000E+00 0.000000E+00 6.768214E+04 6.625884E+04 1.907706E+04 1.425583E+04 1.364704E+02 0.000000E+00
8.020000E-01 4.558553E+04 1.011508E+04 6.784703E+04 1.397890E+02 7.136244E+01 0.000000E+00 0.000000E+00 0.000000E+00 6.758166E+04 6.617221E+04 1.909854E+04 1.427249E+04 1.366241E+02 0.000000E+00
8.030000E-01 4.552383E+04 1.015001E+04 6.774639E+04 1.397890E+02 7.144574E+01 0.000000E+00 0.000000E+00 0.000000E+00 6.748133E+04 6.608604E+04 1.912391E+04 1.428915E+04 1.368056E+02 0.000000E+00
8.040000E-01 4.546388E+04 1.018761E+04 6.764590E+04 1.397890E+02 7.152904E+01 0.000000E+00 0.000000E+00 0.000000E+00 6.738118E+04 6.600030E+04 1.915279E+04 1.430581E+04 1.370122E+02 0.000000E+00
8.050000E-01 4.540563E+04 1.022772E+04 6.754556E+04 1.397890E+02 7.161234E+01 0.000000E+00 0.000000E+00 0.000000E+00 6.728119E+04 6.591493E+04 1.918502E+04 1.432247E+04 1.372427E+02 0.000000E+00
8.060000E-01 4.534905E+04 1.027013E+04 6.744537E+04 1.397890E+02 7.169564E+01 0.000000E+00 0.000000E+00 0.000000E+00 6.718136E+04 6.582990E+04 1.922046E+04 1.433913E+04 1.374963E+02 0.000000E+00
8.070000E-01 4.529409E+04 1.031502E+04 6.734533E+04 1.397890E+02 7.177894E+01 0.000000E+00 0.000000E+00 0.000000E+00 6.708170E+04 6.574517E+04 1.925930E+04 1.435579E+04 1.377741E+02 0.000000E+00
8.080000E-01 4.524069E+04 1.036185E+04 6.724543E+04 1.397890E+02 7.186224E+01 0.000000E+00 0.000000E+00 0.000000E+00 6.698220E+04 6.566068E+04 1.930103E+04 1.437245E+04 1.380726E+02 0.000000E+00
8.090000E-01 4.518881E+04 1.041034E+04 6.714568E+04 1.397890E+02 7.194554E+01 0.000000E+00 0.000000E+00 0.000000E+00 6.688287E+04 6.557641E+04 1.934540E+04 1.438911E+04 1.383901E+02 0.000000E+00
8.100000E-01 4.513837E+04 1.046029E+04 6.704608E+04 1.397890E+02 7.202884E+01 0.000000E+00 0.000000E+00 0.000000E+00 6.678371E+04 6.549231E+04 1.939223E+04 1.440577E+04 1.387251E+02 0.000000E+00
8.110000E-01 4.508932E+04 1.051154E+04 6.694663E+04 1.397890E+02 7.211214E+01 0.000000E+00 0.000000E+00 0.000000E+00 6.668471E+04 6.540834E+04 1.944138E+04 1.442243E+04 1.390767E+02 0.000000E+00
8.120000E-01 4.504159E+04 1.056407E+04 6.684733E+04 1.397890E+02 7.219544E+01 0.000000E+00 0.000000E+00 0.000000E+00 6.658587E+04 6.532445E+04 1.949284E+04 1.443909E+04 1.394448E+02 0.000000E+00
8.130000E-01 4.499511E+04 1.061739E+04 6.674818E+04 1.397890E+02 7.227874E+01 0.000000E+00 0.000000E+00 0.000000E+00 6.648720E+04 6.524060E+04 1.954612E+04 1.445575E+04 1.398260E+02 0.000000E+00
8.140000E-01 4.494981E+04 1.067129E+04 6.664917E+04 1.397890E+02 7.236204E+01 0.000000E+00 0.000000E+00 0.000000E+00 6.638869E+04 6.515676E+04 1.960104E+04 1.447241E+04 1.402188E+02 0.000000E+00
8.150000E-01 4.490560E+04 1.072556E+04 6.655032E+04 1.397890E+02 7.244534E+01 0.000000E+00 0.000000E+00 0.000000E+00 6.629035E+04 6.507288E+04 1.965739E+04 1.448907E+04 1.406219E+02 0.000000E+00
8.160000E-01 4.486240E+04 1.078008E+04 6.645161E+04 1.397890E+02 7.252864E+01 0.000000E+00 0.000000E+00 0.000000E+00 6.619216E+04 6.498893E+04 1.971503E+04 1.450573E+04 1.410343E+02 0.000000E+00
8.170000E-01 4.482015E+04 1.083462E+04 6.635305E+04 1.397890E+02 7.261194E+01 0.000000E+00 0.000000E+00 0.000000E+00 6.609414E+04 6.490487E+04 1.977375E+04 1.452239E+04 1.414543E+02 0.000000E+00
8.180000E-01 4.477874E+04 1.088888E+04 6.625463E+04 1.397890E+02 7.269524E+01 0.000000E+00 0.000000E+00 0.000000E+00 6.599628E+04 6.482067E+04 1.983325E+04 1.453905E+04 1.418799E+02 0.000000E+00
8.190000E-01 4.473810E+04 1.094269E+04 6.615637E+04 1.397890E+02 7.277854E+01 0.000000E+00 0.000000E+00 0.000000E+00 6.589858E+04 6.473628E+04 1.989332E+04 1.455571E+04 1.423097E+02 0.000000E+00
8.200000E-01 4.469815E+04 1.099586E+04 6.605825E+04 1.397890E+02 7.286184E+01 0.000000E+00 0.000000E+00 0.000000E+00 6.580104E+04 6.465168E+04 1.995377E+04 1.457237E+04 1.427421E+02 0.000000E+00
8.210000E-01 4.465879E+04 1.104820E+04 6.596029E+04 1.397890E+02 7.294514E+01 0.000000E+00 0.000000E+00 0.000000E+00 6.570366E+04 6.456684E+04 2.001442E+04 1.458903E+04 1.431760E+02 0.000000E+00
8.220000E-01 4.461994E+04 1.109950E+04 6.586247E+04 1.397890E+02 7.302844E+01 0.000000E+00 0.000000E+00 0.000000E+00 6.560644E+04 6.448172E+04 2.007502E+04 1.460569E+04 1.436095E+02 0.000000E+00
8.230000E-01 4.458151E+04 1.114960E+04 6.576479E+04 1.397890E+02 7.311174E+01 0.000000E+00 0.000000E+00 0.000000E+00 6.550937E+04 6.439630E+04 2.013540E+04 1.462235E+04 1.440414E+02 0.000000E+00
8.240000E-01 4.454341E+04 1.119835E+04 6.566727E+04 1.397890E+02 7.319504E+01 0.000000E+00 0.000000E+00 0.000000E+00 6.541246E+04 6.431056E+04 2.019536E+04 1.463901E+04 1.444704E+02 0.000000E+00
8.250000E-01 4.450557E+04 1.124559E+04 6.556989E+04 1.397890E+02 7.327834E+01 0.000000E+00 0.000000E+00 0.000000E+00 6.531571E+04 6.422447E+04 2.025475E+04 1.465567E+04 1.448952E+02 0.000000E+00
8.260000E-01 4.446789E+04 1.129105E+04 6.547267E+04 1.397890E+02 7.336164E+01 0.000000E+00 0.000000E+00 0.000000E+00 6.521911E+04 6.413802E+04 2.031327E+04 1.467233E+04 1.453138E+02 0.000000E+00
8.270000E-01 4.443029E+04 1.133470E+04 6.537558E+04 1.397890E+02 7.344494E+01 0.000000E+00 0.000000E+00 0.000000E+00 6.512266E+04 6.405118E+04 2.037085E+04 1.468899E+04 1.457257E+02 0.000000E+00
8.280000E-01 4.439268E+04 1.137643E+04 6.527865E+04 1.397890E+02 7.352824E+01 0.000000E+00 0.000000E+00 0.000000E+00 6.502637E+04 6.396393E+04 2.042734E+04 1.470565E+04 1.461298E+02 0.000000E+00
8.290000E-01 4.435500E+04 1.141613E+04 6.518186E+04 1.397890E+02 7.361154E+01 0.000000E+00 0.000000E+00 0.000000E+00 6.493022E+04 6.387627E+04 2.048260E+04 1.472231E+04 1.465252E+02 0.000000E+00
8.300000E-01 4.431716E+04 1.145363E+04 6.508522E+04 1.397890E+02 7.369484E+01 0.000000E+00 0.000000E+00 0.000000E+00 6.483423E+04 6.378818E+04 2.053645E+04 1.473897E+04 1.469104E+02 0.000000E+00
8.310000E-01 4.427909E+04 1.148875E+04 6.498873E+04 1.397890E+02 7.377814E+01 0.000000E+00 0.000000E+00 0.000000E+00 6.473839E+04 6.369966E+04 2.058865E+04 1.475563E+04 1.472838E+02 0.000000E+00
8.320000E-01 4.424070E+04 1.152155E+04 6.489239E+04 1.397890E+02 7.386144E+01 0.000000E+00 0.000000E+00 0.000000E+00 6.464269E+04 6.361069E+04 2.063923E+04 1.477229E+04 1.476457E+02 0.000000E+00
8.330000E-01 4.420195E+04 1.155197E+04 6.479619E+04 1.397890E+02 7.394474E+01 0.000000E+00 0.000000E+00 0.000000E+00 6.454715E+04 6.352127E+04 2.068810E+04 1.478895E+04 1.479953E+02 0.000000E+00
8.340000E-01 4.416275E+04 1.157998E+04 6.470013E+04 1.397890E+02 7.402804E+01 0.000000E+00 0.000000E+00 0.000000E+00 6.445175E+04 6.343141E+04 2.073517E+04 1.480561E+04 1.483320E+02 0.000000E+00
8.350000E-01 4.412306E+04 1.160534E+04 6.460422E+04 1.397890E+02 7.411134E+01 0.000000E+00 0.000000E+00 0.000000E+00 6.435649E+04 6.334111E+04 2.078020E+04 1.482227E+04 1.486541E+02 0.000000E+00
8.360000E-01 4.408280E+04 1.162808E+04 6.450846E+04 1.397890E+02 7.419464E+01 0.000000E+00 0.000000E+00 0.000000E+00 6.426138E+04 6.325036E+04 2.082313E+04 1.483893E+04 1.489612E+02 0.000000E+00
8.370000E-01 4.404193E+04 1.164829E+04 6.441285E+04 1.397890E+02 7.427794E+01 0.000000E+00 0.000000E+00 0.000000E+00 6.416641E+04 6.315917E+04 2.086406E+04 1.485559E+04 1.492540E+02 0.000000E+00
8.380000E-01 4.400039E+04 1.166598E+04 6.431738E+04 1.397890E+02 7.436124E+01 0.000000E+00 0.000000E+00 0.000000E+00 6.407159E+04 6.306755E+04 2.090292E+04 1.487225E+04 1.495320E+02 0.000000E+00
8.390000E-01 4.395814E+04 1.168115E+04 6.422205E+04 1.397890E+02 7.444454E+01 0.000000E+00 0.000000E+00 0.000000E+00 6.397691E+04 6.297552E+04 2.093968E+04 1.488891E+04 1.497950E+02 0.000000E+00
8.400000E-01 4.391514E+04 1.169354E+04 6.412687E+04 1.397890E+02 7.452784E+01 0.000000E+00 0.000000E+00 0.000000E+00 6.388236E+04 6.288307E+04 2.097406E+04 1.490557E+04 1.500409E+02 0.000000E+00
8.410000E-01 4.387135E+04 1.170341E+04 6.403183E+04 1.397890E+02 7.461114E+01 0.000000E+00 0.000000E+00 0.000000E+00 6.378796E+04 6.279024E+04 2.100627E+04 1.492223E+04 1.502713E+02 0.000000E+00
8.420000E-01 4.382674E+04 1.171084E+04 6.393694E+04 1.397890E+02 7.469444E+01 0.000000E+00 0.000000E+00 0.000000E+00 6.369369E+04 6.269703E+04 2.103635E+04 1.493889E+04 1.504865E+02 0.000000E+00
8.430000E-01 4.378128E+04 1.171589E+04 6.384219E+04 1.397890E+02 7.477774E+01 0.000000E+00 0.000000E+00 0.000000E+00 6.359957E+04 6.260347E+04 2.106432E+04 1.495555E+04 1.506866E+02 0.000000E+00
8.440000E-01 4.373495E+04 1.171856E+04 6.374759E+04 1.397890E+02 7.486104E+01 0.000000E+00 0.000000E+00 0.000000E+00 6.350557E+04 6.250956E+04 2.109015E+04 1.497221E+04 1.508714E+02 0.000000E+00
8.450000E-01 4.368774E+04 1.171872E+04 6.365313E+04 1.397890E+02 7.494434E+01 0.000000E+00 0.000000E+00 0.000000E+00 6.341172E+04 6.241535E+04 2.111367E+04 1.498887E+04 1.510396E+02 0.000000E+00
8.460000E-01 4.363962E+04 1.171670E+04 6.355881E+04 1.397890E+02 7.502764E+01 0.000000E+00 0.000000E+00 0.000000E+00 6.331800E+04 6.232084E+04 2.113519E+04 1.500553E+04 1.511935E+02 0.000000E+00
8.470000E-01 4.359059E+04 1.171260E+04 6.346464E+04 1.397890E+02 7.511094E+01 0.000000E+00 0.000000E+00 0.000000E+00 6.322441E+04 6.222607E+04 2.115476E+04 1.502219E+04 1.513335E+02 0.000000E+00
8.480000E-01 4.354064E+04 1.170651E+04 6.337061E+04 1.397890E+02 7.519424E+01 0.000000E+00 0.000000E+00 0.000000E+00 6.313096E+04 6.213106E+04 2.117243E+04 1.503885E+04 1.514600E+02 0.000000E+00
8.490000E-01 4.348979E+04 1.169841E+04 6.327672E+04 1.397890E+02 7.527754E+01 0.000000E+00 0.000000E+00 0.000000E+00 6.303765E+04 6.203583E+04 2.118819E+04 1.505551E+04 1.515727E+02 0.000000E+00
8.500000E-01 4.343803E+04 1.168839E+04 6.318297E+04 1.397890E+02 7.536084E+01 0.000000E+00 0.000000E+00 0.000000E+00 6.294446E+04 6.194043E+04 2.120207E+04 1.507217E+04 1.516720E+02 0.000000E+00
8.510000E-01 4.338537E+04 1.167672E+04 6.308936E+04 1.397890E+02 7.544414E+01 0.000000E+00 0.000000E+00 0.000000E+00 6.285141E+04 6.184487E+04 2.121433E+04 1.508883E+04 1.517597E+02 0.000000E+00
8.520000E-01 4.333182E+04 1.166352E+04 6.299590E+04 1.397890E+02 7.552744E+01 0.000000E+00 0.000000E+00 0.000000E+00 6.275848E+04 6.174918E+04 2.122505E+04 1.510549E+04 1.518364E+02 0.000000E+00
8.530000E-01 4.327742E+04 1.164891E+04 6.290257E+04 1.397890E+02 7.561074E+01 0.000000E+00 0.000000E+00 0.000000E+00 6.266569E+04 6.165341E+04 2.123434E+04 1.512215E+04 1.519028E+02 0.000000E+00
8.540000E-01 4.322217E+04 1.163288E+04 6.280939E+04 1.397890E+02 7.569404E+01 0.000000E+00 0.000000E+00 0.000000E+00 6.257303E+04 6.155757E+04 2.124218E+04 1.513881E+04 1.519589E+02 0.000000E+00
8.550000E-01 4.316611E+04 1.161567E+04 6.271634E+04 1.397890E+02 7.577734E+01 0.000000E+00 0.000000E+00 0.000000E+00 6.248050E+04 6.146170E+04 2.124877E+04 1.515547E+04 1.520061E+02 0.000000E+00
8.560000E-01 4.310926E+04 1.159746E+04 6.262344E+04 1.397890E+02 7.586064E+01 0.000000E+00 0.000000E+00 0.000000E+00 6.238810E+04 6.136583E+04 2.125430E+04 1.517213E+04 1.520457E+02 0.000000E+00
8.570000E-01 4.305167E+04 1.157839E+04 6.253067E+04 1.397890E+02 7.594394E+01 0.000000E+00 0.000000E+00 0.000000E+00 6.229583E+04 6.127000E+04 2.125889E+04 1.518879E+04 1.520784E+02 0.000000E+00
8.580000E-01 4.299336E+04 1.155860E+04 6.243805E+04 1.397890E+02 7.602724E+01 0.000000E+00 0.000000E+00 0.000000E+00 6.220369E+04 6.117424E+04 2.126265E+04 1.520545E+04 1.521054E+02 0.000000E+00
8.590000E-01 4.293437E+04 1.153813E+04 6.234556E+04 1.397890E+02 7.611054E+01 0.000000E+00 0.000000E+00 0.000000E+00 6.211167E+04 6.107856E+04 2.126563E+04 1.522211E+04 1.521267E+02 0.000000E+00
8.600000E-01 4.287475E+04 1.151723E+04 6.225321E+04 1.397890E+02 7.619384E+01 0.000000E+00 0.000000E+00 0.000000E+00 6.201979E+04 6.098302E+04 2.126808E+04 1.523877E+04 1.521442E+02 0.000000E+00
8.610000E-01 4.281455E+04 1.149604E+04 6.216100E+04 1.397890E+02 7.627714E+01 0.000000E+00 0.000000E+00 0.000000E+00 6.192803E+04 6.088763E+04 2.127012E+04 1.525543E+04 1.521588E+02 0.000000E+00
8.620000E-01 4.275381E+04 1.147469E+04 6.206893E+04 1.397890E+02 7.636044E+01 0.000000E+00 0.000000E+00 0.000000E+00 6.183640E+04 6.079243E+04 2.127188E+04 1.527209E+04 1.521714E+02 0.000000E+00
8.630000E-01 4.269257E+04 1.145331E+04 6.197700E+04 1.397890E+02 7.644374E+01 0.000000E+00 0.000000E+00 0.000000E+00 6.174490E+04 6.069745E+04 2.127350E+04 1.528875E+04 1.521830E+02 0.000000E+00
8.640000E-01 4.263090E+04 1.143204E+04 6.188520E+04 1.397890E+02 7.652704E+01 0.000000E+00 0.000000E+00 0.000000E+00 6.165353E+04 6.060271E+04 2.127512E+04 1.530541E+04 1.521946E+02 0.000000E+00
8.650000E-01 4.256884E+04 1.141102E+04 6.179354E+04 1.397890E+02 7.661034E+01 0.000000E+00 0.000000E+00 0.000000E+00 6.156229E+04 6.050823E+04 2.127688E+04 1.532207E+04 1.522072E+02 0.000000E+00
8.660000E-01 4.250644E+04 1.139036E+04 6.170202E+04 1.397890E+02 7.669364E+01 0.000000E+00 0.000000E+00 0.000000E+00 6.147118E+04 6.041405E+04 2.127890E+04 1.533873E+04 1.522216E+02 0.000000E+00
8.670000E-01 4.244377E+04 1.137018E+04 6.161063E+04 1.397890E+02 7.677694E+01 0.000000E+00 0.000000E+00 0.000000E+00 6.138019E+04 6.032019E+04 2.128131E+04 1.535539E+04 1.522389E+02 0.000000E+00
8.680000E-01 4.238087E+04 1.135064E+04 6.151938E+04 1.397890E+02 7.686024E+01 0.000000E+00 0.000000E+00 0.000000E+00 6.128934E+04 6.022667E+04 2.128427E+04 1.537205E+04 1.522600E+02 0.000000E+00
8.690000E-01 4.231779E+04 1.133184E+04 6.142827E+04 1.397890E+02 7.694354E+01 0.000000E+00 0.000000E+00 0.000000E+00 6.119861E+04 6.013351E+04 2.128791E+04 1.538871E+04 1.522860E+02 0.000000E+00
8.700000E-01 4.225460E+04 1.131385E+04 6.133729E+04 1.397890E+02 7.702684E+01 0.000000E+00 0.000000E+00 0.000000E+00 6.110801E+04 6.004073E+04 2.129229E+04 1.540537E+04 1.523174E+02 0.000000E+00
8.710000E-01 4.219135E+04 1.129675E+04 6.124644E+04 1.397890E+02 7.711014E+01 0.000000E+00 0.000000E+00 0.000000E+00 6.101754E+04 5.994835E+04 2.129752E+04 1.542203E+04 1.523548E+02 0.000000E+00
8.720000E-01 4.212809E+04 1.128061E+04 6.115573E+04 1.397890E+02 7.719344E+01 0.000000E+00 0.000000E+00 0.000000E+00 6.092721E+04 5.985638E+04 2.130369E+04 1.543869E+04 1.523989E+02 0.000000E+00
8.730000E-01 4.206486E+04 1.126567E+04 6.106516E+04 1.397890E+02 7.727674E+01 0.000000E+00 0.000000E+00 0.000000E+00 6.083700E+04 5.976483E+04 2.131103E+04 1.545535E+04 1.524515E+02 0.000000E+00
8.740000E-01 4.200174E+04 1.125187E+04 6.097472E+04 1.397890E+02 7.736004E+01 0.000000E+00 0.000000E+00 0.000000E+00 6.074692E+04 5.967373E+04 2.131954E+04 1.547201E+04 1.525123E+02 0.000000E+00
8.750000E-01 4.193875E+04 1.123925E+04 6.088441E+04 1.397890E+02 7.744334E+01 0.000000E+00 0.000000E+00 0.000000E+00 6.065697E+04 5.958307E+04 2.132925E+04 1.548867E+04 1.525818E+02 0.000000E+00
8.760000E-01 4.187596E+04 1.122786E+04 6.079424E+04 1.397890E+02 7.752664E+01 0.000000E+00 0.000000E+00 0.000000E+00 6.056715E+04 5.949287E+04 2.134022E+04 1.550533E+04 1.526603E+02 0.000000E+00
8.770000E-01 4.181340E+04 1.121776E+04 6.070420E+04 1.397890E+02 7.760994E+01 0.000000E+00 0.000000E+00 0.000000E+00 6.047746E+04 5.940313E+04 2.135256E+04 1.552199E+04 1.527486E+02 0.000000E+00
8.780000E-01 4.175113E+04 1.120913E+04 6.061430E+04 1.397890E+02 7.769324E+01 0.000000E+00 0.000000E+00 0.000000E+00 6.038791E+04 5.931386E+04 2.136646E+04 1.553865E+04 1.528480E+02 0.000000E+00
8.790000E-01 4.168917E+04 1.120182E+04 6.052453E+04 1.397890E+02 7.777654E+01 0.000000E+00 0.000000E+00 0.000000E+00 6.029848E+04 5.922506E+04 2.138178E+04 1.555531E+04 1.529576E+02 0.000000E+00
8.800000E-01 4.162757E+04 1.119584E+04 6.043489E+04 1.397890E+02 7.785984E+01 0.000000E+00 0.000000E+00 0.000000E+00 6.020919E+04 5.913672E+04 2.139856E+04 1.557197E+04 1.530776E+02 0.000000E+00
8.810000E-01 4.156637E+04 1.119119E+04 6.034539E+04 1.397890E+02 7.794314E+01 0.000000E+00 0.000000E+00 0.000000E+00 6.012003E+04 5.904885E+04 2.141682E+04 1.558863E+04 1.532082E+02 0.000000E+00
8.820000E-01 4.150560E+04 1.118795E+04 6.025601E+04 1.397890E+02 7.802644E+01 0.000000E+00 0.000000E+00 0.000000E+00 6.003100E+04 5.896144E+04 2.143666E+04 1.560529E+04 1.533502E+02 0.000000E+00
8.830000E-01 4.144528E+04 1.118614E+04 6.016677E+04 1.397890E+02 7.810974E+01 0.000000E+00 0.000000E+00 0.000000E+00 5.994210E+04 5.887449E+04 2.145813E+04 1.562195E+04 1.535037E+02 0.000000E+00
8.840000E-01 4.138545E+04 1.118561E+04 6.007767E+04 1.397890E+02 7.819304E+01 0.000000E+00 0.000000E+00 0.000000E+00 5.985334E+04 5.878799E+04 2.148107E+04 1.563861E+04 1.536679E+02 0.000000E+00
8.850000E-01 4.132612E+04 1.118631E+04 5.998869E+04 1.397890E+02 7.827634E+01 0.000000E+00 0.000000E+00 0.000000E+00 5.976470E+04 5.870192E+04 2.150548E+04 1.565527E+04 1.538425E+02 0.000000E+00
8.860000E-01 4.126731E+04 1.118820E+04 5.989985E+04 1.397890E+02 7.835964E+01 0.000000E+00 0.000000E+00 0.000000E+00 5.967621E+04 5.861628E+04 2.153134E+04 1.567193E+04 1.540275E+02 0.000000E+00
8.870000E-01 4.120904E+04 1.119138E+04 5.981113E+04 1.397890E+02 7.844294E+01 0.000000E+00 0.000000E+00 0.000000E+00 5.958784E+04 5.853105E+04 2.155874E+04 1.568859E+04 1.542235E+02 0.000000E+00
8.880000E-01 4.115133E+04 1.119569E+04 5.972255E+04 1.397890E+02 7.852624E+01 0.000000E+00 0.000000E+00 0.000000E+00 5.949961E+04 5.844622E+04 2.158756E+04 1.570525E+04 1.544296E+02 0.000000E+00
8.890000E-01 4.109417E+04 1.120099E+04 5.963410E+04 1.397890E+02 7.860954E+01 0.000000E+00 0.000000E+00 0.000000E+00 5.941151E+04 5.836178E+04 2.161767E+04 1.572191E+04 1.546450E+02 0.000000E+00
8.900000E-01 4.103758E+04 1.120722E+04 5.954579E+04 1.397890E+02 7.869284E+01 0.000000E+00 0.000000E+00 0.000000E+00 5.932355E+04 5.827770E+04 2.164901E+04 1.573857E+04 1.548693E+02 0.000000E+00
8.910000E-01 4.098155E+04 1.121429E+04 5.945760E+04 1.397890E+02 7.877614E+01 0.000000E+00 0.000000E+00 0.000000E+00 5.923572E+04 5.819396E+04 2.168152E+04 1.575523E+04 1.551018E+02 0.000000E+00
8.920000E-01 4.092608E+04 1.122226E+04 5.936955E+04 1.397890E+02 7.885944E+01 0.000000E+00 0.000000E+00 0.000000E+00 5.914803E+04 5.811055E+04 2.171528E+04 1.577189E+04 1.553433E+02 0.000000E+00
8.930000E-01 4.087117E+04 1.123086E+04 5.928162E+04 1.397890E+02 7.894274E+01 0.000000E+00 0.000000E+00 0.000000E+00 5.906047E+04 5.802745E+04 2.175001E+04 1.578855E+04 1.555918E+02 0.000000E+00
8.940000E-01 4.081679E+04 1.124001E+04 5.919383E+04 1.397890E+02 7.902604E+01 0.000000E+00 0.000000E+00 0.000000E+00 5.897304E+04 5.794462E+04 2.178564E+04 1.580521E+04 1.558466E+02 0.000000E+00
8.950000E-01 4.076295E+04 1.124958E+04 5.910616E+04 1.397890E+02 7.910934E+01 0.000000E+00 0.000000E+00 0.000000E+00 5.888574E+04 5.786206E+04 2.182205E+04 1.582187E+04 1.561071E+02 0.000000E+00
8.960000E-01 4.070961E+04 1.125951E+04 5.901863E+04 1.397890E+02 7.919264E+01 0.000000E+00 0.000000E+00 0.000000E+00 5.879859E+04 5.777973E+04 2.185918E+04 1.583853E+04 1.563727E+02 0.000000E+00
8.970000E-01 4.065677E+04 1.126968E+04 5.893123E+04 1.397890E+02 7.927594E+01 0.000000E+00 0.000000E+00 0.000000E+00 5.871156E+04 5.769761E+04 2.189693E+04 1.585519E+04 1.566428E+02 0.000000E+00
8.980000E-01 4.060439E+04 1.127993E+04 5.884396E+04 1.397890E+02 7.935924E+01 0.000000E+00 0.000000E+00 0.000000E+00 5.862467E+04 5.761567E+04 2.193512E+04 1.587185E+04 1.569160E+02 0.000000E+00
8.990000E-01 4.055246E+04 1.129013E+04 5.875681E+04 1.397890E+02 7.944254E+01 0.000000E+00 0.000000E+00 0.000000E+00 5.853791E+04 5.753390E+04 2.197363E+04 1.588851E+04 1.571914E+02 0.000000E+00
9.000000E-01 4.050092E+04 1.130016E+04 5.866980E+04 1.397890E+02 7.952584E+01 0.000000E+00 0.000000E+00 0.000000E+00 5.845129E+04 5.745226E+04 2.201233E+04 1.590517E+04 1.574683E+02 0.000000E+00
9.010000E-01 4.044977E+04 1.130989E+04 5.858292E+04 1.397890E+02 7.960914E+01 0.000000E+00 0.000000E+00 0.000000E+00 5.836479E+04 5.737073E+04 2.205109E+04 1.592183E+04 1.577456E+02 0.000000E+00
9.020000E-01 4.039895E+04 1.131919E+04 5.849616E+04 1.397890E+02 7.969244E+01 0.000000E+00 0.000000E+00 0.000000E+00 5.827844E+04 5.728929E+04 2.208977E+04 1.593849E+04 1.580223E+02 0.000000E+00
9.030000E-01 4.034844E+04 1.132793E+04 5.840954E+04 1.397890E+02 7.977574E+01 0.000000E+00 0.000000E+00 0.000000E+00 5.819221E+04 5.720790E+04 2.212823E+04 1.595515E+04 1.582974E+02 0.000000E+00
9.040000E-01 4.029819E+04 1.133599E+04 5.832304E+04 1.397890E+02 7.985904E+01 0.000000E+00 0.000000E+00 0.000000E+00 5.810612E+04 5.712655E+04 2.216634E+04 1.597181E+04 1.585701E+02 0.000000E+00
9.050000E-01 4.024815E+04 1.134325E+04 5.823668E+04 1.397890E+02 7.994234E+01 0.000000E+00 0.000000E+00 0.000000E+00 5.802015E+04 5.704521E+04 2.220397E+04 1.598847E+04 1.588393E+02 0.000000E+00
9.060000E-01 4.019830E+04 1.134951E+04 5.815044E+04 1.397890E+02 8.002564E+01 0.000000E+00 0.000000E+00 0.000000E+00 5.793432E+04 5.696385E+04 2.224090E+04 1.600513E+04 1.591034E+02 0.000000E+00
9.070000E-01 4.014857E+04 1.135470E+04 5.806433E+04 1.397890E+02 8.010894E+01 0.000000E+00 0.000000E+00 0.000000E+00 5.784862E+04 5.688246E+04 2.227704E+04 1.602179E+04 1.593620E+02 0.000000E+00
9.080000E-01 4.009893E+04 1.135872E+04 5.797836E+04 1.397890E+02 8.019224E+01 0.000000E+00 0.000000E+00 0.000000E+00 5.776305E+04 5.680101E+04 2.231229E+04 1.603845E+04 1.596141E+02 0.000000E+00
9.090000E-01 4.004933E+04 1.136147E+04 5.789250E+04 1.397890E+02 8.027554E+01 0.000000E+00 0.000000E+00 0.000000E+00 5.767762E+04 5.671948E+04 2.234651E+04 1.605511E+04 1.598589E+02 0.000000E+00
9.100000E-01 3.999971E+04 1.136283E+04 5.780678E+04 1.397890E+02 8.035884E+01 0.000000E+00 0.000000E+00 0.000000E+00 5.759231E+04 5.663784E+04 2.237956E+04 1.607177E+04 1.600953E+02 0.000000E+00
9.110000E-01 3.995004E+04 1.136255E+04 5.772119E+04 1.397890E+02 8.044214E+01 0.000000E+00 0.000000E+00 0.000000E+00 5.750713E+04 5.655609E+04 2.241116E+04 1.608843E+04 1.603214E+02 0.000000E+00
9.120000E-01 3.990026E+04 1.136068E+04 5.763572E+04 1.397890E+02 8.052544E+01 0.000000E+00 0.000000E+00 0.000000E+00 5.742207E+04 5.647420E+04 2.244136E+04 1.610509E+04 1.605374E+02 0.000000E+00
9.130000E-01 3.985033E+04 1.135716E+04 5.755038E+04 1.397890E+02 8.060874E+01 0.000000E+00 0.000000E+00 0.000000E+00 5.733715E+04 5.639216E+04 2.247005E+04 1.612175E+04 1.607426E+02 0.000000E+00
9.140000E-01 3.980019E+04 1.135189E+04 5.746517E+04 1.397890E+02 8.069204E+01 0.000000E+00 0.000000E+00 0.000000E+00 5.725235E+04 5.630995E+04 2.249711E+04 1.613841E+04 1.609363E+02 0.000000E+00
9.150000E-01 3.974980E+04 1.134471E+04 5.738009E+04 1.397890E+02 8.077534E+01 0.000000E+00 0.000000E+00 0.000000E+00 5.716768E+04 5.622756E+04 2.252235E+04 1.615507E+04 1.611168E+02 0.000000E+00
9.160000E-01 3.969912E+04 1.133548E+04 5.729513E+04 1.397890E+02 8.085864E+01 0.000000E+00 0.000000E+00 0.000000E+00 5.708314E+04 5.614498E+04 2.254560E+04 1.617173E+04 1.612831E+02 0.000000E+00
9.170000E-01 3.964810E+04 1.132432E+04 5.721030E+04 1.397890E+02 8.094194E+01 0.000000E+00 0.000000E+00 0.000000E+00 5.699872E+04 5.606220E+04 2.256695E+04 1.618839E+04 1.614358E+02 0.000000E+00
9.180000E-01 3.959669E+04 1.131116E+04 5.712560E+04 1.397890E+02 8.102524E+01 0.000000E+00 0.000000E+00 0.000000E+00 5.691442E+04 5.597921E+04 2.258630E+04 1.620505E+04 1.615743E+02 0.000000E+00
9.190000E-01 3.954485E+04 1.129599E+04 5.704103E+04 1.397890E+02 8.110854E+01 0.000000E+00 0.000000E+00 0.000000E+00 5.683025E+04 5.589600E+04 2.260360E+04 1.622171E+04 1.616981E+02 0.000000E+00
9.200000E-01 3.949255E+04 1.127853E+04 5.695658E+04 1.397890E+02 8.119184E+01 0.000000E+00 0.000000E+00 0.000000E+00 5.674620E+04 5.581256E+04 2.261856E+04 1.623837E+04 1.618050E+02 0.000000E+00
9.210000E-01 3.943974E+04 1.125891E+04 5.687225E+04 1.397890E+02 8.127514E+01 0.000000E+00 0.000000E+00 0.000000E+00 5.666228E+04 5.572891E+04 2.263124E+04 1.625503E+04 1.618958E+02 0.000000E+00
9.220000E-01 3.938639E+04 1.123719E+04 5.678806E+04 1.397890E+02 8.135844E+01 0.000000E+00 0.000000E+00 0.000000E+00 5.657847E+04 5.564503E+04 2.264170E+04 1.627169E+04 1.619706E+02 0.000000E+00
9.230000E-01 3.933246E+04 1.121339E+04 5.670398E+04 1.397890E+02 8.144174E+01 0.000000E+00 0.000000E+00 0.000000E+00 5.649479E+04 5.556093E+04 2.264991E+04 1.628835E+04 1.620293E+02 0.000000E+00
9.240000E-01 3.927794E+04 1.118750E+04 5.662004E+04 1.397890E+02 8.152504E+01 0.000000E+00 0.000000E+00 0.000000E+00 5.641123E+04 5.547660E+04 2.265583E+04 1.630501E+04 1.620717E+02 0.000000E+00
9.250000E-01 3.922278E+04 1.115921E+04 5.653622E+04 1.397890E+02 8.160834E+01 0.000000E+00 0.000000E+00 0.000000E+00 5.632779E+04 5.539206E+04 2.265912E+04 1.632167E+04 1.620952E+02 0.000000E+00
9.260000E-01 3.916697E+04 1.112888E+04 5.645252E+04 1.397890E+02 8.169164E+01 0.000000E+00 0.000000E+00 0.000000E+00 5.624446E+04 5.530731E+04 2.266012E+04 1.633833E+04 1.621023E+02 0.000000E+00
9.270000E-01 3.911048E+04 1.109656E+04 5.636895E+04 1.397890E+02 8.177494E+01 0.000000E+00 0.000000E+00 0.000000E+00 5.616126E+04 5.522236E+04 2.265881E+04 1.635499E+04 1.620930E+02 0.000000E+00
9.280000E-01 3.905330E+04 1.106229E+04 5.628550E+04 1.397890E+02 8.185824E+01 0.000000E+00 0.000000E+00 0.000000E+00 5.607817E+04 5.513722E+04 2.265524E+04 1.637165E+04 1.620674E+02 0.000000E+00
9.290000E-01 3.899541E+04 1.102602E+04 5.620218E+04 1.397890E+02 8.194154E+01 0.000000E+00 0.000000E+00 0.000000E+00 5.599520E+04 5.505190E+04 2.264931E+04 1.638831E+04 1.620250E+02 0.000000E+00
9.300000E-01 3.893680E+04 1.098769E+04 5.611898E+04 1.397890E+02 8.202484E+01 0.000000E+00 0.000000E+00 0.000000E+00 5.591235E+04 5.496642E+04 2.264094E+04 1.640497E+04 1.619651E+02 0.000000E+00
9.310000E-01 3.887747E+04 1.094761E+04 5.603591E+04 1.397890E+02 8.210814E+01 0.000000E+00 0.000000E+00 0.000000E+00 5.582961E+04 5.488078E+04 2.263040E+04 1.642163E+04 1.618897E+02 0.000000E+00
9.320000E-01 3.881741E+04 1.090585E+04 5.595296E+04 1.397890E+02 8.219144E+01 0.000000E+00 0.000000E+00 0.000000E+00 5.574699E+04 5.479501E+04 2.261775E+04 1.643829E+04 1.617993E+02 0.000000E+00
9.330000E-01 3.875662E+04 1.086251E+04 5.587013E+04 1.397890E+02 8.227474E+01 0.000000E+00 0.000000E+00 0.000000E+00 5.566449E+04 5.470912E+04 2.260305E+04 1.645495E+04 1.616941E+02 0.000000E+00
9.340000E-01 3.869511E+04 1.081751E+04 5.578742E+04 1.397890E+02 8.235804E+01 0.000000E+00 0.000000E+00 0.000000E+00 5.558210E+04 5.462314E+04 2.258621E+04 1.647161E+04 1.615737E+02 0.000000E+00
9.350000E-01 3.863288E+04 1.077102E+04 5.570484E+04 1.397890E+02 8.244134E+01 0.000000E+00 0.000000E+00 0.000000E+00 5.549982E+04 5.453707E+04 2.256737E+04 1.648827E+04 1.614389E+02 0.000000E+00
9.360000E-01 3.856994E+04 1.072326E+04 5.562238E+04 1.397890E+02 8.252464E+01 0.000000E+00 0.000000E+00 0.000000E+00 5.541766E+04 5.445096E+04 2.254674E+04 1.650493E+04 1.612913E+02 0.000000E+00
9.370000E-01 3.850632E+04 1.067436E+04 5.554004E+04 1.397890E+02 8.260794E+01 0.000000E+00 0.000000E+00 0.000000E+00 5.533561E+04 5.436481E+04 2.252442E+04 1.652159E+04 1.611316E+02 0.000000E+00
9.380000E-01 3.844203E+04 1.062443E+04 5.545782E+04 1.397890E+02 8.269124E+01 0.000000E+00 0.000000E+00 0.000000E+00 5.525368E+04 5.427865E+04 2.250050E+04 1.653825E+04 1.609605E+02 0.000000E+00
9.390000E-01 3.837709E+04 1.057341E+04 5.537572E+04 1.397890E+02 8.277454E+01 0.000000E+00 0.000000E+00 0.000000E+00 5.517185E+04 5.419251E+04 2.247493E+04 1.655491E+04 1.607776E+02 0.000000E+00
9.400000E-01 3.831152E+04 1.052162E+04 5.529375E+04 1.397890E+02 8.285784E+01 0.000000E+00 0.000000E+00 0.000000E+00 5.509014E+04 5.410641E+04 2.244799E+04 1.657157E+04 1.605849E+02 0.000000E+00
9.410000E-01 3.824537E+04 1.046920E+04 5.521190E+04 1.397890E+02 8.294114E+01 0.000000E+00 0.000000E+00 0.000000E+00 5.500855E+04 5.402038E+04 2.241984E+04 1.658823E+04 1.603835E+02 0.000000E+00
9.420000E-01 3.817866E+04 1.041631E+04 5.513016E+04 1.397890E+02 8.302444E+01 0.000000E+00 0.000000E+00 0.000000E+00 5.492706E+04 5.393444E+04 2.239060E+04 1.660489E+04 1.601743E+02 0.000000E+00
9.430000E-01 3.811142E+04 1.036304E+04 5.504855E+04 1.397890E+02 8.310774E+01 0.000000E+00 0.000000E+00 0.000000E+00 5.484569E+04 5.384861E+04 2.236038E+04 1.662155E+04 1.599582E+02 0.000000E+00
9.440000E-01 3.804370E+04 1.030949E+04 5.496705E+04 1.397890E+02 8.319104E+01 0.000000E+00 0.000000E+00 0.000000E+00 5.476442E+04 5.376293E+04 2.232927E+04 1.663821E+04 1.597355E+02 0.000000E+00
9.450000E-01 3.797554E+04 1.025590E+04 5.488568E+04 1.397890E+02 8.327434E+01 0.000000E+00 0.000000E+00 0.000000E+00 5.468327E+04 5.367743E+04 2.229750E+04 1.665487E+04 1.595083E+02 0.000000E+00
9.460000E-01 3.790697E+04 1.020241E+04 5.480443E+04 1.397890E+02 8.335764E+01 0.000000E+00 0.000000E+00 0.000000E+00 5.460224E+04 5.359212E+04 2.226523E+04 1.667153E+04 1.592774E+02 0.000000E+00
9.470000E-01 3.783806E+04 1.014917E+04 5.472329E+04 1.397890E+02 8.344094E+01 0.000000E+00 0.000000E+00 0.000000E+00 5.452131E+04 5.350703E+04 2.223259E+04 1.668819E+04 1.590440E+02 0.000000E+00
9.480000E-01 3.776883E+04 1.009631E+04 5.464228E+04 1.397890E+02 8.352424E+01 0.000000E+00 0.000000E+00 0.000000E+00 5.444049E+04 5.342220E+04 2.219974E+04 1.670485E+04 1.588090E+02 0.000000E+00
9.490000E-01 3.769936E+04 1.004399E+04 5.456138E+04 1.397890E+02 8.360754E+01 0.000000E+00 0.000000E+00 0.000000E+00 5.435979E+04 5.333763E+04 2.216683E+04 1.672151E+04 1.585736E+02 0.000000E+00
9.500000E-01 3.762968E+04 9.992360E+03 5.448060E+04 1.397890E+02 8.369084E+01 0.000000E+00 0.000000E+00 0.000000E+00 5.427920E+04 5.325337E+04 2.213404E+04 1.673817E+04 1.583390E+02 0.000000E+00
9.510000E-01 3.755985E+04 9.941552E+03 5.439994E+04 1.397890E+02 8.377414E+01 0.000000E+00 0.000000E+00 0.000000E+00 5.419872E+04 5.316943E+04 2.210150E+04 1.675483E+04 1.581062E+02 0.000000E+00
9.520000E-01 3.748993E+04 9.891694E+03 5.431940E+04 1.397890E+02 8.385744E+01 0.000000E+00 0.000000E+00 0.000000E+00 5.411835E+04 5.308584E+04 2.206936E+04 1.677149E+04 1.578763E+02 0.000000E+00
9.530000E-01 3.741997E+04 9.842985E+03 5.423897E+04 1.397890E+02 8.394074E+01 0.000000E+00 0.000000E+00 0.000000E+00 5.403810E+04 5.300262E+04 2.203783E+04 1.678815E+04 1.576507E+02 0.000000E+00
9.540000E-01 3.735003E+04 9.795528E+03 5.415866E+04 1.397890E+02 8.402404E+01 0.000000E+00 0.000000E+00 0.000000E+00 5.395796E+04 5.291978E+04 2.200704E+04 1.680481E+04 1.574304E+02 0.000000E+00
9.550000E-01 3.728017E+04 9.749414E+03 5.407847E+04 1.397890E+02 8.410734E+01 0.000000E+00 0.000000E+00 0.000000E+00 5.387793E+04 5.283735E+04 2.197709E+04 1.682147E+04 1.572162E+02 0.000000E+00
9.560000E-01 3.721043E+04 9.704751E+03 5.399840E+04 1.397890E+02 8.419064E+01 0.000000E+00 0.000000E+00 0.000000E+00 5.379801E+04 5.275535E+04 2.194813E+04 1.683813E+04 1.570090E+02 0.000000E+00
9.570000E-01 3.714089E+04 9.661642E+03 5.391844E+04 1.397890E+02 8.427394E+01 0.000000E+00 0.000000E+00 0.000000E+00 5.371821E+04 5.267379E+04 2.192027E+04 1.685479E+04 1.568097E+02 0.000000E+00
9.580000E-01 3.707159E+04 9.620381E+03 5.383860E+04 1.397890E+02 8.435724E+01 0.000000E+00 0.000000E+00 0.000000E+00 5.363852E+04 5.259269E+04 2.189384E+04 1.687145E+04 1.566207E+02 0.000000E+00
9.590000E-01 3.700259E+04 9.580885E+03 5.375888E+04 1.397890E+02 8.444054E+01 0.000000E+00 0.000000E+00 0.000000E+00 5.355895E+04 5.251207E+04 2.186878E+04 1.688811E+04 1.564414E+02 0.000000E+00
9.600000E-01 3.693394E+04 9.543237E+03 5.367927E+04 1.397890E+02 8.452384E+01 0.000000E+00 0.000000E+00 0.000000E+00 5.347949E+04 5.243193E+04 2.184520E+04 1.690477E+04 1.562727E+02 0.000000E+00
9.610000E-01 3.686570E+04 9.507504E+03 5.359977E+04 1.397890E+02 8.460714E+01 0.000000E+00 0.000000E+00 0.000000E+00 5.340014E+04 5.235228E+04 2.182321E+04 1.692143E+04 1.561154E+02 0.000000E+00
9.620000E-01 3.679793E+04 9.473830E+03 5.352040E+04 1.397890E+02 8.469044E+01 0.000000E+00 0.000000E+00 0.000000E+00 5.332091E+04 5.227314E+04 2.180296E+04 1.693809E+04 1.559706E+02 0.000000E+00
9.630000E-01 3.673066E+04 9.442398E+03 5.344114E+04 1.397890E+02 8.477374E+01 0.000000E+00 0.000000E+00 0.000000E+00 5.324180E+04 5.219451E+04 2.178469E+04 1.695475E+04 1.558399E+02 0.000000E+00
9.640000E-01 3.666396E+04 9.413070E+03 5.336199E+04 1.397890E+02 8.485704E+01 0.000000E+00 0.000000E+00 0.000000E+00 5.316280E+04 5.211640E+04 2.176829E+04 1.697141E+04 1.557225E+02 0.000000E+00
9.650000E-01 3.659786E+04 9.385886E+03 5.328296E+04 1.397890E+02 8.494034E+01 0.000000E+00 0.000000E+00 0.000000E+00 5.308392E+04 5.203881E+04 2.175382E+04 1.698807E+04 1.556190E+02 0.000000E+00
9.660000E-01 3.653241E+04 9.360871E+03 5.320405E+04 1.397890E+02 8.502364E+01 0.000000E+00 0.000000E+00 0.000000E+00 5.300515E+04 5.196173E+04 2.174135E+04 1.700473E+04 1.555298E+02 0.000000E+00
9.670000E-01 3.646765E+04 9.338227E+03 5.312525E+04 1.397890E+02 8.510694E+01 0.000000E+00 0.000000E+00 0.000000E+00 5.292651E+04 5.188518E+04 2.173111E+04 1.702139E+04 1.554565E+02 0.000000E+00
9.680000E-01 3.640362E+04 9.317928E+03 5.304656E+04 1.397890E+02 8.519024E+01 0.000000E+00 0.000000E+00 0.000000E+00 5.284798E+04 5.180915E+04 2.172311E+04 1.703805E+04 1.553993E+02 0.000000E+00
9.690000E-01 3.634036E+04 9.299839E+03 5.296799E+04 1.397890E+02 8.527354E+01 0.000000E+00 0.000000E+00 0.000000E+00 5.276956E+04 5.173363E+04 2.171725E+04 1.705471E+04 1.553574E+02 0.000000E+00
9.700000E-01 3.627790E+04 9.283956E+03 5.288954E+04 1.397890E+02 8.535684E+01 0.000000E+00 0.000000E+00 0.000000E+00 5.269127E+04 5.165862E+04 2.171356E+04 1.707137E+04 1.553310E+02 0.000000E+00
9.710000E-01 3.621626E+04 9.270256E+03 5.281120E+04 1.397890E+02 8.544014E+01 0.000000E+00 0.000000E+00 0.000000E+00 5.261310E+04 5.158411E+04 2.171206E+04 1.708803E+04 1.553203E+02 0.000000E+00
9.720000E-01 3.615548E+04 9.258997E+03 5.273297E+04 1.397890E+02 8.552344E+01 0.000000E+00 0.000000E+00 0.000000E+00 5.253504E+04 5.151009E+04 2.171303E+04 1.710469E+04 1.553272E+02 0.000000E+00
9.730000E-01 3.609558E+04 9.249910E+03 5.265486E+04 1.397890E+02 8.560674E+01 0.000000E+00 0.000000E+00 0.000000E+00 5.245710E+04 5.143655E+04 2.171623E+04 1.712135E+04 1.553501E+02 0.000000E+00
9.740000E-01 3.603657E+04 9.242901E+03 5.257686E+04 1.397890E+02 8.569004E+01 0.000000E+00 0.000000E+00 0.000000E+00 5.237929E+04 5.136348E+04 2.172161E+04 1.713801E+04 1.553886E+02 0.000000E+00
9.750000E-01 3.597847E+04 9.237922E+03 5.249898E+04 1.397890E+02 8.577334E+01 0.000000E+00 0.000000E+00 0.000000E+00 5.230159E+04 5.129087E+04 2.172914E+04 1.715467E+04 1.554425E+02 0.000000E+00
9.760000E-01 3.592130E+04 9.234959E+03 5.242121E+04 1.397890E+02 8.585664E+01 0.000000E+00 0.000000E+00 0.000000E+00 5.222401E+04 5.121868E+04 2.173885E+04 1.717133E+04 1.555119E+02 0.000000E+00
9.770000E-01 3.586505E+04 9.234152E+03 5.234355E+04 1.397890E+02 8.593994E+01 0.000000E+00 0.000000E+00 0.000000E+00 5.214656E+04 5.114692E+04 2.175090E+04 1.718799E+04 1.555981E+02 0.000000E+00
9.780000E-01 3.580974E+04 9.235163E+03 5.226601E+04 1.397890E+02 8.602324E+01 0.000000E+00 0.000000E+00 0.000000E+00 5.206922E+04 5.107556E+04 2.176498E+04 1.720465E+04 1.556989E+02 0.000000E+00
9.790000E-01 3.575537E+04 9.237907E+03 5.218858E+04 1.397890E+02 8.610654E+01 0.000000E+00 0.000000E+00 0.000000E+00 5.199201E+04 5.100458E+04 2.178104E+04 1.722131E+04 1.558137E+02 0.000000E+00
9.800000E-01 3.570193E+04 9.242301E+03 5.211127E+04 1.397890E+02 8.618984E+01 0.000000E+00 0.000000E+00 0.000000E+00 5.191492E+04 5.093395E+04 2.179901E+04 1.723797E+04 1.559423E+02 0.000000E+00
9.810000E-01 3.564942E+04 9.248365E+03 5.203407E+04 1.397890E+02 8.627314E+01 0.000000E+00 0.000000E+00 0.000000E+00 5.183795E+04 5.086367E+04 2.181894E+04 1.725463E+04 1.560849E+02 0.000000E+00
9.820000E-01 3.559782E+04 9.256019E+03 5.195698E+04 1.397890E+02 8.635644E+01 0.000000E+00 0.000000E+00 0.000000E+00 5.176110E+04 5.079370E+04 2.184078E+04 1.727129E+04 1.562411E+02 0.000000E+00
9.830000E-01 3.554713E+04 9.265012E+03 5.188001E+04 1.397890E+02 8.643974E+01 0.000000E+00 0.000000E+00 0.000000E+00 5.168437E+04 5.072402E+04 2.186428E+04 1.728795E+04 1.564092E+02 0.000000E+00
9.840000E-01 3.549732E+04 9.275233E+03 5.180315E+04 1.397890E+02 8.652304E+01 0.000000E+00 0.000000E+00 0.000000E+00 5.160776E+04 5.065461E+04 2.188936E+04 1.730461E+04 1.565886E+02 0.000000E+00
9.850000E-01 3.544837E+04 9.286578E+03 5.172640E+04 1.397890E+02 8.660634E+01 0.000000E+00 0.000000E+00 0.000000E+00 5.153127E+04 5.058544E+04 2.191593E+04 1.732127E+04 1.567787E+02 0.000000E+00
9.860000E-01 3.540027E+04 9.299073E+03 5.164977E+04 1.397890E+02 8.668964E+01 0.000000E+00 0.000000E+00 0.000000E+00 5.145491E+04 5.051649E+04 2.194403E+04 1.733793E+04 1.569797E+02 0.000000E+00
9.870000E-01 3.535298E+04 9.312496E+03 5.157325E+04 1.397890E+02 8.677294E+01 0.000000E+00 0.000000E+00 0.000000E+00 5.137867E+04 5.044773E+04 2.197345E+04 1.735459E+04 1.571902E+02 0.000000E+00
9.880000E-01 3.530647E+04 9.326678E+03 5.149684E+04 1.397890E+02 8.685624E+01 0.000000E+00 0.000000E+00 0.000000E+00 5.130254E+04 5.037914E+04 2.200404E+04 1.737125E+04 1.574090E+02 0.000000E+00
9.890000E-01 3.526072E+04 9.341503E+03 5.142055E+04 1.397890E+02 8.693954E+01 0.000000E+00 0.000000E+00 0.000000E+00 5.122654E+04 5.031069E+04 2.203568E+04 1.738791E+04 1.576353E+02 0.000000E+00
9.900000E-01 3.521568E+04 9.356858E+03 5.134437E+04 1.397890E+02 8.702284E+01 0.000000E+00 0.000000E+00 0.000000E+00 5.115066E+04 5.024235E+04 2.206827E+04 1.740457E+04 1.578685E+02 0.000000E+00
9.910000E-01 3.517133E+04 9.372740E+03 5.126830E+04 1.397890E+02 8.710614E+01 0.000000E+00 0.000000E+00 0.000000E+00 5.107491E+04 5.017410E+04 2.210182E+04 1.742123E+04 1.581085E+02 0.000000E+00
9.920000E-01 3.512762E+04 9.388899E+03 5.119235E+04 1.397890E+02 8.718944E+01 0.000000E+00 0.000000E+00 0.000000E+00 5.099927E+04 5.010593E+04 2.213607E+04 1.743789E+04 1.583535E+02 0.000000E+00
9.930000E-01 3.508451E+04 9.405227E+03 5.111651E+04 1.397890E+02 8.727274E+01 0.000000E+00 0.000000E+00 0.000000E+00 5.092375E+04 5.003779E+04 2.217093E+04 1.745455E+04 1.586028E+02 0.000000E+00
9.940000E-01 3.504197E+04 9.421617E+03 5.104078E+04 1.397890E+02 8.735604E+01 0.000000E+00 0.000000E+00 0.000000E+00 5.084835E+04 4.996968E+04 2.220627E+04 1.747121E+04 1.588557E+02 0.000000E+00
9.950000E-01 3.499994E+04 9.437981E+03 5.096516E+04 1.397890E+02 8.743934E+01 0.000000E+00 0.000000E+00 0.000000E+00 5.077307E+04 4.990156E+04 2.224202E+04 1.748787E+04 1.591114E+02 0.000000E+00
9.960000E-01 3.495839E+04 9.454221E+03 5.088966E+04 1.397890E+02 8.752264E+01 0.000000E+00 0.000000E+00 0.000000E+00 5.069791E+04 4.983342E+04 2.227807E+04 1.750453E+04 1.593693E+02 0.000000E+00
9.970000E-01 3.491726E+04 9.470206E+03 5.081427E+04 1.397890E+02 8.760594E+01 0.000000E+00 0.000000E+00 0.000000E+00 5.062287E+04 4.976524E+04 2.231429E+04 1.752119E+04 1.596284E+02 0.000000E+00
9.980000E-01 3.487653E+04 9.485850E+03 5.073899E+04 1.397890E+02 8.768924E+01 0.000000E+00 0.000000E+00 0.000000E+00 5.054795E+04 4.969700E+04 2.235058E+04 1.753785E+04 1.598880E+02 0.000000E+00
9.990000E-01 3.483613E+04 9.501072E+03 5.066383E+04 1.397890E+02 8.777254E+01 0.000000E+00 0.000000E+00 0.000000E+00 5.047314E+04 4.962868E+04 2.238686E+04 1.755451E+04 1.601475E+02 0.000000E+00
1.000000E+00 3.479603E+04 9.515783E+03 5.058877E+04 1.397890E+02 8.785584E+01 0.000000E+00 0.000000E+00 0.000000E+00 5.039845E+04 4.956026E+04 2.242302E+04 1.757117E+04 1.604062E+02 0.000000E+00
1.001000E+00 3.475974E+04 9.765174E+03 5.051383E+04 1.397890E+02 8.793914E+01 0.000000E+00 0.000000E+00 0.000000E+00 5.032389E+04 4.949497E+04 2.969518E+04 1.758783E+04 2.124287E+02 0.000000E+00
1.002000E+00 3.473104E+04 1.003900E+04 5.043901E+04 1.397890E+02 8.802244E+01 0.000000E+00 0.000000E+00 0.000000E+00 5.024945E+04 4.943592E+04 2.999708E+04 1.760449E+04 2.145884E+02 0.000000E+00
1.003000E+00 3.471040E+04 1.033772E+04 5.036429E+04 1.397890E+02 8.810574E+01 0.000000E+00 0.000000E+00 0.000000E+00 5.017515E+04 4.938287E+04 3.032865E+04 1.762115E+04 2.169603E+02 0.000000E+00
1.004000E+00 3.469824E+04 1.066186E+04 5.028969E+04 1.397890E+02 8.818904E+01 0.000000E+00 0.000000E+00 0.000000E+00 5.010100E+04 4.933563E+04 3.069076E+04 1.763781E+04 2.195507E+02 0.000000E+00
1.005000E+00 3.469498E+04 1.101318E+04 5.021520E+04 1.397890E+02 8.827234E+01 0.000000E+00 0.000000E+00 0.000000E+00 5.002701E+04 4.929400E+04 3.108559E+04 1.765447E+04 2.223751E+02 0.000000E+00
1.006000E+00 3.470099E+04 1.139420E+04 5.014082E+04 1.397890E+02 8.835564E+01 0.000000E+00 0.000000E+00 0.000000E+00 4.995317E+04 4.925782E+04 3.151611E+04 1.767113E+04 2.254550E+02 0.000000E+00
1.007000E+00 3.471663E+04 1.180195E+04 5.006656E+04 1.397890E+02 8.843894E+01 0.000000E+00 0.000000E+00 0.000000E+00 4.987951E+04 4.922690E+04 3.197970E+04 1.768779E+04 2.287713E+02 0.000000E+00
1.008000E+00 3.474223E+04 1.223663E+04 4.999241E+04 1.397890E+02 8.852224E+01 0.000000E+00 0.000000E+00 0.000000E+00 4.980603E+04 4.920107E+04 3.247703E+04 1.770445E+04 2.323290E+02 0.000000E+00
1.009000E+00 3.477808E+04 1.269853E+04 4.991838E+04 1.397890E+02 8.860554E+01 0.000000E+00 0.000000E+00 0.000000E+00 4.973273E+04 4.918016E+04 3.300875E+04 1.772111E+04 2.361327E+02 0.000000E+00
1.010000E+00 3.482446E+04 1.319080E+04 4.984446E+04 1.397890E+02 8.868884E+01 0.000000E+00 0.000000E+00 0.000000E+00 4.965962E+04 4.916401E+04 3.357846E+04 1.773777E+04 2.402082E+02 0.000000E+00
1.011000E+00 3.488164E+04 1.371286E+04 4.977066E+04 1.397890E+02 8.877214E+01 0.000000E+00 0.000000E+00 0.000000E+00 4.958670E+04 4.915246E+04 3.418605E+04 1.775443E+04 2.445547E+02 0.000000E+00
1.012000E+00 3.494985E+04 1.426258E+04 4.969698E+04 1.397890E+02 8.885544E+01 0.000000E+00 0.000000E+00 0.000000E+00 4.951399E+04 4.914536E+04 3.482975E+04 1.777109E+04 2.491595E+02 0.000000E+00
1.013000E+00 3.502929E+04 1.483988E+04 4.962342E+04 1.397890E+02 8.893874E+01 0.000000E+00 0.000000E+00 0.000000E+00 4.944149E+04 4.914253E+04 3.550997E+04 1.778775E+04 2.540256E+02 0.000000E+00
1.014000E+00 3.512013E+04 1.544478E+04 4.954997E+04 1.397890E+02 8.902204E+01 0.000000E+00 0.000000E+00 0.000000E+00 4.936920E+04 4.914381E+04 3.622707E+04 1.780441E+04 2.591555E+02 0.000000E+00
1.015000E+00 3.522253E+04 1.608190E+04 4.947665E+04 1.397890E+02 8.910534E+01 0.000000E+00 0.000000E+00 0.000000E+00 4.929713E+04 4.914905E+04 3.698614E+04 1.782107E+04 2.645856E+02 0.000000E+00
1.016000E+00 3.533664E+04 1.674706E+04 4.940345E+04 1.397890E+02 8.918864E+01 0.000000E+00 0.000000E+00 0.000000E+00 4.922528E+04 4.915808E+04 3.778348E+04 1.783773E+04 2.702894E+02 0.000000E+00
1.017000E+00 3.546257E+04 1.743932E+04 4.933037E+04 1.397890E+02 8.927194E+01 0.000000E+00 0.000000E+00 0.000000E+00 4.915366E+04 4.917075E+04 3.861846E+04 1.785439E+04 2.762626E+02 0.000000E+00
1.018000E+00 3.560039E+04 1.815830E+04 4.925742E+04 1.397890E+02 8.935524E+01 0.000000E+00 0.000000E+00 0.000000E+00 4.908228E+04 4.918688E+04 3.949120E+04 1.787105E+04 2.825059E+02 0.000000E+00
1.019000E+00 3.575016E+04 1.890443E+04 4.918459E+04 1.397890E+02 8.943854E+01 0.000000E+00 0.000000E+00 0.000000E+00 4.901113E+04 4.920628E+04 4.040254E+04 1.788771E+04 2.890253E+02 0.000000E+00
1.020000E+00 3.591192E+04 1.968142E+04 4.911189E+04 1.397890E+02 8.952184E+01 0.000000E+00 0.000000E+00 0.000000E+00 4.894022E+04 4.922881E+04 4.135648E+04 1.790437E+04 2.958494E+02 0.000000E+00
1.021000E+00 3.608570E+04 2.048385E+04 4.903931E+04 1.397890E+02 8.960514E+01 0.000000E+00 0.000000E+00 0.000000E+00 4.886956E+04 4.925429E+04 4.234809E+04 1.792103E+04 3.029430E+02 0.000000E+00
1.022000E+00 3.627146E+04 2.131125E+04 4.896687E+04 1.397890E+02 8.968844E+01 0.000000E+00 0.000000E+00 0.000000E+00 4.879915E+04 4.928254E+04 4.337722E+04 1.793769E+04 3.103051E+02 0.000000E+00
1.023000E+00 3.646917E+04 2.216294E+04 4.889455E+04 1.397890E+02 8.977174E+01 0.000000E+00 0.000000E+00 0.000000E+00 4.872898E+04 4.931337E+04 4.444365E+04 1.795435E+04 3.179339E+02 0.000000E+00
1.024000E+00 3.667876E+04 2.304062E+04 4.882237E+04 1.397890E+02 8.985504E+01 0.000000E+00 0.000000E+00 0.000000E+00 4.865908E+04 4.934659E+04 4.554943E+04 1.797101E+04 3.258442E+02 0.000000E+00
1.025000E+00 3.690015E+04 2.394442E+04 4.875033E+04 1.397890E+02 8.993834E+01 0.000000E+00 0.000000E+00 0.000000E+00 4.858943E+04 4.938203E+04 4.669492E+04 1.798767E+04 3.340387E+02 0.000000E+00
1.026000E+00 3.713323E+04 2.487031E+04 4.867841E+04 1.397890E+02 9.002164E+01 0.000000E+00 0.000000E+00 0.000000E+00 4.852004E+04 4.941949E+04 4.787657E+04 1.800433E+04 3.424918E+02 0.000000E+00
1.027000E+00 3.737790E+04 2.581755E+04 4.860665E+04 1.397890E+02 9.010494E+01 -1.419435E-02 0.000000E+00 -1.419435E-02 4.845313E+04 4.946086E+04 4.909389E+04 1.802099E+04 3.512000E+02 0.000000E+00
1.028000E+00 3.763435E+04 2.678521E+04 4.853514E+04 1.397889E+02 9.018824E+01 -1.216024E-01 0.000000E+00 -1.216024E-01 4.840037E+04 4.951683E+04 5.034631E+04 1.803765E+04 3.601596E+02 0.000000E+00
1.029000E+00 3.790309E+04 2.777593E+04 4.846409E+04 1.397887E+02 9.027154E+01 -3.336121E-01 0.000000E+00 -3.336121E-01 4.836496E+04 4.959038E+04 5.163680E+04 1.805431E+04 3.693918E+02 0.000000E+00
1.030000E+00 3.818458E+04 2.878654E+04 4.839371E+04 1.397882E+02 9.035484E+01 -6.551242E-01 0.000000E+00 -6.551242E-01 4.834652E+04 4.968104E+04 5.296233E+04 1.807097E+04 3.788756E+02 0.000000E+00
1.031000E+00 3.847925E+04 2.981442E+04 4.832420E+04 1.397873E+02 9.043814E+01 -1.084706E+00 0.000000E+00 -1.084706E+00 4.834614E+04 4.978984E+04 5.432067E+04 1.808763E+04 3.885951E+02 0.000000E+00
1.032000E+00 3.878746E+04 3.085850E+04 4.825580E+04 1.397860E+02 9.052144E+01 -1.625199E+00 0.000000E+00 -1.625199E+00 4.836376E+04 4.991669E+04 5.571097E+04 1.810429E+04 3.985448E+02 0.000000E+00
1.033000E+00 3.910953E+04 3.191776E+04 4.818872E+04 1.397840E+02 9.060474E+01 -2.276513E+00 0.000000E+00 -2.276513E+00 4.839994E+04 5.006207E+04 5.713235E+04 1.812095E+04 4.087186E+02 0.000000E+00
1.034000E+00 3.944575E+04 3.299532E+04 4.812317E+04 1.397814E+02 9.068804E+01 -3.040339E+00 0.000000E+00 -3.040339E+00 4.845494E+04 5.022618E+04 5.858823E+04 1.813761E+04 4.191418E+02 0.000000E+00
1.035000E+00 3.979636E+04 3.408547E+04 4.805939E+04 1.397779E+02 9.077134E+01 -3.917037E+00 0.000000E+00 -3.917037E+00 4.852917E+04 5.040932E+04 6.007297E+04 1.815427E+04 4.297743E+02 0.000000E+00
1.036000E+00 4.016152E+04 3.518688E+04 4.799759E+04 1.397735E+02 9.085464E+01 -4.907583E+00 0.000000E+00 -4.907583E+00 4.862294E+04 5.061167E+04 6.158549E+04 1.817093E+04 4.406091E+02 0.000000E+00
1.037000E+00 4.054138E+04 3.629832E+04 4.793800E+04 1.397681E+02 9.093794E+01 -6.012341E+00 0.000000E+00 -6.012341E+00 4.873658E+04 5.083340E+04 6.312467E+04 1.818759E+04 4.516387E+02 0.000000E+00
1.038000E+00 4.093603E+04 3.741964E+04 4.788084E+04 1.397615E+02 9.102124E+01 -7.231865E+00 0.000000E+00 -7.231865E+00 4.887036E+04 5.107464E+04 6.469039E+04 1.820425E+04 4.628629E+02 0.000000E+00
1.039000E+00 4.134554E+04 3.855085E+04 4.782634E+04 1.397536E+02 9.110454E+01 -8.566416E+00 0.000000E+00 -8.566416E+00 4.902456E+04 5.133548E+04 6.628284E+04 1.822091E+04 4.742837E+02 0.000000E+00
1.040000E+00 4.176990E+04 3.968791E+04 4.777473E+04 1.397443E+02 9.118784E+01 -1.001622E+01 0.000000E+00 -1.001622E+01 4.919945E+04 5.161600E+04 6.789800E+04 1.823757E+04 4.858731E+02 0.000000E+00
1.041000E+00 4.220909E+04 4.082942E+04 4.772623E+04 1.397335E+02 9.127114E+01 -1.158129E+01 0.000000E+00 -1.158129E+01 4.939525E+04 5.191621E+04 6.953454E+04 1.825423E+04 4.976225E+02 0.000000E+00
1.042000E+00 4.266302E+04 4.197403E+04 4.768106E+04 1.397211E+02 9.135444E+01 -1.326155E+01 0.000000E+00 -1.326155E+01 4.961218E+04 5.223612E+04 7.119112E+04 1.827089E+04 5.095231E+02 0.000000E+00
1.043000E+00 4.313158E+04 4.312200E+04 4.763945E+04 1.397069E+02 9.143774E+01 -1.505676E+01 0.000000E+00 -1.505676E+01 4.985040E+04 5.257567E+04 7.286794E+04 1.828755E+04 5.215771E+02 0.000000E+00
1.044000E+00 4.361464E+04 4.427121E+04 4.760162E+04 1.396909E+02 9.152104E+01 -1.696659E+01 0.000000E+00 -1.696659E+01 5.011011E+04 5.293484E+04 7.456291E+04 1.830421E+04 5.337705E+02 0.000000E+00
1.045000E+00 4.411200E+04 4.541903E+04 4.756780E+04 1.396730E+02 9.160434E+01 -1.899053E+01 0.000000E+00 -1.899053E+01 5.039145E+04 5.331352E+04 7.627334E+04 1.832087E+04 5.460852E+02 0.000000E+00
1.046000E+00 4.462343E+04 4.656410E+04 4.753821E+04 1.396529E+02 9.168764E+01 -2.112796E+01 0.000000E+00 -2.112796E+01 5.069452E+04 5.371162E+04 7.799774E+04 1.833753E+04 5.585114E+02 0.000000E+00
1.047000E+00 4.514869E+04 4.770499E+04 4.751306E+04 1.396307E+02 9.177094E+01 -2.337808E+01 0.000000E+00 -2.337808E+01 5.101944E+04 5.412898E+04 7.973464E+04 1.835419E+04 5.710396E+02 0.000000E+00
1.048000E+00 4.568747E+04 4.884183E+04 4.749257E+04 1.396061E+02 9.185424E+01 -2.573999E+01 0.000000E+00 -2.573999E+01 5.136627E+04 5.456545E+04 8.148398E+04 1.837085E+04 5.836705E+02 0.000000E+00
1.049000E+00 4.623948E+04 4.997164E+04 4.747696E+04 1.395792E+02 9.193754E+01 -2.821266E+01 0.000000E+00 -2.821266E+01 5.173507E+04 5.502087E+04 8.324267E+04 1.838751E+04 5.963832E+02 0.000000E+00
1.050000E+00 4.680436E+04 5.109279E+04 4.746644E+04 1.395497E+02 9.202084E+01 -3.079489E+01 0.000000E+00 -3.079489E+01 5.212586E+04 5.549502E+04 8.500891E+04 1.840417E+04 6.091660E+02 0.000000E+00
1.051000E+00 4.738172E+04 5.220394E+04 4.746121E+04 1.395175E+02 9.210414E+01 -3.348536E+01 0.000000E+00 -3.348536E+01 5.253865E+04 5.598768E+04 8.678115E+04 1.842083E+04 6.220089E+02 0.000000E+00
1.052000E+00 4.797119E+04 5.330387E+04 4.746149E+04 1.394827E+02 9.218744E+01 -3.628262E+01 0.000000E+00 -3.628262E+01 5.297342E+04 5.649862E+04 8.855796E+04 1.843749E+04 6.349030E+02 0.000000E+00
1.053000E+00 4.857232E+04 5.439166E+04 4.746748E+04 1.394449E+02 9.227074E+01 -3.918510E+01 0.000000E+00 -3.918510E+01 5.343011E+04 5.702759E+04 9.033815E+04 1.845415E+04 6.478410E+02 0.000000E+00
1.054000E+00 4.918468E+04 5.546515E+04 4.747938E+04 1.394043E+02 9.235404E+01 -4.219107E+01 0.000000E+00 -4.219107E+01 5.390867E+04 5.757431E+04 9.211934E+04 1.847081E+04 6.608072E+02 0.000000E+00
1.055000E+00 4.980780E+04 5.652309E+04 4.749737E+04 1.393605E+02 9.243734E+01 -4.529871E+01 0.000000E+00 -4.529871E+01 5.440900E+04 5.813850E+04 9.389997E+04 1.848747E+04 6.737918E+02 0.000000E+00
1.056000E+00 5.044119E+04 5.756426E+04 4.752166E+04 1.393136E+02 9.252064E+01 -4.850604E+01 0.000000E+00 -4.850604E+01 5.493099E+04 5.871984E+04 9.567853E+04 1.850413E+04 6.867852E+02 0.000000E+00
1.057000E+00 5.108437E+04 5.858737E+04 4.755244E+04 1.392635E+02 9.260394E+01 -5.181099E+01 0.000000E+00 -5.181099E+01 5.547449E+04 5.931805E+04 9.745340E+04 1.852079E+04 6.997772E+02 0.000000E+00
1.058000E+00 5.173680E+04 5.959100E+04 4.758987E+04 1.392100E+02 9.268724E+01 -5.521136E+01 0.000000E+00 -5.521136E+01 5.603935E+04 5.993278E+04 9.922282E+04 1.853745E+04 7.127566E+02 0.000000E+00
1.059000E+00 5.239796E+04 6.057405E+04 4.763415E+04 1.391530E+02 9.277054E+01 -5.870484E+01 0.000000E+00 -5.870484E+01 5.662539E+04 6.056370E+04 1.009853E+05 1.855411E+04 7.257143E+02 0.000000E+00
1.060000E+00 5.306732E+04 6.153548E+04 4.768544E+04 1.390925E+02 9.285384E+01 -6.228900E+01 0.000000E+00 -6.228900E+01 5.723239E+04 6.121045E+04 1.027395E+05 1.857077E+04 7.386416E+02 0.000000E+00
1.061000E+00 5.374432E+04 6.247425E+04 4.774391E+04 1.390284E+02 9.293714E+01 -6.596133E+01 0.000000E+00 -6.596133E+01 5.786013E+04 6.187270E+04 1.044840E+05 1.858743E+04 7.515295E+02 0.000000E+00
1.062000E+00 5.442842E+04 6.338855E+04 4.780972E+04 1.389606E+02 9.302044E+01 -6.971919E+01 0.000000E+00 -6.971919E+01 5.850838E+04 6.255006E+04 1.062164E+05 1.860409E+04 7.643635E+02 0.000000E+00
1.063000E+00 5.511904E+04 6.427771E+04 4.788303E+04 1.388889E+02 9.310374E+01 -7.355986E+01 0.000000E+00 -7.355986E+01 5.917685E+04 6.324217E+04 1.079358E+05 1.862075E+04 7.771371E+02 0.000000E+00
1.064000E+00 5.581562E+04 6.514114E+04 4.796399E+04 1.388134E+02 9.318704E+01 -7.748052E+01 0.000000E+00 -7.748052E+01 5.986526E+04 6.394864E+04 1.096410E+05 1.863741E+04 7.898445E+02 0.000000E+00
1.065000E+00 5.651759E+04 6.597804E+04 4.805275E+04 1.387340E+02 9.327034E+01 -8.147828E+01 0.000000E+00 -8.147828E+01 6.057330E+04 6.466910E+04 1.113309E+05 1.865407E+04 8.024778E+02 0.000000E+00
1.066000E+00 5.722439E+04 6.678763E+04 4.814943E+04 1.386505E+02 9.335364E+01 -8.555018E+01 0.000000E+00 -8.555018E+01 6.130065E+04 6.540314E+04 1.130042E+05 1.867073E+04 8.150297E+02 0.000000E+00
1.067000E+00 5.793546E+04 6.756727E+04 4.825419E+04 1.385628E+02 9.343694E+01 -8.969315E+01 0.000000E+00 -8.969315E+01 6.204697E+04 6.615038E+04 1.146578E+05 1.868739E+04 8.274788E+02 0.000000E+00
1.068000E+00 5.865021E+04 6.831803E+04 4.836713E+04 1.384710E+02 9.352024E+01 -9.390406E+01 0.000000E+00 -9.390406E+01 6.281189E+04 6.691041E+04 1.162922E+05 1.870405E+04 8.398308E+02 0.000000E+00
1.069000E+00 5.936809E+04 6.903931E+04 4.848839E+04 1.383750E+02 9.360354E+01 -9.817974E+01 0.000000E+00 -9.817974E+01 6.359504E+04 6.768282E+04 1.179065E+05 1.872071E+04 8.520793E+02 0.000000E+00
1.070000E+00 6.008855E+04 6.973064E+04 4.861806E+04 1.382747E+02 9.368684E+01 -1.025170E+02 0.000000E+00 -1.025170E+02 6.439603E+04 6.846724E+04 1.194995E+05 1.873737E+04 8.642182E+02 0.000000E+00
1.071000E+00 6.081105E+04 7.039083E+04 4.875627E+04 1.381700E+02 9.377014E+01 -1.069124E+02 0.000000E+00 -1.069124E+02 6.521445E+04 6.926324E+04 1.210696E+05 1.875403E+04 8.762366E+02 0.000000E+00
1.072000E+00 6.153504E+04 7.101827E+04 4.890310E+04 1.380608E+02 9.385344E+01 -1.113628E+02 0.000000E+00 -1.113628E+02 6.604989E+04 7.007041E+04 1.226147E+05 1.877069E+04 8.881207E+02 0.000000E+00
1.073000E+00 6.225999E+04 7.161441E+04 4.905866E+04 1.379472E+02 9.393674E+01 -1.158647E+02 0.000000E+00 -1.158647E+02 6.690191E+04 7.088836E+04 1.241356E+05 1.878735E+04 8.998779E+02 0.000000E+00
1.074000E+00 6.298538E+04 7.217894E+04 4.922302E+04 1.378291E+02 9.402004E+01 -1.204147E+02 0.000000E+00 -1.204147E+02 6.777006E+04 7.171668E+04 1.256317E+05 1.880401E+04 9.115036E+02 0.000000E+00
1.075000E+00 6.371072E+04 7.271171E+04 4.939627E+04 1.377064E+02 9.410334E+01 -1.250095E+02 0.000000E+00 -1.250095E+02 6.865390E+04 7.255497E+04 1.271021E+05 1.882067E+04 9.229938E+02 0.000000E+00
1.076000E+00 6.443552E+04 7.321087E+04 4.957847E+04 1.375790E+02 9.418664E+01 -1.296455E+02 0.000000E+00 -1.296455E+02 6.955297E+04 7.340283E+04 1.285446E+05 1.883733E+04 9.343325E+02 0.000000E+00
1.077000E+00 6.515928E+04 7.367667E+04 4.976969E+04 1.374471E+02 9.426994E+01 -1.343193E+02 0.000000E+00 -1.343193E+02 7.046677E+04 7.425987E+04 1.299588E+05 1.885399E+04 9.455187E+02 0.000000E+00
1.078000E+00 6.588156E+04 7.411039E+04 4.996999E+04 1.373104E+02 9.435324E+01 -1.390274E+02 0.000000E+00 -1.390274E+02 7.139485E+04 7.512568E+04 1.313454E+05 1.887065E+04 9.565584E+02 0.000000E+00
1.079000E+00 6.660191E+04 7.451202E+04 5.017942E+04 1.371690E+02 9.443654E+01 -1.437663E+02 0.000000E+00 -1.437663E+02 7.233670E+04 7.599990E+04 1.327041E+05 1.888731E+04 9.674493E+02 0.000000E+00
1.080000E+00 6.731991E+04 7.488174E+04 5.039802E+04 1.370229E+02 9.451984E+01 -1.485327E+02 0.000000E+00 -1.485327E+02 7.329183E+04 7.688212E+04 1.340343E+05 1.890397E+04 9.781890E+02 0.000000E+00
1.081000E+00 6.803515E+04 7.521698E+04 5.062583E+04 1.368719E+02 9.460314E+01 -1.533230E+02 0.000000E+00 -1.533230E+02 7.425976E+04 7.777197E+04 1.353330E+05 1.892063E+04 9.887563E+02 0.000000E+00
1.082000E+00 6.874723E+04 7.552018E+04 5.086288E+04 1.367162E+02 9.468644E+01 -1.581338E+02 0.000000E+00 -1.581338E+02 7.523996E+04 7.866908E+04 1.366022E+05 1.893729E+04 9.991658E+02 0.000000E+00
1.083000E+00 6.945580E+04 7.579211E+04 5.110919E+04 1.365557E+02 9.476974E+01 -1.629617E+02 0.000000E+00 -1.629617E+02 7.623194E+04 7.957308E+04 1.378420E+05 1.895395E+04 1.009420E+03 0.000000E+00
1.084000E+00 7.016050E+04 7.603308E+04 5.136477E+04 1.363903E+02 9.485304E+01 -1.678033E+02 0.000000E+00 -1.678033E+02 7.723519E+04 8.048362E+04 1.390524E+05 1.897061E+04 1.019518E+03 0.000000E+00
1.085000E+00 7.086103E+04 7.624307E+04 5.162964E+04 1.362201E+02 9.493634E+01 -1.726553E+02 0.000000E+00 -1.726553E+02 7.824920E+04 8.140033E+04 1.402328E+05 1.898727E+04 1.029458E+03 0.000000E+00
1.086000E+00 7.155705E+04 7.642027E+04 5.190380E+04 1.360450E+02 9.501964E+01 -1.775143E+02 0.000000E+00 -1.775143E+02 7.927345E+04 8.232287E+04 1.413808E+05 1.900393E+04 1.039221E+03 0.000000E+00
1.087000E+00 7.224829E+04 7.656787E+04 5.218724E+04 1.358650E+02 9.510294E+01 -1.823771E+02 0.000000E+00 -1.823771E+02 8.030744E+04 8.325091E+04 1.424992E+05 1.902059E+04 1.048830E+03 0.000000E+00
1.088000E+00 7.293449E+04 7.668646E+04 5.247995E+04 1.356802E+02 9.518624E+01 -1.872405E+02 0.000000E+00 -1.872405E+02 8.135067E+04 8.418410E+04 1.435882E+05 1.903725E+04 1.058284E+03 0.000000E+00
1.089000E+00 7.361541E+04 7.677659E+04 5.278192E+04 1.354905E+02 9.526954E+01 -1.921013E+02 0.000000E+00 -1.921013E+02 8.240261E+04 8.512213E+04 1.446478E+05 1.905391E+04 1.067586E+03 0.000000E+00
1.090000E+00 7.429084E+04 7.683764E+04 5.309312E+04 1.352960E+02 9.535284E+01 -1.969564E+02 0.000000E+00 -1.969564E+02 8.346279E+04 8.606470E+04 1.456769E+05 1.907057E+04 1.076727E+03 0.000000E+00
1.091000E+00 7.496058E+04 7.686988E+04 5.341353E+04 1.350966E+02 9.543614E+01 -2.018027E+02 0.000000E+00 -2.018027E+02 8.453068E+04 8.701147E+04 1.466754E+05 1.908723E+04 1.085707E+03 0.000000E+00
1.092000E+00 7.562444E+04 7.687574E+04 5.374310E+04 1.348924E+02 9.551944E+01 -2.066374E+02 0.000000E+00 -2.066374E+02 8.560580E+04 8.796216E+04 1.476453E+05 1.910389E+04 1.094541E+03 0.000000E+00
1.093000E+00 7.628229E+04 7.685599E+04 5.408180E+04 1.346834E+02 9.560274E+01 -2.114574E+02 0.000000E+00 -2.114574E+02 8.668765E+04 8.891648E+04 1.485869E+05 1.912055E+04 1.103231E+03 0.000000E+00
1.094000E+00 7.693399E+04 7.681137E+04 5.442958E+04 1.344695E+02 9.568604E+01 -2.162600E+02 0.000000E+00 -2.162600E+02 8.777577E+04 8.987414E+04 1.495006E+05 1.913721E+04 1.111781E+03 0.000000E+00
1.095000E+00 7.757944E+04 7.674079E+04 5.478639E+04 1.342509E+02 9.576934E+01 -2.210423E+02 0.000000E+00 -2.210423E+02 8.886965E+04 9.083489E+04 1.503849E+05 1.915387E+04 1.120178E+03 0.000000E+00
1.096000E+00 7.821853E+04 7.664630E+04 5.515217E+04 1.340274E+02 9.585264E+01 -2.258018E+02 0.000000E+00 -2.258018E+02 8.996885E+04 9.179843E+04 1.512415E+05 1.917053E+04 1.128437E+03 0.000000E+00
1.097000E+00 7.885121E+04 7.652951E+04 5.552685E+04 1.337993E+02 9.593594E+01 -2.305358E+02 0.000000E+00 -2.305358E+02 9.107289E+04 9.276453E+04 1.520717E+05 1.918719E+04 1.136566E+03 0.000000E+00
1.098000E+00 7.947743E+04 7.639131E+04 5.591038E+04 1.335664E+02 9.601924E+01 -2.352419E+02 0.000000E+00 -2.352419E+02 9.218132E+04 9.373293E+04 1.528759E+05 1.920385E+04 1.144569E+03 0.000000E+00
1.099000E+00 8.009717E+04 7.623255E+04 5.630267E+04 1.333288E+02 9.610254E+01 -2.399175E+02 0.000000E+00 -2.399175E+02 9.329369E+04 9.470341E+04 1.536548E+05 1.922051E+04 1.152450E+03 0.000000E+00
1.100000E+00 8.071040E+04 7.605188E+04 5.670366E+04 1.330865E+02 9.618584E+01 -2.445603E+02 0.000000E+00 -2.445603E+02 9.440958E+04 9.567572E+04 1.544066E+05 1.923717E+04 1.160197E+03 0.000000E+00
1.101000E+00 8.131714E+04 7.585260E+04 5.711325E+04 1.328397E+02 9.626914E+01 -2.491682E+02 0.000000E+00 -2.491682E+02 9.552854E+04 9.664965E+04 1.551344E+05 1.925383E+04 1.167832E+03 0.000000E+00
1.102000E+00 8.191741E+04 7.563558E+04 5.753137E+04 1.325882E+02 9.635244E+01 -2.537389E+02 0.000000E+00 -2.537389E+02 9.665017E+04 9.762497E+04 1.558387E+05 1.927049E+04 1.175359E+03 0.000000E+00
1.103000E+00 8.251125E+04 7.540176E+04 5.795792E+04 1.323322E+02 9.643574E+01 -2.582704E+02 0.000000E+00 -2.582704E+02 9.777406E+04 9.860148E+04 1.565203E+05 1.928715E+04 1.182783E+03 0.000000E+00
1.104000E+00 8.309872E+04 7.515149E+04 5.839281E+04 1.320717E+02 9.651904E+01 -2.627606E+02 0.000000E+00 -2.627606E+02 9.889980E+04 9.957898E+04 1.571792E+05 1.930381E+04 1.190105E+03 0.000000E+00
1.105000E+00 8.367990E+04 7.488500E+04 5.883595E+04 1.318067E+02 9.660234E+01 -2.672078E+02 0.000000E+00 -2.672078E+02 1.000270E+05 1.005573E+05 1.578154E+05 1.932047E+04 1.197325E+03 0.000000E+00
1.106000E+00 8.425485E+04 7.460457E+04 5.928722E+04 1.315373E+02 9.668564E+01 -2.716101E+02 0.000000E+00 -2.716101E+02 1.011553E+05 1.015362E+05 1.584311E+05 1.933713E+04 1.204457E+03 0.000000E+00
1.107000E+00 8.482369E+04 7.431106E+04 5.974654E+04 1.312635E+02 9.676894E+01 -2.759659E+02 0.000000E+00 -2.759659E+02 1.022844E+05 1.025155E+05 1.590268E+05 1.935379E+04 1.211508E+03 0.000000E+00
1.108000E+00 8.538652E+04 7.400537E+04 6.021378E+04 1.309854E+02 9.685224E+01 -2.802734E+02 0.000000E+00 -2.802734E+02 1.034138E+05 1.034951E+05 1.596032E+05 1.937045E+04 1.218481E+03 0.000000E+00
1.109000E+00 8.594347E+04 7.368759E+04 6.068884E+04 1.307030E+02 9.693554E+01 -2.845313E+02 0.000000E+00 -2.845313E+02 1.045433E+05 1.044748E+05 1.601603E+05 1.938711E+04 1.225376E+03 0.000000E+00
1.110000E+00 8.649466E+04 7.335890E+04 6.117161E+04 1.304163E+02 9.701884E+01 -2.887381E+02 0.000000E+00 -2.887381E+02 1.056724E+05 1.054543E+05 1.606992E+05 1.940377E+04 1.232201E+03 0.000000E+00
1.111000E+00 8.704022E+04 7.302074E+04 6.166197E+04 1.301255E+02 9.710214E+01 -2.928925E+02 0.000000E+00 -2.928925E+02 1.068010E+05 1.064337E+05 1.612210E+05 1.942043E+04 1.238965E+03 0.000000E+00
1.112000E+00 8.758032E+04 7.267389E+04 6.215981E+04 1.298306E+02 9.718544E+01 -2.969931E+02 0.000000E+00 -2.969931E+02 1.079287E+05 1.074127E+05 1.617264E+05 1.943709E+04 1.245673E+03 0.000000E+00
1.113000E+00 8.811510E+04 7.231915E+04 6.266500E+04 1.295316E+02 9.726874E+01 -3.010387E+02 0.000000E+00 -3.010387E+02 1.090552E+05 1.083912E+05 1.622162E+05 1.945375E+04 1.252330E+03 0.000000E+00
1.114000E+00 8.864472E+04 7.195660E+04 6.317742E+04 1.292285E+02 9.735204E+01 -3.050285E+02 0.000000E+00 -3.050285E+02 1.101801E+05 1.093690E+05 1.626903E+05 1.947041E+04 1.258935E+03 0.000000E+00
1.115000E+00 8.916935E+04 7.158770E+04 6.369695E+04 1.289215E+02 9.743534E+01 -3.089611E+02 0.000000E+00 -3.089611E+02 1.113033E+05 1.103460E+05 1.631501E+05 1.948707E+04 1.265500E+03 0.000000E+00
1.116000E+00 8.968915E+04 7.121328E+04 6.422346E+04 1.286106E+02 9.751864E+01 -3.128359E+02 0.000000E+00 -3.128359E+02 1.124244E+05 1.113221E+05 1.635963E+05 1.950373E+04 1.272028E+03 0.000000E+00
1.117000E+00 9.020429E+04 7.083401E+04 6.475682E+04 1.282959E+02 9.760194E+01 -3.166519E+02 0.000000E+00 -3.166519E+02 1.135433E+05 1.122970E+05 1.640295E+05 1.952039E+04 1.278526E+03 0.000000E+00
1.118000E+00 9.071495E+04 7.045052E+04 6.529691E+04 1.279773E+02 9.768524E+01 -3.204083E+02 0.000000E+00 -3.204083E+02 1.146595E+05 1.132707E+05 1.644503E+05 1.953705E+04 1.284996E+03 0.000000E+00
1.119000E+00 9.122129E+04 7.006318E+04 6.584360E+04 1.276551E+02 9.776854E+01 -3.241045E+02 0.000000E+00 -3.241045E+02 1.157730E+05 1.142431E+05 1.648591E+05 1.955371E+04 1.291442E+03 0.000000E+00
1.120000E+00 9.172349E+04 6.967302E+04 6.639675E+04 1.273291E+02 9.785184E+01 -3.277398E+02 0.000000E+00 -3.277398E+02 1.168835E+05 1.152140E+05 1.652567E+05 1.957037E+04 1.297870E+03 0.000000E+00
1.121000E+00 9.222172E+04 6.928059E+04 6.695624E+04 1.269996E+02 9.793514E+01 -3.313136E+02 0.000000E+00 -3.313136E+02 1.179908E+05 1.161833E+05 1.656438E+05 1.958703E+04 1.304286E+03 0.000000E+00
1.122000E+00 9.271614E+04 6.888641E+04 6.752192E+04 1.266665E+02 9.801844E+01 -3.348254E+02 0.000000E+00 -3.348254E+02 1.190946E+05 1.171508E+05 1.660208E+05 1.960369E+04 1.310692E+03 0.000000E+00
1.123000E+00 9.320693E+04 6.849097E+04 6.809368E+04 1.263300E+02 9.810174E+01 -3.382748E+02 0.000000E+00 -3.382748E+02 1.201949E+05 1.181165E+05 1.663883E+05 1.962035E+04 1.317093E+03 0.000000E+00
1.124000E+00 9.369425E+04 6.809481E+04 6.867136E+04 1.259900E+02 9.818504E+01 -3.416614E+02 0.000000E+00 -3.416614E+02 1.212913E+05 1.190801E+05 1.667467E+05 1.963701E+04 1.323491E+03 0.000000E+00
1.125000E+00 9.417824E+04 6.769839E+04 6.925485E+04 1.256467E+02 9.826834E+01 -3.449848E+02 0.000000E+00 -3.449848E+02 1.223836E+05 1.200417E+05 1.670965E+05 1.965367E+04 1.329892E+03 0.000000E+00
1.126000E+00 9.465907E+04 6.730212E+04 6.984399E+04 1.253001E+02 9.835164E+01 -3.482448E+02 0.000000E+00 -3.482448E+02 1.234719E+05 1.210009E+05 1.674381E+05 1.967033E+04 1.336297E+03 0.000000E+00
1.127000E+00 9.513688E+04 6.690634E+04 7.043867E+04 1.249502E+02 9.843494E+01 -3.514412E+02 0.000000E+00 -3.514412E+02 1.245557E+05 1.219578E+05 1.677720E+05 1.968699E+04 1.342711E+03 0.000000E+00
1.128000E+00 9.561181E+04 6.651157E+04 7.103874E+04 1.245972E+02 9.851824E+01 -3.545737E+02 0.000000E+00 -3.545737E+02 1.256351E+05 1.229122E+05 1.680986E+05 1.970365E+04 1.349136E+03 0.000000E+00
1.129000E+00 9.608400E+04 6.611807E+04 7.164406E+04 1.242411E+02 9.860154E+01 -3.576422E+02 0.000000E+00 -3.576422E+02 1.267098E+05 1.238639E+05 1.684182E+05 1.972031E+04 1.355576E+03 0.000000E+00
1.130000E+00 9.655355E+04 6.572602E+04 7.225451E+04 1.238819E+02 9.868484E+01 -3.606466E+02 0.000000E+00 -3.606466E+02 1.277797E+05 1.248129E+05 1.687311E+05 1.973697E+04 1.362031E+03 0.000000E+00
1.131000E+00 9.702060E+04 6.533567E+04 7.286994E+04 1.235198E+02 9.876814E+01 -3.635869E+02 0.000000E+00 -3.635869E+02 1.288446E+05 1.257589E+05 1.690375E+05 1.975363E+04 1.368505E+03 0.000000E+00
1.132000E+00 9.748525E+04 6.494721E+04 7.349022E+04 1.231548E+02 9.885144E+01 -3.664629E+02 0.000000E+00 -3.664629E+02 1.299044E+05 1.267018E+05 1.693376E+05 1.977029E+04 1.374998E+03 0.000000E+00
1.133000E+00 9.794760E+04 6.456123E+04 7.411522E+04 1.227869E+02 9.893474E+01 -3.692747E+02 0.000000E+00 -3.692747E+02 1.309590E+05 1.276416E+05 1.696322E+05 1.978695E+04 1.381517E+03 0.000000E+00
1.134000E+00 9.840774E+04 6.417750E+04 7.474480E+04 1.224163E+02 9.901804E+01 -3.720223E+02 0.000000E+00 -3.720223E+02 1.320083E+05 1.285781E+05 1.699209E+05 1.980361E+04 1.388059E+03 0.000000E+00
1.135000E+00 9.886574E+04 6.379613E+04 7.537883E+04 1.220429E+02 9.910134E+01 -3.747057E+02 0.000000E+00 -3.747057E+02 1.330521E+05 1.295110E+05 1.702041E+05 1.982027E+04 1.394625E+03 0.000000E+00
1.136000E+00 9.932168E+04 6.341721E+04 7.601716E+04 1.216669E+02 9.918464E+01 -3.773251E+02 0.000000E+00 -3.773251E+02 1.340903E+05 1.304404E+05 1.704817E+05 1.983693E+04 1.401217E+03 0.000000E+00
1.137000E+00 9.977561E+04 6.304094E+04 7.665968E+04 1.212883E+02 9.926794E+01 -3.798804E+02 0.000000E+00 -3.798804E+02 1.351227E+05 1.313659E+05 1.707541E+05 1.985359E+04 1.407837E+03 0.000000E+00
1.138000E+00 1.002276E+05 6.266758E+04 7.730624E+04 1.209071E+02 9.935124E+01 -3.823719E+02 0.000000E+00 -3.823719E+02 1.361494E+05 1.322876E+05 1.710215E+05 1.987025E+04 1.414487E+03 0.000000E+00
1.139000E+00 1.006777E+05 6.229679E+04 7.795671E+04 1.205235E+02 9.943454E+01 -3.847996E+02 0.000000E+00 -3.847996E+02 1.371701E+05 1.332052E+05 1.712837E+05 1.988691E+04 1.421164E+03 0.000000E+00
1.140000E+00 1.011258E+05 6.192858E+04 7.861096E+04 1.201376E+02 9.951784E+01 -3.871637E+02 0.000000E+00 -3.871637E+02 1.381847E+05 1.341186E+05 1.715408E+05 1.990357E+04 1.427870E+03 0.000000E+00
1.141000E+00 1.015722E+05 6.156290E+04 7.926886E+04 1.197492E+02 9.960114E+01 -3.894644E+02 0.000000E+00 -3.894644E+02 1.391932E+05 1.350276E+05 1.717927E+05 1.992023E+04 1.434604E+03 0.000000E+00
1.142000E+00 1.020166E+05 6.120001E+04 7.993027E+04 1.193586E+02 9.968444E+01 -3.917017E+02 0.000000E+00 -3.917017E+02 1.401954E+05 1.359321E+05 1.720397E+05 1.993689E+04 1.441368E+03 0.000000E+00
1.143000E+00 1.024592E+05 6.083977E+04 8.059506E+04 1.189659E+02 9.976774E+01 -3.938758E+02 0.000000E+00 -3.938758E+02 1.411912E+05 1.368319E+05 1.722818E+05 1.995355E+04 1.448162E+03 0.000000E+00
1.144000E+00 1.028999E+05 6.048187E+04 8.126311E+04 1.185709E+02 9.985104E+01 -3.959870E+02 0.000000E+00 -3.959870E+02 1.421806E+05 1.377269E+05 1.725187E+05 1.997021E+04 1.454984E+03 0.000000E+00
1.145000E+00 1.033388E+05 6.012625E+04 8.193429E+04 1.181739E+02 9.993434E+01 -3.980353E+02 0.000000E+00 -3.980353E+02 1.431634E+05 1.386169E+05 1.727504E+05 1.998687E+04 1.461832E+03 0.000000E+00
1.146000E+00 1.037757E+05 5.977278E+04 8.260846E+04 1.177749E+02 1.000176E+02 -4.000210E+02 0.000000E+00 -4.000210E+02 1.441396E+05 1.395018E+05 1.729768E+05 2.000353E+04 1.468707E+03 0.000000E+00
1.147000E+00 1.042107E+05 5.942174E+04 8.328549E+04 1.173739E+02 1.001009E+02 -4.019443E+02 0.000000E+00 -4.019443E+02 1.451090E+05 1.403813E+05 1.731982E+05 2.002019E+04 1.475611E+03 0.000000E+00
1.148000E+00 1.046436E+05 5.907267E+04 8.396526E+04 1.169710E+02 1.001842E+02 -4.038053E+02 0.000000E+00 -4.038053E+02 1.460715E+05 1.412554E+05 1.734142E+05 2.003685E+04 1.482540E+03 0.000000E+00
1.149000E+00 1.050746E+05 5.872537E+04 8.464765E+04 1.165663E+02 1.002675E+02 -4.056042E+02 0.000000E+00 -4.056042E+02 1.470270E+05 1.421239E+05 1.736246E+05 2.005351E+04 1.489492E+03 0.000000E+00
1.150000E+00 1.055034E+05 5.837972E+04 8.533251E+04 1.161598E+02 1.003508E+02 -4.073413E+02 0.000000E+00 -4.073413E+02 1.479755E+05 1.429866E+05 1.738294E+05 2.007017E+04 1.496467E+03 0.000000E+00
1.151000E+00 1.059300E+05 5.803563E+04 8.601974E+04 1.157516E+02 1.004341E+02 -4.090166E+02 0.000000E+00 -4.090166E+02 1.489168E+05 1.438433E+05 1.740285E+05 2.008683E+04 1.503465E+03 0.000000E+00
1.152000E+00 1.063543E+05 5.769318E+04 8.670919E+04 1.153418E+02 1.005174E+02 -4.106303E+02 0.000000E+00 -4.106303E+02 1.498509E+05 1.446940E+05 1.742220E+05 2.010349E+04 1.510484E+03 0.000000E+00
1.153000E+00 1.067763E+05 5.735192E+04 8.740075E+04 1.149304E+02 1.006007E+02 -4.121827E+02 0.000000E+00 -4.121827E+02 1.507776E+05 1.455384E+05 1.744095E+05 2.012015E+04 1.517523E+03 0.000000E+00
1.154000E+00 1.071959E+05 5.701172E+04 8.809429E+04 1.145175E+02 1.006840E+02 -4.136740E+02 0.000000E+00 -4.136740E+02 1.516969E+05 1.463764E+05 1.745909E+05 2.013681E+04 1.524579E+03 0.000000E+00
1.155000E+00 1.076129E+05 5.667243E+04 8.878969E+04 1.141031E+02 1.007673E+02 -4.151042E+02 0.000000E+00 -4.151042E+02 1.526086E+05 1.472079E+05 1.747660E+05 2.015347E+04 1.531651E+03 0.000000E+00
1.156000E+00 1.080274E+05 5.633401E+04 8.948682E+04 1.136873E+02 1.008506E+02 -4.164735E+02 0.000000E+00 -4.164735E+02 1.535127E+05 1.480326E+05 1.749349E+05 2.017013E+04 1.538738E+03 0.000000E+00
1.157000E+00 1.084391E+05 5.599633E+04 9.018556E+04 1.132701E+02 1.009339E+02 -4.177822E+02 0.000000E+00 -4.177822E+02 1.544090E+05 1.488505E+05 1.750975E+05 2.018679E+04 1.545840E+03 0.000000E+00
1.158000E+00 1.088480E+05 5.565913E+04 9.088578E+04 1.128517E+02 1.010172E+02 -4.190304E+02 0.000000E+00 -4.190304E+02 1.552975E+05 1.496613E+05 1.752535E+05 2.020345E+04 1.552954E+03 0.000000E+00
1.159000E+00 1.092539E+05 5.532229E+04 9.158737E+04 1.124321E+02 1.011005E+02 -4.202182E+02 0.000000E+00 -4.202182E+02 1.561780E+05 1.504650E+05 1.754028E+05 2.022011E+04 1.560077E+03 0.000000E+00
1.160000E+00 1.096568E+05 5.498569E+04 9.229021E+04 1.120113E+02 1.011838E+02 -4.213459E+02 0.000000E+00 -4.213459E+02 1.570506E+05 1.512614E+05 1.755452E+05 2.023677E+04 1.567210E+03 0.000000E+00
1.161000E+00 1.100565E+05 5.464930E+04 9.299416E+04 1.115894E+02 1.012671E+02 -4.224135E+02 0.000000E+00 -4.224135E+02 1.579150E+05 1.520504E+05 1.756809E+05 2.025343E+04 1.574351E+03 0.000000E+00
1.162000E+00 1.104530E+05 5.431294E+04 9.369912E+04 1.111665E+02 1.013504E+02 -4.234212E+02 0.000000E+00 -4.234212E+02 1.587712E+05 1.528318E+05 1.758096E+05 2.027009E+04 1.581498E+03 0.000000E+00
1.163000E+00 1.108461E+05 5.397651E+04 9.440495E+04 1.107426E+02 1.014337E+02 -4.243692E+02 0.000000E+00 -4.243692E+02 1.596190E+05 1.536056E+05 1.759312E+05 2.028675E+04 1.588650E+03 0.000000E+00
1.164000E+00 1.112357E+05 5.363991E+04 9.511155E+04 1.103178E+02 1.015170E+02 -4.252577E+02 0.000000E+00 -4.252577E+02 1.604585E+05 1.543714E+05 1.760457E+05 2.030341E+04 1.595805E+03 0.000000E+00
1.165000E+00 1.116216E+05 5.330308E+04 9.581879E+04 1.098921E+02 1.016003E+02 -4.260868E+02 0.000000E+00 -4.260868E+02 1.612894E+05 1.551294E+05 1.761530E+05 2.032007E+04 1.602963E+03 0.000000E+00
1.166000E+00 1.120039E+05 5.296596E+04 9.652655E+04 1.094656E+02 1.016836E+02 -4.268567E+02 0.000000E+00 -4.268567E+02 1.621118E+05 1.558792E+05 1.762530E+05 2.033673E+04 1.610122E+03 0.000000E+00
1.167000E+00 1.123823E+05 5.262849E+04 9.723472E+04 1.090384E+02 1.017669E+02 -4.275675E+02 0.000000E+00 -4.275675E+02 1.629255E+05 1.566209E+05 1.763457E+05 2.035339E+04 1.617281E+03 0.000000E+00
1.168000E+00 1.127567E+05 5.229063E+04 9.794317E+04 1.086105E+02 1.018502E+02 -4.282195E+02 0.000000E+00 -4.282195E+02 1.637303E+05 1.573543E+05 1.764311E+05 2.037005E+04 1.624438E+03 0.000000E+00
1.169000E+00 1.131271E+05 5.195235E+04 9.865180E+04 1.081820E+02 1.019335E+02 -4.288127E+02 0.000000E+00 -4.288127E+02 1.645263E+05 1.580793E+05 1.765091E+05 2.038671E+04 1.631594E+03 0.000000E+00
1.170000E+00 1.134933E+05 5.161364E+04 9.936048E+04 1.077529E+02 1.020168E+02 -4.293475E+02 0.000000E+00 -4.293475E+02 1.653134E+05 1.587957E+05 1.765798E+05 2.040337E+04 1.638747E+03 0.000000E+00
1.171000E+00 1.138553E+05 5.127446E+04 1.000691E+05 1.073233E+02 1.021001E+02 -4.298239E+02 0.000000E+00 -4.298239E+02 1.660914E+05 1.595036E+05 1.766430E+05 2.042003E+04 1.645896E+03 0.000000E+00
1.172000E+00 1.142129E+05 5.093486E+04 1.007775E+05 1.068933E+02 1.021834E+02 -4.302422E+02 0.000000E+00 -4.302422E+02 1.668603E+05 1.602028E+05 1.766990E+05 2.043669E+04 1.653041E+03 0.000000E+00
1.173000E+00 1.145660E+05 5.059487E+04 1.014857E+05 1.064629E+02 1.022667E+02 -4.306025E+02 0.000000E+00 -4.306025E+02 1.676199E+05 1.608931E+05 1.767476E+05 2.045335E+04 1.660181E+03 0.000000E+00
1.174000E+00 1.149146E+05 5.025452E+04 1.021934E+05 1.060321E+02 1.023500E+02 -4.309051E+02 0.000000E+00 -4.309051E+02 1.683703E+05 1.615747E+05 1.767890E+05 2.047001E+04 1.667316E+03 0.000000E+00
1.175000E+00 1.152586E+05 4.991381E+04 1.029006E+05 1.056011E+02 1.024333E+02 -4.311503E+02 0.000000E+00 -4.311503E+02 1.691113E+05 1.622473E+05 1.768232E+05 2.048667E+04 1.674445E+03 0.000000E+00
1.176000E+00 1.155979E+05 4.957282E+04 1.036072E+05 1.051698E+02 1.025166E+02 -4.313382E+02 0.000000E+00 -4.313382E+02 1.698428E+05 1.629109E+05 1.768502E+05 2.050333E+04 1.681568E+03 0.000000E+00
1.177000E+00 1.159323E+05 4.923165E+04 1.043130E+05 1.047384E+02 1.025999E+02 -4.314691E+02 0.000000E+00 -4.314691E+02 1.705648E+05 1.635654E+05 1.768702E+05 2.051999E+04 1.688685E+03 0.000000E+00
1.178000E+00 1.162619E+05 4.889038E+04 1.050180E+05 1.043069E+02 1.026832E+02 -4.315433E+02 0.000000E+00 -4.315433E+02 1.712773E+05 1.642109E+05 1.768833E+05 2.053665E+04 1.695796E+03 0.000000E+00
1.179000E+00 1.165866E+05 4.854912E+04 1.057220E+05 1.038753E+02 1.027665E+02 -4.315611E+02 0.000000E+00 -4.315611E+02 1.719800E+05 1.648471E+05 1.768895E+05 2.055331E+04 1.702902E+03 0.000000E+00
1.180000E+00 1.169063E+05 4.820787E+04 1.064249E+05 1.034438E+02 1.028498E+02 -4.315226E+02 0.000000E+00 -4.315226E+02 1.726730E+05 1.654741E+05 1.768890E+05 2.056997E+04 1.710001E+03 0.000000E+00
1.181000E+00 1.172210E+05 4.786682E+04 1.071267E+05 1.030123E+02 1.029331E+02 -4.314283E+02 0.000000E+00 -4.314283E+02 1.733563E+05 1.660919E+05 1.768819E+05 2.058663E+04 1.717094E+03 0.000000E+00
1.182000E+00 1.175306E+05 4.752610E+04 1.078271E+05 1.025810E+02 1.030164E+02 -4.312785E+02 0.000000E+00 -4.312785E+02 1.740296E+05 1.667003E+05 1.768683E+05 2.060329E+04 1.724183E+03 0.000000E+00
1.183000E+00 1.178350E+05 4.718584E+04 1.085261E+05 1.021498E+02 1.030997E+02 -4.310735E+02 0.000000E+00 -4.310735E+02 1.746931E+05 1.672995E+05 1.768485E+05 2.061995E+04 1.731267E+03 0.000000E+00
1.184000E+00 1.181343E+05 4.684614E+04 1.092236E+05 1.017188E+02 1.031830E+02 -4.308137E+02 0.000000E+00 -4.308137E+02 1.753466E+05 1.678893E+05 1.768226E+05 2.063661E+04 1.738347E+03 0.000000E+00
1.185000E+00 1.184284E+05 4.650712E+04 1.099195E+05 1.012882E+02 1.032663E+02 -4.304993E+02 0.000000E+00 -4.304993E+02 1.759901E+05 1.684697E+05 1.767907E+05 2.065327E+04 1.745423E+03 0.000000E+00
1.186000E+00 1.187173E+05 4.616897E+04 1.106137E+05 1.008579E+02 1.033496E+02 -4.301309E+02 0.000000E+00 -4.301309E+02 1.766236E+05 1.690407E+05 1.767530E+05 2.066993E+04 1.752496E+03 0.000000E+00
1.187000E+00 1.190009E+05 4.583184E+04 1.113060E+05 1.004279E+02 1.034329E+02 -4.297089E+02 0.000000E+00 -4.297089E+02 1.772469E+05 1.696023E+05 1.767097E+05 2.068659E+04 1.759567E+03 0.000000E+00
1.188000E+00 1.192793E+05 4.549587E+04 1.119964E+05 9.999845E+01 1.035162E+02 -4.292335E+02 0.000000E+00 -4.292335E+02 1.778601E+05 1.701545E+05 1.766610E+05 2.070325E+04 1.766638E+03 0.000000E+00
1.189000E+00 1.195524E+05 4.516120E+04 1.126848E+05 9.956948E+01 1.035995E+02 -4.287054E+02 0.000000E+00 -4.287054E+02 1.784632E+05 1.706973E+05 1.766071E+05 2.071991E+04 1.773708E+03 0.000000E+00
1.190000E+00 1.198203E+05 4.482802E+04 1.133710E+05 9.914106E+01 1.036828E+02 -4.281250E+02 0.000000E+00 -4.281250E+02 1.790561E+05 1.712307E+05 1.765483E+05 2.073657E+04 1.780778E+03 0.000000E+00
1.191000E+00 1.200829E+05 4.449647E+04 1.140550E+05 9.871325E+01 1.037661E+02 -4.274927E+02 0.000000E+00 -4.274927E+02 1.796387E+05 1.717547E+05 1.764846E+05 2.075323E+04 1.787851E+03 0.000000E+00
1.192000E+00 1.203403E+05 4.416671E+04 1.147366E+05 9.828609E+01 1.038494E+02 -4.268090E+02 0.000000E+00 -4.268090E+02 1.802111E+05 1.722694E+05 1.764163E+05 2.076989E+04 1.794926E+03 0.000000E+00
1.193000E+00 1.205924E+05 4.383887E+04 1.154158E+05 9.785965E+01 1.039327E+02 -4.260745E+02 0.000000E+00 -4.260745E+02 1.807732E+05 1.727746E+05 1.763436E+05 2.078655E+04 1.802005E+03 0.000000E+00
1.194000E+00 1.208393E+05 4.351317E+04 1.160925E+05 9.743396E+01 1.040160E+02 -4.252896E+02 0.000000E+00 -4.252896E+02 1.813251E+05 1.732706E+05 1.762668E+05 2.080321E+04 1.809090E+03 0.000000E+00
1.195000E+00 1.210810E+05 4.318974E+04 1.167665E+05 9.700908E+01 1.040993E+02 -4.244550E+02 0.000000E+00 -4.244550E+02 1.818666E+05 1.737571E+05 1.761860E+05 2.081987E+04 1.816180E+03 0.000000E+00
1.196000E+00 1.213175E+05 4.286870E+04 1.174378E+05 9.658507E+01 1.041826E+02 -4.235713E+02 0.000000E+00 -4.235713E+02 1.823979E+05 1.742344E+05 1.761014E+05 2.083653E+04 1.823278E+03 0.000000E+00
1.197000E+00 1.215489E+05 4.255019E+04 1.181064E+05 9.616196E+01 1.042659E+02 -4.226389E+02 0.000000E+00 -4.226389E+02 1.829189E+05 1.747025E+05 1.760133E+05 2.085319E+04 1.830384E+03 0.000000E+00
1.198000E+00 1.217752E+05 4.223433E+04 1.187720E+05 9.573980E+01 1.043492E+02 -4.216585E+02 0.000000E+00 -4.216585E+02 1.834296E+05 1.751613E+05 1.759217E+05 2.086985E+04 1.837498E+03 0.000000E+00
1.199000E+00 1.219963E+05 4.192142E+04 1.194345E+05 9.531866E+01 1.044325E+02 -4.206308E+02 0.000000E+00 -4.206308E+02 1.839300E+05 1.756108E+05 1.758271E+05 2.088651E+04 1.844625E+03 0.000000E+00
1.200000E+00 1.222125E+05 4.161144E+04 1.200941E+05 9.489856E+01 1.045158E+02 -4.195562E+02 0.000000E+00 -4.195562E+02 1.844201E+05 1.760513E+05 1.757296E+05 2.090317E+04 1.851762E+03 0.000000E+00
1.201000E+00 1.224237E+05 4.130451E+04 1.207504E+05 9.447956E+01 1.045991E+02 -4.184356E+02 0.000000E+00 -4.184356E+02 1.848999E+05 1.764826E+05 1.756292E+05 2.091983E+04 1.858912E+03 0.000000E+00
1.202000E+00 1.226299E+05 4.100073E+04 1.214035E+05 9.406170E+01 1.046824E+02 -4.172695E+02 0.000000E+00 -4.172695E+02 1.853695E+05 1.769048E+05 1.755262E+05 2.093649E+04 1.866076E+03 0.000000E+00
1.203000E+00 1.228312E+05 4.070026E+04 1.220532E+05 9.364504E+01 1.047657E+02 -4.160586E+02 0.000000E+00 -4.160586E+02 1.858289E+05 1.773179E+05 1.754209E+05 2.095315E+04 1.873253E+03 0.000000E+00
1.204000E+00 1.230276E+05 4.040330E+04 1.226995E+05 9.322960E+01 1.048490E+02 -4.148037E+02 0.000000E+00 -4.148037E+02 1.862780E+05 1.777221E+05 1.753134E+05 2.096981E+04 1.880448E+03 0.000000E+00
1.205000E+00 1.232192E+05 4.010978E+04 1.233423E+05 9.281544E+01 1.049323E+02 -4.135053E+02 0.000000E+00 -4.135053E+02 1.867170E+05 1.781173E+05 1.752038E+05 2.098647E+04 1.887658E+03 0.000000E+00
1.206000E+00 1.234061E+05 3.981979E+04 1.239815E+05 9.240261E+01 1.050156E+02 -4.121642E+02 0.000000E+00 -4.121642E+02 1.871458E+05 1.785036E+05 1.750922E+05 2.100313E+04 1.894884E+03 0.000000E+00
1.207000E+00 1.235882E+05 3.953340E+04 1.246170E+05 9.199113E+01 1.050989E+02 -4.107811E+02 0.000000E+00 -4.107811E+02 1.875645E+05 1.788810E+05 1.749788E+05 2.101979E+04 1.902127E+03 0.000000E+00
1.208000E+00 1.237657E+05 3.925078E+04 1.252488E+05 9.158106E+01 1.051822E+02 -4.093568E+02 0.000000E+00 -4.093568E+02 1.879731E+05 1.792497E+05 1.748639E+05 2.103645E+04 1.909390E+03 0.000000E+00
1.209000E+00 1.239386E+05 3.897199E+04 1.258767E+05 9.117243E+01 1.052655E+02 -4.078919E+02 0.000000E+00 -4.078919E+02 1.883716E+05 1.796095E+05 1.747476E+05 2.105311E+04 1.916671E+03 0.000000E+00
1.210000E+00 1.241069E+05 3.869693E+04 1.265008E+05 9.076529E+01 1.053488E+02 -4.063873E+02 0.000000E+00 -4.063873E+02 1.887601E+05 1.799607E+05 1.746298E+05 2.106977E+04 1.923972E+03 0.000000E+00
1.211000E+00 1.242707E+05 3.842565E+04 1.271209E+05 9.035967E+01 1.054321E+02 -4.048435E+02 0.000000E+00 -4.048435E+02 1.891387E+05 1.803031E+05 1.745107E+05 2.108643E+04 1.931290E+03 0.000000E+00
1.212000E+00 1.244300E+05 3.815817E+04 1.277369E+05 8.995561E+01 1.055154E+02 -4.032614E+02 0.000000E+00 -4.032614E+02 1.895073E+05 1.806370E+05 1.743905E+05 2.110309E+04 1.938628E+03 0.000000E+00
1.213000E+00 1.245849E+05 3.789472E+04 1.283488E+05 8.955316E+01 1.055987E+02 -4.016418E+02 0.000000E+00 -4.016418E+02 1.898661E+05 1.809623E+05 1.742693E+05 2.111975E+04 1.945987E+03 0.000000E+00
1.214000E+00 1.247355E+05 3.763511E+04 1.289566E+05 8.915234E+01 1.056820E+02 -3.999853E+02 0.000000E+00 -3.999853E+02 1.902150E+05 1.812791E+05 1.741471E+05 2.113641E+04 1.953365E+03 0.000000E+00
1.215000E+00 1.248817E+05 3.737931E+04 1.295601E+05 8.875320E+01 1.057653E+02 -3.982928E+02 0.000000E+00 -3.982928E+02 1.905541E+05 1.815874E+05 1.740239E+05 2.115307E+04 1.960762E+03 0.000000E+00
1.216000E+00 1.250236E+05 3.712729E+04 1.301593E+05 8.835577E+01 1.058486E+02 -3.965650E+02 0.000000E+00 -3.965650E+02 1.908835E+05 1.818872E+05 1.738999E+05 2.116973E+04 1.968178E+03 0.000000E+00
1.217000E+00 1.251613E+05 3.687908E+04 1.307541E+05 8.796008E+01 1.059319E+02 -3.948026E+02 0.000000E+00 -3.948026E+02 1.912032E+05 1.821787E+05 1.737750E+05 2.118639E+04 1.975612E+03 0.000000E+00
1.218000E+00 1.252948E+05 3.663480E+04 1.313445E+05 8.756617E+01 1.060152E+02 -3.930063E+02 0.000000E+00 -3.930063E+02 1.915134E+05 1.824619E+05 1.736495E+05 2.120305E+04 1.983066E+03 0.000000E+00
1.219000E+00 1.254242E+05 3.639420E+04 1.319304E+05 8.717408E+01 1.060985E+02 -3.911770E+02 0.000000E+00 -3.911770E+02 1.918139E+05 1.827368E+05 1.735233E+05 2.121971E+04 1.990538E+03 0.000000E+00
1.220000E+00 1.255494E+05 3.615723E+04 1.325118E+05 8.678383E+01 1.061818E+02 -3.893154E+02 0.000000E+00 -3.893154E+02 1.921049E+05 1.830034E+05 1.733963E+05 2.123637E+04 1.998025E+03 0.000000E+00
1.221000E+00 1.256705E+05 3.592386E+04 1.330885E+05 8.639546E+01 1.062651E+02 -3.874222E+02 0.000000E+00 -3.874222E+02 1.923865E+05 1.832619E+05 1.732686E+05 2.125303E+04 2.005529E+03 0.000000E+00
1.222000E+00 1.257876E+05 3.569409E+04 1.336606E+05 8.600900E+01 1.063484E+02 -3.854982E+02 0.000000E+00 -3.854982E+02 1.926587E+05 1.835122E+05 1.731403E+05 2.126969E+04 2.013048E+03 0.000000E+00
1.223000E+00 1.259007E+05 3.546786E+04 1.342279E+05 8.562447E+01 1.064317E+02 -3.835441E+02 0.000000E+00 -3.835441E+02 1.929216E+05 1.837544E+05 1.730113E+05 2.128635E+04 2.020583E+03 0.000000E+00
1.224000E+00 1.260097E+05 3.524500E+04 1.347905E+05 8.524192E+01 1.065150E+02 -3.815605E+02 0.000000E+00 -3.815605E+02 1.931752E+05 1.839885E+05 1.728817E+05 2.130301E+04 2.028130E+03 0.000000E+00
1.225000E+00 1.261148E+05 3.502544E+04 1.353483E+05 8.486136E+01 1.065983E+02 -3.795484E+02 0.000000E+00 -3.795484E+02 1.934196E+05 1.842146E+05 1.727513E+05 2.131967E+04 2.035689E+03 0.000000E+00
1.226000E+00 1.262159E+05 3.480908E+04 1.359012E+05 8.448283E+01 1.066816E+02 -3.775082E+02 0.000000E+00 -3.775082E+02 1.936548E+05 1.844328E+05 1.726202E+05 2.133633E+04 2.043258E+03 0.000000E+00
1.227000E+00 1.263130E+05 3.459592E+04 1.364492E+05 8.410636E+01 1.067649E+02 -3.754408E+02 0.000000E+00 -3.754408E+02 1.938810E+05 1.846429E+05 1.724884E+05 2.135299E+04 2.050837E+03 0.000000E+00
1.228000E+00 1.264063E+05 3.438581E+04 1.369922E+05 8.373196E+01 1.068482E+02 -3.733469E+02 0.000000E+00 -3.733469E+02 1.940981E+05 1.848452E+05 1.723558E+05 2.136965E+04 2.058423E+03 0.000000E+00
1.229000E+00 1.264956E+05 3.417862E+04 1.375302E+05 8.335967E+01 1.069315E+02 -3.712271E+02 0.000000E+00 -3.712271E+02 1.943063E+05 1.850396E+05 1.722224E+05 2.138631E+04 2.066016E+03 0.000000E+00
1.230000E+00 1.265810E+05 3.397426E+04 1.380632E+05 8.298951E+01 1.070148E+02 -3.690821E+02 0.000000E+00 -3.690821E+02 1.945055E+05 1.852262E+05 1.720882E+05 2.140297E+04 2.073614E+03 0.000000E+00
1.231000E+00 1.266626E+05 3.377263E+04 1.385911E+05 8.262151E+01 1.070981E+02 -3.669126E+02 0.000000E+00 -3.669126E+02 1.946959E+05 1.854050E+05 1.719530E+05 2.141963E+04 2.081214E+03 0.000000E+00
1.232000E+00 1.267403E+05 3.357365E+04 1.391138E+05 8.225570E+01 1.071814E+02 -3.647193E+02 0.000000E+00 -3.647193E+02 1.948776E+05 1.855761E+05 1.718170E+05 2.143629E+04 2.088815E+03 0.000000E+00
1.233000E+00 1.268141E+05 3.337718E+04 1.396314E+05 8.189208E+01 1.072647E+02 -3.625028E+02 0.000000E+00 -3.625028E+02 1.950505E+05 1.857394E+05 1.716799E+05 2.145295E+04 2.096416E+03 0.000000E+00
1.234000E+00 1.268840E+05 3.318314E+04 1.401438E+05 8.153070E+01 1.073480E+02 -3.602637E+02 0.000000E+00 -3.602637E+02 1.952148E+05 1.858951E+05 1.715418E+05 2.146961E+04 2.104015E+03 0.000000E+00
1.235000E+00 1.269501E+05 3.299142E+04 1.406509E+05 8.117156E+01 1.074313E+02 -3.580027E+02 0.000000E+00 -3.580027E+02 1.953705E+05 1.860431E+05 1.714026E+05 2.148627E+04 2.111609E+03 0.000000E+00
1.236000E+00 1.270123E+05 3.280192E+04 1.411527E+05 8.081470E+01 1.075146E+02 -3.557204E+02 0.000000E+00 -3.557204E+02 1.955176E+05 1.861835E+05 1.712623E+05 2.150293E+04 2.119198E+03 0.000000E+00
1.237000E+00 1.270706E+05 3.261449E+04 1.416493E+05 8.046013E+01 1.075979E+02 -3.534175E+02 0.000000E+00 -3.534175E+02 1.956563E+05 1.863164E+05 1.711208E+05 2.151959E+04 2.126777E+03 0.000000E+00
1.238000E+00 1.271251E+05 3.242909E+04 1.421404E+05 8.010787E+01 1.076812E+02 -3.510944E+02 0.000000E+00 -3.510944E+02 1.957865E+05 1.864417E+05 1.709780E+05 2.153625E+04 2.134347E+03 0.000000E+00
1.239000E+00 1.271757E+05 3.224564E+04 1.426263E+05 7.975795E+01 1.077645E+02 -3.487519E+02 0.000000E+00 -3.487519E+02 1.959085E+05 1.865595E+05 1.708340E+05 2.155291E+04 2.141905E+03 0.000000E+00
1.240000E+00 1.272224E+05 3.206406E+04 1.431066E+05 7.941037E+01 1.078478E+02 -3.463905E+02 0.000000E+00 -3.463905E+02 1.960221E+05 1.866698E+05 1.706887E+05 2.156957E+04 2.149450E+03 0.000000E+00
1.241000E+00 1.272652E+05 3.188417E+04 1.435816E+05 7.906517E+01 1.079311E+02 -3.440108E+02 0.000000E+00 -3.440108E+02 1.961275E+05 1.867728E+05 1.705419E+05 2.158623E+04 2.156979E+03 0.000000E+00
1.242000E+00 1.273042E+05 3.170589E+04 1.440511E+05 7.872236E+01 1.080144E+02 -3.416133E+02 0.000000E+00 -3.416133E+02 1.962247E+05 1.868683E+05 1.703937E+05 2.160289E+04 2.164489E+03 0.000000E+00
1.243000E+00 1.273392E+05 3.152925E+04 1.445151E+05 7.838195E+01 1.080977E+02 -3.391986E+02 0.000000E+00 -3.391986E+02 1.963138E+05 1.869565E+05 1.702441E+05 2.161955E+04 2.171981E+03 0.000000E+00
1.244000E+00 1.273704E+05 3.135418E+04 1.449736E+05 7.804397E+01 1.081810E+02 -3.367673E+02 0.000000E+00 -3.367673E+02 1.963949E+05 1.870374E+05 1.700931E+05 2.163621E+04 2.179452E+03 0.000000E+00
1.245000E+00 1.273977E+05 3.118064E+04 1.454266E+05 7.770842E+01 1.082643E+02 -3.343199E+02 0.000000E+00 -3.343199E+02 1.964680E+05 1.871110E+05 1.699406E+05 2.165287E+04 2.186901E+03 0.000000E+00
1.246000E+00 1.274211E+05 3.100831E+04 1.458739E+05 7.737533E+01 1.083476E+02 -3.318569E+02 0.000000E+00 -3.318569E+02 1.965331E+05 1.871774E+05 1.697865E+05 2.166953E+04 2.194323E+03 0.000000E+00
1.247000E+00 1.274406E+05 3.083736E+04 1.463157E+05 7.704471E+01 1.084309E+02 -3.293789E+02 0.000000E+00 -3.293789E+02 1.965904E+05 1.872366E+05 1.696308E+05 2.168619E+04 2.201719E+03 0.000000E+00
1.248000E+00 1.274562E+05 3.066778E+04 1.467519E+05 7.671658E+01 1.085142E+02 -3.268864E+02 0.000000E+00 -3.268864E+02 1.966398E+05 1.872887E+05 1.694737E+05 2.170285E+04 2.209088E+03 0.000000E+00
1.249000E+00 1.274678E+05 3.049954E+04 1.471825E+05 7.639095E+01 1.085975E+02 -3.243798E+02 0.000000E+00 -3.243798E+02 1.966815E+05 1.873337E+05 1.693151E+05 2.171951E+04 2.216429E+03 0.000000E+00
1.250000E+00 1.274756E+05 3.033258E+04 1.476074E+05 7.606783E+01 1.086808E+02 -3.218599E+02 0.000000E+00 -3.218599E+02 1.967156E+05 1.873716E+05 1.691550E+05 2.173617E+04 2.223740E+03 0.000000E+00
1.251000E+00 1.274795E+05 3.016661E+04 1.480267E+05 7.574723E+01 1.087641E+02 -3.193269E+02 0.000000E+00 -3.193269E+02 1.967419E+05 1.874026E+05 1.689932E+05 2.175283E+04 2.231015E+03 0.000000E+00
1.252000E+00 1.274794E+05 3.000193E+04 1.484403E+05 7.542918E+01 1.088474E+02 -3.167816E+02 0.000000E+00 -3.167816E+02 1.967607E+05 1.874266E+05 1.688300E+05 2.176949E+04 2.238258E+03 0.000000E+00
1.253000E+00 1.274755E+05 2.983853E+04 1.488482E+05 7.511367E+01 1.089307E+02 -3.142243E+02 0.000000E+00 -3.142243E+02 1.967720E+05 1.874437E+05 1.686654E+05 2.178615E+04 2.245468E+03 0.000000E+00
1.254000E+00 1.274677E+05 2.967642E+04 1.492503E+05 7.480073E+01 1.090140E+02 -3.116556E+02 0.000000E+00 -3.116556E+02 1.967759E+05 1.874540E+05 1.684994E+05 2.180281E+04 2.252644E+03 0.000000E+00
1.255000E+00 1.274561E+05 2.951545E+04 1.496468E+05 7.449036E+01 1.090973E+02 -3.090759E+02 0.000000E+00 -3.090759E+02 1.967723E+05 1.874575E+05 1.683320E+05 2.181947E+04 2.259782E+03 0.000000E+00
1.256000E+00 1.274405E+05 2.935555E+04 1.500375E+05 7.418258E+01 1.091806E+02 -3.064857E+02 0.000000E+00 -3.064857E+02 1.967615E+05 1.874543E+05 1.681631E+05 2.183613E+04 2.266881E+03 0.000000E+00
1.257000E+00 1.274211E+05 2.919699E+04 1.504225E+05 7.387740E+01 1.092639E+02 -3.038855E+02 0.000000E+00 -3.038855E+02 1.967435E+05 1.874445E+05 1.679930E+05 2.185279E+04 2.273943E+03 0.000000E+00
1.258000E+00 1.273979E+05 2.903981E+04 1.508017E+05 7.357481E+01 1.093472E+02 -3.012758E+02 0.000000E+00 -3.012758E+02 1.967182E+05 1.874280E+05 1.678218E+05 2.186945E+04 2.280968E+03 0.000000E+00
1.259000E+00 1.273709E+05 2.888402E+04 1.511751E+05 7.327485E+01 1.094305E+02 -2.986571E+02 0.000000E+00 -2.986571E+02 1.966857E+05 1.874050E+05 1.676495E+05 2.188611E+04 2.287955E+03 0.000000E+00
1.260000E+00 1.273401E+05 2.872938E+04 1.515428E+05 7.297750E+01 1.095138E+02 -2.960299E+02 0.000000E+00 -2.960299E+02 1.966462E+05 1.873755E+05 1.674760E+05 2.190277E+04 2.294899E+03 0.000000E+00
1.261000E+00 1.273056E+05 2.857611E+04 1.519047E+05 7.268279E+01 1.095971E+02 -2.933947E+02 0.000000E+00 -2.933947E+02 1.965997E+05 1.873397E+05 1.673014E+05 2.191943E+04 2.301803E+03 0.000000E+00
1.262000E+00 1.272673E+05 2.842439E+04 1.522607E+05 7.239072E+01 1.096804E+02 -2.907519E+02 0.000000E+00 -2.907519E+02 1.965463E+05 1.872975E+05 1.671261E+05 2.193609E+04 2.308668E+03 0.000000E+00
1.263000E+00 1.272253E+05 2.827426E+04 1.526110E+05 7.210129E+01 1.097637E+02 -2.881022E+02 0.000000E+00 -2.881022E+02 1.964861E+05 1.872490E+05 1.669500E+05 2.195275E+04 2.315493E+03 0.000000E+00
1.264000E+00 1.271796E+05 2.812580E+04 1.529555E+05 7.181451E+01 1.098470E+02 -2.854460E+02 0.000000E+00 -2.854460E+02 1.964190E+05 1.871944E+05 1.667734E+05 2.196941E+04 2.322280E+03 0.000000E+00
1.265000E+00 1.271304E+05 2.797863E+04 1.532942E+05 7.153040E+01 1.099303E+02 -2.827837E+02 0.000000E+00 -2.827837E+02 1.963453E+05 1.871337E+05 1.665958E+05 2.198607E+04 2.329021E+03 0.000000E+00
1.266000E+00 1.270775E+05 2.783326E+04 1.536271E+05 7.124895E+01 1.100136E+02 -2.801159E+02 0.000000E+00 -2.801159E+02 1.962649E+05 1.870670E+05 1.664178E+05 2.200273E+04 2.335723E+03 0.000000E+00
1.267000E+00 1.270211E+05 2.768974E+04 1.539541E+05 7.097017E+01 1.100969E+02 -2.774431E+02 0.000000E+00 -2.774431E+02 1.961779E+05 1.869943E+05 1.662395E+05 2.201939E+04 2.342386E+03 0.000000E+00
1.268000E+00 1.269612E+05 2.754814E+04 1.542754E+05 7.069406E+01 1.101802E+02 -2.747658E+02 0.000000E+00 -2.747658E+02 1.960845E+05 1.869158E+05 1.660611E+05 2.203605E+04 2.349010E+03 0.000000E+00
1.269000E+00 1.268978E+05 2.740842E+04 1.545908E+05 7.042064E+01 1.102635E+02 -2.720845E+02 0.000000E+00 -2.720845E+02 1.959847E+05 1.868316E+05 1.658824E+05 2.205271E+04 2.355594E+03 0.000000E+00
1.270000E+00 1.268310E+05 2.727048E+04 1.549004E+05 7.014990E+01 1.103468E+02 -2.693997E+02 0.000000E+00 -2.693997E+02 1.958786E+05 1.867416E+05 1.657036E+05 2.206937E+04 2.362136E+03 0.000000E+00
1.271000E+00 1.267609E+05 2.713468E+04 1.552042E+05 6.988184E+01 1.104301E+02 -2.667119E+02 0.000000E+00 -2.667119E+02 1.957662E+05 1.866461E+05 1.655249E+05 2.208603E+04 2.368640E+03 0.000000E+00
1.272000E+00 1.266875E+05 2.700107E+04 1.555022E+05 6.961647E+01 1.105134E+02 -2.640217E+02 0.000000E+00 -2.640217E+02 1.956476E+05 1.865450E+05 1.653465E+05 2.210269E+04 2.375106E+03 0.000000E+00
1.273000E+00 1.266109E+05 2.686974E+04 1.557945E+05 6.935380E+01 1.105967E+02 -2.613295E+02 0.000000E+00 -2.613295E+02 1.955230E+05 1.864386E+05 1.651685E+05 2.211935E+04 2.381534E+03 0.000000E+00
1.274000E+00 1.265311E+05 2.674052E+04 1.560809E+05 6.909381E+01 1.106800E+02 -2.586359E+02 0.000000E+00 -2.586359E+02 1.953924E+05 1.863268E+05 1.649907E+05 2.213601E+04 2.387923E+03 0.000000E+00
1.275000E+00 1.264482E+05 2.661352E+04 1.563615E+05 6.883653E+01 1.107633E+02 -2.559414E+02 0.000000E+00 -2.559414E+02 1.952559E+05 1.862098E+05 1.648135E+05 2.215267E+04 2.394273E+03 0.000000E+00
1.276000E+00 1.263622E+05 2.648898E+04 1.566363E+05 6.858193E+01 1.108466E+02 -2.532464E+02 0.000000E+00 -2.532464E+02 1.951136E+05 1.860877E+05 1.646369E+05 2.216933E+04 2.400587E+03 0.000000E+00
1.277000E+00 1.262733E+05 2.636694E+04 1.569054E+05 6.833003E+01 1.109299E+02 -2.505516E+02 0.000000E+00 -2.505516E+02 1.949656E+05 1.859605E+05 1.644612E+05 2.218599E+04 2.406865E+03 0.000000E+00
1.278000E+00 1.261814E+05 2.624743E+04 1.571687E+05 6.808083E+01 1.110132E+02 -2.478574E+02 0.000000E+00 -2.478574E+02 1.948119E+05 1.858284E+05 1.642864E+05 2.220265E+04 2.413108E+03 0.000000E+00
1.279000E+00 1.260867E+05 2.613021E+04 1.574263E+05 6.783432E+01 1.110965E+02 -2.451644E+02 0.000000E+00 -2.451644E+02 1.946526E+05 1.856914E+05 1.641123E+05 2.221931E+04 2.419310E+03 0.000000E+00
1.280000E+00 1.259891E+05 2.601554E+04 1.576781E+05 6.759050E+01 1.111798E+02 -2.424731E+02 0.000000E+00 -2.424731E+02 1.944879E+05 1.855496E+05 1.639392E+05 2.223597E+04 2.425477E+03 0.000000E+00
1.281000E+00 1.258889E+05 2.590351E+04 1.579241E+05 6.734937E+01 1.112631E+02 -2.397840E+02 0.000000E+00 -2.397840E+02 1.943179E+05 1.854032E+05 1.637673E+05 2.225263E+04 2.431609E+03 0.000000E+00
1.282000E+00 1.257860E+05 2.579413E+04 1.581645E+05 6.711093E+01 1.113464E+02 -2.370977E+02 0.000000E+00 -2.370977E+02 1.941425E+05 1.852523E+05 1.635967E+05 2.226929E+04 2.437705E+03 0.000000E+00
1.283000E+00 1.256805E+05 2.568736E+04 1.583992E+05 6.687517E+01 1.114297E+02 -2.344147E+02 0.000000E+00 -2.344147E+02 1.939620E+05 1.850968E+05 1.634273E+05 2.228595E+04 2.443766E+03 0.000000E+00
1.284000E+00 1.255724E+05 2.558293E+04 1.586282E+05 6.664210E+01 1.115130E+02 -2.317354E+02 0.000000E+00 -2.317354E+02 1.937765E+05 1.849369E+05 1.632589E+05 2.230261E+04 2.449786E+03 0.000000E+00
1.285000E+00 1.254619E+05 2.548114E+04 1.588515E+05 6.641170E+01 1.115963E+02 -2.290603E+02 0.000000E+00 -2.290603E+02 1.935859E+05 1.847727E+05 1.630919E+05 2.231927E+04 2.455770E+03 0.000000E+00
1.286000E+00 1.253490E+05 2.538197E+04 1.590691E+05 6.618398E+01 1.116796E+02 -2.263901E+02 0.000000E+00 -2.263901E+02 1.933905E+05 1.846043E+05 1.629263E+05 2.233593E+04 2.461718E+03 0.000000E+00
1.287000E+00 1.252338E+05 2.528537E+04 1.592811E+05 6.595892E+01 1.117629E+02 -2.237251E+02 0.000000E+00 -2.237251E+02 1.931902E+05 1.844318E+05 1.627621E+05 2.235259E+04 2.467629E+03 0.000000E+00
1.288000E+00 1.251162E+05 2.519114E+04 1.594875E+05 6.573652E+01 1.118462E+02 -2.210659E+02 0.000000E+00 -2.210659E+02 1.929853E+05 1.842552E+05 1.625992E+05 2.236925E+04 2.473498E+03 0.000000E+00
1.289000E+00 1.249965E+05 2.509916E+04 1.596883E+05 6.551678E+01 1.119295E+02 -2.184130E+02 0.000000E+00 -2.184130E+02 1.927758E+05 1.840747E+05 1.624375E+05 2.238591E+04 2.479326E+03 0.000000E+00
1.290000E+00 1.248746E+05 2.500956E+04 1.598836E+05 6.529970E+01 1.120128E+02 -2.157667E+02 0.000000E+00 -2.157667E+02 1.925617E+05 1.838903E+05 1.622771E+05 2.240257E+04 2.485113E+03 0.000000E+00
1.291000E+00 1.247505E+05 2.492226E+04 1.600733E+05 6.508525E+01 1.120961E+02 -2.131276E+02 0.000000E+00 -2.131276E+02 1.923432E+05 1.837020E+05 1.621181E+05 2.241923E+04 2.490857E+03 0.000000E+00
1.292000E+00 1.246244E+05 2.483718E+04 1.602574E+05 6.487344E+01 1.121794E+02 -2.104961E+02 0.000000E+00 -2.104961E+02 1.921204E+05 1.835101E+05 1.619603E+05 2.243589E+04 2.496558E+03 0.000000E+00
1.293000E+00 1.244962E+05 2.475387E+04 1.604361E+05 6.466425E+01 1.122627E+02 -2.078726E+02 0.000000E+00 -2.078726E+02 1.918934E+05 1.833144E+05 1.618035E+05 2.245255E+04 2.502209E+03 0.000000E+00
1.294000E+00 1.243661E+05 2.467238E+04 1.606093E+05 6.445769E+01 1.123460E+02 -2.052576E+02 0.000000E+00 -2.052576E+02 1.916622E+05 1.831152E+05 1.616476E+05 2.246921E+04 2.507809E+03 0.000000E+00
1.295000E+00 1.242340E+05 2.459269E+04 1.607770E+05 6.425374E+01 1.124293E+02 -2.026515E+02 0.000000E+00 -2.026515E+02 1.914270E+05 1.829124E+05 1.614927E+05 2.248587E+04 2.513359E+03 0.000000E+00
1.296000E+00 1.241000E+05 2.451468E+04 1.609393E+05 6.405238E+01 1.125126E+02 -2.000546E+02 0.000000E+00 -2.000546E+02 1.911877E+05 1.827061E+05 1.613387E+05 2.250253E+04 2.518856E+03 0.000000E+00
1.297000E+00 1.239641E+05 2.443816E+04 1.610962E+05 6.385362E+01 1.125959E+02 -1.974672E+02 0.000000E+00 -1.974672E+02 1.909446E+05 1.824963E+05 1.611855E+05 2.251919E+04 2.524297E+03 0.000000E+00
1.298000E+00 1.238263E+05 2.436237E+04 1.612477E+05 6.365745E+01 1.126792E+02 -1.948899E+02 0.000000E+00 -1.948899E+02 1.906977E+05 1.822832E+05 1.610323E+05 2.253585E+04 2.529669E+03 0.000000E+00
1.299000E+00 1.236866E+05 2.428768E+04 1.613939E+05 6.346384E+01 1.127625E+02 -1.923228E+02 0.000000E+00 -1.923228E+02 1.904470E+05 1.820668E+05 1.608794E+05 2.255251E+04 2.534978E+03 0.000000E+00
1.300000E+00 1.235451E+05 2.421385E+04 1.615347E+05 6.327280E+01 1.128458E+02 -1.897663E+02 0.000000E+00 -1.897663E+02 1.901927E+05 1.818470E+05 1.607268E+05 2.256917E+04 2.540220E+03 0.000000E+00
1.301000E+00 1.234018E+05 2.414070E+04 1.616703E+05 6.308430E+01 1.129291E+02 -1.872206E+02 0.000000E+00 -1.872206E+02 1.899348E+05 1.816240E+05 1.605742E+05 2.258583E+04 2.545391E+03 0.000000E+00
1.302000E+00 1.232566E+05 2.406777E+04 1.618006E+05 6.289835E+01 1.130124E+02 -1.846860E+02 0.000000E+00 -1.846860E+02 1.896734E+05 1.813977E+05 1.604212E+05 2.260249E+04 2.550483E+03 0.000000E+00
1.303000E+00 1.231095E+05 2.399445E+04 1.619257E+05 6.271493E+01 1.130957E+02 -1.821628E+02 0.000000E+00 -1.821628E+02 1.894085E+05 1.811683E+05 1.602672E+05 2.261915E+04 2.555487E+03 0.000000E+00
1.304000E+00 1.229606E+05 2.392100E+04 1.620456E+05 6.253402E+01 1.131790E+02 -1.796512E+02 0.000000E+00 -1.796512E+02 1.891402E+05 1.809356E+05 1.601124E+05 2.263581E+04 2.560404E+03 0.000000E+00
1.305000E+00 1.228098E+05 2.384716E+04 1.621603E+05 6.235562E+01 1.132623E+02 -1.771512E+02 0.000000E+00 -1.771512E+02 1.888686E+05 1.806997E+05 1.599566E+05 2.265247E+04 2.565231E+03 0.000000E+00
1.306000E+00 1.226571E+05 2.377264E+04 1.622699E+05 6.217971E+01 1.133456E+02 -1.746631E+02 0.000000E+00 -1.746631E+02 1.885937E+05 1.804606E+05 1.597994E+05 2.266913E+04 2.569961E+03 0.000000E+00
1.307000E+00 1.225024E+05 2.369660E+04 1.623744E+05 6.200629E+01 1.134289E+02 -1.721870E+02 0.000000E+00 -1.721870E+02 1.883156E+05 1.802184E+05 1.596402E+05 2.268579E+04 2.574580E+03 0.000000E+00
1.308000E+00 1.223457E+05 2.361879E+04 1.624738E+05 6.183534E+01 1.135122E+02 -1.697229E+02 0.000000E+00 -1.697229E+02 1.880343E+05 1.799730E+05 1.594785E+05 2.270245E+04 2.579083E+03 0.000000E+00
1.309000E+00 1.221870E+05 2.353933E+04 1.625682E+05 6.166684E+01 1.135955E+02 -1.672710E+02 0.000000E+00 -1.672710E+02 1.877498E+05 1.797243E+05 1.593144E+05 2.271911E+04 2.583470E+03 0.000000E+00
1.310000E+00 1.220262E+05 2.345788E+04 1.626575E+05 6.150079E+01 1.136788E+02 -1.648312E+02 0.000000E+00 -1.648312E+02 1.874623E+05 1.794725E+05 1.591477E+05 2.273577E+04 2.587735E+03 0.000000E+00
1.311000E+00 1.218632E+05 2.337414E+04 1.627419E+05 6.133717E+01 1.137621E+02 -1.624035E+02 0.000000E+00 -1.624035E+02 1.871716E+05 1.792174E+05 1.589780E+05 2.275243E+04 2.591870E+03 0.000000E+00
1.312000E+00 1.216980E+05 2.328665E+04 1.628214E+05 6.117598E+01 1.138454E+02 -1.599879E+02 0.000000E+00 -1.599879E+02 1.868779E+05 1.789590E+05 1.588037E+05 2.276909E+04 2.595851E+03 0.000000E+00
1.313000E+00 1.215305E+05 2.319589E+04 1.628959E+05 6.101719E+01 1.139287E+02 -1.575842E+02 0.000000E+00 -1.575842E+02 1.865812E+05 1.786973E+05 1.586254E+05 2.278575E+04 2.599684E+03 0.000000E+00
1.314000E+00 1.213605E+05 2.310170E+04 1.629656E+05 6.086081E+01 1.140120E+02 -1.551925E+02 0.000000E+00 -1.551925E+02 1.862814E+05 1.784322E+05 1.584428E+05 2.280241E+04 2.603363E+03 0.000000E+00
1.315000E+00 1.211881E+05 2.300372E+04 1.630304E+05 6.070680E+01 1.140953E+02 -1.528124E+02 0.000000E+00 -1.528124E+02 1.859786E+05 1.781637E+05 1.582555E+05 2.281907E+04 2.606882E+03 0.000000E+00
1.316000E+00 1.210131E+05 2.290139E+04 1.630903E+05 6.055518E+01 1.141786E+02 -1.504439E+02 0.000000E+00 -1.504439E+02 1.856727E+05 1.778918E+05 1.580628E+05 2.283573E+04 2.610228E+03 0.000000E+00
1.317000E+00 1.208354E+05 2.279311E+04 1.631455E+05 6.040591E+01 1.142619E+02 -1.480866E+02 0.000000E+00 -1.480866E+02 1.853639E+05 1.776163E+05 1.578632E+05 2.285239E+04 2.613373E+03 0.000000E+00
1.318000E+00 1.206548E+05 2.267984E+04 1.631959E+05 6.025900E+01 1.143452E+02 -1.457404E+02 0.000000E+00 -1.457404E+02 1.850520E+05 1.773372E+05 1.576575E+05 2.286905E+04 2.616331E+03 0.000000E+00
1.319000E+00 1.204713E+05 2.256124E+04 1.632416E+05 6.011443E+01 1.144285E+02 -1.434049E+02 0.000000E+00 -1.434049E+02 1.847370E+05 1.770545E+05 1.574452E+05 2.288571E+04 2.619092E+03 0.000000E+00
1.320000E+00 1.202848E+05 2.243692E+04 1.632826E+05 5.997219E+01 1.145118E+02 -1.410798E+02 0.000000E+00 -1.410798E+02 1.844189E+05 1.767679E+05 1.572260E+05 2.290237E+04 2.621648E+03 0.000000E+00
1.321000E+00 1.200951E+05 2.230568E+04 1.633189E+05 5.983226E+01 1.145951E+02 -1.387647E+02 0.000000E+00 -1.387647E+02 1.840977E+05 1.764776E+05 1.569985E+05 2.291903E+04 2.623976E+03 0.000000E+00
1.322000E+00 1.199020E+05 2.216679E+04 1.633505E+05 5.969465E+01 1.146784E+02 -1.364591E+02 0.000000E+00 -1.364591E+02 1.837734E+05 1.761833E+05 1.567618E+05 2.293569E+04 2.626061E+03 0.000000E+00
1.323000E+00 1.197055E+05 2.202096E+04 1.633776E+05 5.955934E+01 1.147617E+02 -1.341627E+02 0.000000E+00 -1.341627E+02 1.834458E+05 1.758849E+05 1.565167E+05 2.295235E+04 2.627911E+03 0.000000E+00
1.324000E+00 1.195053E+05 2.186786E+04 1.634000E+05 5.942633E+01 1.148450E+02 -1.318750E+02 0.000000E+00 -1.318750E+02 1.831150E+05 1.755824E+05 1.562626E+05 2.296901E+04 2.629518E+03 0.000000E+00
1.325000E+00 1.193014E+05 2.170713E+04 1.634178E+05 5.929559E+01 1.149283E+02 -1.295953E+02 0.000000E+00 -1.295953E+02 1.827809E+05 1.752757E+05 1.559991E+05 2.298567E+04 2.630871E+03 0.000000E+00
1.326000E+00 1.190935E+05 2.153674E+04 1.634311E+05 5.916713E+01 1.150116E+02 -1.273232E+02 0.000000E+00 -1.273232E+02 1.824434E+05 1.749646E+05 1.557240E+05 2.300233E+04 2.631934E+03 0.000000E+00
1.327000E+00 1.188815E+05 2.135724E+04 1.634398E+05 5.904094E+01 1.150949E+02 -1.250581E+02 0.000000E+00 -1.250581E+02 1.821025E+05 1.746489E+05 1.554377E+05 2.301899E+04 2.632711E+03 0.000000E+00
1.328000E+00 1.186652E+05 2.116897E+04 1.634441E+05 5.891701E+01 1.151782E+02 -1.227993E+02 0.000000E+00 -1.227993E+02 1.817580E+05 1.743287E+05 1.551405E+05 2.303565E+04 2.633205E+03 0.000000E+00
1.329000E+00 1.184444E+05 2.097163E+04 1.634438E+05 5.879534E+01 1.152615E+02 -1.205462E+02 0.000000E+00 -1.205462E+02 1.814099E+05 1.740038E+05 1.548320E+05 2.305231E+04 2.633406E+03 0.000000E+00
1.330000E+00 1.182191E+05 2.076487E+04 1.634391E+05 5.867592E+01 1.153448E+02 -1.182980E+02 0.000000E+00 -1.182980E+02 1.810581E+05 1.736740E+05 1.545116E+05 2.306897E+04 2.633305E+03 0.000000E+00
1.331000E+00 1.179889E+05 2.054566E+04 1.634298E+05 5.855874E+01 1.154281E+02 -1.160541E+02 0.000000E+00 -1.160541E+02 1.807025E+05 1.733391E+05 1.541761E+05 2.308563E+04 2.632845E+03 0.000000E+00
1.332000E+00 1.177537E+05 2.031636E+04 1.634162E+05 5.844381E+01 1.155114E+02 -1.138136E+02 0.000000E+00 -1.138136E+02 1.803430E+05 1.729991E+05 1.538278E+05 2.310229E+04 2.632063E+03 0.000000E+00
1.333000E+00 1.175133E+05 2.007666E+04 1.633981E+05 5.833111E+01 1.155947E+02 -1.115758E+02 0.000000E+00 -1.115758E+02 1.799794E+05 1.726539E+05 1.534662E+05 2.311895E+04 2.630949E+03 0.000000E+00
1.334000E+00 1.172676E+05 1.982637E+04 1.633755E+05 5.822066E+01 1.156780E+02 -1.093399E+02 0.000000E+00 -1.093399E+02 1.796117E+05 1.723032E+05 1.530909E+05 2.313561E+04 2.629495E+03 0.000000E+00
1.335000E+00 1.170164E+05 1.956432E+04 1.633486E+05 5.811243E+01 1.157613E+02 -1.071051E+02 0.000000E+00 -1.071051E+02 1.792398E+05 1.719469E+05 1.527006E+05 2.315227E+04 2.627676E+03 0.000000E+00
1.336000E+00 1.167594E+05 1.928888E+04 1.633172E+05 5.800645E+01 1.158446E+02 -1.048704E+02 0.000000E+00 -1.048704E+02 1.788635E+05 1.715849E+05 1.522936E+05 2.316893E+04 2.625460E+03 0.000000E+00
1.337000E+00 1.164964E+05 1.900205E+04 1.632815E+05 5.790269E+01 1.159279E+02 -1.026349E+02 0.000000E+00 -1.026349E+02 1.784827E+05 1.712170E+05 1.518716E+05 2.318559E+04 2.622876E+03 0.000000E+00
1.338000E+00 1.162274E+05 1.870360E+04 1.632413E+05 5.780118E+01 1.160112E+02 -1.003979E+02 0.000000E+00 -1.003979E+02 1.780972E+05 1.708431E+05 1.514342E+05 2.320225E+04 2.619916E+03 0.000000E+00
1.339000E+00 1.159520E+05 1.839342E+04 1.631968E+05 5.770190E+01 1.160945E+02 -9.815828E+01 0.000000E+00 -9.815828E+01 1.777069E+05 1.704630E+05 1.509812E+05 2.321891E+04 2.616572E+03 0.000000E+00
1.340000E+00 1.156702E+05 1.806936E+04 1.631478E+05 5.760486E+01 1.161778E+02 -9.591518E+01 0.000000E+00 -9.591518E+01 1.773117E+05 1.700765E+05 1.505101E+05 2.323557E+04 2.612803E+03 0.000000E+00
1.341000E+00 1.153817E+05 1.773169E+04 1.630944E+05 5.751007E+01 1.162611E+02 -9.366759E+01 0.000000E+00 -9.366759E+01 1.769114E+05 1.696836E+05 1.500212E+05 2.325223E+04 2.608608E+03 0.000000E+00
1.342000E+00 1.150863E+05 1.738181E+04 1.630367E+05 5.741753E+01 1.163444E+02 -9.141455E+01 0.000000E+00 -9.141455E+01 1.765058E+05 1.692840E+05 1.495156E+05 2.326889E+04 2.604006E+03 0.000000E+00
1.343000E+00 1.147839E+05 1.701957E+04 1.629745E+05 5.732724E+01 1.164277E+02 -8.915507E+01 0.000000E+00 -8.915507E+01 1.760948E+05 1.688776E+05 1.489930E+05 2.328555E+04 2.598991E+03 0.000000E+00
1.344000E+00 1.144743E+05 1.664496E+04 1.629079E+05 5.723922E+01 1.165110E+02 -8.688817E+01 0.000000E+00 -8.688817E+01 1.756783E+05 1.684642E+05 1.484531E+05 2.330221E+04 2.593556E+03 0.000000E+00
1.345000E+00 1.141574E+05 1.625477E+04 1.628369E+05 5.715347E+01 1.165943E+02 -8.461283E+01 0.000000E+00 -8.461283E+01 1.752560E+05 1.680437E+05 1.478927E+05 2.331887E+04 2.587641E+03 0.000000E+00
1.346000E+00 1.138329E+05 1.585152E+04 1.627615E+05 5.707000E+01 1.166776E+02 -8.232803E+01 0.000000E+00 -8.232803E+01 1.748278E+05 1.676160E+05 1.473140E+05 2.333553E+04 2.581285E+03 0.000000E+00
1.347000E+00 1.135007E+05 1.543578E+04 1.626816E+05 5.698881E+01 1.167609E+02 -8.003277E+01 0.000000E+00 -8.003277E+01 1.743935E+05 1.671808E+05 1.467173E+05 2.335219E+04 2.574493E+03 0.000000E+00
1.348000E+00 1.131606E+05 1.500752E+04 1.625972E+05 5.690993E+01 1.168442E+02 -7.772603E+01 0.000000E+00 -7.772603E+01 1.739530E+05 1.667381E+05 1.461026E+05 2.336885E+04 2.567260E+03 0.000000E+00
1.349000E+00 1.128125E+05 1.456631E+04 1.625083E+05 5.683337E+01 1.169275E+02 -7.540683E+01 0.000000E+00 -7.540683E+01 1.735060E+05 1.662877E+05 1.454691E+05 2.338551E+04 2.559572E+03 0.000000E+00
1.350000E+00 1.124563E+05 1.410947E+04 1.624150E+05 5.675912E+01 1.170108E+02 -7.307413E+01 0.000000E+00 -7.307413E+01 1.730525E+05 1.658294E+05 1.448140E+05 2.340217E+04 2.551378E+03 0.000000E+00
1.351000E+00 1.120918E+05 1.364032E+04 1.623171E+05 5.668722E+01 1.170941E+02 -7.072693E+01 0.000000E+00 -7.072693E+01 1.725922E+05 1.653631E+05 1.441405E+05 2.341883E+04 2.542733E+03 0.000000E+00
1.352000E+00 1.117188E+05 1.315903E+04 1.622147E+05 5.661768E+01 1.171774E+02 -6.836424E+01 0.000000E+00 -6.836424E+01 1.721249E+05 1.648888E+05 1.434485E+05 2.343549E+04 2.533634E+03 0.000000E+00
1.353000E+00 1.113374E+05 1.266569E+04 1.621076E+05 5.655050E+01 1.172607E+02 -6.598510E+01 0.000000E+00 -6.598510E+01 1.716505E+05 1.644061E+05 1.427379E+05 2.345215E+04 2.524079E+03 0.000000E+00
1.354000E+00 1.109472E+05 1.215888E+04 1.619960E+05 5.648571E+01 1.173440E+02 -6.358854E+01 0.000000E+00 -6.358854E+01 1.711688E+05 1.639152E+05 1.420072E+05 2.346881E+04 2.514038E+03 0.000000E+00
1.355000E+00 1.105483E+05 1.163824E+04 1.618798E+05 5.642333E+01 1.174273E+02 -6.117360E+01 0.000000E+00 -6.117360E+01 1.706796E+05 1.634157E+05 1.412558E+05 2.348547E+04 2.503501E+03 0.000000E+00
1.356000E+00 1.101406E+05 1.110614E+04 1.617589E+05 5.636337E+01 1.175106E+02 -5.873934E+01 0.000000E+00 -5.873934E+01 1.701828E+05 1.629076E+05 1.404860E+05 2.350213E+04 2.492505E+03 0.000000E+00
1.357000E+00 1.097238E+05 1.056289E+04 1.616333E+05 5.630586E+01 1.175939E+02 -5.628485E+01 0.000000E+00 -5.628485E+01 1.696781E+05 1.623907E+05 1.396978E+05 2.351879E+04 2.481052E+03 0.000000E+00
1.358000E+00 1.092981E+05 1.000870E+04 1.615030E+05 5.625081E+01 1.176772E+02 -5.380928E+01 0.000000E+00 -5.380928E+01 1.691654E+05 1.618651E+05 1.388913E+05 2.353545E+04 2.469144E+03 0.000000E+00
1.359000E+00 1.088633E+05 9.441210E+03 1.613679E+05 5.619824E+01 1.177605E+02 -5.131175E+01 0.000000E+00 -5.131175E+01 1.686446E+05 1.613305E+05 1.380640E+05 2.355211E+04 2.456732E+03 0.000000E+00
1.360000E+00 1.084193E+05 8.862359E+03 1.612280E+05 5.614819E+01 1.178438E+02 -4.879140E+01 0.000000E+00 -4.879140E+01 1.681154E+05 1.607869E+05 1.372178E+05 2.356877E+04 2.443850E+03 0.000000E+00
1.361000E+00 1.079661E+05 8.273544E+03 1.610832E+05 5.610067E+01 1.179271E+02 -4.624744E+01 0.000000E+00 -4.624744E+01 1.675777E+05 1.602341E+05 1.363537E+05 2.358543E+04 2.430519E+03 0.000000E+00
1.362000E+00 1.075037E+05 7.675169E+03 1.609336E+05 5.605570E+01 1.180104E+02 -4.367910E+01 0.000000E+00 -4.367910E+01 1.670314E+05 1.596722E+05 1.354722E+05 2.360209E+04 2.416743E+03 0.000000E+00
1.363000E+00 1.070320E+05 7.067549E+03 1.607790E+05 5.601332E+01 1.180937E+02 -4.108566E+01 0.000000E+00 -4.108566E+01 1.664762E+05 1.591010E+05 1.345734E+05 2.361875E+04 2.402526E+03 0.000000E+00
1.364000E+00 1.065510E+05 6.447534E+03 1.606195E+05 5.597354E+01 1.181770E+02 -3.846640E+01 0.000000E+00 -3.846640E+01 1.659120E+05 1.585205E+05 1.336540E+05 2.363541E+04 2.387808E+03 0.000000E+00
1.365000E+00 1.060608E+05 5.819184E+03 1.604550E+05 5.593639E+01 1.182603E+02 -3.582064E+01 0.000000E+00 -3.582064E+01 1.653388E+05 1.579306E+05 1.327180E+05 2.365207E+04 2.372660E+03 0.000000E+00
1.366000E+00 1.055612E+05 5.182906E+03 1.602854E+05 5.590191E+01 1.183436E+02 -3.314776E+01 0.000000E+00 -3.314776E+01 1.647562E+05 1.573312E+05 1.317657E+05 2.366873E+04 2.357088E+03 0.000000E+00
1.367000E+00 1.050524E+05 4.539189E+03 1.601107E+05 5.587011E+01 1.184269E+02 -3.044720E+01 0.000000E+00 -3.044720E+01 1.641643E+05 1.567224E+05 1.307974E+05 2.368539E+04 2.341098E+03 0.000000E+00
1.368000E+00 1.045344E+05 3.887508E+03 1.599308E+05 5.584102E+01 1.185102E+02 -2.771841E+01 0.000000E+00 -2.771841E+01 1.635629E+05 1.561040E+05 1.298126E+05 2.370205E+04 2.324681E+03 0.000000E+00
1.369000E+00 1.040071E+05 3.226958E+03 1.597457E+05 5.581468E+01 1.185935E+02 -2.496087E+01 0.000000E+00 -2.496087E+01 1.629518E+05 1.554760E+05 1.288102E+05 2.371871E+04 2.307819E+03 0.000000E+00
1.370000E+00 1.034707E+05 2.560507E+03 1.595554E+05 5.579111E+01 1.186768E+02 -2.217414E+01 0.000000E+00 -2.217414E+01 1.623309E+05 1.548385E+05 1.277931E+05 2.373537E+04 2.290564E+03 0.000000E+00
1.371000E+00 1.029252E+05 1.888610E+03 1.593597E+05 5.577034E+01 1.187601E+02 -1.935783E+01 0.000000E+00 -1.935783E+01 1.617001E+05 1.541913E+05 1.267618E+05 2.375203E+04 2.272925E+03 0.000000E+00
1.372000E+00 1.023707E+05 1.211822E+03 1.591587E+05 5.575240E+01 1.188434E+02 -1.651158E+01 0.000000E+00 -1.651158E+01 1.610593E+05 1.535346E+05 1.257167E+05 2.376869E+04 2.254911E+03 0.000000E+00
1.373000E+00 1.018072E+05 5.289543E+02 1.589523E+05 5.573733E+01 1.189267E+02 -1.363509E+01 0.000000E+00 -1.363509E+01 1.604085E+05 1.528682E+05 1.246565E+05 2.378535E+04 2.236500E+03 0.000000E+00
1.374000E+00 1.012350E+05 -1.589384E+02 1.587404E+05 5.572514E+01 1.190100E+02 -1.072809E+01 0.000000E+00 -1.072809E+01 1.597474E+05 1.521922E+05 1.235824E+05 2.380201E+04 2.217714E+03 0.000000E+00
1.375000E+00 1.006539E+05 -8.499805E+02 1.585230E+05 5.571588E+01 1.190933E+02 -7.790381E+00 0.000000E+00 -7.790381E+00 1.590761E+05 1.515066E+05 1.224961E+05 2.381867E+04 2.198585E+03 0.000000E+00
1.376000E+00 1.000643E+05 -1.543667E+03 1.583000E+05 5.570957E+01 1.191766E+02 -4.821824E+00 0.000000E+00 -4.821824E+00 1.583945E+05 1.508115E+05 1.213981E+05 2.383533E+04 2.179125E+03 0.000000E+00
1.377000E+00 9.946616E+04 -2.239407E+03 1.580714E+05 5.570625E+01 1.192599E+02 -1.822331E+00 0.000000E+00 -1.822331E+00 1.577024E+05 1.501068E+05 1.202890E+05 2.385199E+04 2.159345E+03 0.000000E+00
1.378000E+00 9.886386E+04 -2.939237E+03 1.578383E+05 5.570571E+01 1.193432E+02 9.339869E-05 0.000000E+00 9.339869E-05 1.571847E+05 1.495650E+05 1.191667E+05 2.386865E+04 2.139219E+03 0.000000E+00
1.379000E+00 9.826792E+04 -3.645457E+03 1.576037E+05 5.570571E+01 1.194265E+02 4.240332E-09 0.000000E+00 4.240332E-09 1.569460E+05 1.492854E+05 1.180290E+05 2.388531E+04 2.118795E+03 0.000000E+00
1.380000E+00 9.768401E+04 -4.357965E+03 1.573694E+05 5.570571E+01 1.195098E+02 1.925125E-13 0.000000E+00 1.925125E-13 1.567077E+05 1.490095E+05 1.168756E+05 2.390197E+04 2.098090E+03 0.000000E+00
1.381000E+00 9.711118E+04 -5.075927E+03 1.571353E+05 5.570571E+01 1.195931E+02 8.740135E-18 0.000000E+00 8.740135E-18 1.564698E+05 1.487367E+05 1.157073E+05 2.391863E+04 2.077118E+03 0.000000E+00
1.382000E+00 9.654860E+04 -5.798731E+03 1.569015E+05 5.570571E+01 1.196764E+02 3.968051E-22 0.000000E+00 3.968051E-22 1.562322E+05 1.484698E+05 1.145246E+05 2.393529E+04 2.055887E+03 0.000000E+00
1.383000E+00 9.599560E+04 -6.526835E+03 1.566681E+05 5.570571E+01 1.197597E+02 1.801509E-26 0.000000E+00 1.801509E-26 1.559950E+05 1.482073E+05 1.133270E+05 2.395195E+04 2.034387E+03 0.000000E+00
1.384000E+00 9.545153E+04 -7.257604E+03 1.564349E+05 5.570571E+01 1.198430E+02 8.178911E-31 0.000000E+00 8.178911E-31 1.557581E+05 1.479495E+05 1.121169E+05 2.396861E+04 2.012664E+03 0.000000E+00
1.385000E+00 9.491582E+04 -7.990161E+03 1.562020E+05 5.570571E+01 1.199263E+02 3.713253E-35 0.000000E+00 3.713253E-35 1.555216E+05 1.476954E+05 1.108951E+05 2.398527E+04 1.990732E+03 0.000000E+00
1.386000E+00 9.438795E+04 -8.723683E+03 1.559693E+05 5.570571E+01 1.200096E+02 1.685830E-39 0.000000E+00 1.685830E-39 1.552854E+05 1.474448E+05 1.096625E+05 2.400193E+04 1.968604E+03 0.000000E+00
1.387000E+00 9.386742E+04 -9.457894E+03 1.557370E+05 5.570571E+01 1.200929E+02 7.653724E-44 0.000000E+00 7.653724E-44 1.550496E+05 1.471969E+05 1.084193E+05 2.401859E+04 1.946286E+03 0.000000E+00
1.388000E+00 9.335379E+04 -1.019202E+04 1.555050E+05 5.570571E+01 1.201762E+02 3.474817E-48 0.000000E+00 3.474817E-48 1.548141E+05 1.469515E+05 1.071661E+05 2.403525E+04 1.923790E+03 0.000000E+00
1.389000E+00 9.284667E+04 -1.092440E+04 1.552732E+05 5.570571E+01 1.202595E+02 1.577579E-52 0.000000E+00 1.577579E-52 1.545789E+05 1.467082E+05 1.059047E+05 2.405191E+04 1.901146E+03 0.000000E+00
1.390000E+00 9.234568E+04 -1.165422E+04 1.550418E+05 5.570571E+01 1.203428E+02 7.162261E-57 0.000000E+00 7.162261E-57 1.543441E+05 1.464667E+05 1.046359E+05 2.406857E+04 1.878369E+03 0.000000E+00
1.391000E+00 9.185052E+04 -1.238068E+04 1.548106E+05 5.570571E+01 1.204261E+02 3.251691E-61 0.000000E+00 3.251691E-61 1.541096E+05 1.462266E+05 1.033604E+05 2.408523E+04 1.855473E+03 0.000000E+00
1.392000E+00 9.136090E+04 -1.310353E+04 1.545797E+05 5.570571E+01 1.205094E+02 1.476279E-65 0.000000E+00 1.476279E-65 1.538755E+05 1.459878E+05 1.020787E+05 2.410189E+04 1.832464E+03 0.000000E+00
1.393000E+00 9.087658E+04 -1.382149E+04 1.543491E+05 5.570571E+01 1.205927E+02 6.702356E-70 0.000000E+00 6.702356E-70 1.536417E+05 1.457502E+05 1.007920E+05 2.411855E+04 1.809365E+03 0.000000E+00
1.394000E+00 9.039735E+04 -1.453359E+04 1.541188E+05 5.570571E+01 1.206760E+02 3.042893E-74 0.000000E+00 3.042893E-74 1.534083E+05 1.455135E+05 9.950134E+04 2.413521E+04 1.786196E+03 0.000000E+00
1.395000E+00 8.992305E+04 -1.523907E+04 1.538888E+05 5.570571E+01 1.207593E+02 1.381484E-78 0.000000E+00 1.381484E-78 1.531752E+05 1.452777E+05 9.820757E+04 2.415187E+04 1.762971E+03 0.000000E+00
1.396000E+00 8.945354E+04 -1.593724E+04 1.536590E+05 5.570571E+01 1.208426E+02 6.271983E-83 0.000000E+00 6.271983E-83 1.529425E+05 1.450428E+05 9.691150E+04 2.416853E+04 1.739705E+03 0.000000E+00
1.397000E+00 8.898871E+04 -1.662749E+04 1.534296E+05 5.570571E+01 1.209259E+02 2.847502E-87 0.000000E+00 2.847502E-87 1.527100E+05 1.448087E+05 9.561381E+04 2.418519E+04 1.716409E+03 0.000000E+00
1.398000E+00 8.852848E+04 -1.730885E+04 1.532005E+05 5.570571E+01 1.210092E+02 1.292775E-91 0.000000E+00 1.292775E-91 1.524780E+05 1.445753E+05 9.431562E+04 2.420185E+04 1.693105E+03 0.000000E+00
1.399000E+00 8.807281E+04 -1.798065E+04 1.529716E+05 5.570571E+01 1.210925E+02 5.869244E-96 0.000000E+00 5.869244E-96 1.522462E+05 1.443428E+05 9.301771E+04 2.421851E+04 1.669806E+03 0.000000E+00
1.400000E+00 8.762168E+04 -1.864228E+04 1.527430E+05 5.570571E+01 1.211758E+02 0.000000E+00 0.000000E+00 0.000000E+00 1.520148E+05 1.441111E+05 9.172086E+04 2.423517E+04 1.646525E+03 0.000000E+00
1.401000E+00 8.717509E+04 -1.929300E+04 1.525148E+05 5.570571E+01 1.212591E+02 0.000000E+00 0.000000E+00 0.000000E+00 1.517838E+05 1.438802E+05 9.042593E+04 2.425183E+04 1.623279E+03 0.000000E+00
1.402000E+00 8.673306E+04 -1.993195E+04 1.522868E+05 5.570571E+01 1.213424E+02 0.000000E+00 0.000000E+00 0.000000E+00 1.515531E+05 1.436503E+05 8.913397E+04 2.426849E+04 1.600087E+03 0.000000E+00
1.403000E+00 8.629563E+04 -2.055879E+04 1.520591E+05 5.570571E+01 1.214257E+02 0.000000E+00 0.000000E+00 0.000000E+00 1.513227E+05 1.434214E+05 8.784550E+04 2.428515E+04 1.576957E+03 0.000000E+00
1.404000E+00 8.586286E+04 -2.117298E+04 1.518317E+05 5.570571E+01 1.215090E+02 0.000000E+00 0.000000E+00 0.000000E+00 1.510927E+05 1.431935E+05 8.656122E+04 2.430181E+04 1.553902E+03 0.000000E+00
1.405000E+00 8.543484E+04 -2.177402E+04 1.516046E+05 5.570571E+01 1.215923E+02 0.000000E+00 0.000000E+00 0.000000E+00 1.508630E+05 1.429667E+05 8.528185E+04 2.431847E+04 1.530935E+03 0.000000E+00
1.406000E+00 8.501165E+04 -2.236091E+04 1.513778E+05 5.570571E+01 1.216756E+02 0.000000E+00 0.000000E+00 0.000000E+00 1.506336E+05 1.427411E+05 8.400860E+04 2.433513E+04 1.508079E+03 0.000000E+00
1.407000E+00 8.459339E+04 -2.293318E+04 1.511512E+05 5.570571E+01 1.217589E+02 0.000000E+00 0.000000E+00 0.000000E+00 1.504046E+05 1.425168E+05 8.274211E+04 2.435179E+04 1.485343E+03 0.000000E+00
1.408000E+00 8.418019E+04 -2.349079E+04 1.509250E+05 5.570571E+01 1.218422E+02 0.000000E+00 0.000000E+00 0.000000E+00 1.501759E+05 1.422938E+05 8.148268E+04 2.436845E+04 1.462735E+03 0.000000E+00
1.409000E+00 8.377215E+04 -2.403335E+04 1.506991E+05 5.570571E+01 1.219255E+02 0.000000E+00 0.000000E+00 0.000000E+00 1.499476E+05 1.420723E+05 8.023090E+04 2.438511E+04 1.440263E+03 0.000000E+00
1.410000E+00 8.336941E+04 -2.456050E+04 1.504734E+05 5.570571E+01 1.220088E+02 0.000000E+00 0.000000E+00 0.000000E+00 1.497196E+05 1.418522E+05 7.898738E+04 2.440177E+04 1.417940E+03 0.000000E+00
1.411000E+00 8.297211E+04 -2.507071E+04 1.502481E+05 5.570571E+01 1.220921E+02 0.000000E+00 0.000000E+00 0.000000E+00 1.494919E+05 1.416338E+05 7.775389E+04 2.441843E+04 1.395797E+03 0.000000E+00
1.412000E+00 8.258037E+04 -2.556453E+04 1.500230E+05 5.570571E+01 1.221754E+02 0.000000E+00 0.000000E+00 0.000000E+00 1.492646E+05 1.414170E+05 7.653011E+04 2.443509E+04 1.373829E+03 0.000000E+00
1.413000E+00 8.219435E+04 -2.604190E+04 1.497983E+05 5.570571E+01 1.222587E+02 0.000000E+00 0.000000E+00 0.000000E+00 1.490376E+05 1.412019E+05 7.531636E+04 2.445175E+04 1.352040E+03 0.000000E+00
1.414000E+00 8.181419E+04 -2.650255E+04 1.495738E+05 5.570571E+01 1.223420E+02 0.000000E+00 0.000000E+00 0.000000E+00 1.488110E+05 1.409885E+05 7.411314E+04 2.446841E+04 1.330441E+03 0.000000E+00
1.415000E+00 8.144001E+04 -2.694605E+04 1.493496E+05 5.570571E+01 1.224253E+02 0.000000E+00 0.000000E+00 0.000000E+00 1.485847E+05 1.407770E+05 7.292117E+04 2.448507E+04 1.309043E+03 0.000000E+00
1.416000E+00 8.107196E+04 -2.737093E+04 1.491258E+05 5.570571E+01 1.225086E+02 0.000000E+00 0.000000E+00 0.000000E+00 1.483588E+05 1.405673E+05 7.174218E+04 2.450173E+04 1.287878E+03 0.000000E+00
1.417000E+00 8.071019E+04 -2.777843E+04 1.489022E+05 5.570571E+01 1.225919E+02 0.000000E+00 0.000000E+00 0.000000E+00 1.481332E+05 1.403596E+05 7.057516E+04 2.451839E+04 1.266929E+03 0.000000E+00
1.418000E+00 8.035482E+04 -2.816845E+04 1.486789E+05 5.570571E+01 1.226752E+02 0.000000E+00 0.000000E+00 0.000000E+00 1.479080E+05 1.401538E+05 6.942050E+04 2.453505E+04 1.246201E+03 0.000000E+00
1.419000E+00 8.000598E+04 -2.854089E+04 1.484559E+05 5.570571E+01 1.227585E+02 0.000000E+00 0.000000E+00 0.000000E+00 1.476832E+05 1.399499E+05 6.827857E+04 2.455171E+04 1.225701E+03 0.000000E+00
1.420000E+00 7.966379E+04 -2.889483E+04 1.482332E+05 5.570571E+01 1.228418E+02 0.000000E+00 0.000000E+00 0.000000E+00 1.474587E+05 1.397481E+05 6.715055E+04 2.456837E+04 1.205452E+03 0.000000E+00
1.421000E+00 7.932837E+04 -2.922989E+04 1.480108E+05 5.570571E+01 1.229251E+02 0.000000E+00 0.000000E+00 0.000000E+00 1.472345E+05 1.395482E+05 6.603709E+04 2.458503E+04 1.185463E+03 0.000000E+00
1.422000E+00 7.899984E+04 -2.954716E+04 1.477887E+05 5.570571E+01 1.230084E+02 0.000000E+00 0.000000E+00 0.000000E+00 1.470107E+05 1.393504E+05 6.493736E+04 2.460169E+04 1.165722E+03 0.000000E+00
1.423000E+00 7.867828E+04 -2.984670E+04 1.475669E+05 5.570571E+01 1.230917E+02 0.000000E+00 0.000000E+00 0.000000E+00 1.467873E+05 1.391546E+05 6.385160E+04 2.461835E+04 1.146231E+03 0.000000E+00
1.424000E+00 7.836380E+04 -3.012850E+04 1.473454E+05 5.570571E+01 1.231750E+02 0.000000E+00 0.000000E+00 0.000000E+00 1.465642E+05 1.389608E+05 6.278005E+04 2.463501E+04 1.126995E+03 0.000000E+00
1.425000E+00 7.805647E+04 -3.039112E+04 1.471241E+05 5.570571E+01 1.232583E+02 0.000000E+00 0.000000E+00 0.000000E+00 1.463415E+05 1.387690E+05 6.172445E+04 2.465167E+04 1.108045E+03 0.000000E+00
1.426000E+00 7.775639E+04 -3.063554E+04 1.469032E+05 5.570571E+01 1.233416E+02 0.000000E+00 0.000000E+00 0.000000E+00 1.461192E+05 1.385791E+05 6.068409E+04 2.466833E+04 1.089369E+03 0.000000E+00
1.427000E+00 7.746360E+04 -3.086246E+04 1.466826E+05 5.570571E+01 1.234249E+02 0.000000E+00 0.000000E+00 0.000000E+00 1.458972E+05 1.383913E+05 5.965850E+04 2.468499E+04 1.070958E+03 0.000000E+00
1.428000E+00 7.717817E+04 -3.107207E+04 1.464623E+05 5.570571E+01 1.235082E+02 0.000000E+00 0.000000E+00 0.000000E+00 1.456756E+05 1.382054E+05 5.864780E+04 2.470165E+04 1.052815E+03 0.000000E+00
1.429000E+00 7.690014E+04 -3.126448E+04 1.462423E+05 5.570571E+01 1.235915E+02 0.000000E+00 0.000000E+00 0.000000E+00 1.454544E+05 1.380214E+05 5.765208E+04 2.471831E+04 1.034940E+03 0.000000E+00
1.430000E+00 7.662955E+04 -3.143768E+04 1.460226E+05 5.570571E+01 1.236748E+02 0.000000E+00 0.000000E+00 0.000000E+00 1.452335E+05 1.378392E+05 5.667367E+04 2.473497E+04 1.017376E+03 0.000000E+00
1.431000E+00 7.636643E+04 -3.159409E+04 1.458031E+05 5.570571E+01 1.237581E+02 0.000000E+00 0.000000E+00 0.000000E+00 1.450130E+05 1.376589E+05 5.571038E+04 2.475163E+04 1.000084E+03 0.000000E+00
1.432000E+00 7.611079E+04 -3.173392E+04 1.455840E+05 5.570571E+01 1.238414E+02 0.000000E+00 0.000000E+00 0.000000E+00 1.447929E+05 1.374804E+05 5.476223E+04 2.476829E+04 9.830630E+02 0.000000E+00
1.433000E+00 7.586262E+04 -3.185744E+04 1.453652E+05 5.570571E+01 1.239247E+02 0.000000E+00 0.000000E+00 0.000000E+00 1.445732E+05 1.373036E+05 5.382923E+04 2.478495E+04 9.663143E+02 0.000000E+00
1.434000E+00 7.562194E+04 -3.196426E+04 1.451467E+05 5.570571E+01 1.240080E+02 0.000000E+00 0.000000E+00 0.000000E+00 1.443538E+05 1.371285E+05 5.291199E+04 2.480161E+04 9.498485E+02 0.000000E+00
1.435000E+00 7.538871E+04 -3.205369E+04 1.449285E+05 5.570571E+01 1.240913E+02 0.000000E+00 0.000000E+00 0.000000E+00 1.441349E+05 1.369551E+05 5.201144E+04 2.481827E+04 9.336823E+02 0.000000E+00
1.436000E+00 7.516292E+04 -3.212766E+04 1.447106E+05 5.570571E+01 1.241746E+02 0.000000E+00 0.000000E+00 0.000000E+00 1.439163E+05 1.367832E+05 5.112591E+04 2.483493E+04 9.177857E+02 0.000000E+00
1.437000E+00 7.494453E+04 -3.218646E+04 1.444930E+05 5.570571E+01 1.242579E+02 0.000000E+00 0.000000E+00 0.000000E+00 1.436980E+05 1.366128E+05 5.025530E+04 2.485159E+04 9.021571E+02 0.000000E+00
1.438000E+00 7.473349E+04 -3.223042E+04 1.442757E+05 5.570571E+01 1.243412E+02 0.000000E+00 0.000000E+00 0.000000E+00 1.434802E+05 1.364438E+05 4.939954E+04 2.486825E+04 8.867948E+02 0.000000E+00
1.439000E+00 7.452974E+04 -3.225863E+04 1.440587E+05 5.570571E+01 1.244245E+02 0.000000E+00 0.000000E+00 0.000000E+00 1.432627E+05 1.362762E+05 4.855974E+04 2.488491E+04 8.717192E+02 0.000000E+00
1.440000E+00 7.433323E+04 -3.227175E+04 1.438420E+05 5.570571E+01 1.245078E+02 0.000000E+00 0.000000E+00 0.000000E+00 1.430457E+05 1.361100E+05 4.773544E+04 2.490157E+04 8.569219E+02 0.000000E+00
1.441000E+00 7.414388E+04 -3.227110E+04 1.436256E+05 5.570571E+01 1.245911E+02 0.000000E+00 0.000000E+00 0.000000E+00 1.428290E+05 1.359449E+05 4.692556E+04 2.491823E+04 8.423832E+02 0.000000E+00
1.442000E+00 7.396160E+04 -3.225702E+04 1.434095E+05 5.570571E+01 1.246744E+02 0.000000E+00 0.000000E+00 0.000000E+00 1.426127E+05 1.357811E+05 4.612993E+04 2.493489E+04 8.281005E+02 0.000000E+00
1.443000E+00 7.378630E+04 -3.222990E+04 1.431938E+05 5.570571E+01 1.247577E+02 0.000000E+00 0.000000E+00 0.000000E+00 1.423967E+05 1.356183E+05 4.534838E+04 2.495155E+04 8.140706E+02 0.000000E+00
1.444000E+00 7.361788E+04 -3.218835E+04 1.429783E+05 5.570571E+01 1.248410E+02 0.000000E+00 0.000000E+00 0.000000E+00 1.421812E+05 1.354566E+05 4.458249E+04 2.496821E+04 8.003216E+02 0.000000E+00
1.445000E+00 7.345625E+04 -3.213424E+04 1.427632E+05 5.570571E+01 1.249243E+02 0.000000E+00 0.000000E+00 0.000000E+00 1.419660E+05 1.352958E+05 4.383054E+04 2.498487E+04 7.868230E+02 0.000000E+00
1.446000E+00 7.330128E+04 -3.206828E+04 1.425483E+05 5.570571E+01 1.250076E+02 0.000000E+00 0.000000E+00 0.000000E+00 1.417512E+05 1.351360E+05 4.309204E+04 2.500153E+04 7.735659E+02 0.000000E+00
1.447000E+00 7.315286E+04 -3.199082E+04 1.423338E+05 5.570571E+01 1.250909E+02 0.000000E+00 0.000000E+00 0.000000E+00 1.415368E+05 1.349769E+05 4.236678E+04 2.501819E+04 7.605464E+02 0.000000E+00
1.448000E+00 7.301085E+04 -3.190200E+04 1.421196E+05 5.570571E+01 1.251742E+02 0.000000E+00 0.000000E+00 0.000000E+00 1.413228E+05 1.348186E+05 4.165481E+04 2.503485E+04 7.477655E+02 0.000000E+00
1.449000E+00 7.287514E+04 -3.180088E+04 1.419056E+05 5.570571E+01 1.252575E+02 0.000000E+00 0.000000E+00 0.000000E+00 1.411092E+05 1.346609E+05 4.095722E+04 2.505151E+04 7.352427E+02 0.000000E+00
1.450000E+00 7.274558E+04 -3.168949E+04 1.416920E+05 5.570571E+01 1.253408E+02 0.000000E+00 0.000000E+00 0.000000E+00 1.408959E+05 1.345039E+05 4.027213E+04 2.506817E+04 7.229443E+02 0.000000E+00
1.451000E+00 7.262203E+04 -3.156822E+04 1.414787E+05 5.570571E+01 1.254241E+02 0.000000E+00 0.000000E+00 0.000000E+00 1.406831E+05 1.343474E+05 3.959930E+04 2.508483E+04 7.108660E+02 0.000000E+00
1.452000E+00 7.250434E+04 -3.143745E+04 1.412658E+05 5.570571E+01 1.255074E+02 0.000000E+00 0.000000E+00 0.000000E+00 1.404706E+05 1.341914E+05 3.893849E+04 2.510149E+04 6.990035E+02 0.000000E+00
1.453000E+00 7.239237E+04 -3.129683E+04 1.410531E+05 5.570571E+01 1.255907E+02 0.000000E+00 0.000000E+00 0.000000E+00 1.402585E+05 1.340358E+05 3.829018E+04 2.511815E+04 6.873655E+02 0.000000E+00
1.454000E+00 7.228596E+04 -3.114654E+04 1.408407E+05 5.570571E+01 1.256740E+02 0.000000E+00 0.000000E+00 0.000000E+00 1.400467E+05 1.338806E+05 3.765435E+04 2.513481E+04 6.759513E+02 0.000000E+00
1.455000E+00 7.218496E+04 -3.098792E+04 1.406287E+05 5.570571E+01 1.257573E+02 0.000000E+00 0.000000E+00 0.000000E+00 1.398354E+05 1.337256E+05 3.702973E+04 2.515147E+04 6.647385E+02 0.000000E+00
1.456000E+00 7.208922E+04 -3.082136E+04 1.404170E+05 5.570571E+01 1.258406E+02 0.000000E+00 0.000000E+00 0.000000E+00 1.396244E+05 1.335709E+05 3.641610E+04 2.516813E+04 6.537228E+02 0.000000E+00
1.457000E+00 7.199856E+04 -3.064720E+04 1.402055E+05 5.570571E+01 1.259239E+02 0.000000E+00 0.000000E+00 0.000000E+00 1.394138E+05 1.334164E+05 3.581319E+04 2.518479E+04 6.428998E+02 0.000000E+00
1.458000E+00 7.191283E+04 -3.046471E+04 1.399944E+05 5.570571E+01 1.260072E+02 0.000000E+00 0.000000E+00 0.000000E+00 1.392036E+05 1.332620E+05 3.522187E+04 2.520145E+04 6.322847E+02 0.000000E+00
1.459000E+00 7.183188E+04 -3.027493E+04 1.397837E+05 5.570571E+01 1.260905E+02 0.000000E+00 0.000000E+00 0.000000E+00 1.389938E+05 1.331076E+05 3.464118E+04 2.521811E+04 6.218605E+02 0.000000E+00
1.460000E+00 7.175553E+04 -3.007864E+04 1.395732E+05 5.570571E+01 1.261738E+02 0.000000E+00 0.000000E+00 0.000000E+00 1.387843E+05 1.329533E+05 3.407045E+04 2.523477E+04 6.116150E+02 0.000000E+00
1.461000E+00 7.168363E+04 -2.987616E+04 1.393630E+05 5.570571E+01 1.262571E+02 0.000000E+00 0.000000E+00 0.000000E+00 1.385752E+05 1.327990E+05 3.350944E+04 2.525143E+04 6.015441E+02 0.000000E+00
1.462000E+00 7.161601E+04 -2.966780E+04 1.391532E+05 5.570571E+01 1.263404E+02 0.000000E+00 0.000000E+00 0.000000E+00 1.383665E+05 1.326446E+05 3.295793E+04 2.526809E+04 5.916437E+02 0.000000E+00
1.463000E+00 7.155251E+04 -2.945253E+04 1.389436E+05 5.570571E+01 1.264237E+02 0.000000E+00 0.000000E+00 0.000000E+00 1.381581E+05 1.324901E+05 3.241705E+04 2.528475E+04 5.819340E+02 0.000000E+00
1.464000E+00 7.149298E+04 -2.923203E+04 1.387344E+05 5.570571E+01 1.265070E+02 0.000000E+00 0.000000E+00 0.000000E+00 1.379501E+05 1.323355E+05 3.188517E+04 2.530141E+04 5.723860E+02 0.000000E+00
1.465000E+00 7.143726E+04 -2.900657E+04 1.385255E+05 5.570571E+01 1.265903E+02 0.000000E+00 0.000000E+00 0.000000E+00 1.377425E+05 1.321806E+05 3.136209E+04 2.531807E+04 5.629960E+02 0.000000E+00
1.466000E+00 7.138520E+04 -2.877645E+04 1.383169E+05 5.570571E+01 1.266736E+02 0.000000E+00 0.000000E+00 0.000000E+00 1.375353E+05 1.320256E+05 3.084761E+04 2.533473E+04 5.537603E+02 0.000000E+00
1.467000E+00 7.133662E+04 -2.854156E+04 1.381087E+05 5.570571E+01 1.267569E+02 0.000000E+00 0.000000E+00 0.000000E+00 1.373284E+05 1.318704E+05 3.034188E+04 2.535139E+04 5.446817E+02 0.000000E+00
1.468000E+00 7.129140E+04 -2.830165E+04 1.379007E+05 5.570571E+01 1.268402E+02 0.000000E+00 0.000000E+00 0.000000E+00 1.371218E+05 1.317149E+05 2.984521E+04 2.536805E+04 5.357657E+02 0.000000E+00
1.469000E+00 7.124938E+04 -2.805787E+04 1.376931E+05 5.570571E+01 1.269235E+02 0.000000E+00 0.000000E+00 0.000000E+00 1.369157E+05 1.315591E+05 2.935653E+04 2.538471E+04 5.269932E+02 0.000000E+00
1.470000E+00 7.121042E+04 -2.781040E+04 1.374858E+05 5.570571E+01 1.270068E+02 0.000000E+00 0.000000E+00 0.000000E+00 1.367099E+05 1.314030E+05 2.887568E+04 2.540137E+04 5.183612E+02 0.000000E+00
1.471000E+00 7.117437E+04 -2.755949E+04 1.372788E+05 5.570571E+01 1.270901E+02 0.000000E+00 0.000000E+00 0.000000E+00 1.365044E+05 1.312466E+05 2.840249E+04 2.541803E+04 5.098667E+02 0.000000E+00
1.472000E+00 7.114109E+04 -2.730470E+04 1.370721E+05 5.570571E+01 1.271734E+02 0.000000E+00 0.000000E+00 0.000000E+00 1.362993E+05 1.310899E+05 2.793744E+04 2.543469E+04 5.015183E+02 0.000000E+00
1.473000E+00 7.111047E+04 -2.704639E+04 1.368657E+05 5.570571E+01 1.272567E+02 0.000000E+00 0.000000E+00 0.000000E+00 1.360946E+05 1.309328E+05 2.748019E+04 2.545135E+04 4.933101E+02 0.000000E+00
1.474000E+00 7.108236E+04 -2.678523E+04 1.366597E+05 5.570571E+01 1.273400E+02 0.000000E+00 0.000000E+00 0.000000E+00 1.358902E+05 1.307754E+05 2.703015E+04 2.546801E+04 4.852312E+02 0.000000E+00
1.475000E+00 7.105664E+04 -2.652137E+04 1.364540E+05 5.570571E+01 1.274233E+02 0.000000E+00 0.000000E+00 0.000000E+00 1.356862E+05 1.306176E+05 2.658718E+04 2.548467E+04 4.772792E+02 0.000000E+00
1.476000E+00 7.103320E+04 -2.625498E+04 1.362485E+05 5.570571E+01 1.275066E+02 0.000000E+00 0.000000E+00 0.000000E+00 1.354825E+05 1.304595E+05 2.615117E+04 2.550133E+04 4.694522E+02 0.000000E+00
1.477000E+00 7.101191E+04 -2.598533E+04 1.360435E+05 5.570571E+01 1.275899E+02 0.000000E+00 0.000000E+00 0.000000E+00 1.352792E+05 1.303010E+05 2.572287E+04 2.551799E+04 4.617636E+02 0.000000E+00
1.478000E+00 7.099266E+04 -2.571328E+04 1.358387E+05 5.570573E+01 1.276732E+02 0.000000E+00 -6.243393E-02 0.000000E+00 1.350762E+05 1.301421E+05 2.530145E+04 2.553465E+04 4.541984E+02 0.000000E+00
1.479000E+00 7.097536E+04 -2.543902E+04 1.356342E+05 5.570598E+01 1.277563E+02 0.000000E+00 -5.107423E-01 0.000000E+00 1.348736E+05 1.299829E+05 2.488678E+04 2.555126E+04 4.467524E+02 0.000000E+00
1.480000E+00 7.095991E+04 -2.516245E+04 1.354301E+05 5.570689E+01 1.278387E+02 0.000000E+00 -1.383469E+00 0.000000E+00 1.346713E+05 1.298233E+05 2.447895E+04 2.556773E+04 4.394241E+02 0.000000E+00
1.481000E+00 7.094621E+04 -2.488340E+04 1.352262E+05 5.570888E+01 1.279200E+02 0.000000E+00 -2.671279E+00 0.000000E+00 1.344693E+05 1.296634E+05 2.407819E+04 2.558399E+04 4.322146E+02 0.000000E+00
1.482000E+00 7.093419E+04 -2.460114E+04 1.350227E+05 5.571237E+01 1.279998E+02 0.000000E+00 -4.364614E+00 0.000000E+00 1.342677E+05 1.295032E+05 2.368528E+04 2.559996E+04 4.251350E+02 0.000000E+00
1.483000E+00 7.092380E+04 -2.431643E+04 1.348195E+05 5.571774E+01 1.280777E+02 0.000000E+00 -6.453850E+00 0.000000E+00 1.340665E+05 1.293427E+05 2.329945E+04 2.561554E+04 4.181693E+02 0.000000E+00
1.484000E+00 7.091496E+04 -2.402927E+04 1.346166E+05 5.572540E+01 1.281533E+02 0.000000E+00 -8.929318E+00 0.000000E+00 1.338655E+05 1.291820E+05 2.292079E+04 2.563067E+04 4.113167E+02 0.000000E+00
1.485000E+00 7.090761E+04 -2.373960E+04 1.344141E+05 5.573573E+01 1.282263E+02 0.000000E+00 -1.178125E+01 0.000000E+00 1.336650E+05 1.290210E+05 2.254936E+04 2.564527E+04 4.045763E+02 0.000000E+00
1.486000E+00 7.090173E+04 -2.344702E+04 1.342118E+05 5.574909E+01 1.282963E+02 0.000000E+00 -1.499979E+01 0.000000E+00 1.334647E+05 1.288598E+05 2.218562E+04 2.565925E+04 3.979548E+02 0.000000E+00
1.487000E+00 7.089725E+04 -2.315138E+04 1.340099E+05 5.576585E+01 1.283628E+02 0.000000E+00 -1.857488E+01 0.000000E+00 1.332648E+05 1.286985E+05 2.182974E+04 2.567256E+04 3.914536E+02 0.000000E+00
1.488000E+00 7.089416E+04 -2.285320E+04 1.338083E+05 5.578635E+01 1.284256E+02 0.000000E+00 -2.249650E+01 0.000000E+00 1.330652E+05 1.285370E+05 2.148126E+04 2.568512E+04 3.850630E+02 0.000000E+00
1.489000E+00 7.089241E+04 -2.255247E+04 1.336070E+05 5.581095E+01 1.284843E+02 0.000000E+00 -2.675456E+01 0.000000E+00 1.328660E+05 1.283755E+05 2.114022E+04 2.569686E+04 3.787826E+02 0.000000E+00
1.490000E+00 7.089197E+04 -2.224918E+04 1.334060E+05 5.583997E+01 1.285386E+02 0.000000E+00 -3.133896E+01 0.000000E+00 1.326671E+05 1.282138E+05 2.080665E+04 2.570772E+04 3.726122E+02 0.000000E+00
1.491000E+00 7.089283E+04 -2.194271E+04 1.332053E+05 5.587373E+01 1.285881E+02 0.000000E+00 -3.623947E+01 0.000000E+00 1.324685E+05 1.280521E+05 2.048125E+04 2.571762E+04 3.665631E+02 0.000000E+00
1.492000E+00 7.089496E+04 -2.163345E+04 1.330050E+05 5.591255E+01 1.286326E+02 0.000000E+00 -4.144576E+01 0.000000E+00 1.322702E+05 1.278904E+05 2.016365E+04 2.572652E+04 3.606283E+02 0.000000E+00
1.493000E+00 7.089835E+04 -2.132165E+04 1.328049E+05 5.595672E+01 1.286717E+02 0.000000E+00 -4.694756E+01 0.000000E+00 1.320723E+05 1.277287E+05 1.985362E+04 2.573435E+04 3.548031E+02 0.000000E+00
1.494000E+00 7.090297E+04 -2.100736E+04 1.326052E+05 5.600654E+01 1.287052E+02 0.000000E+00 -5.273458E+01 0.000000E+00 1.318747E+05 1.275671E+05 1.955118E+04 2.574104E+04 3.490874E+02 0.000000E+00
1.495000E+00 7.090881E+04 -2.069058E+04 1.324058E+05 5.606228E+01 1.287328E+02 0.000000E+00 -5.879651E+01 0.000000E+00 1.316775E+05 1.274055E+05 1.925634E+04 2.574655E+04 3.434812E+02 0.000000E+00
1.496000E+00 7.091587E+04 -2.037044E+04 1.322067E+05 5.612422E+01 1.287541E+02 0.000000E+00 -6.512292E+01 0.000000E+00 1.314806E+05 1.272440E+05 1.897005E+04 2.575083E+04 3.380011E+02 0.000000E+00
1.497000E+00 7.092412E+04 -2.004786E+04 1.320079E+05 5.619261E+01 1.287690E+02 0.000000E+00 -7.170339E+01 0.000000E+00 1.312840E+05 1.270826E+05 1.869138E+04 2.575381E+04 3.326306E+02 0.000000E+00
1.498000E+00 7.093356E+04 -1.972288E+04 1.318094E+05 5.626771E+01 1.287772E+02 0.000000E+00 -7.852756E+01 0.000000E+00 1.310877E+05 1.269213E+05 1.842036E+04 2.575545E+04 3.273700E+02 0.000000E+00
1.499000E+00 7.094419E+04 -1.939555E+04 1.316112E+05 5.634975E+01 1.287785E+02 0.000000E+00 -8.558507E+01 0.000000E+00 1.308917E+05 1.267602E+05 1.815698E+04 2.575570E+04 3.222193E+02 0.000000E+00
1.500000E+00 7.095598E+04 -1.906563E+04 1.314134E+05 5.643895E+01 1.287726E+02 0.000000E+00 -9.286556E+01 0.000000E+00 1.306961E+05 1.265992E+05 1.790150E+04 2.575452E+04 3.171834E+02 0.000000E+00
1.501000E+00 7.096893E+04 -1.873275E+04 1.312159E+05 5.653555E+01 1.287593E+02 0.000000E+00 -1.003586E+02 0.000000E+00 1.305008E+05 1.264384E+05 1.765431E+04 2.575186E+04 3.122692E+02 0.000000E+00
1.502000E+00 7.098303E+04 -1.839765E+04 1.310186E+05 5.663974E+01 1.287384E+02 0.000000E+00 -1.080537E+02 0.000000E+00 1.303058E+05 1.262778E+05 1.741475E+04 2.574768E+04 3.074652E+02 0.000000E+00
1.503000E+00 7.099828E+04 -1.806036E+04 1.308217E+05 5.675172E+01 1.287097E+02 0.000000E+00 -1.159408E+02 0.000000E+00 1.301112E+05 1.261174E+05 1.718280E+04 2.574195E+04 3.027714E+02 0.000000E+00
1.504000E+00 7.101466E+04 -1.772093E+04 1.306251E+05 5.687168E+01 1.286731E+02 0.000000E+00 -1.240094E+02 0.000000E+00 1.299169E+05 1.259572E+05 1.695844E+04 2.573461E+04 2.981877E+02 0.000000E+00
1.505000E+00 7.103217E+04 -1.737889E+04 1.304288E+05 5.699980E+01 1.286283E+02 0.000000E+00 -1.322493E+02 0.000000E+00 1.297229E+05 1.257972E+05 1.674218E+04 2.572565E+04 2.937235E+02 0.000000E+00
1.506000E+00 7.105078E+04 -1.703442E+04 1.302328E+05 5.713623E+01 1.285751E+02 0.000000E+00 -1.406502E+02 0.000000E+00 1.295292E+05 1.256375E+05 1.653387E+04 2.571502E+04 2.893763E+02 0.000000E+00
1.507000E+00 7.107051E+04 -1.668799E+04 1.300372E+05 5.728115E+01 1.285135E+02 0.000000E+00 -1.492019E+02 0.000000E+00 1.293358E+05 1.254780E+05 1.633308E+04 2.570270E+04 2.851389E+02 0.000000E+00
1.508000E+00 7.109132E+04 -1.633965E+04 1.298418E+05 5.743468E+01 1.284433E+02 0.000000E+00 -1.578944E+02 0.000000E+00 1.291428E+05 1.253187E+05 1.613978E+04 2.568865E+04 2.810110E+02 0.000000E+00
1.509000E+00 7.111321E+04 -1.598949E+04 1.296468E+05 5.759698E+01 1.283643E+02 0.000000E+00 -1.667175E+02 0.000000E+00 1.289501E+05 1.251596E+05 1.595391E+04 2.567285E+04 2.769922E+02 0.000000E+00
1.510000E+00 7.113617E+04 -1.563676E+04 1.294520E+05 5.776816E+01 1.282764E+02 0.000000E+00 -1.756612E+02 0.000000E+00 1.287577E+05 1.250008E+05 1.577626E+04 2.565528E+04 2.730961E+02 0.000000E+00
1.511000E+00 7.116018E+04 -1.528220E+04 1.292576E+05 5.794834E+01 1.281795E+02 0.000000E+00 -1.847155E+02 0.000000E+00 1.285656E+05 1.248422E+05 1.560610E+04 2.563590E+04 2.693106E+02 0.000000E+00
1.512000E+00 7.118522E+04 -1.492603E+04 1.290635E+05 5.813762E+01 1.280735E+02 0.000000E+00 -1.938706E+02 0.000000E+00 1.283738E+05 1.246838E+05 1.544325E+04 2.561471E+04 2.656326E+02 0.000000E+00
1.513000E+00 7.121128E+04 -1.456832E+04 1.288697E+05 5.833611E+01 1.279583E+02 0.000000E+00 -2.031167E+02 0.000000E+00 1.281824E+05 1.245257E+05 1.528766E+04 2.559167E+04 2.620617E+02 0.000000E+00
1.514000E+00 7.123834E+04 -1.420902E+04 1.286762E+05 5.854388E+01 1.278339E+02 0.000000E+00 -2.124442E+02 0.000000E+00 1.279913E+05 1.243677E+05 1.513940E+04 2.556677E+04 2.585993E+02 0.000000E+00
1.515000E+00 7.126638E+04 -1.384756E+04 1.284830E+05 5.876102E+01 1.277000E+02 0.000000E+00 -2.218433E+02 0.000000E+00 1.278005E+05 1.242101E+05 1.499907E+04 2.554001E+04 2.552555E+02 0.000000E+00
1.516000E+00 7.129538E+04 -1.348481E+04 1.282901E+05 5.898759E+01 1.275568E+02 0.000000E+00 -2.313045E+02 0.000000E+00 1.276100E+05 1.240526E+05 1.486582E+04 2.551135E+04 2.520160E+02 0.000000E+00
1.517000E+00 7.132532E+04 -1.312088E+04 1.280975E+05 5.922365E+01 1.274040E+02 0.000000E+00 -2.408185E+02 0.000000E+00 1.274198E+05 1.238953E+05 1.473956E+04 2.548080E+04 2.488796E+02 0.000000E+00
1.518000E+00 7.135617E+04 -1.275583E+04 1.279052E+05 5.946924E+01 1.272417E+02 0.000000E+00 -2.503760E+02 0.000000E+00 1.272300E+05 1.237383E+05 1.462024E+04 2.544834E+04 2.458453E+02 0.000000E+00
1.519000E+00 7.138792E+04 -1.238939E+04 1.277133E+05 5.972441E+01 1.270698E+02 0.000000E+00 -2.599677E+02 0.000000E+00 1.270404E+05 1.235814E+05 1.450814E+04 2.541397E+04 2.429182E+02 0.000000E+00
1.520000E+00 7.142052E+04 -1.202155E+04 1.275216E+05 5.998919E+01 1.268884E+02 0.000000E+00 -2.695846E+02 0.000000E+00 1.268512E+05 1.234247E+05 1.440332E+04 2.537767E+04 2.400987E+02 0.000000E+00
1.521000E+00 7.145396E+04 -1.165289E+04 1.273302E+05 6.026359E+01 1.266973E+02 0.000000E+00 -2.792178E+02 0.000000E+00 1.266623E+05 1.232682E+05 1.430518E+04 2.533945E+04 2.373769E+02 0.000000E+00
1.522000E+00 7.148821E+04 -1.128353E+04 1.271392E+05 6.054763E+01 1.264965E+02 0.000000E+00 -2.888584E+02 0.000000E+00 1.264737E+05 1.231119E+05 1.421363E+04 2.529931E+04 2.347512E+02 0.000000E+00
1.523000E+00 7.152324E+04 -1.091357E+04 1.269484E+05 6.084130E+01 1.262861E+02 0.000000E+00 -2.984978E+02 0.000000E+00 1.262855E+05 1.229557E+05 1.412857E+04 2.525723E+04 2.322200E+02 0.000000E+00
1.524000E+00 7.155901E+04 -1.054252E+04 1.267580E+05 6.114462E+01 1.260661E+02 0.000000E+00 -3.081275E+02 0.000000E+00 1.260975E+05 1.227997E+05 1.405050E+04 2.521323E+04 2.297912E+02 0.000000E+00
1.525000E+00 7.159549E+04 -1.017086E+04 1.265679E+05 6.145755E+01 1.258365E+02 0.000000E+00 -3.177391E+02 0.000000E+00 1.259098E+05 1.226438E+05 1.397895E+04 2.516730E+04 2.274570E+02 0.000000E+00
1.526000E+00 7.163265E+04 -9.798945E+03 1.263781E+05 6.178009E+01 1.255973E+02 0.000000E+00 -3.273243E+02 0.000000E+00 1.257225E+05 1.224881E+05 1.391357E+04 2.511945E+04 2.252113E+02 0.000000E+00
1.527000E+00 7.167045E+04 -9.426886E+03 1.261885E+05 6.211219E+01 1.253485E+02 0.000000E+00 -3.368752E+02 0.000000E+00 1.255355E+05 1.223324E+05 1.385426E+04 2.506969E+04 2.230522E+02 0.000000E+00
1.528000E+00 7.170885E+04 -9.054790E+03 1.259993E+05 6.245382E+01 1.250901E+02 0.000000E+00 -3.463839E+02 0.000000E+00 1.253487E+05 1.221769E+05 1.380090E+04 2.501803E+04 2.209777E+02 0.000000E+00
1.529000E+00 7.174781E+04 -8.682032E+03 1.258104E+05 6.280494E+01 1.248223E+02 0.000000E+00 -3.558425E+02 0.000000E+00 1.251623E+05 1.220214E+05 1.375413E+04 2.496446E+04 2.189976E+02 0.000000E+00
1.530000E+00 7.178730E+04 -8.309505E+03 1.256218E+05 6.316549E+01 1.245451E+02 0.000000E+00 -3.652436E+02 0.000000E+00 1.249762E+05 1.218660E+05 1.371305E+04 2.490901E+04 2.170971E+02 0.000000E+00
1.531000E+00 7.182728E+04 -7.937324E+03 1.254335E+05 6.353541E+01 1.242584E+02 0.000000E+00 -3.745798E+02 0.000000E+00 1.247904E+05 1.217106E+05 1.367753E+04 2.485169E+04 2.152741E+02 0.000000E+00
1.532000E+00 7.186769E+04 -7.565620E+03 1.252455E+05 6.391463E+01 1.239625E+02 0.000000E+00 -3.838440E+02 0.000000E+00 1.246049E+05 1.215553E+05 1.364744E+04 2.479251E+04 2.135262E+02 0.000000E+00
1.533000E+00 7.190849E+04 -7.194320E+03 1.250577E+05 6.430307E+01 1.236574E+02 0.000000E+00 -3.930291E+02 0.000000E+00 1.244198E+05 1.214001E+05 1.362286E+04 2.473148E+04 2.118539E+02 0.000000E+00
1.534000E+00 7.194964E+04 -6.823279E+03 1.248703E+05 6.470065E+01 1.233431E+02 0.000000E+00 -4.021284E+02 0.000000E+00 1.242349E+05 1.212448E+05 1.360390E+04 2.466862E+04 2.102590E+02 0.000000E+00
1.535000E+00 7.199110E+04 -6.453122E+03 1.246832E+05 6.510729E+01 1.230198E+02 0.000000E+00 -4.111352E+02 0.000000E+00 1.240503E+05 1.210896E+05 1.358994E+04 2.460395E+04 2.087314E+02 0.000000E+00
1.536000E+00 7.203281E+04 -6.083970E+03 1.244964E+05 6.552289E+01 1.226875E+02 0.000000E+00 -4.200432E+02 0.000000E+00 1.238661E+05 1.209343E+05 1.358083E+04 2.453749E+04 2.072685E+02 0.000000E+00
1.537000E+00 7.207473E+04 -5.715958E+03 1.243099E+05 6.594735E+01 1.223463E+02 0.000000E+00 -4.288462E+02 0.000000E+00 1.236821E+05 1.207790E+05 1.357644E+04 2.446926E+04 2.058678E+02 0.000000E+00
1.538000E+00 7.211680E+04 -5.348888E+03 1.241237E+05 6.638055E+01 1.219964E+02 0.000000E+00 -4.375382E+02 0.000000E+00 1.234984E+05 1.206237E+05 1.357693E+04 2.439928E+04 2.045317E+02 0.000000E+00
1.539000E+00 7.215897E+04 -4.982997E+03 1.239378E+05 6.682238E+01 1.216379E+02 0.000000E+00 -4.461135E+02 0.000000E+00 1.233151E+05 1.204682E+05 1.358205E+04 2.432757E+04 2.032560E+02 0.000000E+00
1.540000E+00 7.220120E+04 -4.618670E+03 1.237522E+05 6.727273E+01 1.212708E+02 0.000000E+00 -4.545664E+02 0.000000E+00 1.231320E+05 1.203128E+05 1.359139E+04 2.425416E+04 2.020342E+02 0.000000E+00
1.541000E+00 7.224342E+04 -4.256031E+03 1.235669E+05 6.773147E+01 1.208954E+02 0.000000E+00 -4.628918E+02 0.000000E+00 1.229493E+05 1.201572E+05 1.360481E+04 2.417908E+04 2.008639E+02 0.000000E+00
1.542000E+00 7.228559E+04 -3.895216E+03 1.233819E+05 6.819847E+01 1.205117E+02 0.000000E+00 -4.710844E+02 0.000000E+00 1.227668E+05 1.200015E+05 1.362214E+04 2.410234E+04 1.997426E+02 0.000000E+00
1.543000E+00 7.232765E+04 -3.535965E+03 1.231972E+05 6.867360E+01 1.201199E+02 0.000000E+00 -4.791395E+02 0.000000E+00 1.225847E+05 1.198457E+05 1.364361E+04 2.402397E+04 1.986733E+02 0.000000E+00
1.544000E+00 7.236954E+04 -3.178759E+03 1.230128E+05 6.915670E+01 1.197200E+02 0.000000E+00 -4.870522E+02 0.000000E+00 1.224028E+05 1.196898E+05 1.366871E+04 2.394401E+04 1.976483E+02 0.000000E+00
1.545000E+00 7.241121E+04 -2.823799E+03 1.228287E+05 6.964765E+01 1.193124E+02 0.000000E+00 -4.948182E+02 0.000000E+00 1.222212E+05 1.195337E+05 1.369720E+04 2.386248E+04 1.966643E+02 0.000000E+00
1.546000E+00 7.245261E+04 -2.471202E+03 1.226449E+05 7.014629E+01 1.188971E+02 0.000000E+00 -5.024333E+02 0.000000E+00 1.220400E+05 1.193775E+05 1.372894E+04 2.377941E+04 1.957187E+02 0.000000E+00
1.547000E+00 7.249367E+04 -2.121048E+03 1.224613E+05 7.065247E+01 1.184742E+02 0.000000E+00 -5.098935E+02 0.000000E+00 1.218590E+05 1.192211E+05 1.376381E+04 2.369484E+04 1.948100E+02 0.000000E+00
1.548000E+00 7.253434E+04 -1.773223E+03 1.222781E+05 7.116602E+01 1.180439E+02 0.000000E+00 -5.171950E+02 0.000000E+00 1.216783E+05 1.190645E+05 1.380188E+04 2.360879E+04 1.939391E+02 0.000000E+00
1.549000E+00 7.257456E+04 -1.428163E+03 1.220952E+05 7.168680E+01 1.176064E+02 0.000000E+00 -5.243343E+02 0.000000E+00 1.214979E+05 1.189077E+05 1.384266E+04 2.352129E+04 1.930992E+02 0.000000E+00
1.550000E+00 7.261428E+04 -1.085989E+03 1.219125E+05 7.221464E+01 1.171619E+02 0.000000E+00 -5.313080E+02 0.000000E+00 1.213178E+05 1.187507E+05 1.388602E+04 2.343238E+04 1.922881E+02 0.000000E+00
1.551000E+00 7.265343E+04 -7.468062E+02 1.217302E+05 7.274936E+01 1.167105E+02 0.000000E+00 -5.381130E+02 0.000000E+00 1.211380E+05 1.185935E+05 1.393178E+04 2.334210E+04 1.915038E+02 0.000000E+00
1.552000E+00 7.269197E+04 -4.106242E+02 1.215482E+05 7.329081E+01 1.162523E+02 0.000000E+00 -5.447465E+02 0.000000E+00 1.209585E+05 1.184360E+05 1.397989E+04 2.325047E+04 1.907455E+02 0.000000E+00
1.553000E+00 7.272983E+04 -7.753413E+01 1.213664E+05 7.383880E+01 1.157877E+02 0.000000E+00 -5.512057E+02 0.000000E+00 1.207793E+05 1.182783E+05 1.403022E+04 2.315753E+04 1.900115E+02 0.000000E+00
1.554000E+00 7.276697E+04 2.522151E+02 1.211849E+05 7.439316E+01 1.153166E+02 0.000000E+00 -5.574883E+02 0.000000E+00 1.206003E+05 1.181204E+05 1.408246E+04 2.306332E+04 1.892978E+02 0.000000E+00
1.555000E+00 7.280332E+04 5.785251E+02 1.210038E+05 7.495371E+01 1.148393E+02 0.000000E+00 -5.635919E+02 0.000000E+00 1.204216E+05 1.179622E+05 1.413647E+04 2.296787E+04 1.886027E+02 0.000000E+00
1.556000E+00 7.283883E+04 9.013077E+02 1.208229E+05 7.552028E+01 1.143561E+02 0.000000E+00 -5.695146E+02 0.000000E+00 1.202433E+05 1.178037E+05 1.419211E+04 2.287121E+04 1.879244E+02 0.000000E+00
1.557000E+00 7.287345E+04 1.220584E+03 1.206423E+05 7.609268E+01 1.138670E+02 0.000000E+00 -5.752543E+02 0.000000E+00 1.200652E+05 1.176449E+05 1.424933E+04 2.277339E+04 1.872628E+02 0.000000E+00
1.558000E+00 7.290712E+04 1.536187E+03 1.204620E+05 7.667073E+01 1.133722E+02 0.000000E+00 -5.808096E+02 0.000000E+00 1.198874E+05 1.174859E+05 1.430792E+04 2.267444E+04 1.866152E+02 0.000000E+00
1.559000E+00 7.293980E+04 1.847995E+03 1.202820E+05 7.725424E+01 1.128720E+02 0.000000E+00 -5.861789E+02 0.000000E+00 1.197098E+05 1.173266E+05 1.436770E+04 2.257440E+04 1.859795E+02 0.000000E+00
1.560000E+00 7.297144E+04 2.155938E+03 1.201023E+05 7.784303E+01 1.123665E+02 0.000000E+00 -5.913608E+02 0.000000E+00 1.195326E+05 1.171670E+05 1.442855E+04 2.247331E+04 1.853544E+02 0.000000E+00
1.561000E+00 7.300198E+04 2.459957E+03 1.199229E+05 7.843690E+01 1.118560E+02 0.000000E+00 -5.963544E+02 0.000000E+00 1.193556E+05 1.170071E+05 1.449033E+04 2.237119E+04 1.847387E+02 0.000000E+00
1.562000E+00 7.303139E+04 2.760080E+03 1.197437E+05 7.903567E+01 1.113405E+02 0.000000E+00 -6.011586E+02 0.000000E+00 1.191789E+05 1.168469E+05 1.455303E+04 2.226810E+04 1.841325E+02 0.000000E+00
1.563000E+00 7.305961E+04 3.056155E+03 1.195649E+05 7.963915E+01 1.108203E+02 0.000000E+00 -6.057727E+02 0.000000E+00 1.190025E+05 1.166864E+05 1.461643E+04 2.216406E+04 1.835332E+02 0.000000E+00
1.564000E+00 7.308661E+04 3.348141E+03 1.193863E+05 8.024715E+01 1.102956E+02 0.000000E+00 -6.101960E+02 0.000000E+00 1.188264E+05 1.165256E+05 1.468042E+04 2.205912E+04 1.829401E+02 0.000000E+00
1.565000E+00 7.311234E+04 3.636005E+03 1.192081E+05 8.085948E+01 1.097666E+02 0.000000E+00 -6.144280E+02 0.000000E+00 1.186505E+05 1.163645E+05 1.474492E+04 2.195331E+04 1.823524E+02 0.000000E+00
1.566000E+00 7.313677E+04 3.919734E+03 1.190301E+05 8.147595E+01 1.092334E+02 0.000000E+00 -6.184684E+02 0.000000E+00 1.184749E+05 1.162032E+05 1.480984E+04 2.184668E+04 1.817695E+02 0.000000E+00
1.567000E+00 7.315986E+04 4.199321E+03 1.188524E+05 8.209635E+01 1.086963E+02 0.000000E+00 -6.223170E+02 0.000000E+00 1.182996E+05 1.160415E+05 1.487512E+04 2.173926E+04 1.811909E+02 0.000000E+00
1.568000E+00 7.318158E+04 4.474717E+03 1.186750E+05 8.272052E+01 1.081554E+02 0.000000E+00 -6.259735E+02 0.000000E+00 1.181245E+05 1.158796E+05 1.494064E+04 2.163109E+04 1.806159E+02 0.000000E+00
1.569000E+00 7.320189E+04 4.745918E+03 1.184978E+05 8.334824E+01 1.076110E+02 0.000000E+00 -6.294382E+02 0.000000E+00 1.179498E+05 1.157174E+05 1.500634E+04 2.152220E+04 1.800439E+02 0.000000E+00
1.570000E+00 7.322078E+04 5.012926E+03 1.183210E+05 8.397933E+01 1.070632E+02 0.000000E+00 -6.327109E+02 0.000000E+00 1.177753E+05 1.155549E+05 1.507216E+04 2.141264E+04 1.794746E+02 0.000000E+00
1.571000E+00 7.323820E+04 5.275768E+03 1.181444E+05 8.461360E+01 1.065123E+02 0.000000E+00 -6.357921E+02 0.000000E+00 1.176010E+05 1.153922E+05 1.513805E+04 2.130245E+04 1.789081E+02 0.000000E+00
1.572000E+00 7.325415E+04 5.534458E+03 1.179681E+05 8.525085E+01 1.059583E+02 0.000000E+00 -6.386819E+02 0.000000E+00 1.174270E+05 1.152293E+05 1.520399E+04 2.119166E+04 1.783441E+02 0.000000E+00
1.573000E+00 7.326860E+04 5.789004E+03 1.177921E+05 8.589090E+01 1.054016E+02 0.000000E+00 -6.413808E+02 0.000000E+00 1.172533E+05 1.150661E+05 1.526990E+04 2.108031E+04 1.777825E+02 0.000000E+00
1.574000E+00 7.328154E+04 6.039441E+03 1.176164E+05 8.653355E+01 1.048422E+02 0.000000E+00 -6.438891E+02 0.000000E+00 1.170799E+05 1.149027E+05 1.533576E+04 2.096844E+04 1.772233E+02 0.000000E+00
1.575000E+00 7.329295E+04 6.285806E+03 1.174410E+05 8.717861E+01 1.042804E+02 0.000000E+00 -6.462074E+02 0.000000E+00 1.169067E+05 1.147390E+05 1.540155E+04 2.085609E+04 1.766667E+02 0.000000E+00
1.576000E+00 7.330282E+04 6.528175E+03 1.172658E+05 8.782590E+01 1.037165E+02 0.000000E+00 -6.483363E+02 0.000000E+00 1.167338E+05 1.145752E+05 1.546729E+04 2.074329E+04 1.761131E+02 0.000000E+00
1.577000E+00 7.331114E+04 6.766580E+03 1.170909E+05 8.847522E+01 1.031504E+02 0.000000E+00 -6.502763E+02 0.000000E+00 1.165611E+05 1.144112E+05 1.553295E+04 2.063009E+04 1.755627E+02 0.000000E+00
1.578000E+00 7.331791E+04 7.001070E+03 1.169163E+05 8.912639E+01 1.025826E+02 0.000000E+00 -6.520280E+02 0.000000E+00 1.163887E+05 1.142471E+05 1.559852E+04 2.051651E+04 1.750157E+02 0.000000E+00
1.579000E+00 7.332313E+04 7.231710E+03 1.167420E+05 8.977921E+01 1.020130E+02 0.000000E+00 -6.535922E+02 0.000000E+00 1.162166E+05 1.140828E+05 1.566400E+04 2.040261E+04 1.744724E+02 0.000000E+00
1.580000E+00 7.332680E+04 7.458575E+03 1.165680E+05 9.043351E+01 1.014420E+02 0.000000E+00 -6.549695E+02 0.000000E+00 1.160447E+05 1.139183E+05 1.572942E+04 2.028841E+04 1.739335E+02 0.000000E+00
1.581000E+00 7.332893E+04 7.681790E+03 1.163942E+05 9.108909E+01 1.008698E+02 0.000000E+00 -6.561607E+02 0.000000E+00 1.158731E+05 1.137538E+05 1.579484E+04 2.017395E+04 1.733999E+02 0.000000E+00
1.582000E+00 7.332951E+04 7.901384E+03 1.162207E+05 9.174577E+01 1.002964E+02 0.000000E+00 -6.571664E+02 0.000000E+00 1.157018E+05 1.135892E+05 1.586025E+04 2.005928E+04 1.728717E+02 0.000000E+00
1.583000E+00 7.332856E+04 8.117434E+03 1.160475E+05 9.240336E+01 9.972209E+01 0.000000E+00 -6.579874E+02 0.000000E+00 1.155307E+05 1.134245E+05 1.592566E+04 1.994442E+04 1.723493E+02 0.000000E+00
1.584000E+00 7.332610E+04 8.330028E+03 1.158746E+05 9.306168E+01 9.914707E+01 0.000000E+00 -6.586243E+02 0.000000E+00 1.153598E+05 1.132598E+05 1.599111E+04 1.982941E+04 1.718335E+02 0.000000E+00
1.585000E+00 7.332214E+04 8.539296E+03 1.157019E+05 9.372055E+01 9.857150E+01 0.000000E+00 -6.590779E+02 0.000000E+00 1.151892E+05 1.130950E+05 1.605669E+04 1.971430E+04 1.713252E+02 0.000000E+00
1.586000E+00 7.331670E+04 8.745354E+03 1.155295E+05 9.437978E+01 9.799557E+01 0.000000E+00 -6.593489E+02 0.000000E+00 1.150189E+05 1.129302E+05 1.612246E+04 1.959911E+04 1.708254E+02 0.000000E+00
1.587000E+00 7.330980E+04 8.948238E+03 1.153574E+05 9.503919E+01 9.741947E+01 0.000000E+00 -6.594380E+02 0.000000E+00 1.148488E+05 1.127655E+05 1.618841E+04 1.948389E+04 1.703341E+02 0.000000E+00
1.588000E+00 7.330145E+04 9.148038E+03 1.151856E+05 9.569859E+01 9.684336E+01 0.000000E+00 -6.593458E+02 0.000000E+00 1.146790E+05 1.126008E+05 1.625459E+04 1.936867E+04 1.698519E+02 0.000000E+00
1.589000E+00 7.329170E+04 9.344848E+03 1.150140E+05 9.635782E+01 9.626743E+01 0.000000E+00 -6.590729E+02 0.000000E+00 1.145094E+05 1.124361E+05 1.632104E+04 1.925349E+04 1.693795E+02 0.000000E+00
1.590000E+00 7.328056E+04 9.538873E+03 1.148427E+05 9.701668E+01 9.569187E+01 0.000000E+00 -6.586201E+02 0.000000E+00 1.143401E+05 1.122715E+05 1.638794E+04 1.913837E+04 1.689188E+02 0.000000E+00
1.591000E+00 7.326806E+04 9.730154E+03 1.146717E+05 9.767500E+01 9.511685E+01 0.000000E+00 -6.579878E+02 0.000000E+00 1.141710E+05 1.121070E+05 1.645527E+04 1.902337E+04 1.684696E+02 0.000000E+00
1.592000E+00 7.325424E+04 9.918738E+03 1.145009E+05 9.833260E+01 9.454256E+01 0.000000E+00 -6.571766E+02 0.000000E+00 1.140022E+05 1.119426E+05 1.652305E+04 1.890851E+04 1.680323E+02 0.000000E+00
1.593000E+00 7.323912E+04 1.010471E+04 1.143304E+05 9.898929E+01 9.396916E+01 0.000000E+00 -6.561872E+02 0.000000E+00 1.138337E+05 1.117784E+05 1.659133E+04 1.879383E+04 1.676074E+02 0.000000E+00
1.594000E+00 7.322274E+04 1.028817E+04 1.141602E+05 9.964491E+01 9.339684E+01 0.000000E+00 -6.550199E+02 0.000000E+00 1.136653E+05 1.116143E+05 1.666017E+04 1.867937E+04 1.671954E+02 0.000000E+00
1.595000E+00 7.320513E+04 1.046940E+04 1.139903E+05 1.002993E+02 9.282578E+01 0.000000E+00 -6.536754E+02 0.000000E+00 1.134973E+05 1.114504E+05 1.672981E+04 1.856516E+04 1.667989E+02 0.000000E+00
1.596000E+00 7.318633E+04 1.064829E+04 1.138206E+05 1.009522E+02 9.225615E+01 0.000000E+00 -6.521540E+02 0.000000E+00 1.133295E+05 1.112867E+05 1.680012E+04 1.845123E+04 1.664166E+02 0.000000E+00
1.597000E+00 7.316638E+04 1.082493E+04 1.136512E+05 1.016035E+02 9.168813E+01 0.000000E+00 -6.504563E+02 0.000000E+00 1.131619E+05 1.111232E+05 1.687114E+04 1.833763E+04 1.660487E+02 0.000000E+00
1.598000E+00 7.314530E+04 1.099937E+04 1.134820E+05 1.022531E+02 9.112190E+01 0.000000E+00 -6.485826E+02 0.000000E+00 1.129946E+05 1.109599E+05 1.694291E+04 1.822438E+04 1.656959E+02 0.000000E+00
1.599000E+00 7.312315E+04 1.117177E+04 1.133132E+05 1.029006E+02 9.055762E+01 0.000000E+00 -6.465335E+02 0.000000E+00 1.128275E+05 1.107968E+05 1.701554E+04 1.811152E+04 1.653590E+02 0.000000E+00
1.600000E+00 7.309994E+04 1.134229E+04 1.131445E+05 1.035461E+02 8.999549E+01 0.000000E+00 -6.443093E+02 0.000000E+00 1.126607E+05 1.106340E+05 1.708918E+04 1.799910E+04 1.650394E+02 0.000000E+00
1.601000E+00 7.307572E+04 1.151082E+04 1.129762E+05 1.041892E+02 8.943566E+01 0.000000E+00 -6.419104E+02 0.000000E+00 1.124941E+05 1.104715E+05 1.716368E+04 1.788713E+04 1.647357E+02 0.000000E+00
1.602000E+00 7.305053E+04 1.167743E+04 1.128081E+05 1.048298E+02 8.887832E+01 0.000000E+00 -6.393373E+02 0.000000E+00 1.123278E+05 1.103093E+05 1.723908E+04 1.777566E+04 1.644482E+02 0.000000E+00
1.603000E+00 7.302440E+04 1.184214E+04 1.126403E+05 1.054678E+02 8.832365E+01 0.000000E+00 -6.365904E+02 0.000000E+00 1.121617E+05 1.101473E+05 1.731538E+04 1.766473E+04 1.641770E+02 0.000000E+00
1.604000E+00 7.299735E+04 1.200515E+04 1.124727E+05 1.061030E+02 8.777180E+01 0.000000E+00 -6.336702E+02 0.000000E+00 1.119959E+05 1.099857E+05 1.739276E+04 1.755436E+04 1.639235E+02 0.000000E+00
1.605000E+00 7.296944E+04 1.216647E+04 1.123054E+05 1.067351E+02 8.722296E+01 0.000000E+00 -6.305770E+02 0.000000E+00 1.118303E+05 1.098243E+05 1.747119E+04 1.744459E+04 1.636874E+02 0.000000E+00
1.606000E+00 7.294068E+04 1.232599E+04 1.121384E+05 1.073640E+02 8.667731E+01 0.000000E+00 -6.273114E+02 0.000000E+00 1.116650E+05 1.096632E+05 1.755055E+04 1.733546E+04 1.634677E+02 0.000000E+00
1.607000E+00 7.291110E+04 1.248376E+04 1.119716E+05 1.079897E+02 8.613500E+01 0.000000E+00 -6.238740E+02 0.000000E+00 1.114999E+05 1.095025E+05 1.763084E+04 1.722700E+04 1.632642E+02 0.000000E+00
1.608000E+00 7.288074E+04 1.263976E+04 1.118051E+05 1.086117E+02 8.559621E+01 0.000000E+00 -6.202652E+02 0.000000E+00 1.113351E+05 1.093421E+05 1.771205E+04 1.711924E+04 1.630768E+02 0.000000E+00
1.609000E+00 7.284962E+04 1.279423E+04 1.116388E+05 1.092301E+02 8.506112E+01 0.000000E+00 -6.164858E+02 0.000000E+00 1.111705E+05 1.091820E+05 1.779437E+04 1.701222E+04 1.629072E+02 0.000000E+00
1.610000E+00 7.281777E+04 1.294697E+04 1.114728E+05 1.098447E+02 8.452990E+01 0.000000E+00 -6.125363E+02 0.000000E+00 1.110061E+05 1.090222E+05 1.787759E+04 1.690598E+04 1.627534E+02 0.000000E+00
1.611000E+00 7.278520E+04 1.309794E+04 1.113071E+05 1.104551E+02 8.400271E+01 0.000000E+00 -6.084175E+02 0.000000E+00 1.108420E+05 1.088627E+05 1.796163E+04 1.680054E+04 1.626147E+02 0.000000E+00
1.612000E+00 7.275193E+04 1.324712E+04 1.111416E+05 1.110614E+02 8.347972E+01 0.000000E+00 -6.041303E+02 0.000000E+00 1.106782E+05 1.087035E+05 1.804645E+04 1.669594E+04 1.624907E+02 0.000000E+00
1.613000E+00 7.271799E+04 1.339451E+04 1.109764E+05 1.116633E+02 8.296110E+01 0.000000E+00 -5.996755E+02 0.000000E+00 1.105146E+05 1.085447E+05 1.813204E+04 1.659222E+04 1.623813E+02 0.000000E+00
1.614000E+00 7.268338E+04 1.354025E+04 1.108114E+05 1.122607E+02 8.244702E+01 0.000000E+00 -5.950541E+02 0.000000E+00 1.103512E+05 1.083861E+05 1.821848E+04 1.648940E+04 1.622872E+02 0.000000E+00
1.615000E+00 7.264812E+04 1.368408E+04 1.106467E+05 1.128534E+02 8.193765E+01 0.000000E+00 -5.902672E+02 0.000000E+00 1.101881E+05 1.082278E+05 1.830551E+04 1.638753E+04 1.622061E+02 0.000000E+00
1.616000E+00 7.261222E+04 1.382596E+04 1.104823E+05 1.134412E+02 8.143315E+01 0.000000E+00 -5.853160E+02 0.000000E+00 1.100252E+05 1.080698E+05 1.839306E+04 1.628663E+04 1.621374E+02 0.000000E+00
1.617000E+00 7.257569E+04 1.396584E+04 1.103181E+05 1.140240E+02 8.093367E+01 0.000000E+00 -5.802017E+02 0.000000E+00 1.098626E+05 1.079121E+05 1.848105E+04 1.618673E+04 1.620803E+02 0.000000E+00
1.618000E+00 7.253852E+04 1.410374E+04 1.101541E+05 1.146016E+02 8.043940E+01 0.000000E+00 -5.749258E+02 0.000000E+00 1.097002E+05 1.077546E+05 1.856945E+04 1.608788E+04 1.620349E+02 0.000000E+00
1.619000E+00 7.250071E+04 1.423959E+04 1.099905E+05 1.151738E+02 7.995047E+01 0.000000E+00 -5.694898E+02 0.000000E+00 1.095380E+05 1.075974E+05 1.865819E+04 1.599009E+04 1.620003E+02 0.000000E+00
1.620000E+00 7.246227E+04 1.437324E+04 1.098270E+05 1.157405E+02 7.946707E+01 0.000000E+00 -5.638953E+02 0.000000E+00 1.093761E+05 1.074404E+05 1.874706E+04 1.589341E+04 1.619749E+02 0.000000E+00
1.621000E+00 7.242319E+04 1.450460E+04 1.096639E+05 1.163015E+02 7.898934E+01 0.000000E+00 -5.581442E+02 0.000000E+00 1.092145E+05 1.072837E+05 1.883595E+04 1.579787E+04 1.619579E+02 0.000000E+00
1.622000E+00 7.238346E+04 1.463360E+04 1.095009E+05 1.168567E+02 7.851743E+01 0.000000E+00 -5.522384E+02 0.000000E+00 1.090531E+05 1.071271E+05 1.892475E+04 1.570349E+04 1.619483E+02 0.000000E+00
1.623000E+00 7.234307E+04 1.476022E+04 1.093383E+05 1.174059E+02 7.805151E+01 0.000000E+00 -5.461799E+02 0.000000E+00 1.088919E+05 1.069707E+05 1.901341E+04 1.561030E+04 1.619459E+02 0.000000E+00
1.624000E+00 7.230201E+04 1.488433E+04 1.091759E+05 1.179490E+02 7.759172E+01 0.000000E+00 -5.399711E+02 0.000000E+00 1.087310E+05 1.068145E+05 1.910175E+04 1.551834E+04 1.619492E+02 0.000000E+00
1.625000E+00 7.226026E+04 1.500579E+04 1.090137E+05 1.184858E+02 7.713822E+01 0.000000E+00 -5.336143E+02 0.000000E+00 1.085703E+05 1.066585E+05 1.918962E+04 1.542764E+04 1.619570E+02 0.000000E+00
1.626000E+00 7.221780E+04 1.512453E+04 1.088518E+05 1.190162E+02 7.669114E+01 0.000000E+00 -5.271119E+02 0.000000E+00 1.084098E+05 1.065025E+05 1.927687E+04 1.533823E+04 1.619684E+02 0.000000E+00
1.627000E+00 7.217460E+04 1.524045E+04 1.086901E+05 1.195400E+02 7.625064E+01 0.000000E+00 -5.204668E+02 0.000000E+00 1.082496E+05 1.063467E+05 1.936338E+04 1.525013E+04 1.619824E+02 0.000000E+00
1.628000E+00 7.213066E+04 1.535348E+04 1.085287E+05 1.200571E+02 7.581686E+01 0.000000E+00 -5.136817E+02 0.000000E+00 1.080896E+05 1.061910E+05 1.944904E+04 1.516337E+04 1.619982E+02 0.000000E+00
1.629000E+00 7.208594E+04 1.546348E+04 1.083675E+05 1.205673E+02 7.538992E+01 0.000000E+00 -5.067597E+02 0.000000E+00 1.079299E+05 1.060354E+05 1.953366E+04 1.507798E+04 1.620145E+02 0.000000E+00
1.630000E+00 7.204041E+04 1.557038E+04 1.082066E+05 1.210706E+02 7.496998E+01 0.000000E+00 -4.997038E+02 0.000000E+00 1.077704E+05 1.058798E+05 1.961711E+04 1.499400E+04 1.620303E+02 0.000000E+00
1.631000E+00 7.199404E+04 1.567408E+04 1.080460E+05 1.215667E+02 7.455716E+01 0.000000E+00 -4.925175E+02 0.000000E+00 1.076112E+05 1.057242E+05 1.969925E+04 1.491143E+04 1.620448E+02 0.000000E+00
1.632000E+00 7.194682E+04 1.577449E+04 1.078855E+05 1.220556E+02 7.415159E+01 0.000000E+00 -4.852042E+02 0.000000E+00 1.074521E+05 1.055687E+05 1.977995E+04 1.483032E+04 1.620569E+02 0.000000E+00
1.633000E+00 7.189869E+04 1.587147E+04 1.077254E+05 1.225371E+02 7.375339E+01 0.000000E+00 -4.777675E+02 0.000000E+00 1.072933E+05 1.054132E+05 1.985901E+04 1.475068E+04 1.620653E+02 0.000000E+00
1.634000E+00 7.184964E+04 1.596499E+04 1.075654E+05 1.230111E+02 7.336269E+01 0.000000E+00 -4.702111E+02 0.000000E+00 1.071348E+05 1.052576E+05 1.993635E+04 1.467254E+04 1.620696E+02 0.000000E+00
1.635000E+00 7.179963E+04 1.605498E+04 1.074058E+05 1.234774E+02 7.297961E+01 0.000000E+00 -4.625390E+02 0.000000E+00 1.069765E+05 1.051021E+05 2.001184E+04 1.459592E+04 1.620688E+02 0.000000E+00
1.636000E+00 7.174862E+04 1.614136E+04 1.072463E+05 1.239361E+02 7.260425E+01 0.000000E+00 -4.547553E+02 0.000000E+00 1.068184E+05 1.049465E+05 2.008535E+04 1.452085E+04 1.620621E+02 0.000000E+00
1.637000E+00 7.169659E+04 1.622400E+04 1.070872E+05 1.243869E+02 7.223673E+01 0.000000E+00 -4.468639E+02 0.000000E+00 1.066606E+05 1.047908E+05 2.015670E+04 1.444735E+04 1.620484E+02 0.000000E+00
1.638000E+00 7.164349E+04 1.630284E+04 1.069282E+05 1.248298E+02 7.187716E+01 0.000000E+00 -4.388694E+02 0.000000E+00 1.065029E+05 1.046350E+05 2.022576E+04 1.437543E+04 1.620267E+02 0.000000E+00
1.639000E+00 7.158929E+04 1.637789E+04 1.067695E+05 1.252646E+02 7.152563E+01 0.000000E+00 -4.307760E+02 0.000000E+00 1.063456E+05 1.044792E+05 2.029250E+04 1.430513E+04 1.619970E+02 0.000000E+00
1.640000E+00 7.153396E+04 1.644911E+04 1.066111E+05 1.256913E+02 7.118224E+01 0.000000E+00 -4.225884E+02 0.000000E+00 1.061884E+05 1.043233E+05 2.035680E+04 1.423645E+04 1.619587E+02 0.000000E+00
1.641000E+00 7.147748E+04 1.651646E+04 1.064529E+05 1.261098E+02 7.084708E+01 0.000000E+00 -4.143110E+02 0.000000E+00 1.060315E+05 1.041673E+05 2.041858E+04 1.416942E+04 1.619112E+02 0.000000E+00
1.642000E+00 7.141979E+04 1.657975E+04 1.062949E+05 1.265199E+02 7.052024E+01 0.000000E+00 -4.059486E+02 0.000000E+00 1.058748E+05 1.040111E+05 2.047759E+04 1.410405E+04 1.618527E+02 0.000000E+00
1.643000E+00 7.136089E+04 1.663910E+04 1.061372E+05 1.269216E+02 7.020181E+01 0.000000E+00 -3.975060E+02 0.000000E+00 1.057183E+05 1.038549E+05 2.053387E+04 1.404036E+04 1.617838E+02 0.000000E+00
1.644000E+00 7.130073E+04 1.669451E+04 1.059797E+05 1.273149E+02 6.989186E+01 0.000000E+00 -3.889881E+02 0.000000E+00 1.055621E+05 1.036985E+05 2.058738E+04 1.397837E+04 1.617044E+02 0.000000E+00
1.645000E+00 7.123929E+04 1.674600E+04 1.058225E+05 1.276996E+02 6.959046E+01 0.000000E+00 -3.803997E+02 0.000000E+00 1.054061E+05 1.035420E+05 2.063807E+04 1.391809E+04 1.616142E+02 0.000000E+00
1.646000E+00 7.117656E+04 1.679354E+04 1.056655E+05 1.280757E+02 6.929768E+01 0.000000E+00 -3.717458E+02 0.000000E+00 1.052503E+05 1.033853E+05 2.068586E+04 1.385954E+04 1.615128E+02 0.000000E+00
1.647000E+00 7.111249E+04 1.683699E+04 1.055087E+05 1.284431E+02 6.901359E+01 0.000000E+00 -3.630314E+02 0.000000E+00 1.050947E+05 1.032286E+05 2.073055E+04 1.380272E+04 1.613987E+02 0.000000E+00
1.648000E+00 7.104708E+04 1.687658E+04 1.053522E+05 1.288017E+02 6.873824E+01 0.000000E+00 -3.542615E+02 0.000000E+00 1.049394E+05 1.030717E+05 2.077229E+04 1.374765E+04 1.612734E+02 0.000000E+00
1.649000E+00 7.098031E+04 1.691234E+04 1.051959E+05 1.291516E+02 6.847168E+01 0.000000E+00 -3.454411E+02 0.000000E+00 1.047843E+05 1.029147E+05 2.081107E+04 1.369434E+04 1.611368E+02 0.000000E+00
1.650000E+00 7.091217E+04 1.694432E+04 1.050399E+05 1.294926E+02 6.821397E+01 0.000000E+00 -3.365752E+02 0.000000E+00 1.046294E+05 1.027575E+05 2.084689E+04 1.364279E+04 1.609891E+02 0.000000E+00
1.651000E+00 7.084264E+04 1.697249E+04 1.048841E+05 1.298247E+02 6.796514E+01 0.000000E+00 -3.276689E+02 0.000000E+00 1.044747E+05 1.026003E+05 2.087965E+04 1.359303E+04 1.608296E+02 0.000000E+00
1.652000E+00 7.077171E+04 1.699691E+04 1.047286E+05 1.301479E+02 6.772524E+01 0.000000E+00 -3.187270E+02 0.000000E+00 1.043203E+05 1.024430E+05 2.090935E+04 1.354505E+04 1.606584E+02 0.000000E+00
1.653000E+00 7.069939E+04 1.701776E+04 1.045732E+05 1.304622E+02 6.749430E+01 0.000000E+00 -3.097546E+02 0.000000E+00 1.041661E+05 1.022856E+05 2.093614E+04 1.349886E+04 1.604767E+02 0.000000E+00
1.654000E+00 7.062567E+04 1.703515E+04 1.044181E+05 1.307674E+02 6.727234E+01 0.000000E+00 -3.007565E+02 0.000000E+00 1.040121E+05 1.021281E+05 2.096004E+04 1.345447E+04 1.602849E+02 0.000000E+00
1.655000E+00 7.055056E+04 1.704916E+04 1.042633E+05 1.310637E+02 6.705939E+01 0.000000E+00 -2.917375E+02 0.000000E+00 1.038583E+05 1.019706E+05 2.098112E+04 1.341188E+04 1.600834E+02 0.000000E+00
1.656000E+00 7.047406E+04 1.705979E+04 1.041087E+05 1.313509E+02 6.685547E+01 0.000000E+00 -2.827023E+02 0.000000E+00 1.037047E+05 1.018130E+05 2.099931E+04 1.337109E+04 1.598718E+02 0.000000E+00
1.657000E+00 7.039618E+04 1.706725E+04 1.039543E+05 1.316291E+02 6.666059E+01 0.000000E+00 -2.736556E+02 0.000000E+00 1.035513E+05 1.016554E+05 2.101476E+04 1.333212E+04 1.596514E+02 0.000000E+00
1.658000E+00 7.031694E+04 1.707170E+04 1.038002E+05 1.318982E+02 6.647476E+01 0.000000E+00 -2.646019E+02 0.000000E+00 1.033982E+05 1.014978E+05 2.102760E+04 1.329495E+04 1.594230E+02 0.000000E+00
1.659000E+00 7.023636E+04 1.707328E+04 1.036462E+05 1.321583E+02 6.629799E+01 0.000000E+00 -2.555456E+02 0.000000E+00 1.032453E+05 1.013403E+05 2.103794E+04 1.325960E+04 1.591874E+02 0.000000E+00
1.660000E+00 7.015446E+04 1.707213E+04 1.034926E+05 1.324093E+02 6.613027E+01 0.000000E+00 -2.464912E+02 0.000000E+00 1.030926E+05 1.011827E+05 2.104585E+04 1.322605E+04 1.589454E+02 0.000000E+00
1.661000E+00 7.007126E+04 1.706830E+04 1.033391E+05 1.326512E+02 6.597161E+01 0.000000E+00 -2.374426E+02 0.000000E+00 1.029401E+05 1.010253E+05 2.105136E+04 1.319432E+04 1.586970E+02 0.000000E+00
1.662000E+00 6.998680E+04 1.706205E+04 1.031859E+05 1.328842E+02 6.582198E+01 0.000000E+00 -2.284040E+02 0.000000E+00 1.027878E+05 1.008679E+05 2.105469E+04 1.316440E+04 1.584440E+02 0.000000E+00
1.663000E+00 6.990110E+04 1.705356E+04 1.030329E+05 1.331081E+02 6.568139E+01 0.000000E+00 -2.193792E+02 0.000000E+00 1.026358E+05 1.007107E+05 2.105598E+04 1.313628E+04 1.581872E+02 0.000000E+00
1.664000E+00 6.981422E+04 1.704297E+04 1.028802E+05 1.333229E+02 6.554982E+01 0.000000E+00 -2.103720E+02 0.000000E+00 1.024839E+05 1.005536E+05 2.105536E+04 1.310996E+04 1.579275E+02 0.000000E+00
1.665000E+00 6.972618E+04 1.703045E+04 1.027277E+05 1.335288E+02 6.542724E+01 0.000000E+00 -2.013859E+02 0.000000E+00 1.023323E+05 1.003967E+05 2.105295E+04 1.308545E+04 1.576660E+02 0.000000E+00
1.666000E+00 6.963703E+04 1.701619E+04 1.025754E+05 1.337257E+02 6.531364E+01 0.000000E+00 -1.924242E+02 0.000000E+00 1.021809E+05 1.002399E+05 2.104891E+04 1.306273E+04 1.574036E+02 0.000000E+00
1.667000E+00 6.954683E+04 1.700036E+04 1.024233E+05 1.339137E+02 6.520898E+01 0.000000E+00 -1.834903E+02 0.000000E+00 1.020297E+05 1.000834E+05 2.104341E+04 1.304180E+04 1.571417E+02 0.000000E+00
1.668000E+00 6.945561E+04 1.698315E+04 1.022715E+05 1.340927E+02 6.511325E+01 0.000000E+00 -1.745871E+02 0.000000E+00 1.018787E+05 9.992719E+04 2.103661E+04 1.302265E+04 1.568811E+02 0.000000E+00
1.669000E+00 6.936345E+04 1.696472E+04 1.021199E+05 1.342629E+02 6.502640E+01 0.000000E+00 -1.657174E+02 0.000000E+00 1.017279E+05 9.977123E+04 2.102865E+04 1.300528E+04 1.566230E+02 0.000000E+00
1.670000E+00 6.927038E+04 1.694530E+04 1.019685E+05 1.344242E+02 6.494840E+01 0.000000E+00 -1.568840E+02 0.000000E+00 1.015773E+05 9.961559E+04 2.101975E+04 1.298968E+04 1.563688E+02 0.000000E+00
1.671000E+00 6.917647E+04 1.692507E+04 1.018173E+05 1.345766E+02 6.487922E+01 0.000000E+00 -1.480892E+02 0.000000E+00 1.014270E+05 9.946029E+04 2.101007E+04 1.297584E+04 1.561197E+02 0.000000E+00
1.672000E+00 6.908178E+04 1.690418E+04 1.016664E+05 1.347203E+02 6.481881E+01 0.000000E+00 -1.393354E+02 0.000000E+00 1.012768E+05 9.930535E+04 2.099974E+04 1.296376E+04 1.558766E+02 0.000000E+00
1.673000E+00 6.898638E+04 1.688277E+04 1.015157E+05 1.348553E+02 6.476713E+01 0.000000E+00 -1.306246E+02 0.000000E+00 1.011269E+05 9.915082E+04 2.098893E+04 1.295343E+04 1.556404E+02 0.000000E+00
1.674000E+00 6.889032E+04 1.686102E+04 1.013652E+05 1.349816E+02 6.472414E+01 0.000000E+00 -1.219587E+02 0.000000E+00 1.009772E+05 9.899670E+04 2.097779E+04 1.294483E+04 1.554122E+02 0.000000E+00
1.675000E+00 6.879368E+04 1.683925E+04 1.012150E+05 1.350993E+02 6.468980E+01 0.000000E+00 -1.133395E+02 0.000000E+00 1.008276E+05 9.884304E+04 2.096665E+04 1.293796E+04 1.551944E+02 0.000000E+00
1.676000E+00 6.869651E+04 1.681750E+04 1.010650E+05 1.352083E+02 6.466405E+01 0.000000E+00 -1.047684E+02 0.000000E+00 1.006783E+05 9.868984E+04 2.095554E+04 1.293281E+04 1.549871E+02 0.000000E+00
1.677000E+00 6.859890E+04 1.679589E+04 1.009152E+05 1.353088E+02 6.464685E+01 0.000000E+00 -9.624686E+01 0.000000E+00 1.005293E+05 9.853715E+04 2.094459E+04 1.292937E+04 1.547911E+02 0.000000E+00
1.678000E+00 6.850089E+04 1.677456E+04 1.007656E+05 1.354008E+02 6.463814E+01 0.000000E+00 -8.777595E+01 0.000000E+00 1.003804E+05 9.838496E+04 2.093395E+04 1.292763E+04 1.546073E+02 0.000000E+00
1.679000E+00 6.840258E+04 1.675368E+04 1.006163E+05 1.354844E+02 6.463788E+01 0.000000E+00 -7.935674E+01 0.000000E+00 1.002317E+05 9.823332E+04 2.092379E+04 1.292758E+04 1.544369E+02 0.000000E+00
1.680000E+00 6.830401E+04 1.673359E+04 1.004671E+05 1.355595E+02 6.464601E+01 0.000000E+00 -7.099004E+01 0.000000E+00 1.000833E+05 9.808223E+04 2.091447E+04 1.292920E+04 1.542825E+02 0.000000E+00
1.681000E+00 6.820525E+04 1.671417E+04 1.003182E+05 1.356264E+02 6.466248E+01 0.000000E+00 -6.267654E+01 0.000000E+00 9.993503E+04 9.793172E+04 2.090587E+04 1.293250E+04 1.541431E+02 0.000000E+00
1.682000E+00 6.810639E+04 1.669553E+04 1.001695E+05 1.356849E+02 6.468724E+01 0.000000E+00 -5.441679E+01 0.000000E+00 9.978701E+04 9.778180E+04 2.089812E+04 1.293745E+04 1.540195E+02 0.000000E+00
1.683000E+00 6.800746E+04 1.667777E+04 1.000211E+05 1.357352E+02 6.472023E+01 0.000000E+00 -4.621122E+01 0.000000E+00 9.963920E+04 9.763248E+04 2.089132E+04 1.294405E+04 1.539123E+02 0.000000E+00
1.684000E+00 6.790855E+04 1.666111E+04 9.987284E+04 1.357774E+02 6.476140E+01 0.000000E+00 -3.806011E+01 0.000000E+00 9.949160E+04 9.748377E+04 2.088574E+04 1.295228E+04 1.538234E+02 0.000000E+00
1.685000E+00 6.780971E+04 1.664570E+04 9.972482E+04 1.358114E+02 6.481069E+01 0.000000E+00 -2.996362E+01 0.000000E+00 9.934422E+04 9.733568E+04 2.088152E+04 1.296214E+04 1.537538E+02 0.000000E+00
1.686000E+00 6.771101E+04 1.663140E+04 9.957702E+04 1.358373E+02 6.486805E+01 0.000000E+00 -2.192180E+01 0.000000E+00 9.919704E+04 9.718823E+04 2.087854E+04 1.297361E+04 1.537025E+02 0.000000E+00
1.687000E+00 6.761249E+04 1.661826E+04 9.942945E+04 1.358552E+02 6.493343E+01 0.000000E+00 -1.393465E+01 0.000000E+00 9.905009E+04 9.704141E+04 2.087687E+04 1.298669E+04 1.536700E+02 0.000000E+00
1.688000E+00 6.751421E+04 1.660631E+04 9.928209E+04 1.358652E+02 6.500676E+01 0.000000E+00 -6.002080E+00 0.000000E+00 9.890335E+04 9.689522E+04 2.087658E+04 1.300135E+04 1.536566E+02 0.000000E+00
1.689000E+00 6.741622E+04 1.659591E+04 9.913494E+04 1.358675E+02 6.508778E+01 0.000000E+00 2.719403E-03 0.000000E+00 9.875682E+04 9.674968E+04 2.087802E+04 1.301756E+04 1.536646E+02 0.000000E+00
1.690000E+00 6.731859E+04 1.658771E+04 9.898802E+04 1.358675E+02 6.517108E+01 0.000000E+00 1.234618E-07 0.000000E+00 9.861050E+04 9.660478E+04 2.088189E+04 1.303422E+04 1.536931E+02 0.000000E+00
1.691000E+00 6.722138E+04 1.658193E+04 9.884132E+04 1.358675E+02 6.525438E+01 0.000000E+00 5.605208E-12 0.000000E+00 9.846441E+04 9.646056E+04 2.088844E+04 1.305088E+04 1.537413E+02 0.000000E+00
1.692000E+00 6.712467E+04 1.657854E+04 9.869483E+04 1.358675E+02 6.533768E+01 0.000000E+00 2.544784E-16 0.000000E+00 9.831852E+04 9.631702E+04 2.089767E+04 1.306754E+04 1.538092E+02 0.000000E+00
1.693000E+00 6.702853E+04 1.657748E+04 9.854856E+04 1.358675E+02 6.542098E+01 0.000000E+00 1.155340E-20 0.000000E+00 9.817286E+04 9.617419E+04 2.090957E+04 1.308420E+04 1.538968E+02 0.000000E+00
1.694000E+00 6.693302E+04 1.657910E+04 9.840251E+04 1.358675E+02 6.550428E+01 0.000000E+00 5.245285E-25 0.000000E+00 9.802741E+04 9.603207E+04 2.092452E+04 1.310086E+04 1.540068E+02 0.000000E+00
1.695000E+00 6.683820E+04 1.658291E+04 9.825668E+04 1.358675E+02 6.558758E+01 0.000000E+00 2.381377E-29 0.000000E+00 9.788217E+04 9.589066E+04 2.094208E+04 1.311752E+04 1.541361E+02 0.000000E+00
1.696000E+00 6.674411E+04 1.658886E+04 9.811106E+04 1.358675E+02 6.567088E+01 0.000000E+00 1.081153E-33 0.000000E+00 9.773716E+04 9.574996E+04 2.096220E+04 1.313418E+04 1.542842E+02 0.000000E+00
1.697000E+00 6.665079E+04 1.659683E+04 9.796566E+04 1.358675E+02 6.575418E+01 0.000000E+00 4.908474E-38 0.000000E+00 9.759236E+04 9.560996E+04 2.098483E+04 1.315084E+04 1.544507E+02 0.000000E+00
1.698000E+00 6.655828E+04 1.660685E+04 9.782048E+04 1.358675E+02 6.583748E+01 0.000000E+00 2.228464E-42 0.000000E+00 9.744778E+04 9.547063E+04 2.101001E+04 1.316750E+04 1.546360E+02 0.000000E+00
1.699000E+00 6.646660E+04 1.661893E+04 9.767551E+04 1.358675E+02 6.592078E+01 0.000000E+00 1.011730E-46 0.000000E+00 9.730342E+04 9.533198E+04 2.103778E+04 1.318416E+04 1.548404E+02 0.000000E+00
1.700000E+00 6.637578E+04 1.663270E+04 9.753075E+04 1.358675E+02 6.600408E+01 0.000000E+00 4.593289E-51 0.000000E+00 9.715927E+04 9.519397E+04 2.106780E+04 1.320082E+04 1.550614E+02 0.000000E+00
1.701000E+00 6.628584E+04 1.664804E+04 9.738622E+04 1.358675E+02 6.608738E+01 0.000000E+00 2.085369E-55 0.000000E+00 9.701534E+04 9.505657E+04 2.109996E+04 1.321748E+04 1.552981E+02 0.000000E+00
1.702000E+00 6.619676E+04 1.666479E+04 9.724189E+04 1.358675E+02 6.617068E+01 0.000000E+00 9.467646E-60 0.000000E+00 9.687164E+04 9.491977E+04 2.113416E+04 1.323414E+04 1.555498E+02 0.000000E+00
1.703000E+00 6.610857E+04 1.668298E+04 9.709779E+04 1.358675E+02 6.625398E+01 0.000000E+00 4.298344E-64 0.000000E+00 9.672815E+04 9.478353E+04 2.117041E+04 1.325080E+04 1.558167E+02 0.000000E+00
1.704000E+00 6.602125E+04 1.670239E+04 9.695389E+04 1.358675E+02 6.633728E+01 0.000000E+00 1.951463E-68 0.000000E+00 9.658488E+04 9.464782E+04 2.120853E+04 1.326746E+04 1.560972E+02 0.000000E+00
1.705000E+00 6.593480E+04 1.672273E+04 9.681021E+04 1.358675E+02 6.642058E+01 0.000000E+00 8.859707E-73 0.000000E+00 9.644183E+04 9.451260E+04 2.124823E+04 1.328412E+04 1.563894E+02 0.000000E+00
1.706000E+00 6.584918E+04 1.674385E+04 9.666675E+04 1.358675E+02 6.650388E+01 0.000000E+00 4.022337E-77 0.000000E+00 9.629899E+04 9.437784E+04 2.128938E+04 1.330078E+04 1.566923E+02 0.000000E+00
1.707000E+00 6.576439E+04 1.676557E+04 9.652350E+04 1.358675E+02 6.658718E+01 0.000000E+00 1.826155E-81 0.000000E+00 9.615638E+04 9.424350E+04 2.133181E+04 1.331744E+04 1.570046E+02 0.000000E+00
1.708000E+00 6.568040E+04 1.678784E+04 9.638046E+04 1.358675E+02 6.667048E+01 0.000000E+00 8.290805E-86 0.000000E+00 9.601399E+04 9.410955E+04 2.137547E+04 1.333410E+04 1.573259E+02 0.000000E+00
1.709000E+00 6.559716E+04 1.681033E+04 9.623763E+04 1.358675E+02 6.675378E+01 0.000000E+00 3.764054E-90 0.000000E+00 9.587181E+04 9.397593E+04 2.142004E+04 1.335076E+04 1.576539E+02 0.000000E+00
1.710000E+00 6.551464E+04 1.683285E+04 9.609502E+04 1.358675E+02 6.683708E+01 0.000000E+00 1.708893E-94 0.000000E+00 9.572986E+04 9.384262E+04 2.146532E+04 1.336742E+04 1.579872E+02 0.000000E+00
1.711000E+00 6.543280E+04 1.685520E+04 9.595262E+04 1.358675E+02 6.692038E+01 0.000000E+00 7.758434E-99 0.000000E+00 9.558812E+04 9.370957E+04 2.151112E+04 1.338408E+04 1.583243E+02 0.000000E+00
1.712000E+00 6.535158E+04 1.687721E+04 9.581044E+04 1.358675E+02 6.700368E+01 0.000000E+00 0.000000E+00 0.000000E+00 9.544660E+04 9.357674E+04 2.155724E+04 1.340074E+04 1.586637E+02 0.000000E+00
1.713000E+00 6.527094E+04 1.689866E+04 9.566846E+04 1.358675E+02 6.708698E+01 0.000000E+00 0.000000E+00 0.000000E+00 9.530529E+04 9.344410E+04 2.160347E+04 1.341740E+04 1.590040E+02 0.000000E+00
1.714000E+00 6.519081E+04 1.691933E+04 9.552670E+04 1.358675E+02 6.717028E+01 0.000000E+00 0.000000E+00 0.000000E+00 9.516421E+04 9.331159E+04 2.164957E+04 1.343406E+04 1.593433E+02 0.000000E+00
1.715000E+00 6.511114E+04 1.693903E+04 9.538515E+04 1.358675E+02 6.725358E+01 0.000000E+00 0.000000E+00 0.000000E+00 9.502334E+04 9.317918E+04 2.169534E+04 1.345072E+04 1.596801E+02 0.000000E+00
1.716000E+00 6.503186E+04 1.695758E+04 9.524381E+04 1.358675E+02 6.733688E+01 0.000000E+00 0.000000E+00 0.000000E+00 9.488268E+04 9.304683E+04 2.174056E+04 1.346738E+04 1.600130E+02 0.000000E+00
1.717000E+00 6.495290E+04 1.697472E+04 9.510269E+04 1.358675E+02 6.742018E+01 0.000000E+00 0.000000E+00 0.000000E+00 9.474224E+04 9.291450E+04 2.178498E+04 1.348404E+04 1.603399E+02 0.000000E+00
1.718000E+00 6.487420E+04 1.699022E+04 9.496177E+04 1.358675E+02 6.750348E+01 0.000000E+00 0.000000E+00 0.000000E+00 9.460202E+04 9.278215E+04 2.182833E+04 1.350070E+04 1.606590E+02 0.000000E+00
1.719000E+00 6.479568E+04 1.700396E+04 9.482106E+04 1.358675E+02 6.758678E+01 0.000000E+00 0.000000E+00 0.000000E+00 9.446201E+04 9.264976E+04 2.187045E+04 1.351736E+04 1.609690E+02 0.000000E+00
1.720000E+00 6.471728E+04 1.701577E+04 9.468057E+04 1.358675E+02 6.767008E+01 0.000000E+00 0.000000E+00 0.000000E+00 9.432221E+04 9.251727E+04 2.191116E+04 1.353402E+04 1.612686E+02 0.000000E+00
1.721000E+00 6.463890E+04 1.702549E+04 9.454029E+04 1.358675E+02 6.775338E+01 0.000000E+00 0.000000E+00 0.000000E+00 9.418263E+04 9.238466E+04 2.195025E+04 1.355068E+04 1.615563E+02 0.000000E+00
1.722000E+00 6.456049E+04 1.703273E+04 9.440021E+04 1.358675E+02 6.783668E+01 0.000000E+00 0.000000E+00 0.000000E+00 9.404325E+04 9.225190E+04 2.198729E+04 1.356734E+04 1.618290E+02 0.000000E+00
1.723000E+00 6.448195E+04 1.703742E+04 9.426035E+04 1.358675E+02 6.791998E+01 0.000000E+00 0.000000E+00 0.000000E+00 9.390409E+04 9.211895E+04 2.202219E+04 1.358400E+04 1.620858E+02 0.000000E+00
1.724000E+00 6.440322E+04 1.703949E+04 9.412069E+04 1.358675E+02 6.800328E+01 0.000000E+00 0.000000E+00 0.000000E+00 9.376514E+04 9.198578E+04 2.205483E+04 1.360066E+04 1.623261E+02 0.000000E+00
1.725000E+00 6.432421E+04 1.703881E+04 9.398125E+04 1.358675E+02 6.808658E+01 0.000000E+00 0.000000E+00 0.000000E+00 9.362639E+04 9.185238E+04 2.208503E+04 1.361732E+04 1.625483E+02 0.000000E+00
1.726000E+00 6.424485E+04 1.703524E+04 9.384201E+04 1.358675E+02 6.816988E+01 0.000000E+00 0.000000E+00 0.000000E+00 9.348785E+04 9.171871E+04 2.211261E+04 1.363398E+04 1.627513E+02 0.000000E+00
1.727000E+00 6.416506E+04 1.702822E+04 9.370298E+04 1.358675E+02 6.825318E+01 0.000000E+00 0.000000E+00 0.000000E+00 9.334952E+04 9.158476E+04 2.213695E+04 1.365064E+04 1.629305E+02 0.000000E+00
1.728000E+00 6.408477E+04 1.701803E+04 9.356416E+04 1.358675E+02 6.833648E+01 0.000000E+00 0.000000E+00 0.000000E+00 9.321140E+04 9.145049E+04 2.215830E+04 1.366730E+04 1.630876E+02 0.000000E+00
1.729000E+00 6.400389E+04 1.700458E+04 9.342555E+04 1.358675E+02 6.841978E+01 0.000000E+00 0.000000E+00 0.000000E+00 9.307348E+04 9.131590E+04 2.217650E+04 1.368396E+04 1.632215E+02 0.000000E+00
1.730000E+00 6.392236E+04 1.698778E+04 9.328714E+04 1.358675E+02 6.850308E+01 0.000000E+00 0.000000E+00 0.000000E+00 9.293576E+04 9.118097E+04 2.219140E+04 1.370062E+04 1.633313E+02 0.000000E+00
1.731000E+00 6.384011E+04 1.696739E+04 9.314895E+04 1.358675E+02 6.858638E+01 0.000000E+00 0.000000E+00 0.000000E+00 9.279825E+04 9.104569E+04 2.220273E+04 1.371728E+04 1.634146E+02 0.000000E+00
1.732000E+00 6.375707E+04 1.694309E+04 9.301096E+04 1.358675E+02 6.866968E+01 0.000000E+00 0.000000E+00 0.000000E+00 9.266094E+04 9.091004E+04 2.221012E+04 1.373394E+04 1.634690E+02 0.000000E+00
1.733000E+00 6.367318E+04 1.691521E+04 9.287317E+04 1.358675E+02 6.875298E+01 0.000000E+00 0.000000E+00 0.000000E+00 9.252382E+04 9.077403E+04 2.221381E+04 1.375060E+04 1.634962E+02 0.000000E+00
1.734000E+00 6.358836E+04 1.688371E+04 9.273559E+04 1.358675E+02 6.883628E+01 0.000000E+00 0.000000E+00 0.000000E+00 9.238691E+04 9.063763E+04 2.221372E+04 1.376726E+04 1.634955E+02 0.000000E+00
1.735000E+00 6.350257E+04 1.684855E+04 9.259822E+04 1.358675E+02 6.891958E+01 0.000000E+00 0.000000E+00 0.000000E+00 9.225020E+04 9.050086E+04 2.220976E+04 1.378392E+04 1.634663E+02 0.000000E+00
1.736000E+00 6.341575E+04 1.680938E+04 9.246105E+04 1.358675E+02 6.900288E+01 0.000000E+00 0.000000E+00 0.000000E+00 9.211368E+04 9.036371E+04 2.220151E+04 1.380058E+04 1.634056E+02 0.000000E+00
1.737000E+00 6.332784E+04 1.676626E+04 9.232409E+04 1.358675E+02 6.908618E+01 0.000000E+00 0.000000E+00 0.000000E+00 9.197735E+04 9.022618E+04 2.218898E+04 1.381724E+04 1.633134E+02 0.000000E+00
1.738000E+00 6.323881E+04 1.671948E+04 9.218733E+04 1.358675E+02 6.916948E+01 0.000000E+00 0.000000E+00 0.000000E+00 9.184123E+04 9.008828E+04 2.217238E+04 1.383390E+04 1.631913E+02 0.000000E+00
1.739000E+00 6.314860E+04 1.666903E+04 9.205078E+04 1.358675E+02 6.925278E+01 0.000000E+00 0.000000E+00 0.000000E+00 9.170529E+04 8.995002E+04 2.215169E+04 1.385056E+04 1.630389E+02 0.000000E+00
1.740000E+00 6.305719E+04 1.661498E+04 9.191443E+04 1.358675E+02 6.933608E+01 0.000000E+00 0.000000E+00 0.000000E+00 9.156955E+04 8.981141E+04 2.212688E+04 1.386722E+04 1.628563E+02 0.000000E+00
1.741000E+00 6.296453E+04 1.655685E+04 9.177828E+04 1.358675E+02 6.941938E+01 0.000000E+00 0.000000E+00 0.000000E+00 9.143400E+04 8.967247E+04 2.209742E+04 1.388388E+04 1.626395E+02 0.000000E+00
1.742000E+00 6.287060E+04 1.649513E+04 9.164234E+04 1.358675E+02 6.950268E+01 0.000000E+00 0.000000E+00 0.000000E+00 9.129864E+04 8.953320E+04 2.206376E+04 1.390054E+04 1.623918E+02 0.000000E+00
1.743000E+00 6.277538E+04 1.642999E+04 9.150659E+04 1.358675E+02 6.958598E+01 0.000000E+00 0.000000E+00 0.000000E+00 9.116347E+04 8.939362E+04 2.202602E+04 1.391720E+04 1.621140E+02 0.000000E+00
1.744000E+00 6.267885E+04 1.636154E+04 9.137105E+04 1.358675E+02 6.966928E+01 0.000000E+00 0.000000E+00 0.000000E+00 9.102849E+04 8.925377E+04 2.198423E+04 1.393386E+04 1.618064E+02 0.000000E+00
1.745000E+00 6.258100E+04 1.628978E+04 9.123571E+04 1.358675E+02 6.975258E+01 0.000000E+00 0.000000E+00 0.000000E+00 9.089369E+04 8.911365E+04 2.193837E+04 1.395052E+04 1.614689E+02 0.000000E+00
1.746000E+00 6.248182E+04 1.621443E+04 9.110058E+04 1.358675E+02 6.983588E+01 0.000000E+00 0.000000E+00 0.000000E+00 9.075908E+04 8.897330E+04 2.188809E+04 1.396718E+04 1.610989E+02 0.000000E+00
1.747000E+00 6.238131E+04 1.613612E+04 9.096564E+04 1.358675E+02 6.991918E+01 0.000000E+00 0.000000E+00 0.000000E+00 9.062466E+04 8.883274E+04 2.183400E+04 1.398384E+04 1.607007E+02 0.000000E+00
1.748000E+00 6.227947E+04 1.605500E+04 9.083090E+04 1.358675E+02 7.000248E+01 0.000000E+00 0.000000E+00 0.000000E+00 9.049043E+04 8.869200E+04 2.177617E+04 1.400050E+04 1.602751E+02 0.000000E+00
1.749000E+00 6.217632E+04 1.597122E+04 9.069636E+04 1.358675E+02 7.008578E+01 0.000000E+00 0.000000E+00 0.000000E+00 9.035637E+04 8.855111E+04 2.171473E+04 1.401716E+04 1.598229E+02 0.000000E+00
1.750000E+00 6.207188E+04 1.588471E+04 9.056202E+04 1.358675E+02 7.016908E+01 0.000000E+00 0.000000E+00 0.000000E+00 9.022251E+04 8.841011E+04 2.164958E+04 1.403382E+04 1.593434E+02 0.000000E+00
1.751000E+00 6.196616E+04 1.579561E+04 9.042788E+04 1.358675E+02 7.025238E+01 0.000000E+00 0.000000E+00 0.000000E+00 9.008882E+04 8.826902E+04 2.158081E+04 1.405048E+04 1.588372E+02 0.000000E+00
1.752000E+00 6.185919E+04 1.570439E+04 9.029394E+04 1.358675E+02 7.033568E+01 0.000000E+00 0.000000E+00 0.000000E+00 8.995532E+04 8.812789E+04 2.150886E+04 1.406714E+04 1.583077E+02 0.000000E+00
1.753000E+00 6.175101E+04 1.561125E+04 9.016019E+04 1.358675E+02 7.041898E+01 0.000000E+00 0.000000E+00 0.000000E+00 8.982200E+04 8.798674E+04 2.143389E+04 1.408380E+04 1.577559E+02 0.000000E+00
1.754000E+00 6.164165E+04 1.551636E+04 9.002664E+04 1.358675E+02 7.050228E+01 0.000000E+00 0.000000E+00 0.000000E+00 8.968886E+04 8.784563E+04 2.135607E+04 1.410046E+04 1.571831E+02 0.000000E+00
1.755000E+00 6.153115E+04 1.541969E+04 8.989329E+04 1.358675E+02 7.058558E+01 0.000000E+00 0.000000E+00 0.000000E+00 8.955590E+04 8.770458E+04 2.127532E+04 1.411712E+04 1.565887E+02 0.000000E+00
1.756000E+00 6.141958E+04 1.532163E+04 8.976013E+04 1.358675E+02 7.066888E+01 0.000000E+00 0.000000E+00 0.000000E+00 8.942312E+04 8.756364E+04 2.119202E+04 1.413378E+04 1.559756E+02 0.000000E+00
1.757000E+00 6.130697E+04 1.522251E+04 8.962717E+04 1.358675E+02 7.075218E+01 0.000000E+00 0.000000E+00 0.000000E+00 8.929052E+04 8.742285E+04 2.110648E+04 1.415044E+04 1.553461E+02 0.000000E+00
1.758000E+00 6.119339E+04 1.512255E+04 8.949441E+04 1.358675E+02 7.083548E+01 0.000000E+00 0.000000E+00 0.000000E+00 8.915811E+04 8.728225E+04 2.101892E+04 1.416710E+04 1.547017E+02 0.000000E+00
1.759000E+00 6.107890E+04 1.502198E+04 8.936184E+04 1.358675E+02 7.091878E+01 0.000000E+00 0.000000E+00 0.000000E+00 8.902587E+04 8.714187E+04 2.092955E+04 1.418376E+04 1.540439E+02 0.000000E+00
1.760000E+00 6.096357E+04 1.492082E+04 8.922946E+04 1.358675E+02 7.100208E+01 0.000000E+00 0.000000E+00 0.000000E+00 8.889381E+04 8.700177E+04 2.083839E+04 1.420042E+04 1.533729E+02 0.000000E+00
1.761000E+00 6.084747E+04 1.481956E+04 8.909728E+04 1.358675E+02 7.108538E+01 0.000000E+00 0.000000E+00 0.000000E+00 8.876193E+04 8.686198E+04 2.074591E+04 1.421708E+04 1.526923E+02 0.000000E+00
1.762000E+00 6.073067E+04 1.471843E+04 8.896529E+04 1.358675E+02 7.116868E+01 0.000000E+00 0.000000E+00 0.000000E+00 8.863024E+04 8.672254E+04 2.065237E+04 1.423374E+04 1.520038E+02 0.000000E+00
1.763000E+00 6.061326E+04 1.461765E+04 8.883349E+04 1.358675E+02 7.125198E+01 0.000000E+00 0.000000E+00 0.000000E+00 8.849872E+04 8.658349E+04 2.055799E+04 1.425040E+04 1.513091E+02 0.000000E+00
1.764000E+00 6.049531E+04 1.451746E+04 8.870189E+04 1.358675E+02 7.133528E+01 0.000000E+00 0.000000E+00 0.000000E+00 8.836738E+04 8.644488E+04 2.046299E+04 1.426706E+04 1.506100E+02 0.000000E+00
1.765000E+00 6.037692E+04 1.441808E+04 8.857047E+04 1.358675E+02 7.141858E+01 0.000000E+00 0.000000E+00 0.000000E+00 8.823622E+04 8.630674E+04 2.036765E+04 1.428372E+04 1.499082E+02 0.000000E+00
1.766000E+00 6.025816E+04 1.431981E+04 8.843925E+04 1.358675E+02 7.150188E+01 0.000000E+00 0.000000E+00 0.000000E+00 8.810525E+04 8.616912E+04 2.027226E+04 1.430038E+04 1.492061E+02 0.000000E+00
1.767000E+00 6.013914E+04 1.422287E+04 8.830822E+04 1.358675E+02 7.158518E+01 0.000000E+00 0.000000E+00 0.000000E+00 8.797445E+04 8.603204E+04 2.017706E+04 1.431704E+04 1.485054E+02 0.000000E+00
1.768000E+00 6.001993E+04 1.412748E+04 8.817738E+04 1.358675E+02 7.166848E+01 0.000000E+00 0.000000E+00 0.000000E+00 8.784383E+04 8.589555E+04 2.008230E+04 1.433370E+04 1.478080E+02 0.000000E+00
1.769000E+00 5.990064E+04 1.403393E+04 8.804674E+04 1.358675E+02 7.175178E+01 0.000000E+00 0.000000E+00 0.000000E+00 8.771340E+04 8.575968E+04 1.998830E+04 1.435036E+04 1.471162E+02 0.000000E+00
1.770000E+00 5.978136E+04 1.394246E+04 8.791628E+04 1.358675E+02 7.183508E+01 0.000000E+00 0.000000E+00 0.000000E+00 8.758314E+04 8.562447E+04 1.989533E+04 1.436702E+04 1.464319E+02 0.000000E+00
1.771000E+00 5.966219E+04 1.385323E+04 8.778601E+04 1.358675E+02 7.191838E+01 0.000000E+00 0.000000E+00 0.000000E+00 8.745307E+04 8.548994E+04 1.980357E+04 1.438368E+04 1.457566E+02 0.000000E+00
1.772000E+00 5.954322E+04 1.376642E+04 8.765593E+04 1.358675E+02 7.200168E+01 0.000000E+00 0.000000E+00 0.000000E+00 8.732318E+04 8.535612E+04 1.971327E+04 1.440034E+04 1.450919E+02 0.000000E+00
1.773000E+00 5.942455E+04 1.368223E+04 8.752604E+04 1.358675E+02 7.208498E+01 0.000000E+00 0.000000E+00 0.000000E+00 8.719348E+04 8.522305E+04 1.962465E+04 1.441700E+04 1.444397E+02 0.000000E+00
1.774000E+00 5.930627E+04 1.360111E+04 8.739633E+04 1.358675E+02 7.216828E+01 0.000000E+00 0.000000E+00 0.000000E+00 8.706395E+04 8.509075E+04 1.953820E+04 1.443366E+04 1.438034E+02 0.000000E+00
1.775000E+00 5.918848E+04 1.352304E+04 8.726682E+04 1.358675E+02 7.225158E+01 0.000000E+00 0.000000E+00 0.000000E+00 8.693462E+04 8.495925E+04 1.945397E+04 1.445032E+04 1.431834E+02 0.000000E+00
1.776000E+00 5.907128E+04 1.344815E+04 8.713749E+04 1.358675E+02 7.233488E+01 0.000000E+00 0.000000E+00 0.000000E+00 8.680546E+04 8.482856E+04 1.937211E+04 1.446698E+04 1.425809E+02 0.000000E+00
1.777000E+00 5.895475E+04 1.337659E+04 8.700835E+04 1.358675E+02 7.241818E+01 0.000000E+00 0.000000E+00 0.000000E+00 8.667649E+04 8.469871E+04 1.929283E+04 1.448364E+04 1.419975E+02 0.000000E+00
1.778000E+00 5.883900E+04 1.330855E+04 8.687940E+04 1.358675E+02 7.250148E+01 0.000000E+00 0.000000E+00 0.000000E+00 8.654771E+04 8.456971E+04 1.921639E+04 1.450030E+04 1.414348E+02 0.000000E+00
1.779000E+00 5.872411E+04 1.324450E+04 8.675063E+04 1.358675E+02 7.258478E+01 0.000000E+00 0.000000E+00 0.000000E+00 8.641912E+04 8.444158E+04 1.914331E+04 1.451696E+04 1.408969E+02 0.000000E+00
1.780000E+00 5.861017E+04 1.318421E+04 8.662205E+04 1.358675E+02 7.266808E+01 0.000000E+00 0.000000E+00 0.000000E+00 8.629071E+04 8.431433E+04 1.907340E+04 1.453362E+04 1.403824E+02 0.000000E+00
1.781000E+00 5.849726E+04 1.312775E+04 8.649366E+04 1.358675E+02 7.275138E+01 0.000000E+00 0.000000E+00 0.000000E+00 8.616249E+04 8.418797E+04 1.900681E+04 1.455028E+04 1.398923E+02 0.000000E+00
1.782000E+00 5.838546E+04 1.307523E+04 8.636546E+04 1.358675E+02 7.283468E+01 0.000000E+00 0.000000E+00 0.000000E+00 8.603446E+04 8.406251E+04 1.894371E+04 1.456694E+04 1.394278E+02 0.000000E+00
1.783000E+00 5.827485E+04 1.302696E+04 8.623744E+04 1.358675E+02 7.291798E+01 0.000000E+00 0.000000E+00 0.000000E+00 8.590662E+04 8.393795E+04 1.888446E+04 1.458360E+04 1.389917E+02 0.000000E+00
1.784000E+00 5.816552E+04 1.298310E+04 8.610960E+04 1.358675E+02 7.300128E+01 0.000000E+00 0.000000E+00 0.000000E+00 8.577897E+04 8.381429E+04 1.882929E+04 1.460026E+04 1.385857E+02 0.000000E+00
1.785000E+00 5.805752E+04 1.294339E+04 8.598195E+04 1.358675E+02 7.308458E+01 0.000000E+00 0.000000E+00 0.000000E+00 8.565152E+04 8.369154E+04 1.877800E+04 1.461692E+04 1.382082E+02 0.000000E+00
1.786000E+00 5.795093E+04 1.290785E+04 8.585449E+04 1.358675E+02 7.316788E+01 0.000000E+00 0.000000E+00 0.000000E+00 8.552425E+04 8.356968E+04 1.873069E+04 1.463358E+04 1.378600E+02 0.000000E+00
1.787000E+00 5.784580E+04 1.287653E+04 8.572721E+04 1.358675E+02 7.325118E+01 0.000000E+00 0.000000E+00 0.000000E+00 8.539718E+04 8.344872E+04 1.868745E+04 1.465024E+04 1.375418E+02 0.000000E+00
1.788000E+00 5.774220E+04 1.284986E+04 8.560012E+04 1.358675E+02 7.333448E+01 0.000000E+00 0.000000E+00 0.000000E+00 8.527030E+04 8.332864E+04 1.864880E+04 1.466690E+04 1.372573E+02 0.000000E+00
1.789000E+00 5.764018E+04 1.282758E+04 8.547321E+04 1.358675E+02 7.341778E+01 0.000000E+00 0.000000E+00 0.000000E+00 8.514361E+04 8.320943E+04 1.861454E+04 1.468356E+04 1.370051E+02 0.000000E+00
1.790000E+00 5.753978E+04 1.280951E+04 8.534649E+04 1.358675E+02 7.350108E+01 0.000000E+00 0.000000E+00 0.000000E+00 8.501712E+04 8.309108E+04 1.858452E+04 1.470022E+04 1.367842E+02 0.000000E+00
1.791000E+00 5.744105E+04 1.279559E+04 8.521995E+04 1.358675E+02 7.358438E+01 0.000000E+00 0.000000E+00 0.000000E+00 8.489082E+04 8.297358E+04 1.855880E+04 1.471688E+04 1.365948E+02 0.000000E+00
1.792000E+00 5.734403E+04 1.278579E+04 8.509360E+04 1.358675E+02 7.366768E+01 0.000000E+00 0.000000E+00 0.000000E+00 8.476472E+04 8.285689E+04 1.853737E+04 1.473354E+04 1.364371E+02 0.000000E+00
1.793000E+00 5.724874E+04 1.278068E+04 8.496743E+04 1.358675E+02 7.375098E+01 0.000000E+00 0.000000E+00 0.000000E+00 8.463882E+04 8.274101E+04 1.852088E+04 1.475020E+04 1.363158E+02 0.000000E+00
1.794000E+00 5.715522E+04 1.277955E+04 8.484144E+04 1.358675E+02 7.383428E+01 0.000000E+00 0.000000E+00 0.000000E+00 8.451311E+04 8.262592E+04 1.850868E+04 1.476686E+04 1.362260E+02 0.000000E+00
1.795000E+00 5.706348E+04 1.278231E+04 8.471564E+04 1.358675E+02 7.391758E+01 0.000000E+00 0.000000E+00 0.000000E+00 8.438760E+04 8.251157E+04 1.850074E+04 1.478352E+04 1.361675E+02 0.000000E+00
1.796000E+00 5.697354E+04 1.278887E+04 8.459002E+04 1.358675E+02 7.400088E+01 0.000000E+00 0.000000E+00 0.000000E+00 8.426229E+04 8.239795E+04 1.849702E+04 1.480018E+04 1.361402E+02 0.000000E+00
1.797000E+00 5.688541E+04 1.279929E+04 8.446459E+04 1.358675E+02 7.408418E+01 0.000000E+00 0.000000E+00 0.000000E+00 8.413717E+04 8.228503E+04 1.849764E+04 1.481684E+04 1.361447E+02 0.000000E+00
1.798000E+00 5.679909E+04 1.281370E+04 8.433934E+04 1.358675E+02 7.416748E+01 0.000000E+00 0.000000E+00 0.000000E+00 8.401226E+04 8.217277E+04 1.850279E+04 1.483350E+04 1.361826E+02 0.000000E+00
1.799000E+00 5.671458E+04 1.283152E+04 8.421428E+04 1.358675E+02 7.425078E+01 0.000000E+00 0.000000E+00 0.000000E+00 8.388754E+04 8.206115E+04 1.851194E+04 1.485016E+04 1.362500E+02 0.000000E+00
1.800000E+00 5.663187E+04 1.285262E+04 8.408940E+04 1.358675E+02 7.433408E+01 0.000000E+00 0.000000E+00 0.000000E+00 8.376303E+04 8.195013E+04 1.852501E+04 1.486682E+04 1.363462E+02 0.000000E+00
1.801000E+00 5.655095E+04 1.287685E+04 8.396470E+04 1.358675E+02 7.441738E+01 0.000000E+00 0.000000E+00 0.000000E+00 8.363871E+04 8.183967E+04 1.854189E+04 1.488348E+04 1.364704E+02 0.000000E+00
1.802000E+00 5.647179E+04 1.290434E+04 8.384018E+04 1.358675E+02 7.450068E+01 0.000000E+00 0.000000E+00 0.000000E+00 8.351459E+04 8.172974E+04 1.856277E+04 1.490014E+04 1.366241E+02 0.000000E+00
1.803000E+00 5.639438E+04 1.293485E+04 8.371585E+04 1.358675E+02 7.458398E+01 0.000000E+00 0.000000E+00 0.000000E+00 8.339068E+04 8.162030E+04 1.858743E+04 1.491680E+04 1.368056E+02 0.000000E+00
1.804000E+00 5.631868E+04 1.296795E+04 8.359171E+04 1.358675E+02 7.466728E+01 0.000000E+00 0.000000E+00 0.000000E+00 8.326696E+04 8.151131E+04 1.861549E+04 1.493346E+04 1.370122E+02 0.000000E+00
1.805000E+00 5.624466E+04 1.300348E+04 8.346774E+04 1.358675E+02 7.475058E+01 0.000000E+00 0.000000E+00 0.000000E+00 8.314344E+04 8.140273E+04 1.864682E+04 1.495012E+04 1.372427E+02 0.000000E+00
1.806000E+00 5.617227E+04 1.304123E+04 8.334396E+04 1.358675E+02 7.483388E+01 0.000000E+00 0.000000E+00 0.000000E+00 8.302012E+04 8.129452E+04 1.868127E+04 1.496678E+04 1.374963E+02 0.000000E+00
1.807000E+00 5.610148E+04 1.308138E+04 8.322037E+04 1.358675E+02 7.491718E+01 0.000000E+00 0.000000E+00 0.000000E+00 8.289701E+04 8.118664E+04 1.871902E+04 1.498344E+04 1.377741E+02 0.000000E+00
1.808000E+00 5.603223E+04 1.312340E+04 8.309696E+04 1.358675E+02 7.500048E+01 0.000000E+00 0.000000E+00 0.000000E+00 8.277409E+04 8.107904E+04 1.875958E+04 1.500010E+04 1.380726E+02 0.000000E+00
1.809000E+00 5.596447E+04 1.316704E+04 8.297373E+04 1.358675E+02 7.508378E+01 0.000000E+00 0.000000E+00 0.000000E+00 8.265137E+04 8.097170E+04 1.880271E+04 1.501676E+04 1.383901E+02 0.000000E+00
1.810000E+00 5.589814E+04 1.321208E+04 8.285068E+04 1.358675E+02 7.516708E+01 0.000000E+00 0.000000E+00 0.000000E+00 8.252885E+04 8.086456E+04 1.884822E+04 1.503342E+04 1.387251E+02 0.000000E+00
1.811000E+00 5.583318E+04 1.325837E+04 8.272782E+04 1.358675E+02 7.525038E+01 0.000000E+00 0.000000E+00 0.000000E+00 8.240653E+04 8.075759E+04 1.889599E+04 1.505008E+04 1.390767E+02 0.000000E+00
1.812000E+00 5.576952E+04 1.330590E+04 8.260514E+04 1.358675E+02 7.533368E+01 0.000000E+00 0.000000E+00 0.000000E+00 8.228440E+04 8.065074E+04 1.894601E+04 1.506674E+04 1.394448E+02 0.000000E+00
1.813000E+00 5.570709E+04 1.335419E+04 8.248264E+04 1.358675E+02 7.541698E+01 0.000000E+00 0.000000E+00 0.000000E+00 8.216248E+04 8.054398E+04 1.899780E+04 1.508340E+04 1.398260E+02 0.000000E+00
1.814000E+00 5.564583E+04 1.340303E+04 8.236033E+04 1.358675E+02 7.550028E+01 0.000000E+00 0.000000E+00 0.000000E+00 8.204075E+04 8.043727E+04 1.905118E+04 1.510006E+04 1.402188E+02 0.000000E+00
1.815000E+00 5.558566E+04 1.345223E+04 8.223820E+04 1.358675E+02 7.558358E+01 0.000000E+00 0.000000E+00 0.000000E+00 8.191922E+04 8.033057E+04 1.910594E+04 1.511672E+04 1.406219E+02 0.000000E+00
1.816000E+00 5.552649E+04 1.350166E+04 8.211625E+04 1.358675E+02 7.566688E+01 0.000000E+00 0.000000E+00 0.000000E+00 8.179788E+04 8.022383E+04 1.916197E+04 1.513338E+04 1.410343E+02 0.000000E+00
1.817000E+00 5.546826E+04 1.355110E+04 8.199448E+04 1.358675E+02 7.575018E+01 0.000000E+00 0.000000E+00 0.000000E+00 8.167674E+04 8.011704E+04 1.921904E+04 1.515004E+04 1.414543E+02 0.000000E+00
1.818000E+00 5.541088E+04 1.360027E+04 8.187290E+04 1.358675E+02 7.583348E+01 0.000000E+00 0.000000E+00 0.000000E+00 8.155580E+04 8.001014E+04 1.927687E+04 1.516670E+04 1.418799E+02 0.000000E+00
1.819000E+00 5.535426E+04 1.364898E+04 8.175150E+04 1.358675E+02 7.591678E+01 0.000000E+00 0.000000E+00 0.000000E+00 8.143505E+04 7.990311E+04 1.933525E+04 1.518336E+04 1.423097E+02 0.000000E+00
1.820000E+00 5.529833E+04 1.369707E+04 8.163028E+04 1.358675E+02 7.600008E+01 0.000000E+00 0.000000E+00 0.000000E+00 8.131449E+04 7.979592E+04 1.939401E+04 1.520002E+04 1.427421E+02 0.000000E+00
1.821000E+00 5.524300E+04 1.374434E+04 8.150924E+04 1.358675E+02 7.608338E+01 0.000000E+00 0.000000E+00 0.000000E+00 8.119413E+04 7.968853E+04 1.945296E+04 1.521668E+04 1.431760E+02 0.000000E+00
1.822000E+00 5.518819E+04 1.379061E+04 8.138839E+04 1.358675E+02 7.616668E+01 0.000000E+00 0.000000E+00 0.000000E+00 8.107395E+04 7.958092E+04 1.951186E+04 1.523334E+04 1.436095E+02 0.000000E+00
1.823000E+00 5.513381E+04 1.383569E+04 8.126772E+04 1.358675E+02 7.624998E+01 0.000000E+00 0.000000E+00 0.000000E+00 8.095397E+04 7.947306E+04 1.957054E+04 1.525000E+04 1.440414E+02 0.000000E+00
1.824000E+00 5.507978E+04 1.387945E+04 8.114723E+04 1.358675E+02 7.633328E+01 0.000000E+00 0.000000E+00 0.000000E+00 8.083418E+04 7.936492E+04 1.962882E+04 1.526666E+04 1.444704E+02 0.000000E+00
1.825000E+00 5.502601E+04 1.392175E+04 8.102692E+04 1.358675E+02 7.641658E+01 0.000000E+00 0.000000E+00 0.000000E+00 8.071458E+04 7.925649E+04 1.968655E+04 1.528332E+04 1.448952E+02 0.000000E+00
1.826000E+00 5.497242E+04 1.396231E+04 8.090680E+04 1.358675E+02 7.649988E+01 0.000000E+00 0.000000E+00 0.000000E+00 8.059516E+04 7.914774E+04 1.974342E+04 1.529998E+04 1.453138E+02 0.000000E+00
1.827000E+00 5.491894E+04 1.400110E+04 8.078685E+04 1.358675E+02 7.658318E+01 0.000000E+00 0.000000E+00 0.000000E+00 8.047593E+04 7.903866E+04 1.979938E+04 1.531664E+04 1.457257E+02 0.000000E+00
1.828000E+00 5.486548E+04 1.403802E+04 8.066709E+04 1.358675E+02 7.666648E+01 0.000000E+00 0.000000E+00 0.000000E+00 8.035689E+04 7.892923E+04 1.985429E+04 1.533330E+04 1.461298E+02 0.000000E+00
1.829000E+00 5.481196E+04 1.407296E+04 8.054750E+04 1.358675E+02 7.674978E+01 0.000000E+00 0.000000E+00 0.000000E+00 8.023803E+04 7.881944E+04 1.990801E+04 1.534996E+04 1.465252E+02 0.000000E+00
1.830000E+00 5.475831E+04 1.410576E+04 8.042810E+04 1.358675E+02 7.683308E+01 0.000000E+00 0.000000E+00 0.000000E+00 8.011936E+04 7.870927E+04 1.996035E+04 1.536662E+04 1.469104E+02 0.000000E+00
1.831000E+00 5.470446E+04 1.413623E+04 8.030888E+04 1.358675E+02 7.691638E+01 0.000000E+00 0.000000E+00 0.000000E+00 8.000087E+04 7.859871E+04 2.001108E+04 1.538328E+04 1.472838E+02 0.000000E+00
1.832000E+00 5.465033E+04 1.416446E+04 8.018984E+04 1.358675E+02 7.699968E+01 0.000000E+00 0.000000E+00 0.000000E+00 7.988256E+04 7.848777E+04 2.006024E+04 1.539994E+04 1.476457E+02 0.000000E+00
1.833000E+00 5.459586E+04 1.419036E+04 8.007098E+04 1.358675E+02 7.708298E+01 0.000000E+00 0.000000E+00 0.000000E+00 7.976443E+04 7.837643E+04 2.010774E+04 1.541660E+04 1.479953E+02 0.000000E+00
1.834000E+00 5.454098E+04 1.421391E+04 7.995230E+04 1.358675E+02 7.716628E+01 0.000000E+00 0.000000E+00 0.000000E+00 7.964648E+04 7.826470E+04 2.015349E+04 1.543326E+04 1.483320E+02 0.000000E+00
1.835000E+00 5.448564E+04 1.423489E+04 7.983379E+04 1.358675E+02 7.724958E+01 0.000000E+00 0.000000E+00 0.000000E+00 7.952871E+04 7.815257E+04 2.019725E+04 1.544992E+04 1.486541E+02 0.000000E+00
1.836000E+00 5.442978E+04 1.425331E+04 7.971547E+04 1.358675E+02 7.733288E+01 0.000000E+00 0.000000E+00 0.000000E+00 7.941112E+04 7.804005E+04 2.023898E+04 1.546658E+04 1.489612E+02 0.000000E+00
1.837000E+00 5.437335E+04 1.426927E+04 7.959733E+04 1.358675E+02 7.741618E+01 0.000000E+00 0.000000E+00 0.000000E+00 7.929370E+04 7.792714E+04 2.027876E+04 1.548324E+04 1.492540E+02 0.000000E+00
1.838000E+00 5.431629E+04 1.428278E+04 7.947936E+04 1.358675E+02 7.749948E+01 0.000000E+00 0.000000E+00 0.000000E+00 7.917646E+04 7.781386E+04 2.031653E+04 1.549990E+04 1.495320E+02 0.000000E+00
1.839000E+00 5.425856E+04 1.429383E+04 7.936157E+04 1.358675E+02 7.758278E+01 0.000000E+00 0.000000E+00 0.000000E+00 7.905940E+04 7.770020E+04 2.035226E+04 1.551656E+04 1.497950E+02 0.000000E+00
1.840000E+00 5.420012E+04 1.430218E+04 7.924396E+04 1.358675E+02 7.766608E+01 0.000000E+00 0.000000E+00 0.000000E+00 7.894250E+04 7.758619E+04 2.038568E+04 1.553322E+04 1.500409E+02 0.000000E+00
1.841000E+00 5.414094E+04 1.430807E+04 7.912653E+04 1.358675E+02 7.774938E+01 0.000000E+00 0.000000E+00 0.000000E+00 7.882578E+04 7.747183E+04 2.041698E+04 1.554988E+04 1.502713E+02 0.000000E+00
1.842000E+00 5.408098E+04 1.431160E+04 7.900928E+04 1.358675E+02 7.783268E+01 0.000000E+00 0.000000E+00 0.000000E+00 7.870924E+04 7.735715E+04 2.044622E+04 1.556654E+04 1.504865E+02 0.000000E+00
1.843000E+00 5.402023E+04 1.431279E+04 7.889220E+04 1.358675E+02 7.791598E+01 0.000000E+00 0.000000E+00 0.000000E+00 7.859286E+04 7.724215E+04 2.047340E+04 1.558320E+04 1.506866E+02 0.000000E+00
1.844000E+00 5.395864E+04 1.431169E+04 7.877530E+04 1.358675E+02 7.799928E+01 0.000000E+00 0.000000E+00 0.000000E+00 7.847665E+04 7.712687E+04 2.049851E+04 1.559986E+04 1.508714E+02 0.000000E+00
1.845000E+00 5.389622E+04 1.430813E+04 7.865858E+04 1.358675E+02 7.808258E+01 0.000000E+00 0.000000E+00 0.000000E+00 7.836061E+04 7.701131E+04 2.052137E+04 1.561652E+04 1.510396E+02 0.000000E+00
1.846000E+00 5.383294E+04 1.430246E+04 7.854203E+04 1.358675E+02 7.816588E+01 0.000000E+00 0.000000E+00 0.000000E+00 7.824474E+04 7.689551E+04 2.054228E+04 1.563318E+04 1.511935E+02 0.000000E+00
1.847000E+00 5.376880E+04 1.429476E+04 7.842566E+04 1.358675E+02 7.824918E+01 0.000000E+00 0.000000E+00 0.000000E+00 7.812904E+04 7.677948E+04 2.056130E+04 1.564984E+04 1.513335E+02 0.000000E+00
1.848000E+00 5.370379E+04 1.428511E+04 7.830946E+04 1.358675E+02 7.833248E+01 0.000000E+00 0.000000E+00 0.000000E+00 7.801350E+04 7.666326E+04 2.057849E+04 1.566650E+04 1.514600E+02 0.000000E+00
1.849000E+00 5.363792E+04 1.427352E+04 7.819344E+04 1.358675E+02 7.841578E+01 0.000000E+00 0.000000E+00 0.000000E+00 7.789813E+04 7.654687E+04 2.059380E+04 1.568316E+04 1.515727E+02 0.000000E+00
1.850000E+00 5.357119E+04 1.426007E+04 7.807759E+04 1.358675E+02 7.849908E+01 0.000000E+00 0.000000E+00 0.000000E+00 7.778293E+04 7.643033E+04 2.060729E+04 1.569982E+04 1.516720E+02 0.000000E+00
1.851000E+00 5.350361E+04 1.424500E+04 7.796192E+04 1.358675E+02 7.858238E+01 0.000000E+00 0.000000E+00 0.000000E+00 7.766789E+04 7.631368E+04 2.061920E+04 1.571648E+04 1.517597E+02 0.000000E+00
1.852000E+00 5.343519E+04 1.422844E+04 7.784642E+04 1.358675E+02 7.866568E+01 0.000000E+00 0.000000E+00 0.000000E+00 7.755301E+04 7.619694E+04 2.062962E+04 1.573314E+04 1.518364E+02 0.000000E+00
1.853000E+00 5.336595E+04 1.421050E+04 7.773110E+04 1.358675E+02 7.874898E+01 0.000000E+00 0.000000E+00 0.000000E+00 7.743830E+04 7.608014E+04 2.063865E+04 1.574980E+04 1.519028E+02 0.000000E+00
1.854000E+00 5.329592E+04 1.419119E+04 7.761594E+04 1.358675E+02 7.883228E+01 0.000000E+00 0.000000E+00 0.000000E+00 7.732375E+04 7.596332E+04 2.064627E+04 1.576646E+04 1.519589E+02 0.000000E+00
1.855000E+00 5.322511E+04 1.417073E+04 7.750096E+04 1.358675E+02 7.891558E+01 0.000000E+00 0.000000E+00 0.000000E+00 7.720936E+04 7.584650E+04 2.065268E+04 1.578312E+04 1.520061E+02 0.000000E+00
1.856000E+00 5.315357E+04 1.414930E+04 7.738616E+04 1.358675E+02 7.899888E+01 0.000000E+00 0.000000E+00 0.000000E+00 7.709514E+04 7.572972E+04 2.065806E+04 1.579978E+04 1.520457E+02 0.000000E+00
1.857000E+00 5.308131E+04 1.412703E+04 7.727152E+04 1.358675E+02 7.908218E+01 0.000000E+00 0.000000E+00 0.000000E+00 7.698107E+04 7.561300E+04 2.066251E+04 1.581644E+04 1.520784E+02 0.000000E+00
1.858000E+00 5.300839E+04 1.410406E+04 7.715706E+04 1.358675E+02 7.916548E+01 0.000000E+00 0.000000E+00 0.000000E+00 7.686717E+04 7.549638E+04 2.066617E+04 1.583310E+04 1.521054E+02 0.000000E+00
1.859000E+00 5.293483E+04 1.408042E+04 7.704277E+04 1.358675E+02 7.924878E+01 0.000000E+00 0.000000E+00 0.000000E+00 7.675343E+04 7.537988E+04 2.066907E+04 1.584976E+04 1.521267E+02 0.000000E+00
1.860000E+00 5.286067E+04 1.405637E+04 7.692864E+04 1.358675E+02 7.933208E+01 0.000000E+00 0.000000E+00 0.000000E+00 7.663986E+04 7.526354E+04 2.067144E+04 1.586642E+04 1.521442E+02 0.000000E+00
1.861000E+00 5.278596E+04 1.403203E+04 7.681469E+04 1.358675E+02 7.941538E+01 0.000000E+00 0.000000E+00 0.000000E+00 7.652644E+04 7.514739E+04 2.067343E+04 1.588308E+04 1.521588E+02 0.000000E+00
1.862000E+00 5.271076E+04 1.400754E+04 7.670091E+04 1.358675E+02 7.949868E+01 0.000000E+00 0.000000E+00 0.000000E+00 7.641318E+04 7.503144E+04 2.067514E+04 1.589974E+04 1.521714E+02 0.000000E+00
1.863000E+00 5.263509E+04 1.398301E+04 7.658730E+04 1.358675E+02 7.958198E+01 0.000000E+00 0.000000E+00 0.000000E+00 7.630009E+04 7.491574E+04 2.067672E+04 1.591640E+04 1.521830E+02 0.000000E+00
1.864000E+00 5.255902E+04 1.395860E+04 7.647386E+04 1.358675E+02 7.966528E+01 0.000000E+00 0.000000E+00 0.000000E+00 7.618715E+04 7.480031E+04 2.067829E+04 1.593306E+04 1.521946E+02 0.000000E+00
1.865000E+00 5.248259E+04 1.393442E+04 7.636058E+04 1.358675E+02 7.974858E+01 0.000000E+00 0.000000E+00 0.000000E+00 7.607438E+04 7.468517E+04 2.068000E+04 1.594972E+04 1.522072E+02 0.000000E+00
1.866000E+00 5.240585E+04 1.391060E+04 7.624748E+04 1.358675E+02 7.983188E+01 0.000000E+00 0.000000E+00 0.000000E+00 7.596177E+04 7.457034E+04 2.068197E+04 1.596638E+04 1.522216E+02 0.000000E+00
1.867000E+00 5.232887E+04 1.388723E+04 7.613454E+04 1.358675E+02 7.991518E+01 0.000000E+00 0.000000E+00 0.000000E+00 7.584931E+04 7.445586E+04 2.068431E+04 1.598304E+04 1.522389E+02 0.000000E+00
1.868000E+00 5.225168E+04 1.386449E+04 7.602178E+04 1.358675E+02 7.999848E+01 0.000000E+00 0.000000E+00 0.000000E+00 7.573702E+04 7.434174E+04 2.068718E+04 1.599970E+04 1.522600E+02 0.000000E+00
1.869000E+00 5.217435E+04 1.384247E+04 7.590918E+04 1.358675E+02 8.008178E+01 0.000000E+00 0.000000E+00 0.000000E+00 7.562489E+04 7.422800E+04 2.069072E+04 1.601636E+04 1.522860E+02 0.000000E+00
1.870000E+00 5.209692E+04 1.382123E+04 7.579674E+04 1.358675E+02 8.016508E+01 0.000000E+00 0.000000E+00 0.000000E+00 7.551292E+04 7.411466E+04 2.069498E+04 1.603302E+04 1.523174E+02 0.000000E+00
1.871000E+00 5.201945E+04 1.380086E+04 7.568448E+04 1.358675E+02 8.024838E+01 0.000000E+00 0.000000E+00 0.000000E+00 7.540111E+04 7.400174E+04 2.070006E+04 1.604968E+04 1.523548E+02 0.000000E+00
1.872000E+00 5.194200E+04 1.378144E+04 7.557238E+04 1.358675E+02 8.033168E+01 0.000000E+00 0.000000E+00 0.000000E+00 7.528946E+04 7.388925E+04 2.070606E+04 1.606634E+04 1.523989E+02 0.000000E+00
1.873000E+00 5.186460E+04 1.376316E+04 7.546044E+04 1.358675E+02 8.041498E+01 0.000000E+00 0.000000E+00 0.000000E+00 7.517798E+04 7.377721E+04 2.071320E+04 1.608300E+04 1.524515E+02 0.000000E+00
1.874000E+00 5.178731E+04 1.374600E+04 7.534868E+04 1.358675E+02 8.049828E+01 0.000000E+00 0.000000E+00 0.000000E+00 7.506665E+04 7.366562E+04 2.072146E+04 1.609966E+04 1.525123E+02 0.000000E+00
1.875000E+00 5.171018E+04 1.372999E+04 7.523708E+04 1.358675E+02 8.058158E+01 0.000000E+00 0.000000E+00 0.000000E+00 7.495549E+04 7.355451E+04 2.073090E+04 1.611632E+04 1.525818E+02 0.000000E+00
1.876000E+00 5.163326E+04 1.371516E+04 7.512564E+04 1.358675E+02 8.066488E+01 0.000000E+00 0.000000E+00 0.000000E+00 7.484449E+04 7.344386E+04 2.074157E+04 1.613298E+04 1.526603E+02 0.000000E+00
1.877000E+00 5.155659E+04 1.370160E+04 7.501437E+04 1.358675E+02 8.074818E+01 0.000000E+00 0.000000E+00 0.000000E+00 7.473365E+04 7.333370E+04 2.075356E+04 1.614964E+04 1.527486E+02 0.000000E+00
1.878000E+00 5.148021E+04 1.368946E+04 7.490327E+04 1.358675E+02 8.083148E+01 0.000000E+00 0.000000E+00 0.000000E+00 7.462298E+04 7.322402E+04 2.076707E+04 1.616630E+04 1.528480E+02 0.000000E+00
1.879000E+00 5.140416E+04 1.367861E+04 7.479233E+04 1.358675E+02 8.091478E+01 0.000000E+00 0.000000E+00 0.000000E+00 7.451246E+04 7.311483E+04 2.078196E+04 1.618296E+04 1.529576E+02 0.000000E+00
1.880000E+00 5.132848E+04 1.366905E+04 7.468155E+04 1.358675E+02 8.099808E+01 0.000000E+00 0.000000E+00 0.000000E+00 7.440211E+04 7.300613E+04 2.079827E+04 1.619962E+04 1.530776E+02 0.000000E+00
1.881000E+00 5.125320E+04 1.366078E+04 7.457094E+04 1.358675E+02 8.108138E+01 0.000000E+00 0.000000E+00 0.000000E+00 7.429193E+04 7.289791E+04 2.081602E+04 1.621628E+04 1.532082E+02 0.000000E+00
1.882000E+00 5.117836E+04 1.365389E+04 7.446049E+04 1.358675E+02 8.116468E+01 0.000000E+00 0.000000E+00 0.000000E+00 7.418190E+04 7.279017E+04 2.083530E+04 1.623294E+04 1.533502E+02 0.000000E+00
1.883000E+00 5.110398E+04 1.364839E+04 7.435021E+04 1.358675E+02 8.124798E+01 0.000000E+00 0.000000E+00 0.000000E+00 7.407204E+04 7.268290E+04 2.085616E+04 1.624960E+04 1.535037E+02 0.000000E+00
1.884000E+00 5.103009E+04 1.364412E+04 7.424009E+04 1.358675E+02 8.133128E+01 0.000000E+00 0.000000E+00 0.000000E+00 7.396235E+04 7.257611E+04 2.087847E+04 1.626626E+04 1.536679E+02 0.000000E+00
1.885000E+00 5.095671E+04 1.364106E+04 7.413013E+04 1.358675E+02 8.141458E+01 0.000000E+00 0.000000E+00 0.000000E+00 7.385281E+04 7.246977E+04 2.090219E+04 1.628292E+04 1.538425E+02 0.000000E+00
1.886000E+00 5.088386E+04 1.363915E+04 7.402034E+04 1.358675E+02 8.149788E+01 0.000000E+00 0.000000E+00 0.000000E+00 7.374344E+04 7.236387E+04 2.092732E+04 1.629958E+04 1.540275E+02 0.000000E+00
1.887000E+00 5.081155E+04 1.363850E+04 7.391070E+04 1.358675E+02 8.158118E+01 0.000000E+00 0.000000E+00 0.000000E+00 7.363424E+04 7.225841E+04 2.095396E+04 1.631624E+04 1.542235E+02 0.000000E+00
1.888000E+00 5.073980E+04 1.363894E+04 7.380124E+04 1.358675E+02 8.166448E+01 0.000000E+00 0.000000E+00 0.000000E+00 7.352520E+04 7.215337E+04 2.098196E+04 1.633290E+04 1.544296E+02 0.000000E+00
1.889000E+00 5.066861E+04 1.364036E+04 7.369193E+04 1.358675E+02 8.174778E+01 0.000000E+00 0.000000E+00 0.000000E+00 7.341633E+04 7.204874E+04 2.101123E+04 1.634956E+04 1.546450E+02 0.000000E+00
1.890000E+00 5.059799E+04 1.364267E+04 7.358279E+04 1.358675E+02 8.183108E+01 0.000000E+00 0.000000E+00 0.000000E+00 7.330762E+04 7.194449E+04 2.104169E+04 1.636622E+04 1.548693E+02 0.000000E+00
1.891000E+00 5.052794E+04 1.364580E+04 7.347380E+04 1.358675E+02 8.191438E+01 0.000000E+00 0.000000E+00 0.000000E+00 7.319907E+04 7.184061E+04 2.107329E+04 1.638288E+04 1.551018E+02 0.000000E+00
1.892000E+00 5.045845E+04 1.364981E+04 7.336498E+04 1.358675E+02 8.199768E+01 0.000000E+00 0.000000E+00 0.000000E+00 7.309069E+04 7.173708E+04 2.110610E+04 1.639954E+04 1.553433E+02 0.000000E+00
1.893000E+00 5.038952E+04 1.365444E+04 7.325632E+04 1.358675E+02 8.208098E+01 0.000000E+00 0.000000E+00 0.000000E+00 7.298247E+04 7.163387E+04 2.113986E+04 1.641620E+04 1.555918E+02 0.000000E+00
1.894000E+00 5.032114E+04 1.365959E+04 7.314783E+04 1.358675E+02 8.216428E+01 0.000000E+00 0.000000E+00 0.000000E+00 7.287442E+04 7.153098E+04 2.117448E+04 1.643286E+04 1.558466E+02 0.000000E+00
1.895000E+00 5.025329E+04 1.366516E+04 7.303949E+04 1.358675E+02 8.224758E+01 0.000000E+00 0.000000E+00 0.000000E+00 7.276653E+04 7.142837E+04 2.120988E+04 1.644952E+04 1.561071E+02 0.000000E+00
1.896000E+00 5.018596E+04 1.367107E+04 7.293132E+04 1.358675E+02 8.233088E+01 0.000000E+00 0.000000E+00 0.000000E+00 7.265881E+04 7.132602E+04 2.124597E+04 1.646618E+04 1.563727E+02 0.000000E+00
1.897000E+00 5.011913E+04 1.367724E+04 7.282330E+04 1.358675E+02 8.241418E+01 0.000000E+00 0.000000E+00 0.000000E+00 7.255125E+04 7.122390E+04 2.128266E+04 1.648284E+04 1.566428E+02 0.000000E+00
1.898000E+00 5.005277E+04 1.368347E+04 7.271545E+04 1.358675E+02 8.249748E+01 0.000000E+00 0.000000E+00 0.000000E+00 7.244385E+04 7.112200E+04 2.131978E+04 1.649950E+04 1.569160E+02 0.000000E+00
1.899000E+00 4.998685E+04 1.368965E+04 7.260776E+04 1.358675E+02 8.258078E+01 0.000000E+00 0.000000E+00 0.000000E+00 7.233662E+04 7.102029E+04 2.135720E+04 1.651616E+04 1.571914E+02 0.000000E+00
1.900000E+00 4.992135E+04 1.369567E+04 7.250022E+04 1.358675E+02 8.266408E+01 0.000000E+00 0.000000E+00 0.000000E+00 7.222955E+04 7.091875E+04 2.139482E+04 1.653282E+04 1.574683E+02 0.000000E+00
1.901000E+00 4.985624E+04 1.370141E+04 7.239285E+04 1.358675E+02 8.274738E+01 0.000000E+00 0.000000E+00 0.000000E+00 7.212265E+04 7.081734E+04 2.143250E+04 1.654948E+04 1.577456E+02 0.000000E+00
1.902000E+00 4.979148E+04 1.370673E+04 7.228564E+04 1.358675E+02 8.283068E+01 0.000000E+00 0.000000E+00 0.000000E+00 7.201591E+04 7.071605E+04 2.147009E+04 1.656614E+04 1.580223E+02 0.000000E+00
1.903000E+00 4.972703E+04 1.371150E+04 7.217858E+04 1.358675E+02 8.291398E+01 0.000000E+00 0.000000E+00 0.000000E+00 7.190933E+04 7.061484E+04 2.150747E+04 1.658280E+04 1.582974E+02 0.000000E+00
1.904000E+00 4.966286E+04 1.371561E+04 7.207169E+04 1.358675E+02 8.299728E+01 0.000000E+00 0.000000E+00 0.000000E+00 7.180291E+04 7.051371E+04 2.154451E+04 1.659946E+04 1.585701E+02 0.000000E+00
1.905000E+00 4.959892E+04 1.371895E+04 7.196496E+04 1.358675E+02 8.308058E+01 0.000000E+00 0.000000E+00 0.000000E+00 7.169665E+04 7.041262E+04 2.158109E+04 1.661612E+04 1.588393E+02 0.000000E+00
1.906000E+00 4.953517E+04 1.372132E+04 7.185838E+04 1.358675E+02 8.316388E+01 0.000000E+00 0.000000E+00 0.000000E+00 7.159056E+04 7.031154E+04 2.161698E+04 1.663278E+04 1.591034E+02 0.000000E+00
1.907000E+00 4.947157E+04 1.372265E+04 7.175197E+04 1.358675E+02 8.324718E+01 0.000000E+00 0.000000E+00 0.000000E+00 7.148463E+04 7.021047E+04 2.165211E+04 1.664944E+04 1.593620E+02 0.000000E+00
1.908000E+00 4.940808E+04 1.372285E+04 7.164571E+04 1.358675E+02 8.333048E+01 0.000000E+00 0.000000E+00 0.000000E+00 7.137886E+04 7.010937E+04 2.168636E+04 1.666610E+04 1.596141E+02 0.000000E+00
1.909000E+00 4.934464E+04 1.372181E+04 7.153961E+04 1.358675E+02 8.341378E+01 0.000000E+00 0.000000E+00 0.000000E+00 7.127324E+04 7.000822E+04 2.171962E+04 1.668276E+04 1.598589E+02 0.000000E+00
1.910000E+00 4.928121E+04 1.371943E+04 7.143367E+04 1.358675E+02 8.349708E+01 0.000000E+00 0.000000E+00 0.000000E+00 7.116779E+04 6.990701E+04 2.175175E+04 1.669942E+04 1.600953E+02 0.000000E+00
1.911000E+00 4.921775E+04 1.371545E+04 7.132789E+04 1.358675E+02 8.358038E+01 0.000000E+00 0.000000E+00 0.000000E+00 7.106249E+04 6.980572E+04 2.178246E+04 1.671608E+04 1.603214E+02 0.000000E+00
1.912000E+00 4.915420E+04 1.370993E+04 7.122226E+04 1.358675E+02 8.366368E+01 0.000000E+00 0.000000E+00 0.000000E+00 7.095736E+04 6.970432E+04 2.181182E+04 1.673274E+04 1.605374E+02 0.000000E+00
1.913000E+00 4.909053E+04 1.370281E+04 7.111679E+04 1.358675E+02 8.374698E+01 0.000000E+00 0.000000E+00 0.000000E+00 7.085238E+04 6.960281E+04 2.183969E+04 1.674940E+04 1.607426E+02 0.000000E+00
1.914000E+00 4.902667E+04 1.369399E+04 7.101148E+04 1.358675E+02 8.383028E+01 0.000000E+00 0.000000E+00 0.000000E+00 7.074756E+04 6.950117E+04 2.186600E+04 1.676606E+04 1.609363E+02 0.000000E+00
1.915000E+00 4.896260E+04 1.368331E+04 7.090633E+04 1.358675E+02 8.391358E+01 0.000000E+00 0.000000E+00 0.000000E+00 7.064289E+04 6.939939E+04 2.189053E+04 1.678272E+04 1.611168E+02 0.000000E+00
1.916000E+00 4.889826E+04 1.367065E+04 7.080134E+04 1.358675E+02 8.399688E+01 0.000000E+00 0.000000E+00 0.000000E+00 7.053838E+04 6.929746E+04 2.191313E+04 1.679938E+04 1.612831E+02 0.000000E+00
1.917000E+00 4.883360E+04 1.365611E+04 7.069650E+04 1.358675E+02 8.408018E+01 0.000000E+00 0.000000E+00 0.000000E+00 7.043402E+04 6.919535E+04 2.193388E+04 1.681604E+04 1.614358E+02 0.000000E+00
1.918000E+00 4.876860E+04 1.363963E+04 7.059182E+04 1.358675E+02 8.416348E+01 0.000000E+00 0.000000E+00 0.000000E+00 7.032982E+04 6.909308E+04 2.195269E+04 1.683270E+04 1.615743E+02 0.000000E+00
1.919000E+00 4.870320E+04 1.362120E+04 7.048729E+04 1.358675E+02 8.424678E+01 0.000000E+00 0.000000E+00 0.000000E+00 7.022577E+04 6.899063E+04 2.196951E+04 1.684936E+04 1.616981E+02 0.000000E+00
1.920000E+00 4.863736E+04 1.360055E+04 7.038292E+04 1.358675E+02 8.433008E+01 0.000000E+00 0.000000E+00 0.000000E+00 7.012188E+04 6.888799E+04 2.198404E+04 1.686602E+04 1.618050E+02 0.000000E+00
1.921000E+00 4.857106E+04 1.357779E+04 7.027870E+04 1.358675E+02 8.441338E+01 0.000000E+00 0.000000E+00 0.000000E+00 7.001813E+04 6.878517E+04 2.199637E+04 1.688268E+04 1.618958E+02 0.000000E+00
1.922000E+00 4.850425E+04 1.355301E+04 7.017465E+04 1.358675E+02 8.449668E+01 0.000000E+00 0.000000E+00 0.000000E+00 6.991454E+04 6.868217E+04 2.200653E+04 1.689934E+04 1.619706E+02 0.000000E+00
1.923000E+00 4.843691E+04 1.352619E+04 7.007074E+04 1.358675E+02 8.457998E+01 0.000000E+00 0.000000E+00 0.000000E+00 6.981110E+04 6.857897E+04 2.201451E+04 1.691600E+04 1.620293E+02 0.000000E+00
1.924000E+00 4.836900E+04 1.349736E+04 6.996699E+04 1.358675E+02 8.466328E+01 0.000000E+00 0.000000E+00 0.000000E+00 6.970781E+04 6.847560E+04 2.202027E+04 1.693266E+04 1.620717E+02 0.000000E+00
1.925000E+00 4.830050E+04 1.346619E+04 6.986340E+04 1.358675E+02 8.474658E+01 0.000000E+00 0.000000E+00 0.000000E+00 6.960466E+04 6.837204E+04 2.202347E+04 1.694932E+04 1.620952E+02 0.000000E+00
1.926000E+00 4.823138E+04 1.343305E+04 6.975996E+04 1.358675E+02 8.482988E+01 0.000000E+00 0.000000E+00 0.000000E+00 6.950167E+04 6.826832E+04 2.202443E+04 1.696598E+04 1.621023E+02 0.000000E+00
1.927000E+00 4.816163E+04 1.339797E+04 6.965667E+04 1.358675E+02 8.491318E+01 0.000000E+00 0.000000E+00 0.000000E+00 6.939882E+04 6.816442E+04 2.202317E+04 1.698264E+04 1.620930E+02 0.000000E+00
1.928000E+00 4.809122E+04 1.336100E+04 6.955354E+04 1.358675E+02 8.499648E+01 0.000000E+00 0.000000E+00 0.000000E+00 6.929612E+04 6.806038E+04 2.201969E+04 1.699930E+04 1.620674E+02 0.000000E+00
1.929000E+00 4.802014E+04 1.332209E+04 6.945056E+04 1.358675E+02 8.507978E+01 0.000000E+00 0.000000E+00 0.000000E+00 6.919357E+04 6.795619E+04 2.201393E+04 1.701596E+04 1.620250E+02 0.000000E+00
1.930000E+00 4.794839E+04 1.328117E+04 6.934773E+04 1.358675E+02 8.516308E+01 0.000000E+00 0.000000E+00 0.000000E+00 6.909116E+04 6.785187E+04 2.200579E+04 1.703262E+04 1.619651E+02 0.000000E+00
1.931000E+00 4.787595E+04 1.323856E+04 6.924506E+04 1.358675E+02 8.524638E+01 0.000000E+00 0.000000E+00 0.000000E+00 6.898890E+04 6.774743E+04 2.199555E+04 1.704928E+04 1.618897E+02 0.000000E+00
1.932000E+00 4.780283E+04 1.319432E+04 6.914253E+04 1.358675E+02 8.532968E+01 0.000000E+00 0.000000E+00 0.000000E+00 6.888678E+04 6.764289E+04 2.198326E+04 1.706594E+04 1.617993E+02 0.000000E+00
1.933000E+00 4.772902E+04 1.314855E+04 6.904017E+04 1.358675E+02 8.541298E+01 0.000000E+00 0.000000E+00 0.000000E+00 6.878481E+04 6.753827E+04 2.196897E+04 1.708260E+04 1.616941E+02 0.000000E+00
1.934000E+00 4.765452E+04 1.310117E+04 6.893795E+04 1.358675E+02 8.549628E+01 0.000000E+00 0.000000E+00 0.000000E+00 6.868298E+04 6.743359E+04 2.195260E+04 1.709926E+04 1.615737E+02 0.000000E+00
1.935000E+00 4.757935E+04 1.305234E+04 6.883588E+04 1.358675E+02 8.557958E+01 0.000000E+00 0.000000E+00 0.000000E+00 6.858130E+04 6.732885E+04 2.193429E+04 1.711592E+04 1.614389E+02 0.000000E+00
1.936000E+00 4.750351E+04 1.300228E+04 6.873397E+04 1.358675E+02 8.566288E+01 0.000000E+00 0.000000E+00 0.000000E+00 6.847976E+04 6.722410E+04 2.191424E+04 1.713258E+04 1.612913E+02 0.000000E+00
1.937000E+00 4.742703E+04 1.295112E+04 6.863220E+04 1.358675E+02 8.574618E+01 0.000000E+00 0.000000E+00 0.000000E+00 6.837836E+04 6.711934E+04 2.189254E+04 1.714924E+04 1.611316E+02 0.000000E+00
1.938000E+00 4.734991E+04 1.289895E+04 6.853059E+04 1.358675E+02 8.582948E+01 0.000000E+00 0.000000E+00 0.000000E+00 6.827710E+04 6.701461E+04 2.186930E+04 1.716590E+04 1.609605E+02 0.000000E+00
1.939000E+00 4.727219E+04 1.284574E+04 6.842912E+04 1.358675E+02 8.591278E+01 0.000000E+00 0.000000E+00 0.000000E+00 6.817598E+04 6.690992E+04 2.184445E+04 1.718256E+04 1.607776E+02 0.000000E+00
1.940000E+00 4.719388E+04 1.279177E+04 6.832781E+04 1.358675E+02 8.599608E+01 0.000000E+00 0.000000E+00 0.000000E+00 6.807501E+04 6.680530E+04 2.181826E+04 1.719922E+04 1.605849E+02 0.000000E+00
1.941000E+00 4.711501E+04 1.273720E+04 6.822665E+04 1.358675E+02 8.607938E+01 0.000000E+00 0.000000E+00 0.000000E+00 6.797417E+04 6.670077E+04 2.179090E+04 1.721588E+04 1.603835E+02 0.000000E+00
1.942000E+00 4.703562E+04 1.268217E+04 6.812563E+04 1.358675E+02 8.616268E+01 0.000000E+00 0.000000E+00 0.000000E+00 6.787348E+04 6.659636E+04 2.176248E+04 1.723254E+04 1.601743E+02 0.000000E+00
1.943000E+00 4.695575E+04 1.262678E+04 6.802476E+04 1.358675E+02 8.624598E+01 0.000000E+00 0.000000E+00 0.000000E+00 6.777293E+04 6.649209E+04 2.173311E+04 1.724920E+04 1.599582E+02 0.000000E+00
1.944000E+00 4.687542E+04 1.257112E+04 6.792405E+04 1.358675E+02 8.632928E+01 0.000000E+00 0.000000E+00 0.000000E+00 6.767252E+04 6.638799E+04 2.170286E+04 1.726586E+04 1.597355E+02 0.000000E+00
1.945000E+00 4.679468E+04 1.251542E+04 6.782348E+04 1.358675E+02 8.641258E+01 0.000000E+00 0.000000E+00 0.000000E+00 6.757224E+04 6.628409E+04 2.167199E+04 1.728252E+04 1.595083E+02 0.000000E+00
1.946000E+00 4.671357E+04 1.245983E+04 6.772305E+04 1.358675E+02 8.649588E+01 0.000000E+00 0.000000E+00 0.000000E+00 6.747211E+04 6.618041E+04 2.164062E+04 1.729918E+04 1.592774E+02 0.000000E+00
1.947000E+00 4.663213E+04 1.240448E+04 6.762278E+04 1.358675E+02 8.657918E+01 0.000000E+00 0.000000E+00 0.000000E+00 6.737212E+04 6.607697E+04 2.160890E+04 1.731584E+04 1.590440E+02 0.000000E+00
1.948000E+00 4.655042E+04 1.234950E+04 6.752265E+04 1.358675E+02 8.666248E+01 0.000000E+00 0.000000E+00 0.000000E+00 6.727227E+04 6.597380E+04 2.157697E+04 1.733250E+04 1.588090E+02 0.000000E+00
1.949000E+00 4.646849E+04 1.229505E+04 6.742267E+04 1.358675E+02 8.674578E+01 0.000000E+00 0.000000E+00 0.000000E+00 6.717256E+04 6.587093E+04 2.154499E+04 1.734916E+04 1.585736E+02 0.000000E+00
1.950000E+00 4.638637E+04 1.224127E+04 6.732284E+04 1.358675E+02 8.682908E+01 0.000000E+00 0.000000E+00 0.000000E+00 6.707299E+04 6.576838E+04 2.151311E+04 1.736582E+04 1.583390E+02 0.000000E+00
1.951000E+00 4.630413E+04 1.218830E+04 6.722315E+04 1.358675E+02 8.691238E+01 0.000000E+00 0.000000E+00 0.000000E+00 6.697356E+04 6.566617E+04 2.148149E+04 1.738248E+04 1.581062E+02 0.000000E+00
1.952000E+00 4.622182E+04 1.213625E+04 6.712361E+04 1.358675E+02 8.699568E+01 0.000000E+00 0.000000E+00 0.000000E+00 6.687427E+04 6.556433E+04 2.145025E+04 1.739914E+04 1.578763E+02 0.000000E+00
1.953000E+00 4.613949E+04 1.208533E+04 6.702422E+04 1.358675E+02 8.707898E+01 0.000000E+00 0.000000E+00 0.000000E+00 6.677513E+04 6.546287E+04 2.141960E+04 1.741580E+04 1.576507E+02 0.000000E+00
1.954000E+00 4.605720E+04 1.203562E+04 6.692497E+04 1.358675E+02 8.716228E+01 0.000000E+00 0.000000E+00 0.000000E+00 6.667612E+04 6.536181E+04 2.138967E+04 1.743246E+04 1.574304E+02 0.000000E+00
1.955000E+00 4.597500E+04 1.198722E+04 6.682586E+04 1.358675E+02 8.724558E+01 0.000000E+00 0.000000E+00 0.000000E+00 6.657725E+04 6.526119E+04 2.136057E+04 1.744912E+04 1.572162E+02 0.000000E+00
1.956000E+00 4.589294E+04 1.194024E+04 6.672690E+04 1.358675E+02 8.732888E+01 0.000000E+00 0.000000E+00 0.000000E+00 6.647853E+04 6.516100E+04 2.133242E+04 1.746578E+04 1.570090E+02 0.000000E+00
1.957000E+00 4.581109E+04 1.189477E+04 6.662809E+04 1.358675E+02 8.741218E+01 0.000000E+00 0.000000E+00 0.000000E+00 6.637994E+04 6.506127E+04 2.130534E+04 1.748244E+04 1.568097E+02 0.000000E+00
1.958000E+00 4.572949E+04 1.185110E+04 6.652942E+04 1.358675E+02 8.749548E+01 0.000000E+00 0.000000E+00 0.000000E+00 6.628150E+04 6.496202E+04 2.127965E+04 1.749910E+04 1.566207E+02 0.000000E+00
1.959000E+00 4.564821E+04 1.180915E+04 6.643090E+04 1.358675E+02 8.757878E+01 0.000000E+00 0.000000E+00 0.000000E+00 6.618320E+04 6.486326E+04 2.125530E+04 1.751576E+04 1.564414E+02 0.000000E+00
1.960000E+00 4.556729E+04 1.176900E+04 6.633251E+04 1.358675E+02 8.766208E+01 0.000000E+00 0.000000E+00 0.000000E+00 6.608504E+04 6.476499E+04 2.123238E+04 1.753242E+04 1.562727E+02 0.000000E+00
1.961000E+00 4.548679E+04 1.173071E+04 6.623428E+04 1.358675E+02 8.774538E+01 0.000000E+00 0.000000E+00 0.000000E+00 6.598703E+04 6.466724E+04 2.121100E+04 1.754908E+04 1.561154E+02 0.000000E+00
1.962000E+00 4.540675E+04 1.169443E+04 6.613618E+04 1.358675E+02 8.782868E+01 0.000000E+00 0.000000E+00 0.000000E+00 6.588916E+04 6.457000E+04 2.119133E+04 1.756574E+04 1.559706E+02 0.000000E+00
1.963000E+00 4.532723E+04 1.166033E+04 6.603823E+04 1.358675E+02 8.791198E+01 0.000000E+00 0.000000E+00 0.000000E+00 6.579143E+04 6.447329E+04 2.117357E+04 1.758240E+04 1.558399E+02 0.000000E+00
1.964000E+00 4.524827E+04 1.162828E+04 6.594043E+04 1.358675E+02 8.799528E+01 0.000000E+00 0.000000E+00 0.000000E+00 6.569384E+04 6.437711E+04 2.115762E+04 1.759906E+04 1.557225E+02 0.000000E+00
1.965000E+00 4.516992E+04 1.159832E+04 6.584276E+04 1.358675E+02 8.807858E+01 0.000000E+00 0.000000E+00 0.000000E+00 6.559640E+04 6.428146E+04 2.114356E+04 1.761572E+04 1.556190E+02 0.000000E+00
1.966000E+00 4.509222E+04 1.157047E+04 6.574524E+04 1.358675E+02 8.816188E+01 0.000000E+00 0.000000E+00 0.000000E+00 6.549911E+04 6.418635E+04 2.113144E+04 1.763238E+04 1.555298E+02 0.000000E+00
1.967000E+00 4.501521E+04 1.154492E+04 6.564786E+04 1.358675E+02 8.824518E+01 0.000000E+00 0.000000E+00 0.000000E+00 6.540195E+04 6.409177E+04 2.112149E+04 1.764904E+04 1.554565E+02 0.000000E+00
1.968000E+00 4.493893E+04 1.152166E+04 6.555063E+04 1.358675E+02 8.832848E+01 0.000000E+00 0.000000E+00 0.000000E+00 6.530495E+04 6.399773E+04 2.111371E+04 1.766570E+04 1.553993E+02 0.000000E+00
1.969000E+00 4.486341E+04 1.150056E+04 6.545353E+04 1.358675E+02 8.841178E+01 0.000000E+00 0.000000E+00 0.000000E+00 6.520808E+04 6.390421E+04 2.110802E+04 1.768236E+04 1.553574E+02 0.000000E+00
1.970000E+00 4.478869E+04 1.148159E+04 6.535658E+04 1.358675E+02 8.849508E+01 0.000000E+00 0.000000E+00 0.000000E+00 6.511137E+04 6.381122E+04 2.110444E+04 1.769902E+04 1.553310E+02 0.000000E+00
1.971000E+00 4.471479E+04 1.146476E+04 6.525977E+04 1.358675E+02 8.857838E+01 0.000000E+00 0.000000E+00 0.000000E+00 6.501480E+04 6.371874E+04 2.110297E+04 1.771568E+04 1.553203E+02 0.000000E+00
1.972000E+00 4.464174E+04 1.145030E+04 6.516310E+04 1.358675E+02 8.866168E+01 0.000000E+00 0.000000E+00 0.000000E+00 6.491837E+04 6.362677E+04 2.110391E+04 1.773234E+04 1.553272E+02 0.000000E+00
1.973000E+00 4.456956E+04 1.143796E+04 6.506658E+04 1.358675E+02 8.874498E+01 0.000000E+00 0.000000E+00 0.000000E+00 6.482210E+04 6.353530E+04 2.110703E+04 1.774900E+04 1.553501E+02 0.000000E+00
1.974000E+00 4.449828E+04 1.142764E+04 6.497019E+04 1.358675E+02 8.882828E+01 0.000000E+00 0.000000E+00 0.000000E+00 6.472597E+04 6.344430E+04 2.111225E+04 1.776566E+04 1.553886E+02 0.000000E+00
1.975000E+00 4.442789E+04 1.141929E+04 6.487395E+04 1.358675E+02 8.891158E+01 0.000000E+00 0.000000E+00 0.000000E+00 6.462998E+04 6.335378E+04 2.111958E+04 1.778232E+04 1.554425E+02 0.000000E+00
1.976000E+00 4.435843E+04 1.141291E+04 6.477785E+04 1.358675E+02 8.899488E+01 0.000000E+00 0.000000E+00 0.000000E+00 6.453415E+04 6.326371E+04 2.112901E+04 1.779898E+04 1.555119E+02 0.000000E+00
1.977000E+00 4.428989E+04 1.140863E+04 6.468189E+04 1.358675E+02 8.907818E+01 0.000000E+00 0.000000E+00 0.000000E+00 6.443846E+04 6.317408E+04 2.114072E+04 1.781564E+04 1.555981E+02 0.000000E+00
1.978000E+00 4.422227E+04 1.140612E+04 6.458607E+04 1.358675E+02 8.916148E+01 0.000000E+00 0.000000E+00 0.000000E+00 6.434291E+04 6.308487E+04 2.115441E+04 1.783230E+04 1.556989E+02 0.000000E+00
1.979000E+00 4.415559E+04 1.140529E+04 6.449039E+04 1.358675E+02 8.924478E+01 0.000000E+00 0.000000E+00 0.000000E+00 6.424752E+04 6.299606E+04 2.117002E+04 1.784896E+04 1.558137E+02 0.000000E+00
1.980000E+00 4.408983E+04 1.140608E+04 6.439485E+04 1.358675E+02 8.932808E+01 0.000000E+00 0.000000E+00 0.000000E+00 6.415228E+04 6.290762E+04 2.118749E+04 1.786562E+04 1.559423E+02 0.000000E+00
1.981000E+00 4.402499E+04 1.140849E+04 6.429945E+04 1.358675E+02 8.941138E+01 0.000000E+00 0.000000E+00 0.000000E+00 6.405718E+04 6.281955E+04 2.120686E+04 1.788228E+04 1.560849E+02 0.000000E+00
1.982000E+00 4.396106E+04 1.141245E+04 6.420420E+04 1.358675E+02 8.949468E+01 0.000000E+00 0.000000E+00 0.000000E+00 6.396223E+04 6.273181E+04 2.122808E+04 1.789894E+04 1.562411E+02 0.000000E+00
1.983000E+00 4.389803E+04 1.141772E+04 6.410908E+04 1.358675E+02 8.957798E+01 0.000000E+00 0.000000E+00 0.000000E+00 6.386743E+04 6.264438E+04 2.125092E+04 1.791560E+04 1.564092E+02 0.000000E+00
1.984000E+00 4.383587E+04 1.142418E+04 6.401410E+04 1.358675E+02 8.966128E+01 0.000000E+00 0.000000E+00 0.000000E+00 6.377277E+04 6.255724E+04 2.127530E+04 1.793226E+04 1.565886E+02 0.000000E+00
1.985000E+00 4.377458E+04 1.143174E+04 6.391927E+04 1.358675E+02 8.974458E+01 0.000000E+00 0.000000E+00 0.000000E+00 6.367827E+04 6.247037E+04 2.130112E+04 1.794892E+04 1.567787E+02 0.000000E+00
1.986000E+00 4.371412E+04 1.144042E+04 6.382457E+04 1.358675E+02 8.982788E+01 0.000000E+00 0.000000E+00 0.000000E+00 6.358391E+04 6.238374E+04 2.132843E+04 1.796558E+04 1.569797E+02 0.000000E+00
1.987000E+00 4.365448E+04 1.145001E+04 6.373002E+04 1.358675E+02 8.991118E+01 0.000000E+00 0.000000E+00 0.000000E+00 6.348970E+04 6.229733E+04 2.135703E+04 1.798224E+04 1.571902E+02 0.000000E+00
1.988000E+00 4.359561E+04 1.146034E+04 6.363560E+04 1.358675E+02 8.999448E+01 0.000000E+00 0.000000E+00 0.000000E+00 6.339564E+04 6.221111E+04 2.138676E+04 1.799890E+04 1.574090E+02 0.000000E+00
1.989000E+00 4.353750E+04 1.147130E+04 6.354133E+04 1.358675E+02 9.007778E+01 0.000000E+00 0.000000E+00 0.000000E+00 6.330172E+04 6.212505E+04 2.141752E+04 1.801556E+04 1.576353E+02 0.000000E+00
1.990000E+00 4.348011E+04 1.148277E+04 6.344719E+04 1.358675E+02 9.016108E+01 0.000000E+00 0.000000E+00 0.000000E+00 6.320795E+04 6.203914E+04 2.144919E+04 1.803222E+04 1.578685E+02 0.000000E+00
1.991000E+00 4.342339E+04 1.149477E+04 6.335320E+04 1.358675E+02 9.024438E+01 0.000000E+00 0.000000E+00 0.000000E+00 6.311433E+04 6.195335E+04 2.148180E+04 1.804888E+04 1.581085E+02 0.000000E+00
1.992000E+00 4.336733E+04 1.150703E+04 6.325934E+04 1.358675E+02 9.032768E+01 0.000000E+00 0.000000E+00 0.000000E+00 6.302086E+04 6.186765E+04 2.151509E+04 1.806554E+04 1.583535E+02 0.000000E+00
1.993000E+00 4.331187E+04 1.151947E+04 6.316562E+04 1.358675E+02 9.041098E+01 0.000000E+00 0.000000E+00 0.000000E+00 6.292753E+04 6.178203E+04 2.154897E+04 1.808220E+04 1.586028E+02 0.000000E+00
1.994000E+00 4.325697E+04 1.153197E+04 6.307204E+04 1.358675E+02 9.049428E+01 0.000000E+00 0.000000E+00 0.000000E+00 6.283435E+04 6.169645E+04 2.158332E+04 1.809886E+04 1.588557E+02 0.000000E+00
1.995000E+00 4.320260E+04 1.154445E+04 6.297861E+04 1.358675E+02 9.057758E+01 0.000000E+00 0.000000E+00 0.000000E+00 6.274131E+04 6.161091E+04 2.161807E+04 1.811552E+04 1.591114E+02 0.000000E+00
1.996000E+00 4.314871E+04 1.155681E+04 6.288531E+04 1.358675E+02 9.066088E+01 0.000000E+00 0.000000E+00 0.000000E+00 6.264842E+04 6.152537E+04 2.165311E+04 1.813218E+04 1.593693E+02 0.000000E+00
1.997000E+00 4.309526E+04 1.156893E+04 6.279215E+04 1.358675E+02 9.074418E+01 0.000000E+00 0.000000E+00 0.000000E+00 6.255567E+04 6.143982E+04 2.168831E+04 1.814884E+04 1.596284E+02 0.000000E+00
1.998000E+00 4.304220E+04 1.158072E+04 6.269913E+04 1.358675E+02 9.082748E+01 0.000000E+00 0.000000E+00 0.000000E+00 6.246307E+04 6.135425E+04 2.172358E+04 1.816550E+04 1.598880E+02 0.000000E+00
1.999000E+00 4.298949E+04 1.159210E+04 6.260624E+04 1.358675E+02 9.091078E+01 0.000000E+00 0.000000E+00 0.000000E+00 6.237061E+04 6.126862E+04 2.175884E+04 1.818216E+04 1.601475E+02 0.000000E+00
2.000000E+00 4.293709E+04 1.160299E+04 6.251350E+04 1.358675E+02 9.099408E+01 0.000000E+00 0.000000E+00 0.000000E+00 6.227830E+04 6.118293E+04 2.179399E+04 1.819882E+04 1.604062E+02 0.000000E+00
2.001000E+00 4.288840E+04 1.184171E+04 6.242089E+04 1.358675E+02 9.107738E+01 0.000000E+00 0.000000E+00 0.000000E+00 6.218613E+04 6.110031E+04 2.886215E+04 1.821548E+04 2.124287E+02 0.000000E+00
2.002000E+00 4.284712E+04 1.210440E+04 6.232843E+04 1.358675E+02 9.116068E+01 0.000000E+00 0.000000E+00 0.000000E+00 6.209412E+04 6.102378E+04 2.915558E+04 1.823214E+04 2.145884E+02 0.000000E+00
2.003000E+00 4.281369E+04 1.239135E+04 6.223610E+04 1.358675E+02 9.124398E+01 0.000000E+00 0.000000E+00 0.000000E+00 6.200227E+04 6.095312E+04 2.947785E+04 1.824880E+04 2.169603E+02 0.000000E+00
2.004000E+00 4.278852E+04 1.270295E+04 6.214391E+04 1.358675E+02 9.132728E+01 0.000000E+00 0.000000E+00 0.000000E+00 6.191059E+04 6.088813E+04 2.982979E+04 1.826546E+04 2.195507E+02 0.000000E+00
2.005000E+00 4.277201E+04 1.304097E+04 6.205186E+04 1.358675E+02 9.141058E+01 0.000000E+00 0.000000E+00 0.000000E+00 6.181910E+04 6.082862E+04 3.021355E+04 1.828212E+04 2.223751E+02 0.000000E+00
2.006000E+00 4.276454E+04 1.340792E+04 6.195995E+04 1.358675E+02 9.149388E+01 0.000000E+00 0.000000E+00 0.000000E+00 6.172779E+04 6.077444E+04 3.063199E+04 1.829878E+04 2.254550E+02 0.000000E+00
2.007000E+00 4.276645E+04 1.380080E+04 6.186817E+04 1.358675E+02 9.157718E+01 0.000000E+00 0.000000E+00 0.000000E+00 6.163667E+04 6.072541E+04 3.108257E+04 1.831544E+04 2.287713E+02 0.000000E+00
2.008000E+00 4.277806E+04 1.421991E+04 6.177654E+04 1.358675E+02 9.166048E+01 0.000000E+00 0.000000E+00 0.000000E+00 6.154576E+04 6.068136E+04 3.156596E+04 1.833210E+04 2.323290E+02 0.000000E+00
2.009000E+00 4.279965E+04 1.466542E+04 6.168505E+04 1.358675E+02 9.174378E+01 0.000000E+00 0.000000E+00 0.000000E+00 6.145505E+04 6.064213E+04 3.208276E+04 1.834876E+04 2.361327E+02 0.000000E+00
2.010000E+00 4.283150E+04 1.514045E+04 6.159370E+04 1.358675E+02 9.182708E+01 0.000000E+00 0.000000E+00 0.000000E+00 6.136456E+04 6.060756E+04 3.263649E+04 1.836542E+04 2.402082E+02 0.000000E+00
2.011000E+00 4.287386E+04 1.564451E+04 6.150250E+04 1.358675E+02 9.191038E+01 0.000000E+00 0.000000E+00 0.000000E+00 6.127429E+04 6.057749E+04 3.322703E+04 1.838208E+04 2.445547E+02 0.000000E+00
2.012000E+00 4.292697E+04 1.617539E+04 6.141143E+04 1.358675E+02 9.199368E+01 0.000000E+00 0.000000E+00 0.000000E+00 6.118424E+04 6.055179E+04 3.385267E+04 1.839874E+04 2.491595E+02 0.000000E+00
2.013000E+00 4.299101E+04 1.673316E+04 6.132052E+04 1.358675E+02 9.207698E+01 0.000000E+00 0.000000E+00 0.000000E+00 6.109442E+04 6.053028E+04 3.451381E+04 1.841540E+04 2.540256E+02 0.000000E+00
2.014000E+00 4.306615E+04 1.731767E+04 6.122974E+04 1.358675E+02 9.216028E+01 0.000000E+00 0.000000E+00 0.000000E+00 6.100484E+04 6.051280E+04 3.521080E+04 1.843206E+04 2.591555E+02 0.000000E+00
2.015000E+00 4.315255E+04 1.793350E+04 6.113911E+04 1.358675E+02 9.224358E+01 0.000000E+00 0.000000E+00 0.000000E+00 6.091550E+04 6.049920E+04 3.594857E+04 1.844872E+04 2.645856E+02 0.000000E+00
2.016000E+00 4.325036E+04 1.857668E+04 6.104863E+04 1.358675E+02 9.232688E+01 0.000000E+00 0.000000E+00 0.000000E+00 6.082641E+04 6.048934E+04 3.672354E+04 1.846538E+04 2.702894E+02 0.000000E+00
2.017000E+00 4.335968E+04 1.924612E+04 6.095830E+04 1.358675E+02 9.241018E+01 0.000000E+00 0.000000E+00 0.000000E+00 6.073757E+04 6.048305E+04 3.753510E+04 1.848204E+04 2.762626E+02 0.000000E+00
2.018000E+00 4.348057E+04 1.994160E+04 6.086812E+04 1.358675E+02 9.249348E+01 0.000000E+00 0.000000E+00 0.000000E+00 6.064898E+04 6.048016E+04 3.838336E+04 1.849870E+04 2.825059E+02 0.000000E+00
2.019000E+00 4.361311E+04 2.066349E+04 6.077809E+04 1.358675E+02 9.257678E+01 0.000000E+00 0.000000E+00 0.000000E+00 6.056065E+04 6.048051E+04 3.926913E+04 1.851536E+04 2.890253E+02 0.000000E+00
2.020000E+00 4.375732E+04 2.141530E+04 6.068820E+04 1.358675E+02 9.266008E+01 0.000000E+00 0.000000E+00 0.000000E+00 6.047259E+04 6.048394E+04 4.019631E+04 1.853202E+04 2.958494E+02 0.000000E+00
2.021000E+00 4.391324E+04 2.219191E+04 6.059848E+04 1.358675E+02 9.274338E+01 0.000000E+00 0.000000E+00 0.000000E+00 6.038479E+04 6.049028E+04 4.116010E+04 1.854868E+04 3.029430E+02 0.000000E+00
2.022000E+00 4.408083E+04 2.299272E+04 6.050890E+04 1.358675E+02 9.282668E+01 0.000000E+00 0.000000E+00 0.000000E+00 6.029726E+04 6.049937E+04 4.216036E+04 1.856534E+04 3.103051E+02 0.000000E+00
2.023000E+00 4.426006E+04 2.381722E+04 6.041948E+04 1.358675E+02 9.290998E+01 0.000000E+00 0.000000E+00 0.000000E+00 6.021000E+04 6.051101E+04 4.319687E+04 1.858200E+04 3.179339E+02 0.000000E+00
2.024000E+00 4.445086E+04 2.466699E+04 6.033022E+04 1.358675E+02 9.299328E+01 0.000000E+00 0.000000E+00 0.000000E+00 6.012302E+04 6.052502E+04 4.427163E+04 1.859866E+04 3.258442E+02 0.000000E+00
2.025000E+00 4.465316E+04 2.554207E+04 6.024112E+04 1.358675E+02 9.307658E+01 0.000000E+00 0.000000E+00 0.000000E+00 6.003631E+04 6.054125E+04 4.538500E+04 1.861532E+04 3.340387E+02 0.000000E+00
2.026000E+00 4.486685E+04 2.643870E+04 6.015218E+04 1.358675E+02 9.315988E+01 0.000000E+00 0.000000E+00 0.000000E+00 5.994989E+04 6.055949E+04 4.653349E+04 1.863198E+04 3.424918E+02 0.000000E+00
2.027000E+00 4.509179E+04 2.735602E+04 6.006339E+04 1.358675E+02 9.324318E+01 0.000000E+00 0.000000E+00 0.000000E+00 5.986374E+04 6.057955E+04 4.771666E+04 1.864864E+04 3.512000E+02 0.000000E+00
2.028000E+00 4.532780E+04 2.829328E+04 5.997477E+04 1.358675E+02 9.332648E+01 0.000000E+00 0.000000E+00 0.000000E+00 5.977789E+04 6.060125E+04 4.893397E+04 1.866530E+04 3.601596E+02 0.000000E+00
2.029000E+00 4.557472E+04 2.925302E+04 5.988631E+04 1.358675E+02 9.340978E+01 0.000000E+00 0.000000E+00 0.000000E+00 5.969231E+04 6.062438E+04 5.018833E+04 1.868196E+04 3.693918E+02 0.000000E+00
2.030000E+00 4.583235E+04 3.023211E+04 5.979802E+04 1.358675E+02 9.349308E+01 0.000000E+00 0.000000E+00 0.000000E+00 5.960703E+04 6.064876E+04 5.147687E+04 1.869862E+04 3.788756E+02 0.000000E+00
2.031000E+00 4.610044E+04 3.122819E+04 5.970989E+04 1.358675E+02 9.357638E+01 0.000000E+00 0.000000E+00 0.000000E+00 5.952203E+04 6.067418E+04 5.279743E+04 1.871528E+04 3.885951E+02 0.000000E+00
2.032000E+00 4.637875E+04 3.224019E+04 5.962193E+04 1.358675E+02 9.365968E+01 0.000000E+00 0.000000E+00 0.000000E+00 5.943732E+04 6.070044E+04 5.414927E+04 1.873194E+04 3.985448E+02 0.000000E+00
2.033000E+00 4.666699E+04 3.326714E+04 5.953414E+04 1.358675E+02 9.374298E+01 0.000000E+00 0.000000E+00 0.000000E+00 5.935290E+04 6.072732E+04 5.553157E+04 1.874860E+04 4.087186E+02 0.000000E+00
2.034000E+00 4.696488E+04 3.431217E+04 5.944652E+04 1.358675E+02 9.382628E+01 0.000000E+00 0.000000E+00 0.000000E+00 5.926876E+04 6.075463E+04 5.694774E+04 1.876526E+04 4.191418E+02 0.000000E+00
2.035000E+00 4.727209E+04 3.536969E+04 5.935907E+04 1.358675E+02 9.390958E+01 0.000000E+00 0.000000E+00 0.000000E+00 5.918492E+04 6.078217E+04 5.839235E+04 1.878192E+04 4.297743E+02 0.000000E+00
2.036000E+00 4.758835E+04 3.643858E+04 5.927181E+04 1.358675E+02 9.399288E+01 -1.649923E-02 0.000000E+00 -1.649923E-02 5.910395E+04 6.081214E+04 5.986444E+04 1.879858E+04 4.406091E+02 0.000000E+00
2.037000E+00 4.791371E+04 3.751761E+04 5.918486E+04 1.358674E+02 9.407618E+01 -1.444424E-01 0.000000E+00 -1.444424E-01 5.903986E+04 6.085743E+04 6.136297E+04 1.881524E+04 4.516387E+02 0.000000E+00
2.038000E+00 4.824861E+04 3.860658E+04 5.909847E+04 1.358671E+02 9.415948E+01 -3.968459E-01 0.000000E+00 -3.968459E-01 5.899640E+04 6.092154E+04 6.288785E+04 1.883190E+04 4.628629E+02 0.000000E+00
2.039000E+00 4.859345E+04 3.970562E+04 5.901287E+04 1.358666E+02 9.424278E+01 -7.782908E-01 0.000000E+00 -7.782908E-01 5.897290E+04 6.100375E+04 6.443930E+04 1.884856E+04 4.742837E+02 0.000000E+00
2.040000E+00 4.894860E+04 4.081070E+04 5.892833E+04 1.358655E+02 9.432608E+01 -1.285732E+00 0.000000E+00 -1.285732E+00 5.897045E+04 6.110513E+04 6.601342E+04 1.886522E+04 4.858731E+02 0.000000E+00
2.041000E+00 4.931434E+04 4.192056E+04 5.884509E+04 1.358639E+02 9.440938E+01 -1.921235E+00 0.000000E+00 -1.921235E+00 5.898878E+04 6.122543E+04 6.760896E+04 1.888188E+04 4.976225E+02 0.000000E+00
2.042000E+00 4.969091E+04 4.303385E+04 5.876341E+04 1.358617E+02 9.449268E+01 -2.683357E+00 0.000000E+00 -2.683357E+00 5.902834E+04 6.136507E+04 6.922465E+04 1.889854E+04 5.095231E+02 0.000000E+00
2.043000E+00 5.007850E+04 4.415078E+04 5.868354E+04 1.358585E+02 9.457598E+01 -3.572767E+00 0.000000E+00 -3.572767E+00 5.908919E+04 6.152408E+04 7.086070E+04 1.891520E+04 5.215771E+02 0.000000E+00
2.044000E+00 5.047725E+04 4.526940E+04 5.860572E+04 1.358545E+02 9.465928E+01 -4.588567E+00 0.000000E+00 -4.588567E+00 5.917163E+04 6.170269E+04 7.251511E+04 1.893186E+04 5.337705E+02 0.000000E+00
2.045000E+00 5.088725E+04 4.638711E+04 5.853020E+04 1.358493E+02 9.474258E+01 -5.730617E+00 0.000000E+00 -5.730617E+00 5.927579E+04 6.190095E+04 7.418530E+04 1.894852E+04 5.460852E+02 0.000000E+00
2.046000E+00 5.130855E+04 4.750258E+04 5.845724E+04 1.358430E+02 9.482588E+01 -6.998051E+00 0.000000E+00 -6.998051E+00 5.940185E+04 6.211891E+04 7.586984E+04 1.896518E+04 5.585114E+02 0.000000E+00
2.047000E+00 5.174112E+04 4.861446E+04 5.838707E+04 1.358353E+02 9.490918E+01 -8.390244E+00 0.000000E+00 -8.390244E+00 5.954991E+04 6.235656E+04 7.756732E+04 1.898184E+04 5.710396E+02 0.000000E+00
2.048000E+00 5.218494E+04 4.972283E+04 5.831994E+04 1.358261E+02 9.499248E+01 -9.906211E+00 0.000000E+00 -9.906211E+00 5.972009E+04 6.261387E+04 7.927771E+04 1.899850E+04 5.836705E+02 0.000000E+00
2.049000E+00 5.263990E+04 5.082488E+04 5.825608E+04 1.358154E+02 9.507578E+01 -1.154498E+01 0.000000E+00 -1.154498E+01 5.991246E+04 6.289078E+04 8.099804E+04 1.901516E+04 5.963832E+02 0.000000E+00
2.050000E+00 5.310588E+04 5.191899E+04 5.819575E+04 1.358030E+02 9.515908E+01 -1.330535E+01 0.000000E+00 -1.330535E+01 6.012709E+04 6.318717E+04 8.272658E+04 1.903182E+04 6.091660E+02 0.000000E+00
2.051000E+00 5.358271E+04 5.300388E+04 5.813916E+04 1.357888E+02 9.524238E+01 -1.518604E+01 0.000000E+00 -1.518604E+01 6.036401E+04 6.350289E+04 8.446183E+04 1.904848E+04 6.220089E+02 0.000000E+00
2.052000E+00 5.407018E+04 5.407836E+04 5.808656E+04 1.357726E+02 9.532568E+01 -1.718561E+01 0.000000E+00 -1.718561E+01 6.062322E+04 6.383779E+04 8.620243E+04 1.906514E+04 6.349030E+02 0.000000E+00
2.053000E+00 5.456805E+04 5.514153E+04 5.803818E+04 1.357544E+02 9.540898E+01 -1.930250E+01 0.000000E+00 -1.930250E+01 6.090472E+04 6.419168E+04 8.794725E+04 1.908180E+04 6.478410E+02 0.000000E+00
2.054000E+00 5.507605E+04 5.619133E+04 5.799423E+04 1.357340E+02 9.549228E+01 -2.153504E+01 0.000000E+00 -2.153504E+01 6.120847E+04 6.456433E+04 8.969398E+04 1.909846E+04 6.608072E+02 0.000000E+00
2.055000E+00 5.559388E+04 5.722653E+04 5.795494E+04 1.357113E+02 9.557558E+01 -2.388141E+01 0.000000E+00 -2.388141E+01 6.153441E+04 6.495551E+04 9.144113E+04 1.911512E+04 6.737918E+02 0.000000E+00
2.056000E+00 5.612121E+04 5.824595E+04 5.792053E+04 1.356862E+02 9.565888E+01 -2.633968E+01 0.000000E+00 -2.633968E+01 6.188245E+04 6.536496E+04 9.318724E+04 1.913178E+04 6.867852E+02 0.000000E+00
2.057000E+00 5.665768E+04 5.924833E+04 5.789121E+04 1.356585E+02 9.574218E+01 -2.890781E+01 0.000000E+00 -2.890781E+01 6.225250E+04 6.579240E+04 9.493075E+04 1.914844E+04 6.997772E+02 0.000000E+00
2.058000E+00 5.720292E+04 6.023231E+04 5.786719E+04 1.356283E+02 9.582548E+01 -3.158362E+01 0.000000E+00 -3.158362E+01 6.264442E+04 6.623754E+04 9.666997E+04 1.916510E+04 7.127566E+02 0.000000E+00
2.059000E+00 5.775652E+04 6.119681E+04 5.784867E+04 1.355953E+02 9.590878E+01 -3.436486E+01 0.000000E+00 -3.436486E+01 6.305807E+04 6.670005E+04 9.840348E+04 1.918176E+04 7.257143E+02 0.000000E+00
2.060000E+00 5.831807E+04 6.214082E+04 5.783586E+04 1.355595E+02 9.599208E+01 -3.724913E+01 0.000000E+00 -3.724913E+01 6.349327E+04 6.717963E+04 1.001299E+05 1.919842E+04 7.386416E+02 0.000000E+00
2.061000E+00 5.888713E+04 6.306333E+04 5.782894E+04 1.355208E+02 9.607538E+01 -4.023395E+01 0.000000E+00 -4.023395E+01 6.394983E+04 6.767593E+04 1.018479E+05 1.921508E+04 7.515295E+02 0.000000E+00
2.062000E+00 5.946325E+04 6.396257E+04 5.782811E+04 1.354790E+02 9.615868E+01 -4.331674E+01 0.000000E+00 -4.331674E+01 6.442754E+04 6.818859E+04 1.035552E+05 1.923174E+04 7.643635E+02 0.000000E+00
2.063000E+00 6.004597E+04 6.483790E+04 5.783354E+04 1.354341E+02 9.624198E+01 -4.649481E+01 0.000000E+00 -4.649481E+01 6.492616E+04 6.871727E+04 1.052509E+05 1.924840E+04 7.771371E+02 0.000000E+00
2.064000E+00 6.063481E+04 6.568872E+04 5.784542E+04 1.353860E+02 9.632528E+01 -4.976540E+01 0.000000E+00 -4.976540E+01 6.544544E+04 6.926159E+04 1.069339E+05 1.926506E+04 7.898445E+02 0.000000E+00
2.065000E+00 6.122930E+04 6.651427E+04 5.786391E+04 1.353346E+02 9.640858E+01 -5.312566E+01 0.000000E+00 -5.312566E+01 6.598511E+04 6.982119E+04 1.086030E+05 1.928172E+04 8.024778E+02 0.000000E+00
2.066000E+00 6.182894E+04 6.731376E+04 5.788918E+04 1.352797E+02 9.649188E+01 -5.657267E+01 0.000000E+00 -5.657267E+01 6.654488E+04 7.039568E+04 1.102570E+05 1.929838E+04 8.150297E+02 0.000000E+00
2.067000E+00 6.243326E+04 6.808462E+04 5.792140E+04 1.352214E+02 9.657518E+01 -6.010340E+01 0.000000E+00 -6.010340E+01 6.712444E+04 7.098468E+04 1.118928E+05 1.931504E+04 8.274788E+02 0.000000E+00
2.068000E+00 6.304174E+04 6.882788E+04 5.796070E+04 1.351595E+02 9.665848E+01 -6.371478E+01 0.000000E+00 -6.371478E+01 6.772346E+04 7.158779E+04 1.135111E+05 1.933170E+04 8.398308E+02 0.000000E+00
2.069000E+00 6.365389E+04 6.954297E+04 5.800725E+04 1.350940E+02 9.674178E+01 -6.740367E+01 0.000000E+00 -6.740367E+01 6.834160E+04 7.220462E+04 1.151108E+05 1.934836E+04 8.520793E+02 0.000000E+00
2.070000E+00 6.426923E+04 7.022938E+04 5.806117E+04 1.350247E+02 9.682508E+01 -7.116689E+01 0.000000E+00 -7.116689E+01 6.897851E+04 7.283479E+04 1.166908E+05 1.936502E+04 8.642182E+02 0.000000E+00
2.071000E+00 6.488726E+04 7.088595E+04 5.812260E+04 1.349516E+02 9.690838E+01 -7.500119E+01 0.000000E+00 -7.500119E+01 6.963381E+04 7.347790E+04 1.182495E+05 1.938168E+04 8.762366E+02 0.000000E+00
2.072000E+00 6.550750E+04 7.151112E+04 5.819167E+04 1.348747E+02 9.699168E+01 -7.890325E+01 0.000000E+00 -7.890325E+01 7.030713E+04 7.413354E+04 1.197850E+05 1.939834E+04 8.881207E+02 0.000000E+00
2.073000E+00 6.612946E+04 7.210626E+04 5.826850E+04 1.347938E+02 9.707498E+01 -8.286975E+01 0.000000E+00 -8.286975E+01 7.099805E+04 7.480133E+04 1.212979E+05 1.941500E+04 8.998779E+02 0.000000E+00
2.074000E+00 6.675267E+04 7.267107E+04 5.835320E+04 1.347089E+02 9.715828E+01 -8.689733E+01 0.000000E+00 -8.689733E+01 7.170618E+04 7.548086E+04 1.227876E+05 1.943166E+04 9.115036E+02 0.000000E+00
2.075000E+00 6.737668E+04 7.320537E+04 5.844587E+04 1.346200E+02 9.724158E+01 -9.098259E+01 0.000000E+00 -9.098259E+01 7.243108E+04 7.617176E+04 1.242534E+05 1.944832E+04 9.229938E+02 0.000000E+00
2.076000E+00 6.800103E+04 7.370736E+04 5.854662E+04 1.345269E+02 9.732488E+01 -9.512214E+01 0.000000E+00 -9.512214E+01 7.317233E+04 7.687362E+04 1.256929E+05 1.946498E+04 9.343325E+02 0.000000E+00
2.077000E+00 6.862528E+04 7.417725E+04 5.865553E+04 1.344297E+02 9.740818E+01 -9.931250E+01 0.000000E+00 -9.931250E+01 7.392949E+04 7.758607E+04 1.271058E+05 1.948164E+04 9.455187E+02 0.000000E+00
2.078000E+00 6.924899E+04 7.461627E+04 5.877270E+04 1.343283E+02 9.749148E+01 -1.035503E+02 0.000000E+00 -1.035503E+02 7.470211E+04 7.830871E+04 1.284928E+05 1.949830E+04 9.565584E+02 0.000000E+00
2.079000E+00 6.987176E+04 7.502440E+04 5.889819E+04 1.342226E+02 9.757478E+01 -1.078320E+02 0.000000E+00 -1.078320E+02 7.548973E+04 7.904116E+04 1.298535E+05 1.951496E+04 9.674493E+02 0.000000E+00
2.080000E+00 7.049321E+04 7.540178E+04 5.903208E+04 1.341126E+02 9.765808E+01 -1.121542E+02 0.000000E+00 -1.121542E+02 7.629188E+04 7.978308E+04 1.311875E+05 1.953162E+04 9.781890E+02 0.000000E+00
2.081000E+00 7.111293E+04 7.574589E+04 5.917443E+04 1.339983E+02 9.774138E+01 -1.165135E+02 0.000000E+00 -1.165135E+02 7.710811E+04 8.053407E+04 1.324916E+05 1.954828E+04 9.887563E+02 0.000000E+00
2.082000E+00 7.173056E+04 7.605908E+04 5.932530E+04 1.338796E+02 9.782468E+01 -1.209064E+02 0.000000E+00 -1.209064E+02 7.793793E+04 8.129378E+04 1.337679E+05 1.956494E+04 9.991658E+02 0.000000E+00
2.083000E+00 7.234576E+04 7.634210E+04 5.948475E+04 1.337564E+02 9.790798E+01 -1.253296E+02 0.000000E+00 -1.253296E+02 7.878087E+04 8.206185E+04 1.350164E+05 1.958160E+04 1.009420E+03 0.000000E+00
2.084000E+00 7.295820E+04 7.659521E+04 5.965280E+04 1.336289E+02 9.799128E+01 -1.297797E+02 0.000000E+00 -1.297797E+02 7.963645E+04 8.283793E+04 1.362371E+05 1.959826E+04 1.019518E+03 0.000000E+00
2.085000E+00 7.356757E+04 7.681838E+04 5.982950E+04 1.334969E+02 9.807458E+01 -1.342534E+02 0.000000E+00 -1.342534E+02 8.050420E+04 8.362170E+04 1.374294E+05 1.961492E+04 1.029458E+03 0.000000E+00
2.086000E+00 7.417359E+04 7.700981E+04 6.001488E+04 1.333604E+02 9.815788E+01 -1.387472E+02 0.000000E+00 -1.387472E+02 8.138361E+04 8.441279E+04 1.385909E+05 1.963158E+04 1.039221E+03 0.000000E+00
2.087000E+00 7.477597E+04 7.717259E+04 6.020896E+04 1.332194E+02 9.824118E+01 -1.432580E+02 0.000000E+00 -1.432580E+02 8.227422E+04 8.521089E+04 1.397244E+05 1.964824E+04 1.048830E+03 0.000000E+00
2.088000E+00 7.537448E+04 7.730729E+04 6.041176E+04 1.330739E+02 9.832448E+01 -1.477826E+02 0.000000E+00 -1.477826E+02 8.317554E+04 8.601568E+04 1.408299E+05 1.966490E+04 1.058284E+03 0.000000E+00
2.089000E+00 7.596888E+04 7.741441E+04 6.062328E+04 1.329238E+02 9.840778E+01 -1.523177E+02 0.000000E+00 -1.523177E+02 8.408709E+04 8.682685E+04 1.419076E+05 1.968156E+04 1.067586E+03 0.000000E+00
2.090000E+00 7.655897E+04 7.749332E+04 6.084354E+04 1.327692E+02 9.849108E+01 -1.568603E+02 0.000000E+00 -1.568603E+02 8.500839E+04 8.764411E+04 1.429562E+05 1.969822E+04 1.076727E+03 0.000000E+00
2.091000E+00 7.714456E+04 7.754426E+04 6.107252E+04 1.326101E+02 9.857438E+01 -1.614072E+02 0.000000E+00 -1.614072E+02 8.593897E+04 8.846713E+04 1.439757E+05 1.971488E+04 1.085707E+03 0.000000E+00
2.092000E+00 7.772547E+04 7.756960E+04 6.131023E+04 1.324464E+02 9.865768E+01 -1.659555E+02 0.000000E+00 -1.659555E+02 8.687835E+04 8.929565E+04 1.449680E+05 1.973154E+04 1.094541E+03 0.000000E+00
2.093000E+00 7.830157E+04 7.757006E+04 6.155664E+04 1.322782E+02 9.874098E+01 -1.705023E+02 0.000000E+00 -1.705023E+02 8.782607E+04 9.012938E+04 1.459334E+05 1.974820E+04 1.103231E+03 0.000000E+00
2.094000E+00 7.887273E+04 7.754634E+04 6.181173E+04 1.321054E+02 9.882428E+01 -1.750446E+02 0.000000E+00 -1.750446E+02 8.878166E+04 9.096807E+04 1.468722E+05 1.976486E+04 1.111781E+03 0.000000E+00
2.095000E+00 7.943885E+04 7.749733E+04 6.207549E+04 1.319281E+02 9.890758E+01 -1.795798E+02 0.000000E+00 -1.795798E+02 8.974467E+04 9.181142E+04 1.477830E+05 1.978152E+04 1.120178E+03 0.000000E+00
2.096000E+00 7.999983E+04 7.742505E+04 6.234787E+04 1.317462E+02 9.899088E+01 -1.841050E+02 0.000000E+00 -1.841050E+02 9.071465E+04 9.265920E+04 1.486673E+05 1.979818E+04 1.128437E+03 0.000000E+00
2.097000E+00 8.055561E+04 7.733105E+04 6.262885E+04 1.315599E+02 9.907418E+01 -1.886176E+02 0.000000E+00 -1.886176E+02 9.169115E+04 9.351116E+04 1.495265E+05 1.981484E+04 1.136566E+03 0.000000E+00
2.098000E+00 8.110615E+04 7.721617E+04 6.291838E+04 1.313690E+02 9.915748E+01 -1.931151E+02 0.000000E+00 -1.931151E+02 9.267374E+04 9.436706E+04 1.503609E+05 1.983150E+04 1.144569E+03 0.000000E+00
2.099000E+00 8.165141E+04 7.708121E+04 6.321642E+04 1.311737E+02 9.924078E+01 -1.975950E+02 0.000000E+00 -1.975950E+02 9.366199E+04 9.522667E+04 1.511711E+05 1.984816E+04 1.152450E+03 0.000000E+00
2.100000E+00 8.219139E+04 7.692485E+04 6.352290E+04 1.309738E+02 9.932408E+01 -2.020549E+02 0.000000E+00 -2.020549E+02 9.465548E+04 9.608977E+04 1.519554E+05 1.986482E+04 1.160197E+03 0.000000E+00
2.101000E+00 8.272608E+04 7.675030E+04 6.383779E+04 1.307696E+02 9.940738E+01 -2.064925E+02 0.000000E+00 -2.064925E+02 9.565380E+04 9.695613E+04 1.527168E+05 1.988148E+04 1.167832E+03 0.000000E+00
2.102000E+00 8.325551E+04 7.655838E+04 6.416101E+04 1.305609E+02 9.949068E+01 -2.109055E+02 0.000000E+00 -2.109055E+02 9.665654E+04 9.782555E+04 1.534558E+05 1.989814E+04 1.175359E+03 0.000000E+00
2.103000E+00 8.377973E+04 7.635001E+04 6.449250E+04 1.303478E+02 9.957398E+01 -2.152919E+02 0.000000E+00 -2.152919E+02 9.766333E+04 9.869784E+04 1.541731E+05 1.991480E+04 1.182783E+03 0.000000E+00
2.104000E+00 8.429878E+04 7.612551E+04 6.483220E+04 1.301303E+02 9.965728E+01 -2.196495E+02 0.000000E+00 -2.196495E+02 9.867376E+04 9.957279E+04 1.548687E+05 1.993146E+04 1.190105E+03 0.000000E+00
2.105000E+00 8.481273E+04 7.588508E+04 6.518003E+04 1.299085E+02 9.974058E+01 -2.239764E+02 0.000000E+00 -2.239764E+02 9.968747E+04 1.004502E+05 1.555426E+05 1.994812E+04 1.197325E+03 0.000000E+00
2.106000E+00 8.532166E+04 7.563095E+04 6.553592E+04 1.296823E+02 9.982388E+01 -2.282708E+02 0.000000E+00 -2.282708E+02 1.007041E+05 1.013300E+05 1.561969E+05 1.996478E+04 1.204457E+03 0.000000E+00
2.107000E+00 8.582566E+04 7.536396E+04 6.589978E+04 1.294519E+02 9.990718E+01 -2.325308E+02 0.000000E+00 -2.325308E+02 1.017233E+05 1.022118E+05 1.568320E+05 1.998144E+04 1.211508E+03 0.000000E+00
2.108000E+00 8.632484E+04 7.508495E+04 6.627154E+04 1.292173E+02 9.999048E+01 -2.367547E+02 0.000000E+00 -2.367547E+02 1.027447E+05 1.030956E+05 1.574488E+05 1.999810E+04 1.218481E+03 0.000000E+00
2.109000E+00 8.681931E+04 7.479402E+04 6.665110E+04 1.289784E+02 1.000738E+02 -2.409410E+02 0.000000E+00 -2.409410E+02 1.037680E+05 1.039811E+05 1.580471E+05 2.001476E+04 1.225376E+03 0.000000E+00
2.110000E+00 8.730920E+04 7.449231E+04 6.703838E+04 1.287354E+02 1.001571E+02 -2.450881E+02 0.000000E+00 -2.450881E+02 1.047928E+05 1.048683E+05 1.586279E+05 2.003142E+04 1.232201E+03 0.000000E+00
2.111000E+00 8.779464E+04 7.418120E+04 6.743329E+04 1.284883E+02 1.002404E+02 -2.491945E+02 0.000000E+00 -2.491945E+02 1.058189E+05 1.057570E+05 1.591925E+05 2.004808E+04 1.238965E+03 0.000000E+00
2.112000E+00 8.827576E+04 7.386147E+04 6.783572E+04 1.282371E+02 1.003237E+02 -2.532590E+02 0.000000E+00 -2.532590E+02 1.068460E+05 1.066469E+05 1.597414E+05 2.006474E+04 1.245673E+03 0.000000E+00
2.113000E+00 8.875272E+04 7.353390E+04 6.824560E+04 1.279818E+02 1.004070E+02 -2.572802E+02 0.000000E+00 -2.572802E+02 1.078737E+05 1.075381E+05 1.602754E+05 2.008140E+04 1.252330E+03 0.000000E+00
2.114000E+00 8.922566E+04 7.319853E+04 6.866280E+04 1.277225E+02 1.004903E+02 -2.612569E+02 0.000000E+00 -2.612569E+02 1.089018E+05 1.084302E+05 1.607944E+05 2.009806E+04 1.258935E+03 0.000000E+00
2.115000E+00 8.969475E+04 7.285679E+04 6.908725E+04 1.274593E+02 1.005736E+02 -2.651881E+02 0.000000E+00 -2.651881E+02 1.099300E+05 1.093233E+05 1.612997E+05 2.011472E+04 1.265500E+03 0.000000E+00
2.116000E+00 9.016013E+04 7.250951E+04 6.951882E+04 1.271922E+02 1.006569E+02 -2.690726E+02 0.000000E+00 -2.690726E+02 1.109581E+05 1.102171E+05 1.617920E+05 2.013138E+04 1.272028E+03 0.000000E+00
2.117000E+00 9.062199E+04 7.215733E+04 6.995742E+04 1.269212E+02 1.007402E+02 -2.729096E+02 0.000000E+00 -2.729096E+02 1.119858E+05 1.111115E+05 1.622719E+05 2.014804E+04 1.278526E+03 0.000000E+00
2.118000E+00 9.108047E+04 7.180085E+04 7.040294E+04 1.266463E+02 1.008235E+02 -2.766981E+02 0.000000E+00 -2.766981E+02 1.130127E+05 1.120063E+05 1.627400E+05 2.016470E+04 1.284996E+03 0.000000E+00
2.119000E+00 9.153574E+04 7.144044E+04 7.085527E+04 1.263678E+02 1.009068E+02 -2.804373E+02 0.000000E+00 -2.804373E+02 1.140389E+05 1.129015E+05 1.631966E+05 2.018136E+04 1.291442E+03 0.000000E+00
2.120000E+00 9.198798E+04 7.107708E+04 7.131430E+04 1.260855E+02 1.009901E+02 -2.841265E+02 0.000000E+00 -2.841265E+02 1.150639E+05 1.137969E+05 1.636426E+05 2.019802E+04 1.297870E+03 0.000000E+00
2.121000E+00 9.243734E+04 7.071134E+04 7.177992E+04 1.257995E+02 1.010734E+02 -2.877649E+02 0.000000E+00 -2.877649E+02 1.160877E+05 1.146924E+05 1.640786E+05 2.021468E+04 1.304286E+03 0.000000E+00
2.122000E+00 9.288398E+04 7.034371E+04 7.225203E+04 1.255100E+02 1.011567E+02 -2.913519E+02 0.000000E+00 -2.913519E+02 1.171099E+05 1.155879E+05 1.645049E+05 2.023134E+04 1.310692E+03 0.000000E+00
2.123000E+00 9.332806E+04 6.997466E+04 7.273049E+04 1.252169E+02 1.012400E+02 -2.948870E+02 0.000000E+00 -2.948870E+02 1.181304E+05 1.164832E+05 1.649222E+05 2.024800E+04 1.317093E+03 0.000000E+00
2.124000E+00 9.376973E+04 6.960472E+04 7.321521E+04 1.249202E+02 1.013233E+02 -2.983695E+02 0.000000E+00 -2.983695E+02 1.191490E+05 1.173782E+05 1.653308E+05 2.026466E+04 1.323491E+03 0.000000E+00
2.125000E+00 9.420916E+04 6.923435E+04 7.370607E+04 1.246201E+02 1.014066E+02 -3.017992E+02 0.000000E+00 -3.017992E+02 1.201655E+05 1.182727E+05 1.657313E+05 2.028132E+04 1.329892E+03 0.000000E+00
2.126000E+00 9.464647E+04 6.886393E+04 7.420294E+04 1.243166E+02 1.014899E+02 -3.051754E+02 0.000000E+00 -3.051754E+02 1.211797E+05 1.191667E+05 1.661240E+05 2.029798E+04 1.336297E+03 0.000000E+00
2.127000E+00 9.508182E+04 6.849380E+04 7.470573E+04 1.240098E+02 1.015732E+02 -3.084979E+02 0.000000E+00 -3.084979E+02 1.221915E+05 1.200600E+05 1.665093E+05 2.031464E+04 1.342711E+03 0.000000E+00
2.128000E+00 9.551533E+04 6.812447E+04 7.521430E+04 1.236997E+02 1.016565E+02 -3.117664E+02 0.000000E+00 -3.117664E+02 1.232007E+05 1.209524E+05 1.668877E+05 2.033130E+04 1.349136E+03 0.000000E+00
2.129000E+00 9.594712E+04 6.775618E+04 7.572855E+04 1.233863E+02 1.017398E+02 -3.149805E+02 0.000000E+00 -3.149805E+02 1.242071E+05 1.218439E+05 1.672595E+05 2.034796E+04 1.355576E+03 0.000000E+00
2.130000E+00 9.637733E+04 6.738912E+04 7.624835E+04 1.230697E+02 1.018231E+02 -3.181401E+02 0.000000E+00 -3.181401E+02 1.252106E+05 1.227343E+05 1.676248E+05 2.036462E+04 1.362031E+03 0.000000E+00
2.131000E+00 9.680605E+04 6.702351E+04 7.677359E+04 1.227500E+02 1.019064E+02 -3.212448E+02 0.000000E+00 -3.212448E+02 1.262111E+05 1.236234E+05 1.679840E+05 2.038128E+04 1.368505E+03 0.000000E+00
2.132000E+00 9.723339E+04 6.665956E+04 7.730415E+04 1.224273E+02 1.019897E+02 -3.242946E+02 0.000000E+00 -3.242946E+02 1.272084E+05 1.245112E+05 1.683373E+05 2.039794E+04 1.374998E+03 0.000000E+00
2.133000E+00 9.765944E+04 6.629783E+04 7.783991E+04 1.221015E+02 1.020730E+02 -3.272893E+02 0.000000E+00 -3.272893E+02 1.282023E+05 1.253974E+05 1.686852E+05 2.041460E+04 1.381517E+03 0.000000E+00
2.134000E+00 9.808429E+04 6.593809E+04 7.838077E+04 1.217727E+02 1.021563E+02 -3.302287E+02 0.000000E+00 -3.302287E+02 1.291928E+05 1.262820E+05 1.690276E+05 2.043126E+04 1.388059E+03 0.000000E+00
2.135000E+00 9.850801E+04 6.558046E+04 7.892658E+04 1.214410E+02 1.022396E+02 -3.331129E+02 0.000000E+00 -3.331129E+02 1.301797E+05 1.271648E+05 1.693647E+05 2.044792E+04 1.394625E+03 0.000000E+00
2.136000E+00 9.893065E+04 6.522500E+04 7.947725E+04 1.211065E+02 1.023229E+02 -3.359416E+02 0.000000E+00 -3.359416E+02 1.311628E+05 1.280456E+05 1.696965E+05 2.046458E+04 1.401217E+03 0.000000E+00
2.137000E+00 9.935229E+04 6.487192E+04 8.003266E+04 1.207692E+02 1.024062E+02 -3.387149E+02 0.000000E+00 -3.387149E+02 1.321422E+05 1.289244E+05 1.700233E+05 2.048124E+04 1.407837E+03 0.000000E+00
2.138000E+00 9.977295E+04 6.452147E+04 8.059267E+04 1.204291E+02 1.024895E+02 -3.414328E+02 0.000000E+00 -3.414328E+02 1.331175E+05 1.298009E+05 1.703453E+05 2.049790E+04 1.414487E+03 0.000000E+00
2.139000E+00 1.001927E+05 6.417331E+04 8.115719E+04 1.200863E+02 1.025728E+02 -3.440951E+02 0.000000E+00 -3.440951E+02 1.340888E+05 1.306749E+05 1.706624E+05 2.051456E+04 1.421164E+03 0.000000E+00
2.140000E+00 1.006115E+05 6.382743E+04 8.172609E+04 1.197409E+02 1.026561E+02 -3.467020E+02 0.000000E+00 -3.467020E+02 1.350558E+05 1.315465E+05 1.709744E+05 2.053122E+04 1.427870E+03 0.000000E+00
2.141000E+00 1.010294E+05 6.348380E+04 8.229925E+04 1.193929E+02 1.027394E+02 -3.492533E+02 0.000000E+00 -3.492533E+02 1.360186E+05 1.324153E+05 1.712815E+05 2.054788E+04 1.434604E+03 0.000000E+00
2.142000E+00 1.014465E+05 6.314266E+04 8.287656E+04 1.190424E+02 1.028227E+02 -3.517492E+02 0.000000E+00 -3.517492E+02 1.369769E+05 1.332812E+05 1.715839E+05 2.056454E+04 1.441368E+03 0.000000E+00
2.143000E+00 1.018626E+05 6.280387E+04 8.345790E+04 1.186894E+02 1.029060E+02 -3.541896E+02 0.000000E+00 -3.541896E+02 1.379307E+05 1.341440E+05 1.718816E+05 2.058120E+04 1.448162E+03 0.000000E+00
2.144000E+00 1.022778E+05 6.246712E+04 8.404315E+04 1.183341E+02 1.029893E+02 -3.565746E+02 0.000000E+00 -3.565746E+02 1.388799E+05 1.350037E+05 1.721741E+05 2.059786E+04 1.454984E+03 0.000000E+00
2.145000E+00 1.026921E+05 6.213233E+04 8.463221E+04 1.179763E+02 1.030726E+02 -3.589041E+02 0.000000E+00 -3.589041E+02 1.398243E+05 1.358600E+05 1.724616E+05 2.061452E+04 1.461832E+03 0.000000E+00
2.146000E+00 1.031054E+05 6.179938E+04 8.522494E+04 1.176163E+02 1.031559E+02 -3.611784E+02 0.000000E+00 -3.611784E+02 1.407638E+05 1.367128E+05 1.727439E+05 2.063118E+04 1.468707E+03 0.000000E+00
2.147000E+00 1.035177E+05 6.146854E+04 8.582125E+04 1.172540E+02 1.032392E+02 -3.633973E+02 0.000000E+00 -3.633973E+02 1.416983E+05 1.375619E+05 1.730213E+05 2.064784E+04 1.475611E+03 0.000000E+00
2.148000E+00 1.039290E+05 6.113935E+04 8.642100E+04 1.168895E+02 1.033225E+02 -3.655609E+02 0.000000E+00 -3.655609E+02 1.426278E+05 1.384072E+05 1.732933E+05 2.066450E+04 1.482540E+03 0.000000E+00
2.149000E+00 1.043391E+05 6.081160E+04 8.702410E+04 1.165229E+02 1.034058E+02 -3.676692E+02 0.000000E+00 -3.676692E+02 1.435521E+05 1.392484E+05 1.735599E+05 2.068116E+04 1.489492E+03 0.000000E+00
2.150000E+00 1.047480E+05 6.048517E+04 8.763042E+04 1.161542E+02 1.034891E+02 -3.697224E+02 0.000000E+00 -3.697224E+02 1.444711E+05 1.400854E+05 1.738209E+05 2.069782E+04 1.496467E+03 0.000000E+00
2.151000E+00 1.051556E+05 6.015996E+04 8.823985E+04 1.157835E+02 1.035724E+02 -3.717204E+02 0.000000E+00 -3.717204E+02 1.453847E+05 1.409180E+05 1.740763E+05 2.071448E+04 1.503465E+03 0.000000E+00
2.152000E+00 1.055619E+05 5.983605E+04 8.885227E+04 1.154108E+02 1.036557E+02 -3.736632E+02 0.000000E+00 -3.736632E+02 1.462928E+05 1.417461E+05 1.743261E+05 2.073114E+04 1.510484E+03 0.000000E+00
2.153000E+00 1.059668E+05 5.951298E+04 8.946757E+04 1.150361E+02 1.037390E+02 -3.755510E+02 0.000000E+00 -3.755510E+02 1.471953E+05 1.425696E+05 1.745700E+05 2.074780E+04 1.517523E+03 0.000000E+00
2.154000E+00 1.063701E+05 5.919062E+04 9.008564E+04 1.146597E+02 1.038223E+02 -3.773836E+02 0.000000E+00 -3.773836E+02 1.480920E+05 1.433881E+05 1.748077E+05 2.076446E+04 1.524579E+03 0.000000E+00
2.155000E+00 1.067718E+05 5.886880E+04 9.070636E+04 1.142814E+02 1.039056E+02 -3.791612E+02 0.000000E+00 -3.791612E+02 1.489829E+05 1.442017E+05 1.750392E+05 2.078112E+04 1.531651E+03 0.000000E+00
2.156000E+00 1.071718E+05 5.854750E+04 9.132962E+04 1.139014E+02 1.039889E+02 -3.808838E+02 0.000000E+00 -3.808838E+02 1.498679E+05 1.450101E+05 1.752644E+05 2.079778E+04 1.538738E+03 0.000000E+00
2.157000E+00 1.075699E+05 5.822657E+04 9.195531E+04 1.135196E+02 1.040722E+02 -3.825514E+02 0.000000E+00 -3.825514E+02 1.507468E+05 1.458131E+05 1.754832E+05 2.081444E+04 1.545840E+03 0.000000E+00
2.158000E+00 1.079661E+05 5.790574E+04 9.258331E+04 1.131363E+02 1.041555E+02 -3.841640E+02 0.000000E+00 -3.841640E+02 1.516196E+05 1.466106E+05 1.756954E+05 2.083110E+04 1.552954E+03 0.000000E+00
2.159000E+00 1.083602E+05 5.758489E+04 9.321352E+04 1.127513E+02 1.042388E+02 -3.857217E+02 0.000000E+00 -3.857217E+02 1.524860E+05 1.474025E+05 1.759008E+05 2.084776E+04 1.560077E+03 0.000000E+00
2.160000E+00 1.087521E+05 5.726389E+04 9.384581E+04 1.123649E+02 1.043221E+02 -3.872243E+02 0.000000E+00 -3.872243E+02 1.533461E+05 1.481885E+05 1.760993E+05 2.086442E+04 1.567210E+03 0.000000E+00
2.161000E+00 1.091417E+05 5.694270E+04 9.448009E+04 1.119769E+02 1.044054E+02 -3.886721E+02 0.000000E+00 -3.886721E+02 1.541998E+05 1.489686E+05 1.762909E+05 2.088108E+04 1.574351E+03 0.000000E+00
2.162000E+00 1.095289E+05 5.662116E+04 9.511622E+04 1.115875E+02 1.044887E+02 -3.900649E+02 0.000000E+00 -3.900649E+02 1.550468E+05 1.497425E+05 1.764755E+05 2.089774E+04 1.581498E+03 0.000000E+00
2.163000E+00 1.099135E+05 5.629912E+04 9.575411E+04 1.111968E+02 1.045720E+02 -3.914028E+02 0.000000E+00 -3.914028E+02 1.558871E+05 1.505102E+05 1.766528E+05 2.091440E+04 1.588650E+03 0.000000E+00
2.164000E+00 1.102954E+05 5.597651E+04 9.639365E+04 1.108047E+02 1.046553E+02 -3.926859E+02 0.000000E+00 -3.926859E+02 1.567206E+05 1.512715E+05 1.768228E+05 2.093106E+04 1.595805E+03 0.000000E+00
2.165000E+00 1.106746E+05 5.565326E+04 9.703471E+04 1.104114E+02 1.047386E+02 -3.939140E+02 0.000000E+00 -3.939140E+02 1.575472E+05 1.520263E+05 1.769854E+05 2.094772E+04 1.602963E+03 0.000000E+00
2.166000E+00 1.110508E+05 5.532929E+04 9.767719E+04 1.100169E+02 1.048219E+02 -3.950873E+02 0.000000E+00 -3.950873E+02 1.583667E+05 1.527744E+05 1.771407E+05 2.096438E+04 1.610122E+03 0.000000E+00
2.167000E+00 1.114240E+05 5.500454E+04 9.832098E+04 1.096213E+02 1.049052E+02 -3.962058E+02 0.000000E+00 -3.962058E+02 1.591791E+05 1.535156E+05 1.772884E+05 2.098104E+04 1.617281E+03 0.000000E+00
2.168000E+00 1.117941E+05 5.467896E+04 9.896597E+04 1.092245E+02 1.049885E+02 -3.972695E+02 0.000000E+00 -3.972695E+02 1.599842E+05 1.542500E+05 1.774285E+05 2.099770E+04 1.624438E+03 0.000000E+00
2.169000E+00 1.121609E+05 5.435252E+04 9.961204E+04 1.088268E+02 1.050718E+02 -3.982784E+02 0.000000E+00 -3.982784E+02 1.607820E+05 1.549773E+05 1.775611E+05 2.101436E+04 1.631594E+03 0.000000E+00
2.170000E+00 1.125242E+05 5.402520E+04 1.002591E+05 1.084280E+02 1.051551E+02 -3.992325E+02 0.000000E+00 -3.992325E+02 1.615724E+05 1.556974E+05 1.776861E+05 2.103102E+04 1.638747E+03 0.000000E+00
2.171000E+00 1.128841E+05 5.369696E+04 1.009070E+05 1.080283E+02 1.052384E+02 -4.001320E+02 0.000000E+00 -4.001320E+02 1.623551E+05 1.564102E+05 1.778034E+05 2.104768E+04 1.645896E+03 0.000000E+00
2.172000E+00 1.132404E+05 5.336784E+04 1.015557E+05 1.076278E+02 1.053217E+02 -4.009768E+02 0.000000E+00 -4.009768E+02 1.631303E+05 1.571157E+05 1.779131E+05 2.106434E+04 1.653041E+03 0.000000E+00
2.173000E+00 1.135930E+05 5.303786E+04 1.022050E+05 1.072264E+02 1.054050E+02 -4.017671E+02 0.000000E+00 -4.017671E+02 1.638976E+05 1.578137E+05 1.780152E+05 2.108100E+04 1.660181E+03 0.000000E+00
2.174000E+00 1.139417E+05 5.270705E+04 1.028549E+05 1.068242E+02 1.054883E+02 -4.025028E+02 0.000000E+00 -4.025028E+02 1.646571E+05 1.585040E+05 1.781098E+05 2.109766E+04 1.667316E+03 0.000000E+00
2.175000E+00 1.142866E+05 5.237542E+04 1.035051E+05 1.064214E+02 1.055716E+02 -4.031841E+02 0.000000E+00 -4.031841E+02 1.654086E+05 1.591867E+05 1.781968E+05 2.111432E+04 1.674445E+03 0.000000E+00
2.176000E+00 1.146274E+05 5.204302E+04 1.041557E+05 1.060179E+02 1.056549E+02 -4.038111E+02 0.000000E+00 -4.038111E+02 1.661521E+05 1.598617E+05 1.782763E+05 2.113098E+04 1.681568E+03 0.000000E+00
2.177000E+00 1.149642E+05 5.170996E+04 1.048066E+05 1.056138E+02 1.057382E+02 -4.043839E+02 0.000000E+00 -4.043839E+02 1.668875E+05 1.605288E+05 1.783484E+05 2.114764E+04 1.688685E+03 0.000000E+00
2.178000E+00 1.152968E+05 5.137632E+04 1.054575E+05 1.052091E+02 1.058215E+02 -4.049026E+02 0.000000E+00 -4.049026E+02 1.676146E+05 1.611879E+05 1.784133E+05 2.116430E+04 1.695796E+03 0.000000E+00
2.179000E+00 1.156251E+05 5.104219E+04 1.061084E+05 1.048040E+02 1.059048E+02 -4.053673E+02 0.000000E+00 -4.053673E+02 1.683333E+05 1.618391E+05 1.784709E+05 2.118096E+04 1.702902E+03 0.000000E+00
2.180000E+00 1.159492E+05 5.070758E+04 1.067592E+05 1.043984E+02 1.059881E+02 -4.057782E+02 0.000000E+00 -4.057782E+02 1.690437E+05 1.624822E+05 1.785214E+05 2.119762E+04 1.710001E+03 0.000000E+00
2.181000E+00 1.162688E+05 5.037268E+04 1.074098E+05 1.039925E+02 1.060714E+02 -4.061354E+02 0.000000E+00 -4.061354E+02 1.697456E+05 1.631172E+05 1.785649E+05 2.121428E+04 1.717094E+03 0.000000E+00
2.182000E+00 1.165840E+05 5.003761E+04 1.080601E+05 1.035862E+02 1.061547E+02 -4.064392E+02 0.000000E+00 -4.064392E+02 1.704390E+05 1.637440E+05 1.786015E+05 2.123094E+04 1.724183E+03 0.000000E+00
2.183000E+00 1.168948E+05 4.970248E+04 1.087099E+05 1.031796E+02 1.062380E+02 -4.066897E+02 0.000000E+00 -4.066897E+02 1.711237E+05 1.643626E+05 1.786314E+05 2.124760E+04 1.731267E+03 0.000000E+00
2.184000E+00 1.172009E+05 4.936743E+04 1.093592E+05 1.027728E+02 1.063213E+02 -4.068871E+02 0.000000E+00 -4.068871E+02 1.717997E+05 1.649729E+05 1.786548E+05 2.126426E+04 1.738347E+03 0.000000E+00
2.185000E+00 1.175026E+05 4.903255E+04 1.100079E+05 1.023659E+02 1.064046E+02 -4.070317E+02 0.000000E+00 -4.070317E+02 1.724669E+05 1.655749E+05 1.786717E+05 2.128092E+04 1.745423E+03 0.000000E+00
2.186000E+00 1.177995E+05 4.869803E+04 1.106558E+05 1.019588E+02 1.064879E+02 -4.071237E+02 0.000000E+00 -4.071237E+02 1.731253E+05 1.661686E+05 1.786823E+05 2.129758E+04 1.752496E+03 0.000000E+00
2.187000E+00 1.180919E+05 4.836401E+04 1.113028E+05 1.015516E+02 1.065712E+02 -4.071635E+02 0.000000E+00 -4.071635E+02 1.737747E+05 1.667538E+05 1.786869E+05 2.131424E+04 1.759567E+03 0.000000E+00
2.188000E+00 1.183795E+05 4.803065E+04 1.119490E+05 1.011445E+02 1.066545E+02 -4.071512E+02 0.000000E+00 -4.071512E+02 1.744153E+05 1.673307E+05 1.786856E+05 2.133090E+04 1.766638E+03 0.000000E+00
2.189000E+00 1.186625E+05 4.769810E+04 1.125940E+05 1.007373E+02 1.067378E+02 -4.070872E+02 0.000000E+00 -4.070872E+02 1.750468E+05 1.678992E+05 1.786786E+05 2.134756E+04 1.773708E+03 0.000000E+00
2.190000E+00 1.189408E+05 4.736651E+04 1.132380E+05 1.003303E+02 1.068211E+02 -4.069719E+02 0.000000E+00 -4.069719E+02 1.756692E+05 1.684593E+05 1.786661E+05 2.136422E+04 1.780778E+03 0.000000E+00
2.191000E+00 1.192143E+05 4.703605E+04 1.138806E+05 9.992342E+01 1.069044E+02 -4.068055E+02 0.000000E+00 -4.068055E+02 1.762825E+05 1.690109E+05 1.786482E+05 2.138088E+04 1.787851E+03 0.000000E+00
2.192000E+00 1.194831E+05 4.670686E+04 1.145220E+05 9.951671E+01 1.069877E+02 -4.065885E+02 0.000000E+00 -4.065885E+02 1.768867E+05 1.695540E+05 1.786252E+05 2.139754E+04 1.794926E+03 0.000000E+00
2.193000E+00 1.197472E+05 4.637909E+04 1.151618E+05 9.911026E+01 1.070710E+02 -4.063212E+02 0.000000E+00 -4.063212E+02 1.774817E+05 1.700887E+05 1.785972E+05 2.141420E+04 1.802005E+03 0.000000E+00
2.194000E+00 1.200066E+05 4.605296E+04 1.158002E+05 9.870409E+01 1.071543E+02 -4.060040E+02 0.000000E+00 -4.060040E+02 1.780674E+05 1.706150E+05 1.785646E+05 2.143086E+04 1.809090E+03 0.000000E+00
2.195000E+00 1.202613E+05 4.572859E+04 1.164369E+05 9.829826E+01 1.072376E+02 -4.056373E+02 0.000000E+00 -4.056373E+02 1.786439E+05 1.711328E+05 1.785274E+05 2.144752E+04 1.816180E+03 0.000000E+00
2.196000E+00 1.205113E+05 4.540610E+04 1.170718E+05 9.789283E+01 1.073209E+02 -4.052216E+02 0.000000E+00 -4.052216E+02 1.792111E+05 1.716421E+05 1.784858E+05 2.146418E+04 1.823278E+03 0.000000E+00
2.197000E+00 1.207566E+05 4.508564E+04 1.177049E+05 9.748784E+01 1.074042E+02 -4.047574E+02 0.000000E+00 -4.047574E+02 1.797690E+05 1.721430E+05 1.784401E+05 2.148084E+04 1.830384E+03 0.000000E+00
2.198000E+00 1.209972E+05 4.476734E+04 1.183361E+05 9.708333E+01 1.074875E+02 -4.042451E+02 0.000000E+00 -4.042451E+02 1.803176E+05 1.726355E+05 1.783905E+05 2.149750E+04 1.837498E+03 0.000000E+00
2.199000E+00 1.212332E+05 4.445149E+04 1.189653E+05 9.667936E+01 1.075708E+02 -4.036852E+02 0.000000E+00 -4.036852E+02 1.808568E+05 1.731196E+05 1.783371E+05 2.151416E+04 1.844625E+03 0.000000E+00
2.200000E+00 1.214647E+05 4.413807E+04 1.195924E+05 9.627598E+01 1.076541E+02 -4.030782E+02 0.000000E+00 -4.030782E+02 1.813867E+05 1.735953E+05 1.782802E+05 2.153082E+04 1.851762E+03 0.000000E+00
2.201000E+00 1.216915E+05 4.382720E+04 1.202173E+05 9.587322E+01 1.077374E+02 -4.024247E+02 0.000000E+00 -4.024247E+02 1.819072E+05 1.740627E+05 1.782199E+05 2.154748E+04 1.858912E+03 0.000000E+00
2.202000E+00 1.219138E+05 4.351899E+04 1.208398E+05 9.547115E+01 1.078207E+02 -4.017251E+02 0.000000E+00 -4.017251E+02 1.824183E+05 1.745217E+05 1.781564E+05 2.156414E+04 1.866076E+03 0.000000E+00
2.203000E+00 1.221316E+05 4.321361E+04 1.214600E+05 9.506979E+01 1.079040E+02 -4.009800E+02 0.000000E+00 -4.009800E+02 1.829201E+05 1.749723E+05 1.780898E+05 2.158080E+04 1.873253E+03 0.000000E+00
2.204000E+00 1.223449E+05 4.291126E+04 1.220778E+05 9.466920E+01 1.079873E+02 -4.001901E+02 0.000000E+00 -4.001901E+02 1.834124E+05 1.754147E+05 1.780205E+05 2.159746E+04 1.880448E+03 0.000000E+00
2.205000E+00 1.225538E+05 4.261187E+04 1.226930E+05 9.426942E+01 1.080706E+02 -3.993558E+02 0.000000E+00 -3.993558E+02 1.838955E+05 1.758488E+05 1.779484E+05 2.161412E+04 1.887658E+03 0.000000E+00
2.206000E+00 1.227583E+05 4.231552E+04 1.233056E+05 9.387050E+01 1.081539E+02 -3.984777E+02 0.000000E+00 -3.984777E+02 1.843691E+05 1.762746E+05 1.778737E+05 2.163078E+04 1.894884E+03 0.000000E+00
2.207000E+00 1.229585E+05 4.202228E+04 1.239154E+05 9.347248E+01 1.082372E+02 -3.975566E+02 0.000000E+00 -3.975566E+02 1.848334E+05 1.766923E+05 1.777966E+05 2.164744E+04 1.902127E+03 0.000000E+00
2.208000E+00 1.231543E+05 4.173236E+04 1.245225E+05 9.307541E+01 1.083205E+02 -3.965928E+02 0.000000E+00 -3.965928E+02 1.852884E+05 1.771017E+05 1.777172E+05 2.166410E+04 1.909390E+03 0.000000E+00
2.209000E+00 1.233458E+05 4.144578E+04 1.251267E+05 9.267931E+01 1.084038E+02 -3.955872E+02 0.000000E+00 -3.955872E+02 1.857341E+05 1.775030E+05 1.776358E+05 2.168076E+04 1.916671E+03 0.000000E+00
2.210000E+00 1.235331E+05 4.116248E+04 1.257279E+05 9.228425E+01 1.084871E+02 -3.945402E+02 0.000000E+00 -3.945402E+02 1.861704E+05 1.778962E+05 1.775523E+05 2.169742E+04 1.923972E+03 0.000000E+00
2.211000E+00 1.237162E+05 4.088249E+04 1.263262E+05 9.189025E+01 1.085704E+02 -3.934526E+02 0.000000E+00 -3.934526E+02 1.865975E+05 1.782813E+05 1.774667E+05 2.171408E+04 1.931290E+03 0.000000E+00
2.212000E+00 1.238951E+05 4.060583E+04 1.269213E+05 9.149735E+01 1.086537E+02 -3.923250E+02 0.000000E+00 -3.923250E+02 1.870153E+05 1.786583E+05 1.773793E+05 2.173074E+04 1.938628E+03 0.000000E+00
2.213000E+00 1.240699E+05 4.033274E+04 1.275132E+05 9.110561E+01 1.087370E+02 -3.911579E+02 0.000000E+00 -3.911579E+02 1.874239E+05 1.790272E+05 1.772903E+05 2.174740E+04 1.945987E+03 0.000000E+00
2.214000E+00 1.242406E+05 4.006304E+04 1.281019E+05 9.071505E+01 1.088203E+02 -3.899521E+02 0.000000E+00 -3.899521E+02 1.878233E+05 1.793882E+05 1.771996E+05 2.176406E+04 1.953365E+03 0.000000E+00
2.215000E+00 1.244073E+05 3.979670E+04 1.286872E+05 9.032572E+01 1.089036E+02 -3.887083E+02 0.000000E+00 -3.887083E+02 1.882135E+05 1.797412E+05 1.771073E+05 2.178072E+04 1.960762E+03 0.000000E+00
2.216000E+00 1.245699E+05 3.953369E+04 1.292692E+05 8.993765E+01 1.089869E+02 -3.874269E+02 0.000000E+00 -3.874269E+02 1.885945E+05 1.800862E+05 1.770133E+05 2.179738E+04 1.968178E+03 0.000000E+00
2.217000E+00 1.247285E+05 3.927403E+04 1.298477E+05 8.955088E+01 1.090702E+02 -3.861088E+02 0.000000E+00 -3.861088E+02 1.889665E+05 1.804233E+05 1.769178E+05 2.181404E+04 1.975612E+03 0.000000E+00
2.218000E+00 1.248832E+05 3.901785E+04 1.304227E+05 8.916544E+01 1.091535E+02 -3.847545E+02 0.000000E+00 -3.847545E+02 1.893293E+05 1.807525E+05 1.768210E+05 2.183070E+04 1.983066E+03 0.000000E+00
2.219000E+00 1.250339E+05 3.876492E+04 1.309941E+05 8.878138E+01 1.092368E+02 -3.833647E+02 0.000000E+00 -3.833647E+02 1.896831E+05 1.810738E+05 1.767227E+05 2.184736E+04 1.990538E+03 0.000000E+00
2.220000E+00 1.251808E+05 3.851518E+04 1.315618E+05 8.839872E+01 1.093201E+02 -3.819401E+02 0.000000E+00 -3.819401E+02 1.900279E+05 1.813874E+05 1.766229E+05 2.186402E+04 1.998025E+03 0.000000E+00
2.221000E+00 1.253237E+05 3.826859E+04 1.321258E+05 8.801751E+01 1.094034E+02 -3.804813E+02 0.000000E+00 -3.804813E+02 1.903638E+05 1.816930E+05 1.765217E+05 2.188068E+04 2.005529E+03 0.000000E+00
2.222000E+00 1.254628E+05 3.802517E+04 1.326860E+05 8.763777E+01 1.094867E+02 -3.789889E+02 0.000000E+00 -3.789889E+02 1.906907E+05 1.819909E+05 1.764191E+05 2.189734E+04 2.013048E+03 0.000000E+00
2.223000E+00 1.255980E+05 3.778486E+04 1.332424E+05 8.725954E+01 1.095700E+02 -3.774635E+02 0.000000E+00 -3.774635E+02 1.910087E+05 1.822811E+05 1.763151E+05 2.191400E+04 2.020583E+03 0.000000E+00
2.224000E+00 1.257294E+05 3.754748E+04 1.337948E+05 8.688286E+01 1.096533E+02 -3.759059E+02 0.000000E+00 -3.759059E+02 1.913178E+05 1.825635E+05 1.762097E+05 2.193066E+04 2.028130E+03 0.000000E+00
2.225000E+00 1.258569E+05 3.731297E+04 1.343433E+05 8.650774E+01 1.097366E+02 -3.743167E+02 0.000000E+00 -3.743167E+02 1.916182E+05 1.828382E+05 1.761028E+05 2.194732E+04 2.035689E+03 0.000000E+00
2.226000E+00 1.259807E+05 3.708124E+04 1.348878E+05 8.613423E+01 1.098199E+02 -3.726964E+02 0.000000E+00 -3.726964E+02 1.919097E+05 1.831051E+05 1.759944E+05 2.196398E+04 2.043258E+03 0.000000E+00
2.227000E+00 1.261006E+05 3.685228E+04 1.354283E+05 8.576236E+01 1.099032E+02 -3.710457E+02 0.000000E+00 -3.710457E+02 1.921925E+05 1.833645E+05 1.758846E+05 2.198064E+04 2.050837E+03 0.000000E+00
2.228000E+00 1.262168E+05 3.662595E+04 1.359645E+05 8.539215E+01 1.099865E+02 -3.693652E+02 0.000000E+00 -3.693652E+02 1.924666E+05 1.836161E+05 1.757732E+05 2.199730E+04 2.058423E+03 0.000000E+00
2.229000E+00 1.263291E+05 3.640211E+04 1.364967E+05 8.502364E+01 1.100698E+02 -3.676554E+02 0.000000E+00 -3.676554E+02 1.927321E+05 1.838601E+05 1.756602E+05 2.201396E+04 2.066016E+03 0.000000E+00
2.230000E+00 1.264377E+05 3.618069E+04 1.370245E+05 8.465685E+01 1.101531E+02 -3.659171E+02 0.000000E+00 -3.659171E+02 1.929890E+05 1.840965E+05 1.755456E+05 2.203062E+04 2.073614E+03 0.000000E+00
2.231000E+00 1.265425E+05 3.596158E+04 1.375481E+05 8.429182E+01 1.102364E+02 -3.641508E+02 0.000000E+00 -3.641508E+02 1.932373E+05 1.843253E+05 1.754293E+05 2.204728E+04 2.081214E+03 0.000000E+00
2.232000E+00 1.266434E+05 3.574471E+04 1.380674E+05 8.392856E+01 1.103197E+02 -3.623570E+02 0.000000E+00 -3.623570E+02 1.934770E+05 1.845466E+05 1.753113E+05 2.206394E+04 2.088815E+03 0.000000E+00
2.233000E+00 1.267406E+05 3.552993E+04 1.385823E+05 8.356711E+01 1.104030E+02 -3.605363E+02 0.000000E+00 -3.605363E+02 1.937083E+05 1.847602E+05 1.751915E+05 2.208060E+04 2.096416E+03 0.000000E+00
2.234000E+00 1.268340E+05 3.531718E+04 1.390928E+05 8.320750E+01 1.104863E+02 -3.586894E+02 0.000000E+00 -3.586894E+02 1.939311E+05 1.849663E+05 1.750698E+05 2.209726E+04 2.104015E+03 0.000000E+00
2.235000E+00 1.269235E+05 3.510635E+04 1.395988E+05 8.284974E+01 1.105696E+02 -3.568167E+02 0.000000E+00 -3.568167E+02 1.941455E+05 1.851649E+05 1.749463E+05 2.211392E+04 2.111609E+03 0.000000E+00
2.236000E+00 1.270092E+05 3.489733E+04 1.401003E+05 8.249387E+01 1.106529E+02 -3.549188E+02 0.000000E+00 -3.549188E+02 1.943515E+05 1.853561E+05 1.748208E+05 2.213058E+04 2.119198E+03 0.000000E+00
2.237000E+00 1.270911E+05 3.468997E+04 1.405973E+05 8.213991E+01 1.107362E+02 -3.529962E+02 0.000000E+00 -3.529962E+02 1.945492E+05 1.855397E+05 1.746933E+05 2.214724E+04 2.126777E+03 0.000000E+00
2.238000E+00 1.271692E+05 3.448425E+04 1.410896E+05 8.178789E+01 1.108195E+02 -3.510495E+02 0.000000E+00 -3.510495E+02 1.947386E+05 1.857158E+05 1.745637E+05 2.216390E+04 2.134347E+03 0.000000E+00
2.239000E+00 1.272433E+05 3.428008E+04 1.415773E+05 8.143782E+01 1.109028E+02 -3.490792E+02 0.000000E+00 -3.490792E+02 1.949198E+05 1.858845E+05 1.744321E+05 2.218056E+04 2.141905E+03 0.000000E+00
2.240000E+00 1.273136E+05 3.407740E+04 1.420604E+05 8.108974E+01 1.109861E+02 -3.470858E+02 0.000000E+00 -3.470858E+02 1.950927E+05 1.860457E+05 1.742984E+05 2.219722E+04 2.149450E+03 0.000000E+00
2.241000E+00 1.273800E+05 3.387602E+04 1.425387E+05 8.074366E+01 1.110694E+02 -3.450699E+02 0.000000E+00 -3.450699E+02 1.952575E+05 1.861996E+05 1.741624E+05 2.221388E+04 2.156979E+03 0.000000E+00
2.242000E+00 1.274425E+05 3.367588E+04 1.430123E+05 8.039960E+01 1.111527E+02 -3.430318E+02 0.000000E+00 -3.430318E+02 1.954142E+05 1.863460E+05 1.740241E+05 2.223054E+04 2.164489E+03 0.000000E+00
2.243000E+00 1.275011E+05 3.347699E+04 1.434811E+05 8.005760E+01 1.112360E+02 -3.409722E+02 0.000000E+00 -3.409722E+02 1.955628E+05 1.864851E+05 1.738836E+05 2.224720E+04 2.171981E+03 0.000000E+00
2.244000E+00 1.275557E+05 3.327930E+04 1.439451E+05 7.971767E+01 1.113193E+02 -3.388915E+02 0.000000E+00 -3.388915E+02 1.957033E+05 1.866168E+05 1.737408E+05 2.226386E+04 2.179452E+03 0.000000E+00
2.245000E+00 1.276064E+05 3.308277E+04 1.444042E+05 7.937982E+01 1.114026E+02 -3.367901E+02 0.000000E+00 -3.367901E+02 1.958358E+05 1.867412E+05 1.735958E+05 2.228052E+04 2.186901E+03 0.000000E+00
2.246000E+00 1.276531E+05 3.288710E+04 1.448584E+05 7.904409E+01 1.114859E+02 -3.346687E+02 0.000000E+00 -3.346687E+02 1.959603E+05 1.868583E+05 1.734483E+05 2.229718E+04 2.194323E+03 0.000000E+00
2.247000E+00 1.276959E+05 3.269243E+04 1.453077E+05 7.871049E+01 1.115692E+02 -3.325276E+02 0.000000E+00 -3.325276E+02 1.960770E+05 1.869681E+05 1.732984E+05 2.231384E+04 2.201719E+03 0.000000E+00
2.248000E+00 1.277346E+05 3.249879E+04 1.457520E+05 7.837904E+01 1.116525E+02 -3.303672E+02 0.000000E+00 -3.303672E+02 1.961857E+05 1.870707E+05 1.731462E+05 2.233050E+04 2.209088E+03 0.000000E+00
2.249000E+00 1.277694E+05 3.230615E+04 1.461914E+05 7.804977E+01 1.117358E+02 -3.281882E+02 0.000000E+00 -3.281882E+02 1.962866E+05 1.871661E+05 1.729918E+05 2.234716E+04 2.216429E+03 0.000000E+00
2.250000E+00 1.278002E+05 3.211445E+04 1.466258E+05 7.772267E+01 1.118191E+02 -3.259909E+02 0.000000E+00 -3.259909E+02 1.963797E+05 1.872543E+05 1.728350E+05 2.236382E+04 2.223740E+03 0.000000E+00
2.251000E+00 1.278269E+05 3.192341E+04 1.470551E+05 7.739779E+01 1.119024E+02 -3.237757E+02 0.000000E+00 -3.237757E+02 1.964650E+05 1.873354E+05 1.726756E+05 2.238048E+04 2.231015E+03 0.000000E+00
2.252000E+00 1.278497E+05 3.173333E+04 1.474793E+05 7.707513E+01 1.119857E+02 -3.215432E+02 0.000000E+00 -3.215432E+02 1.965426E+05 1.874093E+05 1.725141E+05 2.239714E+04 2.238258E+03 0.000000E+00
2.253000E+00 1.278684E+05 3.154422E+04 1.478985E+05 7.675471E+01 1.120690E+02 -3.192938E+02 0.000000E+00 -3.192938E+02 1.966126E+05 1.874762E+05 1.723503E+05 2.241380E+04 2.245468E+03 0.000000E+00
2.254000E+00 1.278831E+05 3.135609E+04 1.483125E+05 7.643655E+01 1.121523E+02 -3.170280E+02 0.000000E+00 -3.170280E+02 1.966749E+05 1.875361E+05 1.721843E+05 2.243046E+04 2.252644E+03 0.000000E+00
2.255000E+00 1.278937E+05 3.116879E+04 1.487214E+05 7.612066E+01 1.122356E+02 -3.147461E+02 0.000000E+00 -3.147461E+02 1.967296E+05 1.875889E+05 1.720161E+05 2.244712E+04 2.259782E+03 0.000000E+00
2.256000E+00 1.279004E+05 3.098228E+04 1.491251E+05 7.580706E+01 1.123189E+02 -3.124487E+02 0.000000E+00 -3.124487E+02 1.967768E+05 1.876348E+05 1.718456E+05 2.246378E+04 2.266881E+03 0.000000E+00
2.257000E+00 1.279031E+05 3.079682E+04 1.495236E+05 7.549577E+01 1.124022E+02 -3.101361E+02 0.000000E+00 -3.101361E+02 1.968165E+05 1.876738E+05 1.716731E+05 2.248044E+04 2.273943E+03 0.000000E+00
2.258000E+00 1.279017E+05 3.061246E+04 1.499169E+05 7.518679E+01 1.124855E+02 -3.078089E+02 0.000000E+00 -3.078089E+02 1.968487E+05 1.877060E+05 1.714987E+05 2.249710E+04 2.280968E+03 0.000000E+00
2.259000E+00 1.278964E+05 3.042924E+04 1.503050E+05 7.488015E+01 1.125688E+02 -3.054676E+02 0.000000E+00 -3.054676E+02 1.968735E+05 1.877313E+05 1.713224E+05 2.251376E+04 2.287955E+03 0.000000E+00
2.260000E+00 1.278871E+05 3.024691E+04 1.506878E+05 7.457586E+01 1.126521E+02 -3.031125E+02 0.000000E+00 -3.031125E+02 1.968909E+05 1.877499E+05 1.711441E+05 2.253042E+04 2.294899E+03 0.000000E+00
2.261000E+00 1.278738E+05 3.006570E+04 1.510654E+05 7.427393E+01 1.127354E+02 -3.007442E+02 0.000000E+00 -3.007442E+02 1.969011E+05 1.877618E+05 1.709639E+05 2.254708E+04 2.301803E+03 0.000000E+00
2.262000E+00 1.278567E+05 2.988580E+04 1.514376E+05 7.397438E+01 1.128187E+02 -2.983631E+02 0.000000E+00 -2.983631E+02 1.969041E+05 1.877671E+05 1.707822E+05 2.256374E+04 2.308668E+03 0.000000E+00
2.263000E+00 1.278356E+05 2.970728E+04 1.518046E+05 7.367721E+01 1.129020E+02 -2.959696E+02 0.000000E+00 -2.959696E+02 1.968999E+05 1.877658E+05 1.705991E+05 2.258040E+04 2.315493E+03 0.000000E+00
2.264000E+00 1.278107E+05 2.953021E+04 1.521662E+05 7.338244E+01 1.129853E+02 -2.935643E+02 0.000000E+00 -2.935643E+02 1.968885E+05 1.877581E+05 1.704145E+05 2.259706E+04 2.322280E+03 0.000000E+00
2.265000E+00 1.277819E+05 2.935423E+04 1.525225E+05 7.309009E+01 1.130686E+02 -2.911474E+02 0.000000E+00 -2.911474E+02 1.968702E+05 1.877439E+05 1.702283E+05 2.261372E+04 2.329021E+03 0.000000E+00
2.266000E+00 1.277493E+05 2.917985E+04 1.528734E+05 7.280015E+01 1.131519E+02 -2.887195E+02 0.000000E+00 -2.887195E+02 1.968447E+05 1.877233E+05 1.700410E+05 2.263038E+04 2.335723E+03 0.000000E+00
2.267000E+00 1.277129E+05 2.900714E+04 1.532190E+05 7.251265E+01 1.132352E+02 -2.862812E+02 0.000000E+00 -2.862812E+02 1.968123E+05 1.876964E+05 1.698526E+05 2.264704E+04 2.342386E+03 0.000000E+00
2.268000E+00 1.276728E+05 2.883620E+04 1.535592E+05 7.222759E+01 1.133185E+02 -2.838330E+02 0.000000E+00 -2.838330E+02 1.967730E+05 1.876633E+05 1.696634E+05 2.266370E+04 2.349010E+03 0.000000E+00
2.269000E+00 1.276290E+05 2.866697E+04 1.538940E+05 7.194499E+01 1.134018E+02 -2.813752E+02 0.000000E+00 -2.813752E+02 1.967268E+05 1.876240E+05 1.694732E+05 2.268036E+04 2.355594E+03 0.000000E+00
2.270000E+00 1.275816E+05 2.849937E+04 1.542234E+05 7.166485E+01 1.134851E+02 -2.789085E+02 0.000000E+00 -2.789085E+02 1.966739E+05 1.875787E+05 1.692821E+05 2.269702E+04 2.362136E+03 0.000000E+00
2.271000E+00 1.275306E+05 2.833377E+04 1.545474E+05 7.138717E+01 1.135684E+02 -2.764332E+02 0.000000E+00 -2.764332E+02 1.966143E+05 1.875273E+05 1.690905E+05 2.271368E+04 2.368640E+03 0.000000E+00
2.272000E+00 1.274760E+05 2.817026E+04 1.548659E+05 7.111198E+01 1.136517E+02 -2.739500E+02 0.000000E+00 -2.739500E+02 1.965481E+05 1.874700E+05 1.688985E+05 2.273034E+04 2.375106E+03 0.000000E+00
2.273000E+00 1.274179E+05 2.800890E+04 1.551791E+05 7.083928E+01 1.137350E+02 -2.714593E+02 0.000000E+00 -2.714593E+02 1.964753E+05 1.874069E+05 1.687062E+05 2.274700E+04 2.381534E+03 0.000000E+00
2.274000E+00 1.273564E+05 2.784956E+04 1.554868E+05 7.056906E+01 1.138183E+02 -2.689616E+02 0.000000E+00 -2.689616E+02 1.963961E+05 1.873380E+05 1.685135E+05 2.276366E+04 2.387923E+03 0.000000E+00
2.275000E+00 1.272915E+05 2.769235E+04 1.557890E+05 7.030135E+01 1.139016E+02 -2.664575E+02 0.000000E+00 -2.664575E+02 1.963104E+05 1.872634E+05 1.683207E+05 2.278032E+04 2.394273E+03 0.000000E+00
2.276000E+00 1.272233E+05 2.753753E+04 1.560859E+05 7.003615E+01 1.139849E+02 -2.639474E+02 0.000000E+00 -2.639474E+02 1.962184E+05 1.871832E+05 1.681279E+05 2.279698E+04 2.400587E+03 0.000000E+00
2.277000E+00 1.271519E+05 2.738514E+04 1.563773E+05 6.977346E+01 1.140682E+02 -2.614318E+02 0.000000E+00 -2.614318E+02 1.961201E+05 1.870975E+05 1.679353E+05 2.281364E+04 2.406865E+03 0.000000E+00
2.278000E+00 1.270772E+05 2.723524E+04 1.566632E+05 6.951329E+01 1.141515E+02 -2.589114E+02 0.000000E+00 -2.589114E+02 1.960157E+05 1.870064E+05 1.677431E+05 2.283030E+04 2.413108E+03 0.000000E+00
2.279000E+00 1.269994E+05 2.708756E+04 1.569437E+05 6.925564E+01 1.142348E+02 -2.563866E+02 0.000000E+00 -2.563866E+02 1.959051E+05 1.869100E+05 1.675509E+05 2.284696E+04 2.419310E+03 0.000000E+00
2.280000E+00 1.269186E+05 2.694242E+04 1.572187E+05 6.900052E+01 1.143181E+02 -2.538580E+02 0.000000E+00 -2.538580E+02 1.957885E+05 1.868083E+05 1.673592E+05 2.286362E+04 2.425477E+03 0.000000E+00
2.281000E+00 1.268347E+05 2.679990E+04 1.574883E+05 6.874793E+01 1.144014E+02 -2.513260E+02 0.000000E+00 -2.513260E+02 1.956660E+05 1.867014E+05 1.671681E+05 2.288028E+04 2.431609E+03 0.000000E+00
2.282000E+00 1.267479E+05 2.666002E+04 1.577524E+05 6.849787E+01 1.144847E+02 -2.487912E+02 0.000000E+00 -2.487912E+02 1.955377E+05 1.865894E+05 1.669776E+05 2.289694E+04 2.437705E+03 0.000000E+00
2.283000E+00 1.266582E+05 2.652276E+04 1.580111E+05 6.825034E+01 1.145680E+02 -2.462540E+02 0.000000E+00 -2.462540E+02 1.954036E+05 1.864725E+05 1.667878E+05 2.291360E+04 2.443766E+03 0.000000E+00
2.284000E+00 1.265656E+05 2.638785E+04 1.582644E+05 6.800536E+01 1.146513E+02 -2.437151E+02 0.000000E+00 -2.437151E+02 1.952638E+05 1.863507E+05 1.665986E+05 2.293026E+04 2.449786E+03 0.000000E+00
2.285000E+00 1.264703E+05 2.625560E+04 1.585122E+05 6.776291E+01 1.147346E+02 -2.411750E+02 0.000000E+00 -2.411750E+02 1.951184E+05 1.862239E+05 1.664101E+05 2.294692E+04 2.455770E+03 0.000000E+00
2.286000E+00 1.263723E+05 2.612601E+04 1.587547E+05 6.752301E+01 1.148179E+02 -2.386341E+02 0.000000E+00 -2.386341E+02 1.949675E+05 1.860925E+05 1.662226E+05 2.296358E+04 2.461718E+03 0.000000E+00
2.287000E+00 1.262717E+05 2.599903E+04 1.589916E+05 6.728565E+01 1.149012E+02 -2.360929E+02 0.000000E+00 -2.360929E+02 1.948111E+05 1.859563E+05 1.660360E+05 2.298024E+04 2.467629E+03 0.000000E+00
2.288000E+00 1.261685E+05 2.587447E+04 1.592232E+05 6.705082E+01 1.149845E+02 -2.335521E+02 0.000000E+00 -2.335521E+02 1.946494E+05 1.858156E+05 1.658501E+05 2.299690E+04 2.473498E+03 0.000000E+00
2.289000E+00 1.260628E+05 2.575222E+04 1.594494E+05 6.681854E+01 1.150678E+02 -2.310120E+02 0.000000E+00 -2.310120E+02 1.944824E+05 1.856703E+05 1.656649E+05 2.301356E+04 2.479326E+03 0.000000E+00
2.290000E+00 1.259546E+05 2.563243E+04 1.596702E+05 6.658880E+01 1.151511E+02 -2.284732E+02 0.000000E+00 -2.284732E+02 1.943103E+05 1.855205E+05 1.654807E+05 2.303022E+04 2.485113E+03 0.000000E+00
2.291000E+00 1.258439E+05 2.551503E+04 1.598856E+05 6.636159E+01 1.152344E+02 -2.259362E+02 0.000000E+00 -2.259362E+02 1.941331E+05 1.853664E+05 1.652973E+05 2.304688E+04 2.490857E+03 0.000000E+00
2.292000E+00 1.257309E+05 2.539992E+04 1.600956E+05 6.613693E+01 1.153177E+02 -2.234013E+02 0.000000E+00 -2.234013E+02 1.939509E+05 1.852080E+05 1.651147E+05 2.306354E+04 2.496558E+03 0.000000E+00
2.293000E+00 1.256155E+05 2.528668E+04 1.603003E+05 6.591479E+01 1.154010E+02 -2.208691E+02 0.000000E+00 -2.208691E+02 1.937637E+05 1.850453E+05 1.649326E+05 2.308020E+04 2.502209E+03 0.000000E+00
2.294000E+00 1.254979E+05 2.517537E+04 1.604996E+05 6.569519E+01 1.154843E+02 -2.183400E+02 0.000000E+00 -2.183400E+02 1.935718E+05 1.848784E+05 1.647510E+05 2.309686E+04 2.507809E+03 0.000000E+00
2.295000E+00 1.253779E+05 2.506598E+04 1.606936E+05 6.547811E+01 1.155676E+02 -2.158145E+02 0.000000E+00 -2.158145E+02 1.933750E+05 1.847074E+05 1.645700E+05 2.311352E+04 2.513359E+03 0.000000E+00
2.296000E+00 1.252558E+05 2.495838E+04 1.608823E+05 6.526356E+01 1.156509E+02 -2.132929E+02 0.000000E+00 -2.132929E+02 1.931736E+05 1.845323E+05 1.643895E+05 2.313018E+04 2.518856E+03 0.000000E+00
2.297000E+00 1.251314E+05 2.485241E+04 1.610657E+05 6.505152E+01 1.157342E+02 -2.107756E+02 0.000000E+00 -2.107756E+02 1.929676E+05 1.843532E+05 1.642093E+05 2.314684E+04 2.524297E+03 0.000000E+00
2.298000E+00 1.250049E+05 2.474730E+04 1.612438E+05 6.484200E+01 1.158175E+02 -2.082631E+02 0.000000E+00 -2.082631E+02 1.927571E+05 1.841701E+05 1.640288E+05 2.316350E+04 2.529669E+03 0.000000E+00
2.299000E+00 1.248761E+05 2.464342E+04 1.614166E+05 6.463499E+01 1.159008E+02 -2.057556E+02 0.000000E+00 -2.057556E+02 1.925421E+05 1.839830E+05 1.638483E+05 2.318016E+04 2.534978E+03 0.000000E+00
2.300000E+00 1.247452E+05 2.454056E+04 1.615842E+05 6.443049E+01 1.159841E+02 -2.032535E+02 0.000000E+00 -2.032535E+02 1.923227E+05 1.837920E+05 1.636676E+05 2.319682E+04 2.540220E+03 0.000000E+00
2.301000E+00 1.246122E+05 2.443854E+04 1.617466E+05 6.422848E+01 1.160674E+02 -2.007572E+02 0.000000E+00 -2.007572E+02 1.920990E+05 1.835971E+05 1.634866E+05 2.321348E+04 2.545391E+03 0.000000E+00
2.302000E+00 1.244770E+05 2.433689E+04 1.619038E+05 6.402897E+01 1.161507E+02 -1.982669E+02 0.000000E+00 -1.982669E+02 1.918711E+05 1.833984E+05 1.633048E+05 2.323014E+04 2.550483E+03 0.000000E+00
2.303000E+00 1.243396E+05 2.423502E+04 1.620558E+05 6.383195E+01 1.162340E+02 -1.957828E+02 0.000000E+00 -1.957828E+02 1.916390E+05 1.831958E+05 1.631217E+05 2.324680E+04 2.555487E+03 0.000000E+00
2.304000E+00 1.242000E+05 2.413319E+04 1.622026E+05 6.363740E+01 1.163173E+02 -1.933053E+02 0.000000E+00 -1.933053E+02 1.914027E+05 1.829894E+05 1.629375E+05 2.326346E+04 2.560404E+03 0.000000E+00
2.305000E+00 1.240583E+05 2.403115E+04 1.623443E+05 6.344534E+01 1.164006E+02 -1.908345E+02 0.000000E+00 -1.908345E+02 1.911624E+05 1.827792E+05 1.627519E+05 2.328012E+04 2.565231E+03 0.000000E+00
2.306000E+00 1.239142E+05 2.392862E+04 1.624808E+05 6.325573E+01 1.164839E+02 -1.883706E+02 0.000000E+00 -1.883706E+02 1.909180E+05 1.825651E+05 1.625648E+05 2.329678E+04 2.569961E+03 0.000000E+00
2.307000E+00 1.237680E+05 2.382475E+04 1.626123E+05 6.306859E+01 1.165672E+02 -1.859138E+02 0.000000E+00 -1.859138E+02 1.906696E+05 1.823472E+05 1.623751E+05 2.331344E+04 2.574580E+03 0.000000E+00
2.308000E+00 1.236194E+05 2.371931E+04 1.627387E+05 6.288390E+01 1.166505E+02 -1.834642E+02 0.000000E+00 -1.834642E+02 1.904173E+05 1.821255E+05 1.621828E+05 2.333010E+04 2.579083E+03 0.000000E+00
2.309000E+00 1.234684E+05 2.361242E+04 1.628600E+05 6.270166E+01 1.167338E+02 -1.810219E+02 0.000000E+00 -1.810219E+02 1.901611E+05 1.819000E+05 1.619879E+05 2.334676E+04 2.583470E+03 0.000000E+00
2.310000E+00 1.233150E+05 2.350376E+04 1.629763E+05 6.252186E+01 1.168171E+02 -1.785870E+02 0.000000E+00 -1.785870E+02 1.899010E+05 1.816706E+05 1.617900E+05 2.336342E+04 2.587735E+03 0.000000E+00
2.311000E+00 1.231592E+05 2.339301E+04 1.630875E+05 6.234448E+01 1.169004E+02 -1.761594E+02 0.000000E+00 -1.761594E+02 1.896371E+05 1.814373E+05 1.615888E+05 2.338008E+04 2.591870E+03 0.000000E+00
2.312000E+00 1.230007E+05 2.327872E+04 1.631938E+05 6.216953E+01 1.169837E+02 -1.737393E+02 0.000000E+00 -1.737393E+02 1.893693E+05 1.812001E+05 1.613829E+05 2.339674E+04 2.595851E+03 0.000000E+00
2.313000E+00 1.228397E+05 2.316138E+04 1.632951E+05 6.199700E+01 1.170670E+02 -1.713265E+02 0.000000E+00 -1.713265E+02 1.890978E+05 1.809589E+05 1.611726E+05 2.341340E+04 2.599684E+03 0.000000E+00
2.314000E+00 1.226759E+05 2.304085E+04 1.633915E+05 6.182688E+01 1.171503E+02 -1.689210E+02 0.000000E+00 -1.689210E+02 1.888224E+05 1.807137E+05 1.609578E+05 2.343006E+04 2.603363E+03 0.000000E+00
2.315000E+00 1.225093E+05 2.291676E+04 1.634829E+05 6.165916E+01 1.172336E+02 -1.665226E+02 0.000000E+00 -1.665226E+02 1.885432E+05 1.804644E+05 1.607382E+05 2.344672E+04 2.606882E+03 0.000000E+00
2.316000E+00 1.223398E+05 2.278856E+04 1.635695E+05 6.149383E+01 1.173169E+02 -1.641313E+02 0.000000E+00 -1.641313E+02 1.882603E+05 1.802110E+05 1.605129E+05 2.346338E+04 2.610228E+03 0.000000E+00
2.317000E+00 1.221673E+05 2.265465E+04 1.636511E+05 6.133089E+01 1.174002E+02 -1.617468E+02 0.000000E+00 -1.617468E+02 1.879735E+05 1.799534E+05 1.602805E+05 2.348004E+04 2.613373E+03 0.000000E+00
2.318000E+00 1.219917E+05 2.251599E+04 1.637279E+05 6.117034E+01 1.174835E+02 -1.593690E+02 0.000000E+00 -1.593690E+02 1.876829E+05 1.796916E+05 1.600418E+05 2.349670E+04 2.616331E+03 0.000000E+00
2.319000E+00 1.218128E+05 2.237227E+04 1.637999E+05 6.101215E+01 1.175668E+02 -1.569976E+02 0.000000E+00 -1.569976E+02 1.873885E+05 1.794254E+05 1.597964E+05 2.351336E+04 2.619092E+03 0.000000E+00
2.320000E+00 1.216305E+05 2.222309E+04 1.638670E+05 6.085634E+01 1.176501E+02 -1.546323E+02 0.000000E+00 -1.546323E+02 1.870902E+05 1.791549E+05 1.595439E+05 2.353002E+04 2.621648E+03 0.000000E+00
2.321000E+00 1.214448E+05 2.206727E+04 1.639293E+05 6.070289E+01 1.177334E+02 -1.522727E+02 0.000000E+00 -1.522727E+02 1.867880E+05 1.788798E+05 1.592829E+05 2.354668E+04 2.623976E+03 0.000000E+00
2.322000E+00 1.212553E+05 2.190404E+04 1.639869E+05 6.055179E+01 1.178167E+02 -1.499186E+02 0.000000E+00 -1.499186E+02 1.864819E+05 1.786001E+05 1.590127E+05 2.356334E+04 2.626061E+03 0.000000E+00
2.323000E+00 1.210621E+05 2.173417E+04 1.640397E+05 6.040305E+01 1.179000E+02 -1.475694E+02 0.000000E+00 -1.475694E+02 1.861718E+05 1.783158E+05 1.587338E+05 2.358000E+04 2.627911E+03 0.000000E+00
2.324000E+00 1.208650E+05 2.155733E+04 1.640877E+05 6.025665E+01 1.179833E+02 -1.452249E+02 0.000000E+00 -1.452249E+02 1.858577E+05 1.780266E+05 1.584459E+05 2.359666E+04 2.629518E+03 0.000000E+00
2.325000E+00 1.206637E+05 2.137315E+04 1.641310E+05 6.011260E+01 1.180666E+02 -1.428844E+02 0.000000E+00 -1.428844E+02 1.855395E+05 1.777326E+05 1.581485E+05 2.361332E+04 2.630871E+03 0.000000E+00
2.326000E+00 1.204582E+05 2.117959E+04 1.641696E+05 5.997088E+01 1.181499E+02 -1.405476E+02 0.000000E+00 -1.405476E+02 1.852171E+05 1.774335E+05 1.578394E+05 2.362998E+04 2.631934E+03 0.000000E+00
2.327000E+00 1.202483E+05 2.097723E+04 1.642034E+05 5.983150E+01 1.182332E+02 -1.382139E+02 0.000000E+00 -1.382139E+02 1.848905E+05 1.771293E+05 1.575190E+05 2.364664E+04 2.632711E+03 0.000000E+00
2.328000E+00 1.200338E+05 2.076642E+04 1.642326E+05 5.969445E+01 1.183165E+02 -1.358827E+02 0.000000E+00 -1.358827E+02 1.845596E+05 1.768198E+05 1.571877E+05 2.366330E+04 2.633205E+03 0.000000E+00
2.329000E+00 1.198146E+05 2.054688E+04 1.642571E+05 5.955973E+01 1.183998E+02 -1.335533E+02 0.000000E+00 -1.335533E+02 1.842244E+05 1.765050E+05 1.568449E+05 2.367996E+04 2.633406E+03 0.000000E+00
2.330000E+00 1.195904E+05 2.031826E+04 1.642769E+05 5.942734E+01 1.184831E+02 -1.312253E+02 0.000000E+00 -1.312253E+02 1.838846E+05 1.761847E+05 1.564903E+05 2.369662E+04 2.633305E+03 0.000000E+00
2.331000E+00 1.193611E+05 2.007749E+04 1.642920E+05 5.929728E+01 1.185664E+02 -1.288978E+02 0.000000E+00 -1.288978E+02 1.835403E+05 1.758587E+05 1.561206E+05 2.371328E+04 2.632845E+03 0.000000E+00
2.332000E+00 1.191265E+05 1.982698E+04 1.643025E+05 5.916955E+01 1.186497E+02 -1.265702E+02 0.000000E+00 -1.265702E+02 1.831914E+05 1.755269E+05 1.557380E+05 2.372994E+04 2.632063E+03 0.000000E+00
2.333000E+00 1.188865E+05 1.956644E+04 1.643084E+05 5.904414E+01 1.187330E+02 -1.242418E+02 0.000000E+00 -1.242418E+02 1.828376E+05 1.751893E+05 1.553421E+05 2.374660E+04 2.630949E+03 0.000000E+00
2.334000E+00 1.186408E+05 1.929567E+04 1.643096E+05 5.892106E+01 1.188163E+02 -1.219119E+02 0.000000E+00 -1.219119E+02 1.824790E+05 1.748455E+05 1.549326E+05 2.376326E+04 2.629495E+03 0.000000E+00
2.335000E+00 1.183892E+05 1.901352E+04 1.643061E+05 5.880032E+01 1.188996E+02 -1.195796E+02 0.000000E+00 -1.195796E+02 1.821154E+05 1.744956E+05 1.545082E+05 2.377992E+04 2.627676E+03 0.000000E+00
2.336000E+00 1.181317E+05 1.871833E+04 1.642980E+05 5.868191E+01 1.189829E+02 -1.172442E+02 0.000000E+00 -1.172442E+02 1.817467E+05 1.741393E+05 1.540670E+05 2.379658E+04 2.625460E+03 0.000000E+00
2.337000E+00 1.178679E+05 1.841215E+04 1.642853E+05 5.856583E+01 1.190662E+02 -1.149048E+02 0.000000E+00 -1.149048E+02 1.813727E+05 1.737765E+05 1.536109E+05 2.381324E+04 2.622876E+03 0.000000E+00
2.338000E+00 1.175978E+05 1.809476E+04 1.642679E+05 5.845210E+01 1.191495E+02 -1.125606E+02 0.000000E+00 -1.125606E+02 1.809933E+05 1.734071E+05 1.531396E+05 2.382990E+04 2.619916E+03 0.000000E+00
2.339000E+00 1.173211E+05 1.776605E+04 1.642459E+05 5.834071E+01 1.192328E+02 -1.102107E+02 0.000000E+00 -1.102107E+02 1.806084E+05 1.730309E+05 1.526527E+05 2.384656E+04 2.616572E+03 0.000000E+00
2.340000E+00 1.170376E+05 1.742385E+04 1.642192E+05 5.823168E+01 1.193161E+02 -1.078544E+02 0.000000E+00 -1.078544E+02 1.802178E+05 1.726478E+05 1.521479E+05 2.386322E+04 2.612803E+03 0.000000E+00
2.341000E+00 1.167472E+05 1.706847E+04 1.641878E+05 5.812500E+01 1.193994E+02 -1.054905E+02 0.000000E+00 -1.054905E+02 1.798214E+05 1.722575E+05 1.516253E+05 2.387988E+04 2.608608E+03 0.000000E+00
2.342000E+00 1.164497E+05 1.670130E+04 1.641518E+05 5.802070E+01 1.194827E+02 -1.031184E+02 0.000000E+00 -1.031184E+02 1.794191E+05 1.718601E+05 1.510863E+05 2.389654E+04 2.604006E+03 0.000000E+00
2.343000E+00 1.161449E+05 1.632223E+04 1.641111E+05 5.791877E+01 1.195660E+02 -1.007370E+02 0.000000E+00 -1.007370E+02 1.790106E+05 1.714552E+05 1.505304E+05 2.391320E+04 2.598991E+03 0.000000E+00
2.344000E+00 1.158327E+05 1.593124E+04 1.640657E+05 5.781923E+01 1.196493E+02 -9.834539E+01 0.000000E+00 -9.834539E+01 1.785959E+05 1.710428E+05 1.499574E+05 2.392986E+04 2.593556E+03 0.000000E+00
2.345000E+00 1.155128E+05 1.552510E+04 1.640156E+05 5.772208E+01 1.197326E+02 -9.594272E+01 0.000000E+00 -9.594272E+01 1.781747E+05 1.706228E+05 1.493640E+05 2.394652E+04 2.587641E+03 0.000000E+00
2.346000E+00 1.151852E+05 1.510636E+04 1.639608E+05 5.762735E+01 1.198159E+02 -9.352799E+01 0.000000E+00 -9.352799E+01 1.777470E+05 1.701949E+05 1.487526E+05 2.396318E+04 2.581285E+03 0.000000E+00
2.347000E+00 1.148496E+05 1.467562E+04 1.639012E+05 5.753503E+01 1.198992E+02 -9.110028E+01 0.000000E+00 -9.110028E+01 1.773125E+05 1.697590E+05 1.481235E+05 2.397984E+04 2.574493E+03 0.000000E+00
2.348000E+00 1.145060E+05 1.423284E+04 1.638369E+05 5.744515E+01 1.199825E+02 -8.865867E+01 0.000000E+00 -8.865867E+01 1.768711E+05 1.693150E+05 1.474766E+05 2.399650E+04 2.567260E+03 0.000000E+00
2.349000E+00 1.141541E+05 1.377760E+04 1.637677E+05 5.735772E+01 1.200658E+02 -8.620223E+01 0.000000E+00 -8.620223E+01 1.764226E+05 1.688628E+05 1.468112E+05 2.401316E+04 2.559572E+03 0.000000E+00
2.350000E+00 1.137939E+05 1.330720E+04 1.636938E+05 5.727275E+01 1.201491E+02 -8.373001E+01 0.000000E+00 -8.373001E+01 1.759668E+05 1.684022E+05 1.461245E+05 2.402982E+04 2.551378E+03 0.000000E+00
2.351000E+00 1.134252E+05 1.282499E+04 1.636150E+05 5.719026E+01 1.202324E+02 -8.124109E+01 0.000000E+00 -8.124109E+01 1.755036E+05 1.679331E+05 1.454196E+05 2.404648E+04 2.542733E+03 0.000000E+00
2.352000E+00 1.130478E+05 1.233116E+04 1.635314E+05 5.711027E+01 1.203157E+02 -7.873455E+01 0.000000E+00 -7.873455E+01 1.750329E+05 1.674554E+05 1.446965E+05 2.406314E+04 2.533634E+03 0.000000E+00
2.353000E+00 1.126617E+05 1.182580E+04 1.634429E+05 5.703280E+01 1.203990E+02 -7.620952E+01 0.000000E+00 -7.620952E+01 1.745543E+05 1.669689E+05 1.439553E+05 2.407980E+04 2.524079E+03 0.000000E+00
2.354000E+00 1.122668E+05 1.130748E+04 1.633494E+05 5.695786E+01 1.204823E+02 -7.366512E+01 0.000000E+00 -7.366512E+01 1.740679E+05 1.664735E+05 1.431942E+05 2.409646E+04 2.514038E+03 0.000000E+00
2.355000E+00 1.118629E+05 1.077583E+04 1.632510E+05 5.688548E+01 1.205656E+02 -7.110043E+01 0.000000E+00 -7.110043E+01 1.735733E+05 1.659692E+05 1.424128E+05 2.411312E+04 2.503501E+03 0.000000E+00
2.356000E+00 1.114499E+05 1.023327E+04 1.631477E+05 5.681567E+01 1.206489E+02 -6.851463E+01 0.000000E+00 -6.851463E+01 1.730705E+05 1.654557E+05 1.416133E+05 2.412978E+04 2.492505E+03 0.000000E+00
2.357000E+00 1.110279E+05 9.680092E+03 1.630392E+05 5.674845E+01 1.207322E+02 -6.590688E+01 0.000000E+00 -6.590688E+01 1.725593E+05 1.649331E+05 1.407959E+05 2.414644E+04 2.481052E+03 0.000000E+00
2.358000E+00 1.105967E+05 9.116517E+03 1.629258E+05 5.668386E+01 1.208155E+02 -6.327640E+01 0.000000E+00 -6.327640E+01 1.720395E+05 1.644012E+05 1.399606E+05 2.416310E+04 2.469144E+03 0.000000E+00
2.359000E+00 1.101562E+05 8.540163E+03 1.628072E+05 5.662191E+01 1.208988E+02 -6.062240E+01 0.000000E+00 -6.062240E+01 1.715109E+05 1.638599E+05 1.391049E+05 2.417976E+04 2.456732E+03 0.000000E+00
2.360000E+00 1.097064E+05 7.952992E+03 1.626835E+05 5.656262E+01 1.209821E+02 -5.794410E+01 0.000000E+00 -5.794410E+01 1.709735E+05 1.633091E+05 1.382306E+05 2.419642E+04 2.443850E+03 0.000000E+00
2.361000E+00 1.092473E+05 7.356406E+03 1.625546E+05 5.650603E+01 1.210654E+02 -5.524079E+01 0.000000E+00 -5.524079E+01 1.704269E+05 1.627487E+05 1.373390E+05 2.421308E+04 2.430519E+03 0.000000E+00
2.362000E+00 1.087787E+05 6.750811E+03 1.624205E+05 5.645215E+01 1.211487E+02 -5.251179E+01 0.000000E+00 -5.251179E+01 1.698712E+05 1.621788E+05 1.364303E+05 2.422974E+04 2.416743E+03 0.000000E+00
2.363000E+00 1.083008E+05 6.136522E+03 1.622811E+05 5.640101E+01 1.212320E+02 -4.975645E+01 0.000000E+00 -4.975645E+01 1.693061E+05 1.615991E+05 1.355049E+05 2.424640E+04 2.402526E+03 0.000000E+00
2.364000E+00 1.078135E+05 5.510367E+03 1.621363E+05 5.635264E+01 1.213153E+02 -4.697414E+01 0.000000E+00 -4.697414E+01 1.687316E+05 1.610098E+05 1.345593E+05 2.426306E+04 2.387808E+03 0.000000E+00
2.365000E+00 1.073168E+05 4.876430E+03 1.619863E+05 5.630707E+01 1.213986E+02 -4.416425E+01 0.000000E+00 -4.416425E+01 1.681474E+05 1.604106E+05 1.335975E+05 2.427972E+04 2.372660E+03 0.000000E+00
2.366000E+00 1.068107E+05 4.235115E+03 1.618308E+05 5.626432E+01 1.214819E+02 -4.132626E+01 0.000000E+00 -4.132626E+01 1.675534E+05 1.598016E+05 1.326200E+05 2.429638E+04 2.357088E+03 0.000000E+00
2.367000E+00 1.062952E+05 3.586911E+03 1.616698E+05 5.622443E+01 1.215652E+02 -3.845966E+01 0.000000E+00 -3.845966E+01 1.669495E+05 1.591827E+05 1.316269E+05 2.431304E+04 2.341098E+03 0.000000E+00
2.368000E+00 1.057704E+05 2.931283E+03 1.615034E+05 5.618741E+01 1.216485E+02 -3.556401E+01 0.000000E+00 -3.556401E+01 1.663357E+05 1.585539E+05 1.306178E+05 2.432970E+04 2.324681E+03 0.000000E+00
2.369000E+00 1.052363E+05 2.267316E+03 1.613313E+05 5.615331E+01 1.217318E+02 -3.263886E+01 0.000000E+00 -3.263886E+01 1.657117E+05 1.579151E+05 1.295917E+05 2.434636E+04 2.307819E+03 0.000000E+00
2.370000E+00 1.046929E+05 1.597989E+03 1.611537E+05 5.612215E+01 1.218151E+02 -2.968385E+01 0.000000E+00 -2.968385E+01 1.650775E+05 1.572665E+05 1.285514E+05 2.436302E+04 2.290564E+03 0.000000E+00
2.371000E+00 1.041404E+05 9.237533E+02 1.609704E+05 5.609395E+01 1.218984E+02 -2.669865E+01 0.000000E+00 -2.669865E+01 1.644330E+05 1.566079E+05 1.274974E+05 2.437968E+04 2.272925E+03 0.000000E+00
2.372000E+00 1.035788E+05 2.451569E+02 1.607814E+05 5.606876E+01 1.219817E+02 -2.368301E+01 0.000000E+00 -2.368301E+01 1.637780E+05 1.559393E+05 1.264300E+05 2.439634E+04 2.254911E+03 0.000000E+00
2.373000E+00 1.030081E+05 -4.390020E+02 1.605866E+05 5.604660E+01 1.220650E+02 -2.063669E+01 0.000000E+00 -2.063669E+01 1.631125E+05 1.552608E+05 1.253482E+05 2.441300E+04 2.236500E+03 0.000000E+00
2.374000E+00 1.024286E+05 -1.127673E+03 1.603860E+05 5.602749E+01 1.221483E+02 -1.755950E+01 0.000000E+00 -1.755950E+01 1.624365E+05 1.545724E+05 1.242529E+05 2.442966E+04 2.217714E+03 0.000000E+00
2.375000E+00 1.018403E+05 -1.818979E+03 1.601795E+05 5.601149E+01 1.222316E+02 -1.445131E+01 0.000000E+00 -1.445131E+01 1.617497E+05 1.538741E+05 1.231460E+05 2.444632E+04 2.198585E+03 0.000000E+00
2.376000E+00 1.012433E+05 -2.512423E+03 1.599671E+05 5.599860E+01 1.223149E+02 -1.131206E+01 0.000000E+00 -1.131206E+01 1.610523E+05 1.531659E+05 1.220280E+05 2.446298E+04 2.179125E+03 0.000000E+00
2.377000E+00 1.006378E+05 -3.207423E+03 1.597487E+05 5.598887E+01 1.223982E+02 -8.141737E+00 0.000000E+00 -8.141737E+00 1.603440E+05 1.524479E+05 1.208993E+05 2.447964E+04 2.159345E+03 0.000000E+00
2.378000E+00 1.000238E+05 -3.905566E+03 1.595243E+05 5.598233E+01 1.224815E+02 -4.940366E+00 0.000000E+00 -4.940366E+00 1.596249E+05 1.517202E+05 1.197585E+05 2.449630E+04 2.139219E+03 0.000000E+00
2.379000E+00 9.940164E+04 -4.604386E+03 1.592938E+05 5.597900E+01 1.225648E+02 -1.708017E+00 0.000000E+00 -1.708017E+00 1.588950E+05 1.509827E+05 1.186080E+05 2.451296E+04 2.118795E+03 0.000000E+00
2.380000E+00 9.877675E+04 -5.303664E+03 1.590587E+05 5.597857E+01 1.226481E+02 1.162642E-04 0.000000E+00 1.162642E-04 1.583924E+05 1.504576E+05 1.174481E+05 2.452962E+04 2.098090E+03 0.000000E+00
2.381000E+00 9.816045E+04 -6.007945E+03 1.588221E+05 5.597857E+01 1.227314E+02 5.278434E-09 0.000000E+00 5.278434E-09 1.581516E+05 1.501796E+05 1.162741E+05 2.454628E+04 2.077118E+03 0.000000E+00
2.382000E+00 9.755791E+04 -6.717517E+03 1.585859E+05 5.597857E+01 1.228147E+02 2.396427E-13 0.000000E+00 2.396427E-13 1.579111E+05 1.499051E+05 1.150856E+05 2.456294E+04 2.055887E+03 0.000000E+00
2.383000E+00 9.696807E+04 -7.432822E+03 1.583499E+05 5.597857E+01 1.228980E+02 1.087986E-17 0.000000E+00 1.087986E-17 1.576710E+05 1.496347E+05 1.138821E+05 2.457960E+04 2.034387E+03 0.000000E+00
2.384000E+00 9.639008E+04 -8.151194E+03 1.581142E+05 5.597857E+01 1.229813E+02 4.939493E-22 0.000000E+00 4.939493E-22 1.574313E+05 1.493705E+05 1.126660E+05 2.459626E+04 2.012664E+03 0.000000E+00
2.385000E+00 9.582319E+04 -8.871734E+03 1.578788E+05 5.597857E+01 1.230646E+02 2.242547E-26 0.000000E+00 2.242547E-26 1.571919E+05 1.491113E+05 1.114383E+05 2.461292E+04 1.990732E+03 0.000000E+00
2.386000E+00 9.526672E+04 -9.593600E+03 1.576437E+05 5.597857E+01 1.231479E+02 1.018124E-30 0.000000E+00 1.018124E-30 1.569529E+05 1.488571E+05 1.101997E+05 2.462958E+04 1.968604E+03 0.000000E+00
2.387000E+00 9.472003E+04 -1.031650E+04 1.574089E+05 5.597857E+01 1.232312E+02 4.622317E-35 0.000000E+00 4.622317E-35 1.567143E+05 1.486070E+05 1.089503E+05 2.464624E+04 1.946286E+03 0.000000E+00
2.388000E+00 9.418254E+04 -1.103964E+04 1.571744E+05 5.597857E+01 1.233145E+02 2.098548E-39 0.000000E+00 2.098548E-39 1.564760E+05 1.483605E+05 1.076910E+05 2.466290E+04 1.923790E+03 0.000000E+00
2.389000E+00 9.365371E+04 -1.176134E+04 1.569401E+05 5.597857E+01 1.233978E+02 9.527479E-44 0.000000E+00 9.527479E-44 1.562381E+05 1.481172E+05 1.064234E+05 2.467956E+04 1.901146E+03 0.000000E+00
2.390000E+00 9.313306E+04 -1.248076E+04 1.567062E+05 5.597857E+01 1.234811E+02 4.325508E-48 0.000000E+00 4.325508E-48 1.560005E+05 1.478766E+05 1.051484E+05 2.469622E+04 1.878369E+03 0.000000E+00
2.391000E+00 9.262014E+04 -1.319710E+04 1.564725E+05 5.597857E+01 1.235644E+02 1.963795E-52 0.000000E+00 1.963795E-52 1.557633E+05 1.476381E+05 1.038667E+05 2.471288E+04 1.855473E+03 0.000000E+00
2.392000E+00 9.211454E+04 -1.391008E+04 1.562391E+05 5.597857E+01 1.236477E+02 8.915697E-57 0.000000E+00 8.915697E-57 1.555265E+05 1.474016E+05 1.025787E+05 2.472954E+04 1.832464E+03 0.000000E+00
2.393000E+00 9.161590E+04 -1.461842E+04 1.560061E+05 5.597857E+01 1.237310E+02 4.047757E-61 0.000000E+00 4.047757E-61 1.552900E+05 1.471667E+05 1.012857E+05 2.474620E+04 1.809365E+03 0.000000E+00
2.394000E+00 9.112390E+04 -1.532112E+04 1.557733E+05 5.597857E+01 1.238143E+02 1.837696E-65 0.000000E+00 1.837696E-65 1.550538E+05 1.469331E+05 9.998871E+04 2.476286E+04 1.786196E+03 0.000000E+00
2.395000E+00 9.063826E+04 -1.601742E+04 1.555408E+05 5.597857E+01 1.238976E+02 8.343200E-70 0.000000E+00 8.343200E-70 1.548181E+05 1.467008E+05 9.868861E+04 2.477952E+04 1.762971E+03 0.000000E+00
2.396000E+00 9.015874E+04 -1.670660E+04 1.553085E+05 5.597857E+01 1.239809E+02 3.787841E-74 0.000000E+00 3.787841E-74 1.545827E+05 1.464694E+05 9.738618E+04 2.479618E+04 1.739705E+03 0.000000E+00
2.397000E+00 8.968512E+04 -1.738806E+04 1.550766E+05 5.597857E+01 1.240642E+02 1.719693E-78 0.000000E+00 1.719693E-78 1.543476E+05 1.462390E+05 9.608214E+04 2.481284E+04 1.716409E+03 0.000000E+00
2.398000E+00 8.921724E+04 -1.806080E+04 1.548450E+05 5.597857E+01 1.241475E+02 7.807464E-83 0.000000E+00 7.807464E-83 1.541129E+05 1.460095E+05 9.477759E+04 2.482950E+04 1.693105E+03 0.000000E+00
2.399000E+00 8.875496E+04 -1.872415E+04 1.546136E+05 5.597857E+01 1.242308E+02 3.544615E-87 0.000000E+00 3.544615E-87 1.538785E+05 1.457808E+05 9.347332E+04 2.484616E+04 1.669806E+03 0.000000E+00
2.400000E+00 8.829816E+04 -1.937747E+04 1.543826E+05 5.597857E+01 1.243141E+02 1.609268E-91 0.000000E+00 1.609268E-91 1.536446E+05 1.455528E+05 9.217012E+04 2.486282E+04 1.646525E+03 0.000000E+00
2.401000E+00 8.784676E+04 -2.002004E+04 1.541519E+05 5.597857E+01 1.243974E+02 7.306129E-96 0.000000E+00 7.306129E-96 1.534109E+05 1.453256E+05 9.086885E+04 2.487948E+04 1.623279E+03 0.000000E+00
2.402000E+00 8.740072E+04 -2.065097E+04 1.539214E+05 5.597857E+01 1.244807E+02 0.000000E+00 0.000000E+00 0.000000E+00 1.531776E+05 1.450992E+05 8.957056E+04 2.489614E+04 1.600087E+03 0.000000E+00
2.403000E+00 8.696000E+04 -2.126991E+04 1.536912E+05 5.597857E+01 1.245640E+02 0.000000E+00 0.000000E+00 0.000000E+00 1.529447E+05 1.448736E+05 8.827578E+04 2.491280E+04 1.576957E+03 0.000000E+00
2.404000E+00 8.652460E+04 -2.187633E+04 1.534614E+05 5.597857E+01 1.246473E+02 0.000000E+00 0.000000E+00 0.000000E+00 1.527121E+05 1.446489E+05 8.698521E+04 2.492946E+04 1.553902E+03 0.000000E+00
2.405000E+00 8.609452E+04 -2.246971E+04 1.532318E+05 5.597857E+01 1.247306E+02 0.000000E+00 0.000000E+00 0.000000E+00 1.524799E+05 1.444252E+05 8.569958E+04 2.494612E+04 1.530935E+03 0.000000E+00
2.406000E+00 8.566980E+04 -2.304903E+04 1.530025E+05 5.597857E+01 1.248139E+02 0.000000E+00 0.000000E+00 0.000000E+00 1.522480E+05 1.442024E+05 8.442008E+04 2.496278E+04 1.508079E+03 0.000000E+00
2.407000E+00 8.525050E+04 -2.361382E+04 1.527735E+05 5.597857E+01 1.248972E+02 0.000000E+00 0.000000E+00 0.000000E+00 1.520165E+05 1.439807E+05 8.314740E+04 2.497944E+04 1.485343E+03 0.000000E+00
2.408000E+00 8.483667E+04 -2.416406E+04 1.525448E+05 5.597857E+01 1.249805E+02 0.000000E+00 0.000000E+00 0.000000E+00 1.517853E+05 1.437601E+05 8.188179E+04 2.499610E+04 1.462735E+03 0.000000E+00
2.409000E+00 8.442838E+04 -2.469932E+04 1.523165E+05 5.597857E+01 1.250638E+02 0.000000E+00 0.000000E+00 0.000000E+00 1.515545E+05 1.435407E+05 8.062389E+04 2.501276E+04 1.440263E+03 0.000000E+00
2.410000E+00 8.402573E+04 -2.521925E+04 1.520884E+05 5.597857E+01 1.251471E+02 0.000000E+00 0.000000E+00 0.000000E+00 1.513240E+05 1.433226E+05 7.937428E+04 2.502942E+04 1.417940E+03 0.000000E+00
2.411000E+00 8.362880E+04 -2.572231E+04 1.518606E+05 5.597857E+01 1.252304E+02 0.000000E+00 0.000000E+00 0.000000E+00 1.510939E+05 1.431058E+05 7.813474E+04 2.504608E+04 1.395797E+03 0.000000E+00
2.412000E+00 8.323771E+04 -2.620904E+04 1.516331E+05 5.597857E+01 1.253137E+02 0.000000E+00 0.000000E+00 0.000000E+00 1.508641E+05 1.428905E+05 7.690497E+04 2.506274E+04 1.373829E+03 0.000000E+00
2.413000E+00 8.285255E+04 -2.667939E+04 1.514059E+05 5.597857E+01 1.253970E+02 0.000000E+00 0.000000E+00 0.000000E+00 1.506347E+05 1.426766E+05 7.568527E+04 2.507940E+04 1.352040E+03 0.000000E+00
2.414000E+00 8.247345E+04 -2.713308E+04 1.511789E+05 5.597857E+01 1.254803E+02 0.000000E+00 0.000000E+00 0.000000E+00 1.504056E+05 1.424643E+05 7.447616E+04 2.509606E+04 1.330441E+03 0.000000E+00
2.415000E+00 8.210050E+04 -2.756967E+04 1.509523E+05 5.597857E+01 1.255636E+02 0.000000E+00 0.000000E+00 0.000000E+00 1.501769E+05 1.422536E+05 7.327835E+04 2.511272E+04 1.309043E+03 0.000000E+00
2.416000E+00 8.173383E+04 -2.798768E+04 1.507260E+05 5.597857E+01 1.256469E+02 0.000000E+00 0.000000E+00 0.000000E+00 1.499486E+05 1.420446E+05 7.209359E+04 2.512938E+04 1.287878E+03 0.000000E+00
2.417000E+00 8.137355E+04 -2.838836E+04 1.505000E+05 5.597857E+01 1.257302E+02 0.000000E+00 0.000000E+00 0.000000E+00 1.497206E+05 1.418373E+05 7.092085E+04 2.514604E+04 1.266929E+03 0.000000E+00
2.418000E+00 8.101978E+04 -2.877161E+04 1.502743E+05 5.597857E+01 1.258135E+02 0.000000E+00 0.000000E+00 0.000000E+00 1.494930E+05 1.416317E+05 6.976053E+04 2.516270E+04 1.246201E+03 0.000000E+00
2.419000E+00 8.067262E+04 -2.913731E+04 1.500489E+05 5.597857E+01 1.258968E+02 0.000000E+00 0.000000E+00 0.000000E+00 1.492657E+05 1.414279E+05 6.861300E+04 2.517936E+04 1.225701E+03 0.000000E+00
2.420000E+00 8.033218E+04 -2.948456E+04 1.498238E+05 5.597857E+01 1.259801E+02 0.000000E+00 0.000000E+00 0.000000E+00 1.490388E+05 1.412260E+05 6.747946E+04 2.519602E+04 1.205452E+03 0.000000E+00
2.421000E+00 7.999857E+04 -2.981295E+04 1.495990E+05 5.597857E+01 1.260634E+02 0.000000E+00 0.000000E+00 0.000000E+00 1.488123E+05 1.410259E+05 6.636055E+04 2.521268E+04 1.185463E+03 0.000000E+00
2.422000E+00 7.967187E+04 -3.012359E+04 1.493744E+05 5.597857E+01 1.261467E+02 0.000000E+00 0.000000E+00 0.000000E+00 1.485861E+05 1.408277E+05 6.525543E+04 2.522934E+04 1.165722E+03 0.000000E+00
2.423000E+00 7.935220E+04 -3.041652E+04 1.491502E+05 5.597857E+01 1.262300E+02 0.000000E+00 0.000000E+00 0.000000E+00 1.483603E+05 1.406313E+05 6.416436E+04 2.524600E+04 1.146231E+03 0.000000E+00
2.424000E+00 7.903961E+04 -3.069176E+04 1.489263E+05 5.597857E+01 1.263133E+02 0.000000E+00 0.000000E+00 0.000000E+00 1.481349E+05 1.404369E+05 6.308755E+04 2.526266E+04 1.126995E+03 0.000000E+00
2.425000E+00 7.873419E+04 -3.094783E+04 1.487027E+05 5.597857E+01 1.263966E+02 0.000000E+00 0.000000E+00 0.000000E+00 1.479098E+05 1.402443E+05 6.202679E+04 2.527932E+04 1.108045E+03 0.000000E+00
2.426000E+00 7.843602E+04 -3.118572E+04 1.484794E+05 5.597857E+01 1.264799E+02 0.000000E+00 0.000000E+00 0.000000E+00 1.476851E+05 1.400536E+05 6.098133E+04 2.529598E+04 1.089369E+03 0.000000E+00
2.427000E+00 7.814515E+04 -3.140614E+04 1.482564E+05 5.597857E+01 1.265632E+02 0.000000E+00 0.000000E+00 0.000000E+00 1.474608E+05 1.398647E+05 5.995072E+04 2.531264E+04 1.070958E+03 0.000000E+00
2.428000E+00 7.786163E+04 -3.160928E+04 1.480337E+05 5.597857E+01 1.266465E+02 0.000000E+00 0.000000E+00 0.000000E+00 1.472368E+05 1.396777E+05 5.893506E+04 2.532930E+04 1.052815E+03 0.000000E+00
2.429000E+00 7.758549E+04 -3.179524E+04 1.478113E+05 5.597857E+01 1.267298E+02 0.000000E+00 0.000000E+00 0.000000E+00 1.470133E+05 1.394925E+05 5.793447E+04 2.534596E+04 1.034940E+03 0.000000E+00
2.430000E+00 7.731678E+04 -3.196201E+04 1.475892E+05 5.597857E+01 1.268131E+02 0.000000E+00 0.000000E+00 0.000000E+00 1.467901E+05 1.393092E+05 5.695126E+04 2.536262E+04 1.017376E+03 0.000000E+00
2.431000E+00 7.705552E+04 -3.211200E+04 1.473674E+05 5.597857E+01 1.268964E+02 0.000000E+00 0.000000E+00 0.000000E+00 1.465672E+05 1.391275E+05 5.598325E+04 2.537928E+04 1.000084E+03 0.000000E+00
2.432000E+00 7.680172E+04 -3.224544E+04 1.471459E+05 5.597857E+01 1.269797E+02 0.000000E+00 0.000000E+00 0.000000E+00 1.463448E+05 1.389476E+05 5.503046E+04 2.539594E+04 9.830630E+02 0.000000E+00
2.433000E+00 7.655537E+04 -3.236260E+04 1.469247E+05 5.597857E+01 1.270630E+02 0.000000E+00 0.000000E+00 0.000000E+00 1.461227E+05 1.387694E+05 5.409289E+04 2.541260E+04 9.663143E+02 0.000000E+00
2.434000E+00 7.631648E+04 -3.246307E+04 1.467038E+05 5.597857E+01 1.271463E+02 0.000000E+00 0.000000E+00 0.000000E+00 1.459011E+05 1.385928E+05 5.317116E+04 2.542926E+04 9.498485E+02 0.000000E+00
2.435000E+00 7.608502E+04 -3.254617E+04 1.464833E+05 5.597857E+01 1.272296E+02 0.000000E+00 0.000000E+00 0.000000E+00 1.456798E+05 1.384177E+05 5.226620E+04 2.544592E+04 9.336823E+02 0.000000E+00
2.436000E+00 7.586097E+04 -3.261383E+04 1.462630E+05 5.597857E+01 1.273129E+02 0.000000E+00 0.000000E+00 0.000000E+00 1.454589E+05 1.382442E+05 5.137633E+04 2.546258E+04 9.177857E+02 0.000000E+00
2.437000E+00 7.564429E+04 -3.266634E+04 1.460431E+05 5.597857E+01 1.273962E+02 0.000000E+00 0.000000E+00 0.000000E+00 1.452383E+05 1.380722E+05 5.050146E+04 2.547924E+04 9.021571E+02 0.000000E+00
2.438000E+00 7.543494E+04 -3.270404E+04 1.458234E+05 5.597857E+01 1.274795E+02 0.000000E+00 0.000000E+00 0.000000E+00 1.450182E+05 1.379015E+05 4.964151E+04 2.549590E+04 8.867948E+02 0.000000E+00
2.439000E+00 7.523285E+04 -3.272600E+04 1.456041E+05 5.597857E+01 1.275628E+02 0.000000E+00 0.000000E+00 0.000000E+00 1.447984E+05 1.377322E+05 4.879760E+04 2.551256E+04 8.717192E+02 0.000000E+00
2.440000E+00 7.503797E+04 -3.273289E+04 1.453851E+05 5.597857E+01 1.276461E+02 0.000000E+00 0.000000E+00 0.000000E+00 1.445790E+05 1.375642E+05 4.796926E+04 2.552922E+04 8.569219E+02 0.000000E+00
2.441000E+00 7.485022E+04 -3.272605E+04 1.451663E+05 5.597857E+01 1.277294E+02 0.000000E+00 0.000000E+00 0.000000E+00 1.443601E+05 1.373975E+05 4.715541E+04 2.554588E+04 8.423832E+02 0.000000E+00
2.442000E+00 7.466951E+04 -3.270579E+04 1.449479E+05 5.597857E+01 1.278127E+02 0.000000E+00 0.000000E+00 0.000000E+00 1.441415E+05 1.372318E+05 4.635588E+04 2.556254E+04 8.281005E+02 0.000000E+00
2.443000E+00 7.449576E+04 -3.267252E+04 1.447298E+05 5.597857E+01 1.278960E+02 0.000000E+00 0.000000E+00 0.000000E+00 1.439232E+05 1.370673E+05 4.557051E+04 2.557920E+04 8.140706E+02 0.000000E+00
2.444000E+00 7.432887E+04 -3.262483E+04 1.445120E+05 5.597857E+01 1.279793E+02 0.000000E+00 0.000000E+00 0.000000E+00 1.437054E+05 1.369037E+05 4.480086E+04 2.559586E+04 8.003216E+02 0.000000E+00
2.445000E+00 7.416874E+04 -3.256461E+04 1.442946E+05 5.597857E+01 1.280626E+02 0.000000E+00 0.000000E+00 0.000000E+00 1.434880E+05 1.367411E+05 4.404523E+04 2.561252E+04 7.868230E+02 0.000000E+00
2.446000E+00 7.401525E+04 -3.249257E+04 1.440774E+05 5.597857E+01 1.281459E+02 0.000000E+00 0.000000E+00 0.000000E+00 1.432709E+05 1.365794E+05 4.330311E+04 2.562918E+04 7.735659E+02 0.000000E+00
2.447000E+00 7.386827E+04 -3.240906E+04 1.438606E+05 5.597857E+01 1.282292E+02 0.000000E+00 0.000000E+00 0.000000E+00 1.430543E+05 1.364185E+05 4.257430E+04 2.564584E+04 7.605464E+02 0.000000E+00
2.448000E+00 7.372770E+04 -3.231422E+04 1.436440E+05 5.597857E+01 1.283125E+02 0.000000E+00 0.000000E+00 0.000000E+00 1.428380E+05 1.362583E+05 4.185884E+04 2.566250E+04 7.477655E+02 0.000000E+00
2.449000E+00 7.359339E+04 -3.220710E+04 1.434278E+05 5.597857E+01 1.283958E+02 0.000000E+00 0.000000E+00 0.000000E+00 1.426221E+05 1.360988E+05 4.115784E+04 2.567916E+04 7.352427E+02 0.000000E+00
2.450000E+00 7.346521E+04 -3.208973E+04 1.432119E+05 5.597857E+01 1.284791E+02 0.000000E+00 0.000000E+00 0.000000E+00 1.424066E+05 1.359399E+05 4.046939E+04 2.569582E+04 7.229443E+02 0.000000E+00
2.451000E+00 7.334302E+04 -3.196252E+04 1.429963E+05 5.597857E+01 1.285624E+02 0.000000E+00 0.000000E+00 0.000000E+00 1.421914E+05 1.357816E+05 3.979326E+04 2.571248E+04 7.108660E+02 0.000000E+00
2.452000E+00 7.322668E+04 -3.182584E+04 1.427810E+05 5.597857E+01 1.286457E+02 0.000000E+00 0.000000E+00 0.000000E+00 1.419767E+05 1.356237E+05 3.912921E+04 2.572914E+04 6.990035E+02 0.000000E+00
2.453000E+00 7.311602E+04 -3.167935E+04 1.425661E+05 5.597857E+01 1.287290E+02 0.000000E+00 0.000000E+00 0.000000E+00 1.417624E+05 1.354662E+05 3.847774E+04 2.574580E+04 6.873655E+02 0.000000E+00
2.454000E+00 7.301092E+04 -3.152320E+04 1.423514E+05 5.597857E+01 1.288123E+02 0.000000E+00 0.000000E+00 0.000000E+00 1.415484E+05 1.353091E+05 3.783878E+04 2.576246E+04 6.759513E+02 0.000000E+00
2.455000E+00 7.291121E+04 -3.135877E+04 1.421371E+05 5.597857E+01 1.288956E+02 0.000000E+00 0.000000E+00 0.000000E+00 1.413348E+05 1.351523E+05 3.721111E+04 2.577912E+04 6.647385E+02 0.000000E+00
2.456000E+00 7.281672E+04 -3.118644E+04 1.419231E+05 5.597857E+01 1.289789E+02 0.000000E+00 0.000000E+00 0.000000E+00 1.411216E+05 1.349957E+05 3.659447E+04 2.579578E+04 6.537228E+02 0.000000E+00
2.457000E+00 7.272731E+04 -3.100653E+04 1.417094E+05 5.597857E+01 1.290622E+02 0.000000E+00 0.000000E+00 0.000000E+00 1.409088E+05 1.348393E+05 3.598861E+04 2.581244E+04 6.428998E+02 0.000000E+00
2.458000E+00 7.264281E+04 -3.081834E+04 1.414960E+05 5.597857E+01 1.291455E+02 0.000000E+00 0.000000E+00 0.000000E+00 1.406963E+05 1.346830E+05 3.539439E+04 2.582910E+04 6.322847E+02 0.000000E+00
2.459000E+00 7.256307E+04 -3.062289E+04 1.412830E+05 5.597857E+01 1.292288E+02 0.000000E+00 0.000000E+00 0.000000E+00 1.404842E+05 1.345268E+05 3.481086E+04 2.584576E+04 6.218605E+02 0.000000E+00
2.460000E+00 7.248792E+04 -3.042096E+04 1.410703E+05 5.597857E+01 1.293121E+02 0.000000E+00 0.000000E+00 0.000000E+00 1.402725E+05 1.343706E+05 3.423733E+04 2.586242E+04 6.116150E+02 0.000000E+00
2.461000E+00 7.241720E+04 -3.021289E+04 1.408578E+05 5.597857E+01 1.293954E+02 0.000000E+00 0.000000E+00 0.000000E+00 1.400612E+05 1.342144E+05 3.367358E+04 2.587908E+04 6.015441E+02 0.000000E+00
2.462000E+00 7.235074E+04 -2.999897E+04 1.406457E+05 5.597857E+01 1.294787E+02 0.000000E+00 0.000000E+00 0.000000E+00 1.398503E+05 1.340582E+05 3.311937E+04 2.589574E+04 5.916437E+02 0.000000E+00
2.463000E+00 7.228839E+04 -2.977817E+04 1.404340E+05 5.597857E+01 1.295620E+02 0.000000E+00 0.000000E+00 0.000000E+00 1.396397E+05 1.339018E+05 3.257583E+04 2.591240E+04 5.819340E+02 0.000000E+00
2.464000E+00 7.223000E+04 -2.955219E+04 1.402225E+05 5.597857E+01 1.296453E+02 0.000000E+00 0.000000E+00 0.000000E+00 1.394295E+05 1.337453E+05 3.204135E+04 2.592906E+04 5.723860E+02 0.000000E+00
2.465000E+00 7.217539E+04 -2.932130E+04 1.400113E+05 5.597857E+01 1.297286E+02 0.000000E+00 0.000000E+00 0.000000E+00 1.392197E+05 1.335887E+05 3.151571E+04 2.594572E+04 5.629960E+02 0.000000E+00
2.466000E+00 7.212442E+04 -2.908578E+04 1.398005E+05 5.597857E+01 1.298119E+02 0.000000E+00 0.000000E+00 0.000000E+00 1.390102E+05 1.334318E+05 3.099871E+04 2.596238E+04 5.537603E+02 0.000000E+00
2.467000E+00 7.207694E+04 -2.884554E+04 1.395900E+05 5.597857E+01 1.298952E+02 0.000000E+00 0.000000E+00 0.000000E+00 1.388011E+05 1.332747E+05 3.049050E+04 2.597904E+04 5.446817E+02 0.000000E+00
2.468000E+00 7.203278E+04 -2.860031E+04 1.393798E+05 5.597857E+01 1.299785E+02 0.000000E+00 0.000000E+00 0.000000E+00 1.385924E+05 1.331174E+05 2.999140E+04 2.599570E+04 5.357657E+02 0.000000E+00
2.469000E+00 7.199182E+04 -2.835125E+04 1.391700E+05 5.597857E+01 1.300618E+02 0.000000E+00 0.000000E+00 0.000000E+00 1.383841E+05 1.329598E+05 2.950032E+04 2.601236E+04 5.269932E+02 0.000000E+00
2.470000E+00 7.195390E+04 -2.809855E+04 1.389604E+05 5.597857E+01 1.301451E+02 0.000000E+00 0.000000E+00 0.000000E+00 1.381761E+05 1.328018E+05 2.901712E+04 2.602902E+04 5.183612E+02 0.000000E+00
2.471000E+00 7.191887E+04 -2.784246E+04 1.387512E+05 5.597857E+01 1.302284E+02 0.000000E+00 0.000000E+00 0.000000E+00 1.379684E+05 1.326436E+05 2.854161E+04 2.604568E+04 5.098667E+02 0.000000E+00
2.472000E+00 7.188661E+04 -2.758251E+04 1.385423E+05 5.597857E+01 1.303117E+02 0.000000E+00 0.000000E+00 0.000000E+00 1.377612E+05 1.324850E+05 2.807428E+04 2.606234E+04 5.015183E+02 0.000000E+00
2.473000E+00 7.185698E+04 -2.731910E+04 1.383337E+05 5.597857E+01 1.303950E+02 0.000000E+00 0.000000E+00 0.000000E+00 1.375543E+05 1.323261E+05 2.761480E+04 2.607900E+04 4.933101E+02 0.000000E+00
2.474000E+00 7.182985E+04 -2.705288E+04 1.381255E+05 5.597857E+01 1.304783E+02 0.000000E+00 0.000000E+00 0.000000E+00 1.373477E+05 1.321669E+05 2.716255E+04 2.609566E+04 4.852312E+02 0.000000E+00
2.475000E+00 7.180510E+04 -2.678400E+04 1.379175E+05 5.597857E+01 1.305616E+02 0.000000E+00 0.000000E+00 0.000000E+00 1.371415E+05 1.320073E+05 2.671741E+04 2.611232E+04 4.772792E+02 0.000000E+00
2.476000E+00 7.178261E+04 -2.651263E+04 1.377099E+05 5.597857E+01 1.306449E+02 0.000000E+00 0.000000E+00 0.000000E+00 1.369357E+05 1.318473E+05 2.627926E+04 2.612898E+04 4.694522E+02 0.000000E+00
2.477000E+00 7.176225E+04 -2.623804E+04 1.375026E+05 5.597859E+01 1.307282E+02 0.000000E+00 -9.874273E-02 0.000000E+00 1.367302E+05 1.316870E+05 2.584888E+04 2.614563E+04 4.617636E+02 0.000000E+00
2.478000E+00 7.174393E+04 -2.596096E+04 1.372957E+05 5.597891E+01 1.308111E+02 0.000000E+00 -6.145222E-01 0.000000E+00 1.365250E+05 1.315263E+05 2.542553E+04 2.616223E+04 4.541984E+02 0.000000E+00
2.479000E+00 7.172755E+04 -2.568149E+04 1.370890E+05 5.597996E+01 1.308934E+02 0.000000E+00 -1.563109E+00 0.000000E+00 1.363202E+05 1.313653E+05 2.500918E+04 2.617868E+04 4.467524E+02 0.000000E+00
2.480000E+00 7.171300E+04 -2.539957E+04 1.368827E+05 5.598218E+01 1.309745E+02 0.000000E+00 -2.934958E+00 0.000000E+00 1.361158E+05 1.312040E+05 2.459992E+04 2.619489E+04 4.394241E+02 0.000000E+00
2.481000E+00 7.170022E+04 -2.511501E+04 1.366766E+05 5.598597E+01 1.310540E+02 0.000000E+00 -4.720409E+00 0.000000E+00 1.359117E+05 1.310423E+05 2.419796E+04 2.621080E+04 4.322146E+02 0.000000E+00
2.482000E+00 7.168914E+04 -2.482712E+04 1.364709E+05 5.599175E+01 1.311315E+02 0.000000E+00 -6.909586E+00 0.000000E+00 1.357079E+05 1.308803E+05 2.380405E+04 2.622630E+04 4.251350E+02 0.000000E+00
2.483000E+00 7.167968E+04 -2.453666E+04 1.362656E+05 5.599992E+01 1.312066E+02 0.000000E+00 -9.492562E+00 0.000000E+00 1.355045E+05 1.307181E+05 2.341745E+04 2.624133E+04 4.181693E+02 0.000000E+00
2.484000E+00 7.167180E+04 -2.424364E+04 1.360605E+05 5.601087E+01 1.312790E+02 0.000000E+00 -1.245938E+01 0.000000E+00 1.353015E+05 1.305556E+05 2.303820E+04 2.625580E+04 4.113167E+02 0.000000E+00
2.485000E+00 7.166543E+04 -2.394802E+04 1.358558E+05 5.602497E+01 1.313482E+02 0.000000E+00 -1.580000E+01 0.000000E+00 1.350987E+05 1.303930E+05 2.266638E+04 2.626964E+04 4.045763E+02 0.000000E+00
2.486000E+00 7.166054E+04 -2.364940E+04 1.356514E+05 5.604259E+01 1.314139E+02 0.000000E+00 -1.950429E+01 0.000000E+00 1.348964E+05 1.302301E+05 2.230242E+04 2.628277E+04 3.979548E+02 0.000000E+00
2.487000E+00 7.165708E+04 -2.334765E+04 1.354473E+05 5.606409E+01 1.314757E+02 0.000000E+00 -2.356194E+01 0.000000E+00 1.346943E+05 1.300672E+05 2.194649E+04 2.629513E+04 3.914536E+02 0.000000E+00
2.488000E+00 7.165503E+04 -2.304330E+04 1.352435E+05 5.608983E+01 1.315332E+02 0.000000E+00 -2.796268E+01 0.000000E+00 1.344926E+05 1.299041E+05 2.159812E+04 2.630665E+04 3.850630E+02 0.000000E+00
2.489000E+00 7.165435E+04 -2.273635E+04 1.350400E+05 5.612013E+01 1.315862E+02 0.000000E+00 -3.269622E+01 0.000000E+00 1.342913E+05 1.297409E+05 2.125733E+04 2.631724E+04 3.787826E+02 0.000000E+00
2.490000E+00 7.165501E+04 -2.242680E+04 1.348369E+05 5.615533E+01 1.316343E+02 0.000000E+00 -3.775221E+01 0.000000E+00 1.340902E+05 1.295777E+05 2.092416E+04 2.632687E+04 3.726122E+02 0.000000E+00
2.491000E+00 7.165699E+04 -2.211403E+04 1.346341E+05 5.619574E+01 1.316772E+02 0.000000E+00 -4.312021E+01 0.000000E+00 1.338895E+05 1.294144E+05 2.059928E+04 2.633544E+04 3.665631E+02 0.000000E+00
2.492000E+00 7.166026E+04 -2.179844E+04 1.344316E+05 5.624167E+01 1.317146E+02 0.000000E+00 -4.878970E+01 0.000000E+00 1.336892E+05 1.292512E+05 2.028234E+04 2.634292E+04 3.606283E+02 0.000000E+00
2.493000E+00 7.166482E+04 -2.148030E+04 1.342294E+05 5.629341E+01 1.317461E+02 0.000000E+00 -5.475022E+01 0.000000E+00 1.334892E+05 1.290879E+05 1.997308E+04 2.634923E+04 3.548031E+02 0.000000E+00
2.494000E+00 7.167063E+04 -2.115966E+04 1.340275E+05 5.635126E+01 1.317716E+02 0.000000E+00 -6.099129E+01 0.000000E+00 1.332895E+05 1.289248E+05 1.967151E+04 2.635432E+04 3.490874E+02 0.000000E+00
2.495000E+00 7.167769E+04 -2.083652E+04 1.338260E+05 5.641549E+01 1.317907E+02 0.000000E+00 -6.750242E+01 0.000000E+00 1.330901E+05 1.287617E+05 1.937766E+04 2.635813E+04 3.434812E+02 0.000000E+00
2.496000E+00 7.168599E+04 -2.051002E+04 1.336247E+05 5.648635E+01 1.318031E+02 0.000000E+00 -7.427303E+01 0.000000E+00 1.328911E+05 1.285987E+05 1.909245E+04 2.636062E+04 3.380011E+02 0.000000E+00
2.497000E+00 7.169550E+04 -2.018109E+04 1.334238E+05 5.656411E+01 1.318086E+02 0.000000E+00 -8.129254E+01 0.000000E+00 1.326924E+05 1.284358E+05 1.881496E+04 2.636173E+04 3.326306E+02 0.000000E+00
2.498000E+00 7.170622E+04 -1.984978E+04 1.332232E+05 5.664902E+01 1.318070E+02 0.000000E+00 -8.855043E+01 0.000000E+00 1.324940E+05 1.282730E+05 1.854519E+04 2.636141E+04 3.273700E+02 0.000000E+00
2.499000E+00 7.171814E+04 -1.951612E+04 1.330229E+05 5.674129E+01 1.317981E+02 0.000000E+00 -9.603620E+01 0.000000E+00 1.322960E+05 1.281104E+05 1.828314E+04 2.635961E+04 3.222193E+02 0.000000E+00
2.500000E+00 7.173124E+04 -1.917991E+04 1.328230E+05 5.684116E+01 1.317815E+02 0.000000E+00 -1.037394E+02 0.000000E+00 1.320983E+05 1.279480E+05 1.802907E+04 2.635630E+04 3.171834E+02 0.000000E+00
2.501000E+00 7.174551E+04 -1.884077E+04 1.326233E+05 5.694884E+01 1.317571E+02 0.000000E+00 -1.116493E+02 0.000000E+00 1.319009E+05 1.277857E+05 1.778337E+04 2.635142E+04 3.122692E+02 0.000000E+00
2.502000E+00 7.176095E+04 -1.849943E+04 1.324240E+05 5.706453E+01 1.317247E+02 0.000000E+00 -1.197556E+02 0.000000E+00 1.317039E+05 1.276237E+05 1.754536E+04 2.634495E+04 3.074652E+02 0.000000E+00
2.503000E+00 7.177754E+04 -1.815593E+04 1.322249E+05 5.718841E+01 1.316841E+02 0.000000E+00 -1.280478E+02 0.000000E+00 1.315071E+05 1.274618E+05 1.731501E+04 2.633683E+04 3.027714E+02 0.000000E+00
2.504000E+00 7.179528E+04 -1.781033E+04 1.320262E+05 5.732068E+01 1.316352E+02 0.000000E+00 -1.365155E+02 0.000000E+00 1.313107E+05 1.273001E+05 1.709232E+04 2.632703E+04 2.981877E+02 0.000000E+00
2.505000E+00 7.181414E+04 -1.746216E+04 1.318278E+05 5.746150E+01 1.315777E+02 0.000000E+00 -1.451483E+02 0.000000E+00 1.311147E+05 1.271387E+05 1.687779E+04 2.631553E+04 2.937235E+02 0.000000E+00
2.506000E+00 7.183412E+04 -1.711160E+04 1.316298E+05 5.761103E+01 1.315114E+02 0.000000E+00 -1.539358E+02 0.000000E+00 1.309189E+05 1.269775E+05 1.667127E+04 2.630229E+04 2.893763E+02 0.000000E+00
2.507000E+00 7.185521E+04 -1.675913E+04 1.314320E+05 5.776942E+01 1.314363E+02 0.000000E+00 -1.628678E+02 0.000000E+00 1.307235E+05 1.268164E+05 1.647231E+04 2.628727E+04 2.851389E+02 0.000000E+00
2.508000E+00 7.187739E+04 -1.640479E+04 1.312346E+05 5.793681E+01 1.313522E+02 0.000000E+00 -1.719340E+02 0.000000E+00 1.305284E+05 1.266557E+05 1.628088E+04 2.627045E+04 2.810110E+02 0.000000E+00
2.509000E+00 7.190065E+04 -1.604868E+04 1.310374E+05 5.811333E+01 1.312590E+02 0.000000E+00 -1.811243E+02 0.000000E+00 1.303337E+05 1.264951E+05 1.609694E+04 2.625181E+04 2.769922E+02 0.000000E+00
2.510000E+00 7.192497E+04 -1.569004E+04 1.308406E+05 5.829910E+01 1.311566E+02 0.000000E+00 -1.904285E+02 0.000000E+00 1.301392E+05 1.263348E+05 1.592126E+04 2.623131E+04 2.730961E+02 0.000000E+00
2.511000E+00 7.195034E+04 -1.532961E+04 1.306441E+05 5.849422E+01 1.310447E+02 0.000000E+00 -1.998367E+02 0.000000E+00 1.299451E+05 1.261747E+05 1.575311E+04 2.620895E+04 2.693106E+02 0.000000E+00
2.512000E+00 7.197673E+04 -1.496763E+04 1.304479E+05 5.869880E+01 1.309235E+02 0.000000E+00 -2.093388E+02 0.000000E+00 1.297513E+05 1.260148E+05 1.559232E+04 2.618469E+04 2.656326E+02 0.000000E+00
2.513000E+00 7.200414E+04 -1.460416E+04 1.302520E+05 5.891293E+01 1.307926E+02 0.000000E+00 -2.189251E+02 0.000000E+00 1.295578E+05 1.258551E+05 1.543882E+04 2.615853E+04 2.620617E+02 0.000000E+00
2.514000E+00 7.203254E+04 -1.423914E+04 1.300564E+05 5.913667E+01 1.306522E+02 0.000000E+00 -2.285857E+02 0.000000E+00 1.293647E+05 1.256957E+05 1.529270E+04 2.613044E+04 2.585993E+02 0.000000E+00
2.515000E+00 7.206191E+04 -1.387201E+04 1.298612E+05 5.937012E+01 1.305020E+02 0.000000E+00 -2.383109E+02 0.000000E+00 1.291719E+05 1.255365E+05 1.515455E+04 2.610041E+04 2.552555E+02 0.000000E+00
2.516000E+00 7.209223E+04 -1.350364E+04 1.296662E+05 5.961331E+01 1.303421E+02 0.000000E+00 -2.480912E+02 0.000000E+00 1.289793E+05 1.253775E+05 1.502351E+04 2.606843E+04 2.520160E+02 0.000000E+00
2.517000E+00 7.212348E+04 -1.313413E+04 1.294716E+05 5.986632E+01 1.301724E+02 0.000000E+00 -2.579170E+02 0.000000E+00 1.287871E+05 1.252187E+05 1.489951E+04 2.603449E+04 2.488796E+02 0.000000E+00
2.518000E+00 7.215563E+04 -1.276356E+04 1.292773E+05 6.012916E+01 1.299929E+02 0.000000E+00 -2.677791E+02 0.000000E+00 1.285953E+05 1.250601E+05 1.478247E+04 2.599858E+04 2.458453E+02 0.000000E+00
2.519000E+00 7.218866E+04 -1.239165E+04 1.290832E+05 6.040188E+01 1.298035E+02 0.000000E+00 -2.776681E+02 0.000000E+00 1.284037E+05 1.249017E+05 1.467271E+04 2.596069E+04 2.429182E+02 0.000000E+00
2.520000E+00 7.222254E+04 -1.201836E+04 1.288895E+05 6.068450E+01 1.296042E+02 0.000000E+00 -2.875750E+02 0.000000E+00 1.282125E+05 1.247434E+05 1.457027E+04 2.592083E+04 2.400987E+02 0.000000E+00
2.521000E+00 7.225724E+04 -1.164431E+04 1.286961E+05 6.097704E+01 1.293949E+02 0.000000E+00 -2.974907E+02 0.000000E+00 1.280216E+05 1.245853E+05 1.447454E+04 2.587898E+04 2.373769E+02 0.000000E+00
2.522000E+00 7.229273E+04 -1.126960E+04 1.285030E+05 6.127948E+01 1.291758E+02 0.000000E+00 -3.074064E+02 0.000000E+00 1.278310E+05 1.244274E+05 1.438543E+04 2.583515E+04 2.347512E+02 0.000000E+00
2.523000E+00 7.232898E+04 -1.089434E+04 1.283102E+05 6.159185E+01 1.289467E+02 0.000000E+00 -3.173133E+02 0.000000E+00 1.276407E+05 1.242697E+05 1.430286E+04 2.578934E+04 2.322200E+02 0.000000E+00
2.524000E+00 7.236596E+04 -1.051802E+04 1.281178E+05 6.191411E+01 1.287077E+02 0.000000E+00 -3.272030E+02 0.000000E+00 1.274507E+05 1.241121E+05 1.422732E+04 2.574155E+04 2.297912E+02 0.000000E+00
2.525000E+00 7.240364E+04 -1.014114E+04 1.279256E+05 6.224624E+01 1.284589E+02 0.000000E+00 -3.370668E+02 0.000000E+00 1.272611E+05 1.239546E+05 1.415834E+04 2.569178E+04 2.274570E+02 0.000000E+00
2.526000E+00 7.244198E+04 -9.764039E+03 1.277338E+05 6.258823E+01 1.282002E+02 0.000000E+00 -3.468967E+02 0.000000E+00 1.270718E+05 1.237972E+05 1.409557E+04 2.564005E+04 2.252113E+02 0.000000E+00
2.527000E+00 7.248095E+04 -9.386839E+03 1.275422E+05 6.294002E+01 1.279317E+02 0.000000E+00 -3.566844E+02 0.000000E+00 1.268827E+05 1.236400E+05 1.403891E+04 2.558635E+04 2.230522E+02 0.000000E+00
2.528000E+00 7.252050E+04 -9.009641E+03 1.273510E+05 6.330158E+01 1.276535E+02 0.000000E+00 -3.664221E+02 0.000000E+00 1.266940E+05 1.234828E+05 1.398824E+04 2.553069E+04 2.209777E+02 0.000000E+00
2.529000E+00 7.256060E+04 -8.631812E+03 1.271600E+05 6.367285E+01 1.273655E+02 0.000000E+00 -3.761020E+02 0.000000E+00 1.265056E+05 1.233258E+05 1.394420E+04 2.547310E+04 2.189976E+02 0.000000E+00
2.530000E+00 7.260120E+04 -8.254254E+03 1.269694E+05 6.405376E+01 1.270679E+02 0.000000E+00 -3.857164E+02 0.000000E+00 1.263175E+05 1.231687E+05 1.390589E+04 2.541358E+04 2.170971E+02 0.000000E+00
2.531000E+00 7.264228E+04 -7.877081E+03 1.267791E+05 6.444426E+01 1.267607E+02 0.000000E+00 -3.952580E+02 0.000000E+00 1.261298E+05 1.230118E+05 1.387318E+04 2.535214E+04 2.152741E+02 0.000000E+00
2.532000E+00 7.268377E+04 -7.500425E+03 1.265891E+05 6.484425E+01 1.264440E+02 0.000000E+00 -4.047195E+02 0.000000E+00 1.259423E+05 1.228549E+05 1.384594E+04 2.528880E+04 2.135262E+02 0.000000E+00
2.533000E+00 7.272564E+04 -7.124208E+03 1.263993E+05 6.525367E+01 1.261179E+02 0.000000E+00 -4.140941E+02 0.000000E+00 1.257552E+05 1.226980E+05 1.382424E+04 2.522358E+04 2.118539E+02 0.000000E+00
2.534000E+00 7.276785E+04 -6.748281E+03 1.262099E+05 6.567241E+01 1.257824E+02 0.000000E+00 -4.233747E+02 0.000000E+00 1.255683E+05 1.225411E+05 1.380822E+04 2.515649E+04 2.102590E+02 0.000000E+00
2.535000E+00 7.281035E+04 -6.373279E+03 1.260208E+05 6.610038E+01 1.254378E+02 0.000000E+00 -4.325548E+02 0.000000E+00 1.253818E+05 1.223842E+05 1.379722E+04 2.508755E+04 2.087314E+02 0.000000E+00
2.536000E+00 7.285308E+04 -5.999319E+03 1.258320E+05 6.653748E+01 1.250840E+02 0.000000E+00 -4.416279E+02 0.000000E+00 1.251956E+05 1.222274E+05 1.379112E+04 2.501679E+04 2.072685E+02 0.000000E+00
2.537000E+00 7.289600E+04 -5.626540E+03 1.256435E+05 6.698360E+01 1.247212E+02 0.000000E+00 -4.505879E+02 0.000000E+00 1.250096E+05 1.220704E+05 1.378977E+04 2.494423E+04 2.058678E+02 0.000000E+00
2.538000E+00 7.293906E+04 -5.254737E+03 1.254553E+05 6.743862E+01 1.243494E+02 0.000000E+00 -4.594288E+02 0.000000E+00 1.248240E+05 1.219135E+05 1.379334E+04 2.486989E+04 2.045317E+02 0.000000E+00
2.539000E+00 7.298221E+04 -4.884150E+03 1.252675E+05 6.790242E+01 1.239689E+02 0.000000E+00 -4.681447E+02 0.000000E+00 1.246387E+05 1.217564E+05 1.380157E+04 2.479379E+04 2.032560E+02 0.000000E+00
2.540000E+00 7.302539E+04 -4.515169E+03 1.250799E+05 6.837486E+01 1.235798E+02 0.000000E+00 -4.767301E+02 0.000000E+00 1.244537E+05 1.215993E+05 1.381406E+04 2.471596E+04 2.020342E+02 0.000000E+00
2.541000E+00 7.306856E+04 -4.147918E+03 1.248926E+05 6.885583E+01 1.231821E+02 0.000000E+00 -4.851797E+02 0.000000E+00 1.242690E+05 1.214421E+05 1.383065E+04 2.463642E+04 2.008639E+02 0.000000E+00
2.542000E+00 7.311165E+04 -3.782534E+03 1.247056E+05 6.934518E+01 1.227761E+02 0.000000E+00 -4.934882E+02 0.000000E+00 1.240846E+05 1.212848E+05 1.385118E+04 2.455522E+04 1.997426E+02 0.000000E+00
2.543000E+00 7.315462E+04 -3.418751E+03 1.245189E+05 6.984276E+01 1.223618E+02 0.000000E+00 -5.016510E+02 0.000000E+00 1.239005E+05 1.211274E+05 1.387589E+04 2.447236E+04 1.986733E+02 0.000000E+00
2.544000E+00 7.319741E+04 -3.057058E+03 1.243325E+05 7.034843E+01 1.219394E+02 0.000000E+00 -5.096631E+02 0.000000E+00 1.237167E+05 1.209699E+05 1.390425E+04 2.438789E+04 1.976483E+02 0.000000E+00
2.545000E+00 7.323996E+04 -2.697658E+03 1.241465E+05 7.086203E+01 1.215091E+02 0.000000E+00 -5.175203E+02 0.000000E+00 1.235332E+05 1.208122E+05 1.393603E+04 2.430182E+04 1.966643E+02 0.000000E+00
2.546000E+00 7.328222E+04 -2.340670E+03 1.239607E+05 7.138342E+01 1.210710E+02 0.000000E+00 -5.252183E+02 0.000000E+00 1.233500E+05 1.206543E+05 1.397107E+04 2.421421E+04 1.957187E+02 0.000000E+00
2.547000E+00 7.332413E+04 -1.986174E+03 1.237752E+05 7.191242E+01 1.206253E+02 0.000000E+00 -5.327531E+02 0.000000E+00 1.231671E+05 1.204963E+05 1.400926E+04 2.412507E+04 1.948100E+02 0.000000E+00
2.548000E+00 7.336563E+04 -1.634054E+03 1.235900E+05 7.244887E+01 1.201722E+02 0.000000E+00 -5.401209E+02 0.000000E+00 1.229845E+05 1.203380E+05 1.405067E+04 2.403444E+04 1.939391E+02 0.000000E+00
2.549000E+00 7.340667E+04 -1.284752E+03 1.234051E+05 7.299260E+01 1.197118E+02 0.000000E+00 -5.473183E+02 0.000000E+00 1.228022E+05 1.201796E+05 1.409481E+04 2.394235E+04 1.930992E+02 0.000000E+00
2.550000E+00 7.344718E+04 -9.383913E+02 1.232205E+05 7.354344E+01 1.192442E+02 0.000000E+00 -5.543418E+02 0.000000E+00 1.226202E+05 1.200210E+05 1.414153E+04 2.384884E+04 1.922881E+02 0.000000E+00
2.551000E+00 7.348711E+04 -5.950800E+02 1.230363E+05 7.410122E+01 1.187697E+02 0.000000E+00 -5.611886E+02 0.000000E+00 1.224385E+05 1.198621E+05 1.419066E+04 2.375395E+04 1.915038E+02 0.000000E+00
2.552000E+00 7.352641E+04 -2.548259E+02 1.228523E+05 7.466576E+01 1.182885E+02 0.000000E+00 -5.678555E+02 0.000000E+00 1.222570E+05 1.197030E+05 1.424216E+04 2.365770E+04 1.907455E+02 0.000000E+00
2.553000E+00 7.356502E+04 8.227774E+01 1.226686E+05 7.523688E+01 1.178007E+02 0.000000E+00 -5.743401E+02 0.000000E+00 1.220759E+05 1.195437E+05 1.429587E+04 2.356014E+04 1.900115E+02 0.000000E+00
2.554000E+00 7.360287E+04 4.159775E+02 1.224852E+05 7.581438E+01 1.173065E+02 0.000000E+00 -5.806399E+02 0.000000E+00 1.218950E+05 1.193841E+05 1.435150E+04 2.346129E+04 1.892978E+02 0.000000E+00
2.555000E+00 7.363993E+04 7.461731E+02 1.223021E+05 7.639809E+01 1.168061E+02 0.000000E+00 -5.867527E+02 0.000000E+00 1.217145E+05 1.192242E+05 1.440889E+04 2.336121E+04 1.886027E+02 0.000000E+00
2.556000E+00 7.367612E+04 1.072775E+03 1.221193E+05 7.698782E+01 1.162996E+02 0.000000E+00 -5.926765E+02 0.000000E+00 1.215342E+05 1.190641E+05 1.446789E+04 2.325993E+04 1.879244E+02 0.000000E+00
2.557000E+00 7.371140E+04 1.395804E+03 1.219368E+05 7.758338E+01 1.157874E+02 0.000000E+00 -5.984094E+02 0.000000E+00 1.213542E+05 1.189037E+05 1.452848E+04 2.315747E+04 1.872628E+02 0.000000E+00
2.558000E+00 7.374572E+04 1.715090E+03 1.217545E+05 7.818458E+01 1.152695E+02 0.000000E+00 -6.039498E+02 0.000000E+00 1.211745E+05 1.187430E+05 1.459043E+04 2.305390E+04 1.866152E+02 0.000000E+00
2.559000E+00 7.377902E+04 2.030508E+03 1.215726E+05 7.879122E+01 1.147461E+02 0.000000E+00 -6.092964E+02 0.000000E+00 1.209951E+05 1.185820E+05 1.465355E+04 2.294923E+04 1.859795E+02 0.000000E+00
2.560000E+00 7.381125E+04 2.341989E+03 1.213910E+05 7.940311E+01 1.142175E+02 0.000000E+00 -6.144479E+02 0.000000E+00 1.208159E+05 1.184207E+05 1.471772E+04 2.284351E+04 1.853544E+02 0.000000E+00
2.561000E+00 7.384237E+04 2.649470E+03 1.212096E+05 8.002005E+01 1.136839E+02 0.000000E+00 -6.194032E+02 0.000000E+00 1.206371E+05 1.182591E+05 1.478280E+04 2.273678E+04 1.847387E+02 0.000000E+00
2.562000E+00 7.387232E+04 2.952981E+03 1.210286E+05 8.064185E+01 1.131454E+02 0.000000E+00 -6.241615E+02 0.000000E+00 1.204585E+05 1.180973E+05 1.484878E+04 2.262908E+04 1.841325E+02 0.000000E+00
2.563000E+00 7.390107E+04 3.252365E+03 1.208478E+05 8.126830E+01 1.126022E+02 0.000000E+00 -6.287220E+02 0.000000E+00 1.202802E+05 1.179351E+05 1.491543E+04 2.252045E+04 1.835332E+02 0.000000E+00
2.564000E+00 7.392857E+04 3.547582E+03 1.206674E+05 8.189922E+01 1.120546E+02 0.000000E+00 -6.330841E+02 0.000000E+00 1.201022E+05 1.177726E+05 1.498265E+04 2.241093E+04 1.829401E+02 0.000000E+00
2.565000E+00 7.395477E+04 3.838595E+03 1.204872E+05 8.253441E+01 1.115027E+02 0.000000E+00 -6.372476E+02 0.000000E+00 1.199244E+05 1.176099E+05 1.505034E+04 2.230055E+04 1.823524E+02 0.000000E+00
2.566000E+00 7.397965E+04 4.125393E+03 1.203073E+05 8.317365E+01 1.109468E+02 0.000000E+00 -6.412120E+02 0.000000E+00 1.197470E+05 1.174468E+05 1.511843E+04 2.218936E+04 1.817695E+02 0.000000E+00
2.567000E+00 7.400316E+04 4.407969E+03 1.201277E+05 8.381676E+01 1.103870E+02 0.000000E+00 -6.449773E+02 0.000000E+00 1.195698E+05 1.172835E+05 1.518684E+04 2.207740E+04 1.811909E+02 0.000000E+00
2.568000E+00 7.402527E+04 4.686270E+03 1.199484E+05 8.446354E+01 1.098235E+02 0.000000E+00 -6.485434E+02 0.000000E+00 1.193929E+05 1.171198E+05 1.525546E+04 2.196470E+04 1.806159E+02 0.000000E+00
2.569000E+00 7.404595E+04 4.960294E+03 1.197694E+05 8.511378E+01 1.092566E+02 0.000000E+00 -6.519104E+02 0.000000E+00 1.192162E+05 1.169559E+05 1.532421E+04 2.185131E+04 1.800439E+02 0.000000E+00
2.570000E+00 7.406517E+04 5.230042E+03 1.195906E+05 8.576730E+01 1.086864E+02 0.000000E+00 -6.550785E+02 0.000000E+00 1.190399E+05 1.167917E+05 1.539305E+04 2.173727E+04 1.794746E+02 0.000000E+00
2.571000E+00 7.408291E+04 5.495542E+03 1.194122E+05 8.642388E+01 1.081131E+02 0.000000E+00 -6.580481E+02 0.000000E+00 1.188638E+05 1.166273E+05 1.546193E+04 2.162262E+04 1.789081E+02 0.000000E+00
2.572000E+00 7.409914E+04 5.756806E+03 1.192340E+05 8.708333E+01 1.075369E+02 0.000000E+00 -6.608196E+02 0.000000E+00 1.186879E+05 1.164626E+05 1.553080E+04 2.150739E+04 1.783441E+02 0.000000E+00
2.573000E+00 7.411383E+04 6.013845E+03 1.190562E+05 8.774545E+01 1.069581E+02 0.000000E+00 -6.633933E+02 0.000000E+00 1.185124E+05 1.162977E+05 1.559960E+04 2.139162E+04 1.777825E+02 0.000000E+00
2.574000E+00 7.412699E+04 6.266692E+03 1.188786E+05 8.841005E+01 1.063768E+02 0.000000E+00 -6.657699E+02 0.000000E+00 1.183371E+05 1.161325E+05 1.566832E+04 2.127536E+04 1.772233E+02 0.000000E+00
2.575000E+00 7.413858E+04 6.515385E+03 1.187013E+05 8.907692E+01 1.057932E+02 0.000000E+00 -6.679499E+02 0.000000E+00 1.181621E+05 1.159671E+05 1.573692E+04 2.115865E+04 1.766667E+02 0.000000E+00
2.576000E+00 7.414860E+04 6.760004E+03 1.185242E+05 8.974588E+01 1.052076E+02 0.000000E+00 -6.699340E+02 0.000000E+00 1.179873E+05 1.158016E+05 1.580543E+04 2.104151E+04 1.761131E+02 0.000000E+00
2.577000E+00 7.415705E+04 7.000577E+03 1.183475E+05 9.041673E+01 1.046200E+02 0.000000E+00 -6.717230E+02 0.000000E+00 1.178128E+05 1.156358E+05 1.587381E+04 2.092401E+04 1.755627E+02 0.000000E+00
2.578000E+00 7.416391E+04 7.237159E+03 1.181710E+05 9.108926E+01 1.040308E+02 0.000000E+00 -6.733175E+02 0.000000E+00 1.176386E+05 1.154699E+05 1.594205E+04 2.080616E+04 1.750157E+02 0.000000E+00
2.579000E+00 7.416919E+04 7.469813E+03 1.179948E+05 9.176330E+01 1.034401E+02 0.000000E+00 -6.747183E+02 0.000000E+00 1.174646E+05 1.153038E+05 1.601017E+04 2.068801E+04 1.744724E+02 0.000000E+00
2.580000E+00 7.417289E+04 7.698617E+03 1.178189E+05 9.243863E+01 1.028480E+02 0.000000E+00 -6.759262E+02 0.000000E+00 1.172909E+05 1.151376E+05 1.607818E+04 2.056960E+04 1.739335E+02 0.000000E+00
2.581000E+00 7.417501E+04 7.923698E+03 1.176433E+05 9.311508E+01 1.022549E+02 0.000000E+00 -6.769421E+02 0.000000E+00 1.171174E+05 1.149713E+05 1.614615E+04 2.045097E+04 1.733999E+02 0.000000E+00
2.582000E+00 7.417556E+04 8.145085E+03 1.174680E+05 9.379245E+01 1.016608E+02 0.000000E+00 -6.777667E+02 0.000000E+00 1.169443E+05 1.148049E+05 1.621406E+04 2.033216E+04 1.728717E+02 0.000000E+00
2.583000E+00 7.417455E+04 8.362860E+03 1.172929E+05 9.447055E+01 1.010660E+02 0.000000E+00 -6.784010E+02 0.000000E+00 1.167713E+05 1.146384E+05 1.628194E+04 2.021320E+04 1.723493E+02 0.000000E+00
2.584000E+00 7.417199E+04 8.577109E+03 1.171181E+05 9.514919E+01 1.004707E+02 0.000000E+00 -6.788456E+02 0.000000E+00 1.165987E+05 1.144719E+05 1.634982E+04 2.009413E+04 1.718335E+02 0.000000E+00
2.585000E+00 7.416790E+04 8.787967E+03 1.169436E+05 9.582818E+01 9.987497E+01 0.000000E+00 -6.791014E+02 0.000000E+00 1.164262E+05 1.143053E+05 1.641778E+04 1.997499E+04 1.713252E+02 0.000000E+00
2.586000E+00 7.416230E+04 8.995553E+03 1.167694E+05 9.650733E+01 9.927912E+01 0.000000E+00 -6.791692E+02 0.000000E+00 1.162541E+05 1.141388E+05 1.648590E+04 1.985582E+04 1.708254E+02 0.000000E+00
2.587000E+00 7.415520E+04 9.199903E+03 1.165955E+05 9.718646E+01 9.868329E+01 0.000000E+00 -6.790498E+02 0.000000E+00 1.160822E+05 1.139722E+05 1.655417E+04 1.973666E+04 1.703341E+02 0.000000E+00
2.588000E+00 7.414664E+04 9.401109E+03 1.164218E+05 9.786537E+01 9.808768E+01 0.000000E+00 -6.787440E+02 0.000000E+00 1.159106E+05 1.138057E+05 1.662262E+04 1.961754E+04 1.698519E+02 0.000000E+00
2.589000E+00 7.413664E+04 9.599268E+03 1.162484E+05 9.854388E+01 9.749247E+01 0.000000E+00 -6.782525E+02 0.000000E+00 1.157392E+05 1.136392E+05 1.669132E+04 1.949849E+04 1.693795E+02 0.000000E+00
2.590000E+00 7.412522E+04 9.794590E+03 1.160753E+05 9.922181E+01 9.689784E+01 0.000000E+00 -6.775760E+02 0.000000E+00 1.155681E+05 1.134728E+05 1.676043E+04 1.937957E+04 1.689188E+02 0.000000E+00
2.591000E+00 7.411242E+04 9.987115E+03 1.159024E+05 9.989898E+01 9.630398E+01 0.000000E+00 -6.767152E+02 0.000000E+00 1.153972E+05 1.133065E+05 1.682994E+04 1.926080E+04 1.684696E+02 0.000000E+00
2.592000E+00 7.409827E+04 1.017689E+04 1.157298E+05 1.005752E+02 9.571107E+01 0.000000E+00 -6.756708E+02 0.000000E+00 1.152266E+05 1.131403E+05 1.689988E+04 1.914221E+04 1.680323E+02 0.000000E+00
2.593000E+00 7.408279E+04 1.036402E+04 1.155575E+05 1.012503E+02 9.511930E+01 0.000000E+00 -6.744434E+02 0.000000E+00 1.150562E+05 1.129743E+05 1.697029E+04 1.902386E+04 1.676074E+02 0.000000E+00
2.594000E+00 7.406603E+04 1.054857E+04 1.153855E+05 1.019240E+02 9.452884E+01 0.000000E+00 -6.730337E+02 0.000000E+00 1.148861E+05 1.128084E+05 1.704122E+04 1.890577E+04 1.671954E+02 0.000000E+00
2.595000E+00 7.404801E+04 1.073087E+04 1.152137E+05 1.025963E+02 9.393989E+01 0.000000E+00 -6.714422E+02 0.000000E+00 1.147162E+05 1.126427E+05 1.711295E+04 1.878798E+04 1.667989E+02 0.000000E+00
2.596000E+00 7.402878E+04 1.091078E+04 1.150422E+05 1.032668E+02 9.335262E+01 0.000000E+00 -6.696695E+02 0.000000E+00 1.145466E+05 1.124772E+05 1.718531E+04 1.867052E+04 1.664166E+02 0.000000E+00
2.597000E+00 7.400837E+04 1.108839E+04 1.148710E+05 1.039355E+02 9.276721E+01 0.000000E+00 -6.677162E+02 0.000000E+00 1.143773E+05 1.123119E+05 1.725837E+04 1.855344E+04 1.660487E+02 0.000000E+00
2.598000E+00 7.398681E+04 1.126378E+04 1.147001E+05 1.046022E+02 9.218385E+01 0.000000E+00 -6.655828E+02 0.000000E+00 1.142082E+05 1.121468E+05 1.733215E+04 1.843677E+04 1.656959E+02 0.000000E+00
2.599000E+00 7.396415E+04 1.143708E+04 1.145294E+05 1.052666E+02 9.160271E+01 0.000000E+00 -6.632697E+02 0.000000E+00 1.140393E+05 1.119819E+05 1.740678E+04 1.832054E+04 1.653590E+02 0.000000E+00
2.600000E+00 7.394042E+04 1.160848E+04 1.143590E+05 1.059287E+02 9.102397E+01 0.000000E+00 -6.607776E+02 0.000000E+00 1.138707E+05 1.118174E+05 1.748240E+04 1.820479E+04 1.650394E+02 0.000000E+00
2.601000E+00 7.391566E+04 1.177786E+04 1.141888E+05 1.065881E+02 9.044781E+01 0.000000E+00 -6.581069E+02 0.000000E+00 1.137024E+05 1.116531E+05 1.755887E+04 1.808956E+04 1.647357E+02 0.000000E+00
2.602000E+00 7.388991E+04 1.194527E+04 1.140189E+05 1.072448E+02 8.987441E+01 0.000000E+00 -6.552582E+02 0.000000E+00 1.135343E+05 1.114890E+05 1.763622E+04 1.797488E+04 1.644482E+02 0.000000E+00
2.603000E+00 7.386319E+04 1.211077E+04 1.138493E+05 1.078986E+02 8.930395E+01 0.000000E+00 -6.522319E+02 0.000000E+00 1.133664E+05 1.113253E+05 1.771446E+04 1.786079E+04 1.641770E+02 0.000000E+00
2.604000E+00 7.383555E+04 1.227454E+04 1.136800E+05 1.085492E+02 8.873661E+01 0.000000E+00 -6.490286E+02 0.000000E+00 1.131988E+05 1.111618E+05 1.779377E+04 1.774732E+04 1.639235E+02 0.000000E+00
2.605000E+00 7.380702E+04 1.243658E+04 1.135109E+05 1.091966E+02 8.817255E+01 0.000000E+00 -6.456489E+02 0.000000E+00 1.130315E+05 1.109987E+05 1.787411E+04 1.763451E+04 1.636874E+02 0.000000E+00
2.606000E+00 7.377763E+04 1.259681E+04 1.133421E+05 1.098405E+02 8.761197E+01 0.000000E+00 -6.420932E+02 0.000000E+00 1.128644E+05 1.108359E+05 1.795537E+04 1.752239E+04 1.634677E+02 0.000000E+00
2.607000E+00 7.374740E+04 1.275525E+04 1.131735E+05 1.104807E+02 8.705503E+01 0.000000E+00 -6.383623E+02 0.000000E+00 1.126975E+05 1.106734E+05 1.803755E+04 1.741101E+04 1.632642E+02 0.000000E+00
2.608000E+00 7.371638E+04 1.291190E+04 1.130052E+05 1.111172E+02 8.650190E+01 0.000000E+00 -6.344567E+02 0.000000E+00 1.125309E+05 1.105112E+05 1.812062E+04 1.730038E+04 1.630768E+02 0.000000E+00
2.609000E+00 7.368458E+04 1.306699E+04 1.128372E+05 1.117496E+02 8.595277E+01 0.000000E+00 -6.303773E+02 0.000000E+00 1.123645E+05 1.103493E+05 1.820481E+04 1.719055E+04 1.629072E+02 0.000000E+00
2.610000E+00 7.365203E+04 1.322033E+04 1.126694E+05 1.123778E+02 8.540781E+01 0.000000E+00 -6.261247E+02 0.000000E+00 1.121984E+05 1.101878E+05 1.828987E+04 1.708156E+04 1.627534E+02 0.000000E+00
2.611000E+00 7.361876E+04 1.337187E+04 1.125019E+05 1.130018E+02 8.486718E+01 0.000000E+00 -6.216998E+02 0.000000E+00 1.120326E+05 1.100265E+05 1.837575E+04 1.697344E+04 1.626147E+02 0.000000E+00
2.612000E+00 7.358478E+04 1.352160E+04 1.123347E+05 1.136212E+02 8.433106E+01 0.000000E+00 -6.171035E+02 0.000000E+00 1.118670E+05 1.098656E+05 1.846239E+04 1.686621E+04 1.624907E+02 0.000000E+00
2.613000E+00 7.355010E+04 1.366951E+04 1.121677E+05 1.142359E+02 8.379963E+01 0.000000E+00 -6.123367E+02 0.000000E+00 1.117016E+05 1.097050E+05 1.854978E+04 1.675993E+04 1.623813E+02 0.000000E+00
2.614000E+00 7.351476E+04 1.381573E+04 1.120010E+05 1.148458E+02 8.327305E+01 0.000000E+00 -6.074006E+02 0.000000E+00 1.115365E+05 1.095447E+05 1.863801E+04 1.665461E+04 1.622872E+02 0.000000E+00
2.615000E+00 7.347875E+04 1.396002E+04 1.118345E+05 1.154507E+02 8.275148E+01 0.000000E+00 -6.022964E+02 0.000000E+00 1.113716E+05 1.093847E+05 1.872681E+04 1.655030E+04 1.622061E+02 0.000000E+00
2.616000E+00 7.344208E+04 1.410233E+04 1.116683E+05 1.160503E+02 8.223511E+01 0.000000E+00 -5.970252E+02 0.000000E+00 1.112070E+05 1.092250E+05 1.881610E+04 1.644702E+04 1.621374E+02 0.000000E+00
2.617000E+00 7.340477E+04 1.424261E+04 1.115023E+05 1.166447E+02 8.172409E+01 0.000000E+00 -5.915885E+02 0.000000E+00 1.110426E+05 1.090655E+05 1.890581E+04 1.634482E+04 1.620803E+02 0.000000E+00
2.618000E+00 7.336681E+04 1.438087E+04 1.113366E+05 1.172335E+02 8.121859E+01 0.000000E+00 -5.859878E+02 0.000000E+00 1.108785E+05 1.089064E+05 1.899591E+04 1.624372E+04 1.620349E+02 0.000000E+00
2.619000E+00 7.332820E+04 1.451706E+04 1.111712E+05 1.178166E+02 8.071877E+01 0.000000E+00 -5.802247E+02 0.000000E+00 1.107146E+05 1.087474E+05 1.908632E+04 1.614375E+04 1.620003E+02 0.000000E+00
2.620000E+00 7.328895E+04 1.465100E+04 1.110060E+05 1.183939E+02 8.022479E+01 0.000000E+00 -5.743010E+02 0.000000E+00 1.105510E+05 1.085887E+05 1.917684E+04 1.604496E+04 1.619749E+02 0.000000E+00
2.621000E+00 7.324905E+04 1.478261E+04 1.108411E+05 1.189651E+02 7.973682E+01 0.000000E+00 -5.682187E+02 0.000000E+00 1.103876E+05 1.084302E+05 1.926734E+04 1.594736E+04 1.619579E+02 0.000000E+00
2.622000E+00 7.320849E+04 1.491182E+04 1.106765E+05 1.195302E+02 7.925501E+01 0.000000E+00 -5.619796E+02 0.000000E+00 1.102245E+05 1.082720E+05 1.935772E+04 1.585100E+04 1.619483E+02 0.000000E+00
2.623000E+00 7.316725E+04 1.503862E+04 1.105121E+05 1.200890E+02 7.877951E+01 0.000000E+00 -5.555861E+02 0.000000E+00 1.100616E+05 1.081139E+05 1.944793E+04 1.575590E+04 1.619459E+02 0.000000E+00
2.624000E+00 7.312533E+04 1.516285E+04 1.103479E+05 1.206414E+02 7.831048E+01 0.000000E+00 -5.490405E+02 0.000000E+00 1.098989E+05 1.079560E+05 1.953778E+04 1.566210E+04 1.619492E+02 0.000000E+00
2.625000E+00 7.308271E+04 1.528439E+04 1.101840E+05 1.211871E+02 7.784808E+01 0.000000E+00 -5.423452E+02 0.000000E+00 1.097365E+05 1.077982E+05 1.962710E+04 1.556962E+04 1.619570E+02 0.000000E+00
2.626000E+00 7.303936E+04 1.540315E+04 1.100204E+05 1.217260E+02 7.739244E+01 0.000000E+00 -5.355030E+02 0.000000E+00 1.095743E+05 1.076406E+05 1.971577E+04 1.547849E+04 1.619684E+02 0.000000E+00
2.627000E+00 7.299527E+04 1.551905E+04 1.098570E+05 1.222580E+02 7.694372E+01 0.000000E+00 -5.285166E+02 0.000000E+00 1.094124E+05 1.074830E+05 1.980365E+04 1.538874E+04 1.619824E+02 0.000000E+00
2.628000E+00 7.295042E+04 1.563200E+04 1.096938E+05 1.227830E+02 7.650206E+01 0.000000E+00 -5.213890E+02 0.000000E+00 1.092507E+05 1.073256E+05 1.989063E+04 1.530041E+04 1.619982E+02 0.000000E+00
2.629000E+00 7.290477E+04 1.574188E+04 1.095309E+05 1.233008E+02 7.606759E+01 0.000000E+00 -5.141234E+02 0.000000E+00 1.090893E+05 1.071683E+05 1.997651E+04 1.521352E+04 1.620145E+02 0.000000E+00
2.630000E+00 7.285830E+04 1.584859E+04 1.093683E+05 1.238112E+02 7.564045E+01 0.000000E+00 -5.067229E+02 0.000000E+00 1.089281E+05 1.070110E+05 2.006117E+04 1.512809E+04 1.620303E+02 0.000000E+00
2.631000E+00 7.281098E+04 1.595204E+04 1.092059E+05 1.243142E+02 7.522079E+01 0.000000E+00 -4.991911E+02 0.000000E+00 1.087671E+05 1.068537E+05 2.014447E+04 1.504416E+04 1.620448E+02 0.000000E+00
2.632000E+00 7.276278E+04 1.605214E+04 1.090438E+05 1.248095E+02 7.480872E+01 0.000000E+00 -4.915316E+02 0.000000E+00 1.086064E+05 1.066965E+05 2.022625E+04 1.496174E+04 1.620569E+02 0.000000E+00
2.633000E+00 7.271367E+04 1.614875E+04 1.088819E+05 1.252972E+02 7.440437E+01 0.000000E+00 -4.837481E+02 0.000000E+00 1.084459E+05 1.065392E+05 2.030633E+04 1.488087E+04 1.620653E+02 0.000000E+00
2.634000E+00 7.266361E+04 1.624183E+04 1.087203E+05 1.257770E+02 7.400786E+01 0.000000E+00 -4.758445E+02 0.000000E+00 1.082856E+05 1.063820E+05 2.038462E+04 1.480157E+04 1.620696E+02 0.000000E+00
2.635000E+00 7.261257E+04 1.633131E+04 1.085589E+05 1.262488E+02 7.361931E+01 0.000000E+00 -4.678249E+02 0.000000E+00 1.081256E+05 1.062247E+05 2.046099E+04 1.472386E+04 1.620688E+02 0.000000E+00
2.636000E+00 7.256052E+04 1.641712E+04 1.083978E+05 1.267126E+02 7.323885E+01 0.000000E+00 -4.596934E+02 0.000000E+00 1.079659E+05 1.060673E+05 2.053532E+04 1.464777E+04 1.620621E+02 0.000000E+00
2.637000E+00 7.250742E+04 1.649911E+04 1.082369E+05 1.271682E+02 7.286656E+01 0.000000E+00 -4.514544E+02 0.000000E+00 1.078063E+05 1.059099E+05 2.060740E+04 1.457331E+04 1.620484E+02 0.000000E+00
2.638000E+00 7.245323E+04 1.657724E+04 1.080763E+05 1.276155E+02 7.250257E+01 0.000000E+00 -4.431122E+02 0.000000E+00 1.076470E+05 1.057525E+05 2.067712E+04 1.450051E+04 1.620267E+02 0.000000E+00
2.639000E+00 7.239793E+04 1.665150E+04 1.079159E+05 1.280544E+02 7.214697E+01 0.000000E+00 -4.346716E+02 0.000000E+00 1.074879E+05 1.055949E+05 2.074443E+04 1.442939E+04 1.619970E+02 0.000000E+00
2.640000E+00 7.234147E+04 1.672186E+04 1.077557E+05 1.284848E+02 7.179986E+01 0.000000E+00 -4.261370E+02 0.000000E+00 1.073291E+05 1.054372E+05 2.080923E+04 1.435997E+04 1.619587E+02 0.000000E+00
2.641000E+00 7.228383E+04 1.678828E+04 1.075958E+05 1.289066E+02 7.146133E+01 0.000000E+00 -4.175133E+02 0.000000E+00 1.071705E+05 1.052795E+05 2.087142E+04 1.429227E+04 1.619112E+02 0.000000E+00
2.642000E+00 7.222497E+04 1.685057E+04 1.074362E+05 1.293198E+02 7.113146E+01 0.000000E+00 -4.088053E+02 0.000000E+00 1.070121E+05 1.051216E+05 2.093076E+04 1.422629E+04 1.618527E+02 0.000000E+00
2.643000E+00 7.216486E+04 1.690884E+04 1.072768E+05 1.297242E+02 7.081034E+01 0.000000E+00 -4.000180E+02 0.000000E+00 1.068540E+05 1.049636E+05 2.098728E+04 1.416207E+04 1.617838E+02 0.000000E+00
2.644000E+00 7.210348E+04 1.696311E+04 1.071176E+05 1.301198E+02 7.049805E+01 0.000000E+00 -3.911563E+02 0.000000E+00 1.066961E+05 1.048054E+05 2.104095E+04 1.409961E+04 1.617044E+02 0.000000E+00
2.645000E+00 7.204080E+04 1.701337E+04 1.069587E+05 1.305065E+02 7.019465E+01 0.000000E+00 -3.822253E+02 0.000000E+00 1.065384E+05 1.046471E+05 2.109171E+04 1.403893E+04 1.616142E+02 0.000000E+00
2.646000E+00 7.197678E+04 1.705962E+04 1.068000E+05 1.308842E+02 6.990022E+01 0.000000E+00 -3.732302E+02 0.000000E+00 1.063809E+05 1.044887E+05 2.113948E+04 1.398004E+04 1.615128E+02 0.000000E+00
2.647000E+00 7.191142E+04 1.710171E+04 1.066416E+05 1.312529E+02 6.961481E+01 0.000000E+00 -3.641760E+02 0.000000E+00 1.062237E+05 1.043302E+05 2.118406E+04 1.392296E+04 1.613987E+02 0.000000E+00
2.648000E+00 7.184468E+04 1.713985E+04 1.064834E+05 1.316126E+02 6.933849E+01 0.000000E+00 -3.550680E+02 0.000000E+00 1.060667E+05 1.041715E+05 2.122561E+04 1.386770E+04 1.612734E+02 0.000000E+00
2.649000E+00 7.177656E+04 1.717411E+04 1.063255E+05 1.319631E+02 6.907129E+01 0.000000E+00 -3.459112E+02 0.000000E+00 1.059099E+05 1.040127E+05 2.126411E+04 1.381426E+04 1.611368E+02 0.000000E+00
2.650000E+00 7.170704E+04 1.720452E+04 1.061678E+05 1.323044E+02 6.881328E+01 0.000000E+00 -3.367108E+02 0.000000E+00 1.057534E+05 1.038538E+05 2.129956E+04 1.376266E+04 1.609891E+02 0.000000E+00
2.651000E+00 7.163610E+04 1.723106E+04 1.060103E+05 1.326365E+02 6.856449E+01 0.000000E+00 -3.274720E+02 0.000000E+00 1.055970E+05 1.036948E+05 2.133187E+04 1.371290E+04 1.608296E+02 0.000000E+00
2.652000E+00 7.156375E+04 1.725377E+04 1.058531E+05 1.329593E+02 6.832495E+01 0.000000E+00 -3.181999E+02 0.000000E+00 1.054409E+05 1.035357E+05 2.136103E+04 1.366499E+04 1.606584E+02 0.000000E+00
2.653000E+00 7.148996E+04 1.727287E+04 1.056961E+05 1.332729E+02 6.809469E+01 0.000000E+00 -3.088996E+02 0.000000E+00 1.052850E+05 1.033765E+05 2.138719E+04 1.361894E+04 1.604767E+02 0.000000E+00
2.654000E+00 7.141476E+04 1.728844E+04 1.055393E+05 1.335771E+02 6.787376E+01 0.000000E+00 -2.995760E+02 0.000000E+00 1.051294E+05 1.032172E+05 2.141039E+04 1.357475E+04 1.602849E+02 0.000000E+00
2.655000E+00 7.133814E+04 1.730058E+04 1.053828E+05 1.338720E+02 6.766215E+01 0.000000E+00 -2.902341E+02 0.000000E+00 1.049739E+05 1.030579E+05 2.143069E+04 1.353243E+04 1.600834E+02 0.000000E+00
2.656000E+00 7.126010E+04 1.730929E+04 1.052266E+05 1.341576E+02 6.745989E+01 0.000000E+00 -2.808788E+02 0.000000E+00 1.048187E+05 1.028985E+05 2.144802E+04 1.349198E+04 1.598718E+02 0.000000E+00
2.657000E+00 7.118066E+04 1.731477E+04 1.050705E+05 1.344338E+02 6.726699E+01 0.000000E+00 -2.715149E+02 0.000000E+00 1.046637E+05 1.027391E+05 2.146253E+04 1.345340E+04 1.596514E+02 0.000000E+00
2.658000E+00 7.109983E+04 1.731720E+04 1.049147E+05 1.347006E+02 6.708346E+01 0.000000E+00 -2.621469E+02 0.000000E+00 1.045089E+05 1.025797E+05 2.147437E+04 1.341669E+04 1.594230E+02 0.000000E+00
2.659000E+00 7.101763E+04 1.731672E+04 1.047592E+05 1.349581E+02 6.690930E+01 0.000000E+00 -2.527795E+02 0.000000E+00 1.043544E+05 1.024203E+05 2.148363E+04 1.338186E+04 1.591874E+02 0.000000E+00
2.660000E+00 7.093409E+04 1.731347E+04 1.046039E+05 1.352062E+02 6.674450E+01 0.000000E+00 -2.434170E+02 0.000000E+00 1.042000E+05 1.022610E+05 2.149040E+04 1.334890E+04 1.589454E+02 0.000000E+00
2.661000E+00 7.084924E+04 1.730750E+04 1.044488E+05 1.354449E+02 6.658906E+01 0.000000E+00 -2.340638E+02 0.000000E+00 1.040459E+05 1.021017E+05 2.149470E+04 1.331781E+04 1.586970E+02 0.000000E+00
2.662000E+00 7.076309E+04 1.729909E+04 1.042939E+05 1.356743E+02 6.644297E+01 0.000000E+00 -2.247240E+02 0.000000E+00 1.038920E+05 1.019425E+05 2.149677E+04 1.328859E+04 1.584440E+02 0.000000E+00
2.663000E+00 7.067570E+04 1.728840E+04 1.041393E+05 1.358943E+02 6.630621E+01 0.000000E+00 -2.154015E+02 0.000000E+00 1.037383E+05 1.017835E+05 2.149674E+04 1.326124E+04 1.581872E+02 0.000000E+00
2.664000E+00 7.058709E+04 1.727560E+04 1.039849E+05 1.361051E+02 6.617876E+01 0.000000E+00 -2.061002E+02 0.000000E+00 1.035848E+05 1.016246E+05 2.149474E+04 1.323575E+04 1.579275E+02 0.000000E+00
2.665000E+00 7.049731E+04 1.726085E+04 1.038308E+05 1.363066E+02 6.606060E+01 0.000000E+00 -1.968237E+02 0.000000E+00 1.034316E+05 1.014658E+05 2.149091E+04 1.321212E+04 1.576660E+02 0.000000E+00
2.666000E+00 7.040641E+04 1.724433E+04 1.036768E+05 1.364987E+02 6.595170E+01 0.000000E+00 -1.875755E+02 0.000000E+00 1.032785E+05 1.013073E+05 2.148540E+04 1.319034E+04 1.574036E+02 0.000000E+00
2.667000E+00 7.031443E+04 1.722624E+04 1.035231E+05 1.366817E+02 6.585204E+01 0.000000E+00 -1.783589E+02 0.000000E+00 1.031257E+05 1.011490E+05 2.147839E+04 1.317041E+04 1.571417E+02 0.000000E+00
2.668000E+00 7.022142E+04 1.720675E+04 1.033697E+05 1.368555E+02 6.576157E+01 0.000000E+00 -1.691770E+02 0.000000E+00 1.029731E+05 1.009910E+05 2.147004E+04 1.315231E+04 1.568811E+02 0.000000E+00
2.669000E+00 7.012745E+04 1.718605E+04 1.032165E+05 1.370201E+02 6.568027E+01 0.000000E+00 -1.600326E+02 0.000000E+00 1.028206E+05 1.008332E+05 2.146050E+04 1.313605E+04 1.566230E+02 0.000000E+00
2.670000E+00 7.003256E+04 1.716436E+04 1.030635E+05 1.371756E+02 6.560810E+01 0.000000E+00 -1.509286E+02 0.000000E+00 1.026685E+05 1.006758E+05 2.144998E+04 1.312162E+04 1.563688E+02 0.000000E+00
2.671000E+00 6.993682E+04 1.714187E+04 1.029107E+05 1.373220E+02 6.554500E+01 0.000000E+00 -1.418674E+02 0.000000E+00 1.025165E+05 1.005187E+05 2.143867E+04 1.310900E+04 1.561197E+02 0.000000E+00
2.672000E+00 6.984030E+04 1.711871E+04 1.027582E+05 1.374593E+02 6.549095E+01 0.000000E+00 -1.328514E+02 0.000000E+00 1.023647E+05 1.003620E+05 2.142669E+04 1.309819E+04 1.558766E+02 0.000000E+00
2.673000E+00 6.974304E+04 1.709505E+04 1.026058E+05 1.375877E+02 6.544588E+01 0.000000E+00 -1.238826E+02 0.000000E+00 1.022132E+05 1.002057E+05 2.141420E+04 1.308918E+04 1.556404E+02 0.000000E+00
2.674000E+00 6.964513E+04 1.707106E+04 1.024538E+05 1.377071E+02 6.540976E+01 0.000000E+00 -1.149631E+02 0.000000E+00 1.020618E+05 1.000499E+05 2.140136E+04 1.308195E+04 1.554122E+02 0.000000E+00
2.675000E+00 6.954662E+04 1.704708E+04 1.023019E+05 1.378176E+02 6.538254E+01 0.000000E+00 -1.060946E+02 0.000000E+00 1.019107E+05 9.989447E+04 2.138852E+04 1.307651E+04 1.551944E+02 0.000000E+00
2.676000E+00 6.944760E+04 1.702314E+04 1.021503E+05 1.379193E+02 6.536416E+01 0.000000E+00 -9.727865E+01 0.000000E+00 1.017598E+05 9.973954E+04 2.137571E+04 1.307283E+04 1.549871E+02 0.000000E+00
2.677000E+00 6.934811E+04 1.699937E+04 1.019989E+05 1.380122E+02 6.535456E+01 0.000000E+00 -8.851658E+01 0.000000E+00 1.016091E+05 9.958512E+04 2.136305E+04 1.307091E+04 1.547911E+02 0.000000E+00
2.678000E+00 6.924824E+04 1.697590E+04 1.018477E+05 1.380963E+02 6.535371E+01 0.000000E+00 -7.980964E+01 0.000000E+00 1.014586E+05 9.943122E+04 2.135070E+04 1.307074E+04 1.546073E+02 0.000000E+00
2.679000E+00 6.914805E+04 1.695291E+04 1.016968E+05 1.381718E+02 6.536153E+01 0.000000E+00 -7.115886E+01 0.000000E+00 1.013084E+05 9.927788E+04 2.133883E+04 1.307231E+04 1.544369E+02 0.000000E+00
2.680000E+00 6.904761E+04 1.693074E+04 1.015460E+05 1.382387E+02 6.537797E+01 0.000000E+00 -6.256509E+01 0.000000E+00 1.011583E+05 9.912510E+04 2.132781E+04 1.307559E+04 1.542825E+02 0.000000E+00
2.681000E+00 6.894700E+04 1.690929E+04 1.013955E+05 1.382970E+02 6.540298E+01 0.000000E+00 -5.402901E+01 0.000000E+00 1.010085E+05 9.897290E+04 2.131753E+04 1.308060E+04 1.541431E+02 0.000000E+00
2.682000E+00 6.884627E+04 1.688865E+04 1.012453E+05 1.383468E+02 6.543649E+01 0.000000E+00 -4.555121E+01 0.000000E+00 1.008589E+05 9.882131E+04 2.130810E+04 1.308730E+04 1.540195E+02 0.000000E+00
2.683000E+00 6.874549E+04 1.686892E+04 1.010952E+05 1.383881E+02 6.547845E+01 0.000000E+00 -3.713210E+01 0.000000E+00 1.007094E+05 9.867033E+04 2.129963E+04 1.309569E+04 1.539123E+02 0.000000E+00
2.684000E+00 6.864473E+04 1.685034E+04 1.009454E+05 1.384210E+02 6.552881E+01 0.000000E+00 -2.877199E+01 0.000000E+00 1.005603E+05 9.851997E+04 2.129240E+04 1.310576E+04 1.538234E+02 0.000000E+00
2.685000E+00 6.854406E+04 1.683305E+04 1.007958E+05 1.384457E+02 6.558749E+01 0.000000E+00 -2.047102E+01 0.000000E+00 1.004113E+05 9.837025E+04 2.128655E+04 1.311750E+04 1.537538E+02 0.000000E+00
2.686000E+00 6.844352E+04 1.681692E+04 1.006464E+05 1.384620E+02 6.565445E+01 0.000000E+00 -1.222925E+01 0.000000E+00 1.002625E+05 9.822118E+04 2.128196E+04 1.313089E+04 1.537025E+02 0.000000E+00
2.687000E+00 6.834318E+04 1.680198E+04 1.004972E+05 1.384701E+02 6.572961E+01 0.000000E+00 -4.046684E+00 0.000000E+00 1.001140E+05 9.807275E+04 2.127871E+04 1.314592E+04 1.536700E+02 0.000000E+00
2.688000E+00 6.824310E+04 1.678845E+04 1.003483E+05 1.384711E+02 6.581191E+01 0.000000E+00 8.067004E-05 0.000000E+00 9.996566E+04 9.792497E+04 2.127700E+04 1.316238E+04 1.536566E+02 0.000000E+00
2.689000E+00 6.814334E+04 1.677754E+04 1.001996E+05 1.384711E+02 6.589521E+01 0.000000E+00 3.662447E-09 0.000000E+00 9.981755E+04 9.777785E+04 2.127812E+04 1.317904E+04 1.536646E+02 0.000000E+00
2.690000E+00 6.804399E+04 1.676924E+04 1.000511E+05 1.384711E+02 6.597851E+01 0.000000E+00 1.662764E-13 0.000000E+00 9.966966E+04 9.763144E+04 2.128206E+04 1.319570E+04 1.536931E+02 0.000000E+00
2.691000E+00 6.794512E+04 1.676341E+04 9.990279E+04 1.384711E+02 6.606181E+01 0.000000E+00 7.549004E-18 0.000000E+00 9.952199E+04 9.748574E+04 2.128873E+04 1.321236E+04 1.537413E+02 0.000000E+00
2.692000E+00 6.784682E+04 1.676001E+04 9.975473E+04 1.384711E+02 6.614511E+01 0.000000E+00 3.427273E-22 0.000000E+00 9.937453E+04 9.734078E+04 2.129814E+04 1.322902E+04 1.538092E+02 0.000000E+00
2.693000E+00 6.774914E+04 1.675899E+04 9.960689E+04 1.384711E+02 6.622841E+01 0.000000E+00 1.555994E-26 0.000000E+00 9.922730E+04 9.719655E+04 2.131027E+04 1.324568E+04 1.538968E+02 0.000000E+00
2.694000E+00 6.765215E+04 1.676069E+04 9.945927E+04 1.384711E+02 6.631171E+01 0.000000E+00 7.064265E-31 0.000000E+00 9.908028E+04 9.705307E+04 2.132550E+04 1.326234E+04 1.540068E+02 0.000000E+00
2.695000E+00 6.755589E+04 1.676464E+04 9.931188E+04 1.384711E+02 6.639501E+01 0.000000E+00 3.207200E-35 0.000000E+00 9.893348E+04 9.691032E+04 2.134340E+04 1.327900E+04 1.541361E+02 0.000000E+00
2.696000E+00 6.746042E+04 1.677075E+04 9.916470E+04 1.384711E+02 6.647831E+01 0.000000E+00 1.456080E-39 0.000000E+00 9.878690E+04 9.676831E+04 2.136391E+04 1.329566E+04 1.542842E+02 0.000000E+00
2.697000E+00 6.736578E+04 1.677894E+04 9.901774E+04 1.384711E+02 6.656161E+01 0.000000E+00 6.610652E-44 0.000000E+00 9.864054E+04 9.662701E+04 2.138697E+04 1.331232E+04 1.544507E+02 0.000000E+00
2.698000E+00 6.727199E+04 1.678921E+04 9.887099E+04 1.384711E+02 6.664491E+01 0.000000E+00 3.001259E-48 0.000000E+00 9.849440E+04 9.648642E+04 2.141263E+04 1.332898E+04 1.546360E+02 0.000000E+00
2.699000E+00 6.717908E+04 1.680159E+04 9.872447E+04 1.384711E+02 6.672821E+01 0.000000E+00 1.362582E-52 0.000000E+00 9.834848E+04 9.634650E+04 2.144093E+04 1.334564E+04 1.548404E+02 0.000000E+00
2.700000E+00 6.708707E+04 1.681568E+04 9.857816E+04 1.384711E+02 6.681151E+01 0.000000E+00 6.186167E-57 0.000000E+00 9.820278E+04 9.620725E+04 2.147153E+04 1.336230E+04 1.550614E+02 0.000000E+00
2.701000E+00 6.699598E+04 1.683137E+04 9.843207E+04 1.384711E+02 6.689481E+01 0.000000E+00 2.808541E-61 0.000000E+00 9.805731E+04 9.606862E+04 2.150431E+04 1.337896E+04 1.552981E+02 0.000000E+00
2.702000E+00 6.690580E+04 1.684851E+04 9.828620E+04 1.384711E+02 6.697811E+01 0.000000E+00 1.275087E-65 0.000000E+00 9.791205E+04 9.593059E+04 2.153916E+04 1.339562E+04 1.555498E+02 0.000000E+00
2.703000E+00 6.681654E+04 1.686711E+04 9.814055E+04 1.384711E+02 6.706141E+01 0.000000E+00 5.788940E-70 0.000000E+00 9.776702E+04 9.579313E+04 2.157611E+04 1.341228E+04 1.558167E+02 0.000000E+00
2.704000E+00 6.672820E+04 1.688696E+04 9.799511E+04 1.384711E+02 6.714471E+01 0.000000E+00 2.628198E-74 0.000000E+00 9.762221E+04 9.565620E+04 2.161495E+04 1.342894E+04 1.560972E+02 0.000000E+00
2.705000E+00 6.664075E+04 1.690776E+04 9.784989E+04 1.384711E+02 6.722801E+01 0.000000E+00 1.193211E-78 0.000000E+00 9.747762E+04 9.551977E+04 2.165542E+04 1.344560E+04 1.563894E+02 0.000000E+00
2.706000E+00 6.655418E+04 1.692935E+04 9.770488E+04 1.384711E+02 6.731131E+01 0.000000E+00 5.417219E-83 0.000000E+00 9.733325E+04 9.538380E+04 2.169736E+04 1.346226E+04 1.566923E+02 0.000000E+00
2.707000E+00 6.646846E+04 1.695156E+04 9.756009E+04 1.384711E+02 6.739461E+01 0.000000E+00 2.459436E-87 0.000000E+00 9.718910E+04 9.524825E+04 2.174060E+04 1.347892E+04 1.570046E+02 0.000000E+00
2.708000E+00 6.638356E+04 1.697433E+04 9.741552E+04 1.384711E+02 6.747791E+01 0.000000E+00 1.116592E-91 0.000000E+00 9.704518E+04 9.511309E+04 2.178510E+04 1.349558E+04 1.573259E+02 0.000000E+00
2.709000E+00 6.629945E+04 1.699733E+04 9.727116E+04 1.384711E+02 6.756121E+01 0.000000E+00 5.069367E-96 0.000000E+00 9.690147E+04 9.497826E+04 2.183052E+04 1.351224E+04 1.576539E+02 0.000000E+00
2.710000E+00 6.621608E+04 1.702036E+04 9.712702E+04 1.384711E+02 6.764451E+01 0.000000E+00 0.000000E+00 0.000000E+00 9.675799E+04 9.484373E+04 2.187667E+04 1.352890E+04 1.579872E+02 0.000000E+00
2.711000E+00 6.613341E+04 1.704322E+04 9.698309E+04 1.384711E+02 6.772781E+01 0.000000E+00 0.000000E+00 0.000000E+00 9.661473E+04 9.470947E+04 2.192334E+04 1.354556E+04 1.583243E+02 0.000000E+00
2.712000E+00 6.605139E+04 1.706572E+04 9.683938E+04 1.384711E+02 6.781111E+01 0.000000E+00 0.000000E+00 0.000000E+00 9.647169E+04 9.457541E+04 2.197035E+04 1.356222E+04 1.586637E+02 0.000000E+00
2.713000E+00 6.596996E+04 1.708766E+04 9.669588E+04 1.384711E+02 6.789441E+01 0.000000E+00 0.000000E+00 0.000000E+00 9.632887E+04 9.444154E+04 2.201746E+04 1.357888E+04 1.590040E+02 0.000000E+00
2.714000E+00 6.588906E+04 1.710881E+04 9.655260E+04 1.384711E+02 6.797771E+01 0.000000E+00 0.000000E+00 0.000000E+00 9.618626E+04 9.430779E+04 2.206445E+04 1.359554E+04 1.593433E+02 0.000000E+00
2.715000E+00 6.580863E+04 1.712898E+04 9.640953E+04 1.384711E+02 6.806101E+01 0.000000E+00 0.000000E+00 0.000000E+00 9.604388E+04 9.417414E+04 2.211109E+04 1.361220E+04 1.596801E+02 0.000000E+00
2.716000E+00 6.572861E+04 1.714796E+04 9.626667E+04 1.384711E+02 6.814431E+01 0.000000E+00 0.000000E+00 0.000000E+00 9.590171E+04 9.404054E+04 2.215719E+04 1.362886E+04 1.600130E+02 0.000000E+00
2.717000E+00 6.564892E+04 1.716552E+04 9.612403E+04 1.384711E+02 6.822761E+01 0.000000E+00 0.000000E+00 0.000000E+00 9.575977E+04 9.390696E+04 2.220246E+04 1.364552E+04 1.603399E+02 0.000000E+00
2.718000E+00 6.556950E+04 1.718140E+04 9.598160E+04 1.384711E+02 6.831091E+01 0.000000E+00 0.000000E+00 0.000000E+00 9.561804E+04 9.377335E+04 2.224663E+04 1.366218E+04 1.606590E+02 0.000000E+00
2.719000E+00 6.549026E+04 1.719550E+04 9.583939E+04 1.384711E+02 6.839421E+01 0.000000E+00 0.000000E+00 0.000000E+00 9.547652E+04 9.363967E+04 2.228957E+04 1.367884E+04 1.609690E+02 0.000000E+00
2.720000E+00 6.541114E+04 1.720763E+04 9.569738E+04 1.384711E+02 6.847751E+01 0.000000E+00 0.000000E+00 0.000000E+00 9.533523E+04 9.350590E+04 2.233105E+04 1.369550E+04 1.612686E+02 0.000000E+00
2.721000E+00 6.533205E+04 1.721762E+04 9.555559E+04 1.384711E+02 6.856081E+01 0.000000E+00 0.000000E+00 0.000000E+00 9.519414E+04 9.337200E+04 2.237089E+04 1.371216E+04 1.615563E+02 0.000000E+00
2.722000E+00 6.525292E+04 1.722510E+04 9.541402E+04 1.384711E+02 6.864411E+01 0.000000E+00 0.000000E+00 0.000000E+00 9.505327E+04 9.323793E+04 2.240864E+04 1.372882E+04 1.618290E+02 0.000000E+00
2.723000E+00 6.517368E+04 1.722997E+04 9.527265E+04 1.384711E+02 6.872741E+01 0.000000E+00 0.000000E+00 0.000000E+00 9.491262E+04 9.310367E+04 2.244421E+04 1.374548E+04 1.620858E+02 0.000000E+00
2.724000E+00 6.509423E+04 1.723218E+04 9.513150E+04 1.384711E+02 6.881071E+01 0.000000E+00 0.000000E+00 0.000000E+00 9.477217E+04 9.296918E+04 2.247748E+04 1.376214E+04 1.623261E+02 0.000000E+00
2.725000E+00 6.501450E+04 1.723159E+04 9.499055E+04 1.384711E+02 6.889401E+01 0.000000E+00 0.000000E+00 0.000000E+00 9.463194E+04 9.283444E+04 2.250825E+04 1.377880E+04 1.625483E+02 0.000000E+00
2.726000E+00 6.493441E+04 1.722805E+04 9.484982E+04 1.384711E+02 6.897731E+01 0.000000E+00 0.000000E+00 0.000000E+00 9.449191E+04 9.269943E+04 2.253636E+04 1.379546E+04 1.627513E+02 0.000000E+00
2.727000E+00 6.485388E+04 1.722100E+04 9.470930E+04 1.384711E+02 6.906061E+01 0.000000E+00 0.000000E+00 0.000000E+00 9.435210E+04 9.256411E+04 2.256117E+04 1.381212E+04 1.629305E+02 0.000000E+00
2.728000E+00 6.477284E+04 1.721072E+04 9.456899E+04 1.384711E+02 6.914391E+01 0.000000E+00 0.000000E+00 0.000000E+00 9.421249E+04 9.242848E+04 2.258292E+04 1.382878E+04 1.630876E+02 0.000000E+00
2.729000E+00 6.469120E+04 1.719712E+04 9.442889E+04 1.384711E+02 6.922721E+01 0.000000E+00 0.000000E+00 0.000000E+00 9.407309E+04 9.229251E+04 2.260147E+04 1.384544E+04 1.632215E+02 0.000000E+00
2.730000E+00 6.460890E+04 1.718009E+04 9.428900E+04 1.384711E+02 6.931051E+01 0.000000E+00 0.000000E+00 0.000000E+00 9.393390E+04 9.215618E+04 2.261667E+04 1.386210E+04 1.633313E+02 0.000000E+00
2.731000E+00 6.452587E+04 1.715942E+04 9.414932E+04 1.384711E+02 6.939381E+01 0.000000E+00 0.000000E+00 0.000000E+00 9.379491E+04 9.201950E+04 2.262821E+04 1.387876E+04 1.634146E+02 0.000000E+00
2.732000E+00 6.444202E+04 1.713477E+04 9.400985E+04 1.384711E+02 6.947711E+01 0.000000E+00 0.000000E+00 0.000000E+00 9.365612E+04 9.188243E+04 2.263574E+04 1.389542E+04 1.634690E+02 0.000000E+00
2.733000E+00 6.435730E+04 1.710647E+04 9.387058E+04 1.384711E+02 6.956041E+01 0.000000E+00 0.000000E+00 0.000000E+00 9.351754E+04 9.174499E+04 2.263950E+04 1.391208E+04 1.634962E+02 0.000000E+00
2.734000E+00 6.427165E+04 1.707447E+04 9.373153E+04 1.384711E+02 6.964371E+01 0.000000E+00 0.000000E+00 0.000000E+00 9.337916E+04 9.160715E+04 2.263941E+04 1.392874E+04 1.634955E+02 0.000000E+00
2.735000E+00 6.418500E+04 1.703875E+04 9.359268E+04 1.384711E+02 6.972701E+01 0.000000E+00 0.000000E+00 0.000000E+00 9.324098E+04 9.146893E+04 2.263537E+04 1.394540E+04 1.634663E+02 0.000000E+00
2.736000E+00 6.409729E+04 1.699894E+04 9.345404E+04 1.384711E+02 6.981031E+01 0.000000E+00 0.000000E+00 0.000000E+00 9.310299E+04 9.133031E+04 2.262696E+04 1.396206E+04 1.634056E+02 0.000000E+00
2.737000E+00 6.400849E+04 1.695511E+04 9.331561E+04 1.384711E+02 6.989361E+01 0.000000E+00 0.000000E+00 0.000000E+00 9.296521E+04 9.119131E+04 2.261419E+04 1.397872E+04 1.633134E+02 0.000000E+00
2.738000E+00 6.391852E+04 1.690754E+04 9.317738E+04 1.384711E+02 6.997691E+01 0.000000E+00 0.000000E+00 0.000000E+00 9.282762E+04 9.105193E+04 2.259728E+04 1.399538E+04 1.631913E+02 0.000000E+00
2.739000E+00 6.382737E+04 1.685625E+04 9.303936E+04 1.384711E+02 7.006021E+01 0.000000E+00 0.000000E+00 0.000000E+00 9.269022E+04 9.091217E+04 2.257619E+04 1.401204E+04 1.630389E+02 0.000000E+00
2.740000E+00 6.373498E+04 1.680128E+04 9.290155E+04 1.384711E+02 7.014351E+01 0.000000E+00 0.000000E+00 0.000000E+00 9.255302E+04 9.077206E+04 2.255090E+04 1.402870E+04 1.628563E+02 0.000000E+00
2.741000E+00 6.364132E+04 1.674215E+04 9.276394E+04 1.384711E+02 7.022681E+01 0.000000E+00 0.000000E+00 0.000000E+00 9.241602E+04 9.063160E+04 2.252088E+04 1.404536E+04 1.626395E+02 0.000000E+00
2.742000E+00 6.354636E+04 1.667937E+04 9.262654E+04 1.384711E+02 7.031011E+01 0.000000E+00 0.000000E+00 0.000000E+00 9.227921E+04 9.049080E+04 2.248657E+04 1.406202E+04 1.623918E+02 0.000000E+00
2.743000E+00 6.345009E+04 1.661311E+04 9.248934E+04 1.384711E+02 7.039341E+01 0.000000E+00 0.000000E+00 0.000000E+00 9.214258E+04 9.034970E+04 2.244811E+04 1.407868E+04 1.621140E+02 0.000000E+00
2.744000E+00 6.335248E+04 1.654346E+04 9.235234E+04 1.384711E+02 7.047671E+01 0.000000E+00 0.000000E+00 0.000000E+00 9.200615E+04 9.020830E+04 2.240552E+04 1.409534E+04 1.618064E+02 0.000000E+00
2.745000E+00 6.325352E+04 1.647045E+04 9.221555E+04 1.384711E+02 7.056001E+01 0.000000E+00 0.000000E+00 0.000000E+00 9.186991E+04 9.006663E+04 2.235878E+04 1.411200E+04 1.614689E+02 0.000000E+00
2.746000E+00 6.315321E+04 1.639378E+04 9.207896E+04 1.384711E+02 7.064331E+01 0.000000E+00 0.000000E+00 0.000000E+00 9.173386E+04 8.992472E+04 2.230754E+04 1.412866E+04 1.610989E+02 0.000000E+00
2.747000E+00 6.305153E+04 1.631410E+04 9.194258E+04 1.384711E+02 7.072661E+01 0.000000E+00 0.000000E+00 0.000000E+00 9.159799E+04 8.978260E+04 2.225241E+04 1.414532E+04 1.607007E+02 0.000000E+00
2.748000E+00 6.294851E+04 1.623155E+04 9.180639E+04 1.384711E+02 7.080991E+01 0.000000E+00 0.000000E+00 0.000000E+00 9.146232E+04 8.964029E+04 2.219348E+04 1.416198E+04 1.602751E+02 0.000000E+00
2.749000E+00 6.284415E+04 1.614628E+04 9.167041E+04 1.384711E+02 7.089321E+01 0.000000E+00 0.000000E+00 0.000000E+00 9.132683E+04 8.949782E+04 2.213086E+04 1.417864E+04 1.598229E+02 0.000000E+00
2.750000E+00 6.273847E+04 1.605825E+04 9.153463E+04 1.384711E+02 7.097651E+01 0.000000E+00 0.000000E+00 0.000000E+00 9.119152E+04 8.935524E+04 2.206446E+04 1.419530E+04 1.593434E+02 0.000000E+00
2.751000E+00 6.263148E+04 1.596757E+04 9.139904E+04 1.384711E+02 7.105981E+01 0.000000E+00 0.000000E+00 0.000000E+00 9.105640E+04 8.921257E+04 2.199437E+04 1.421196E+04 1.588372E+02 0.000000E+00
2.752000E+00 6.252322E+04 1.587473E+04 9.126366E+04 1.384711E+02 7.114311E+01 0.000000E+00 0.000000E+00 0.000000E+00 9.092146E+04 8.906985E+04 2.192104E+04 1.422862E+04 1.583077E+02 0.000000E+00
2.753000E+00 6.241372E+04 1.577993E+04 9.112848E+04 1.384711E+02 7.122641E+01 0.000000E+00 0.000000E+00 0.000000E+00 9.078671E+04 8.892712E+04 2.184464E+04 1.424528E+04 1.577559E+02 0.000000E+00
2.754000E+00 6.230302E+04 1.568336E+04 9.099350E+04 1.384711E+02 7.130971E+01 0.000000E+00 0.000000E+00 0.000000E+00 9.065214E+04 8.878441E+04 2.176533E+04 1.426194E+04 1.571831E+02 0.000000E+00
2.755000E+00 6.219116E+04 1.558496E+04 9.085872E+04 1.384711E+02 7.139301E+01 0.000000E+00 0.000000E+00 0.000000E+00 9.051775E+04 8.864177E+04 2.168302E+04 1.427860E+04 1.565887E+02 0.000000E+00
2.756000E+00 6.207820E+04 1.548515E+04 9.072413E+04 1.384711E+02 7.147631E+01 0.000000E+00 0.000000E+00 0.000000E+00 9.038355E+04 8.849924E+04 2.159813E+04 1.429526E+04 1.559756E+02 0.000000E+00
2.757000E+00 6.196418E+04 1.538427E+04 9.058974E+04 1.384711E+02 7.155961E+01 0.000000E+00 0.000000E+00 0.000000E+00 9.024952E+04 8.835686E+04 2.151095E+04 1.431192E+04 1.553461E+02 0.000000E+00
2.758000E+00 6.184918E+04 1.528253E+04 9.045555E+04 1.384711E+02 7.164291E+01 0.000000E+00 0.000000E+00 0.000000E+00 9.011568E+04 8.821466E+04 2.142172E+04 1.432858E+04 1.547017E+02 0.000000E+00
2.759000E+00 6.173324E+04 1.518016E+04 9.032156E+04 1.384711E+02 7.172621E+01 0.000000E+00 0.000000E+00 0.000000E+00 8.998203E+04 8.807270E+04 2.133063E+04 1.434524E+04 1.540439E+02 0.000000E+00
2.760000E+00 6.161645E+04 1.507720E+04 9.018776E+04 1.384711E+02 7.180951E+01 0.000000E+00 0.000000E+00 0.000000E+00 8.984855E+04 8.793101E+04 2.123772E+04 1.436190E+04 1.533729E+02 0.000000E+00
2.761000E+00 6.149887E+04 1.497413E+04 9.005416E+04 1.384711E+02 7.189281E+01 0.000000E+00 0.000000E+00 0.000000E+00 8.971525E+04 8.778964E+04 2.114347E+04 1.437856E+04 1.526923E+02 0.000000E+00
2.762000E+00 6.138058E+04 1.487120E+04 8.992075E+04 1.384711E+02 7.197611E+01 0.000000E+00 0.000000E+00 0.000000E+00 8.958214E+04 8.764862E+04 2.104814E+04 1.439522E+04 1.520038E+02 0.000000E+00
2.763000E+00 6.126166E+04 1.476863E+04 8.978754E+04 1.384711E+02 7.205941E+01 0.000000E+00 0.000000E+00 0.000000E+00 8.944921E+04 8.750800E+04 2.095195E+04 1.441188E+04 1.513091E+02 0.000000E+00
2.764000E+00 6.114220E+04 1.466665E+04 8.965452E+04 1.384711E+02 7.214271E+01 0.000000E+00 0.000000E+00 0.000000E+00 8.931646E+04 8.736783E+04 2.085513E+04 1.442854E+04 1.506100E+02 0.000000E+00
2.765000E+00 6.102228E+04 1.456551E+04 8.952170E+04 1.384711E+02 7.222601E+01 0.000000E+00 0.000000E+00 0.000000E+00 8.918389E+04 8.722813E+04 2.075796E+04 1.444520E+04 1.499082E+02 0.000000E+00
2.766000E+00 6.090198E+04 1.446549E+04 8.938907E+04 1.384711E+02 7.230931E+01 0.000000E+00 0.000000E+00 0.000000E+00 8.905150E+04 8.708895E+04 2.066074E+04 1.446186E+04 1.492061E+02 0.000000E+00
2.767000E+00 6.078142E+04 1.436684E+04 8.925663E+04 1.384711E+02 7.239261E+01 0.000000E+00 0.000000E+00 0.000000E+00 8.891930E+04 8.695034E+04 2.056372E+04 1.447852E+04 1.485054E+02 0.000000E+00
2.768000E+00 6.066067E+04 1.426976E+04 8.912439E+04 1.384711E+02 7.247591E+01 0.000000E+00 0.000000E+00 0.000000E+00 8.878728E+04 8.681231E+04 2.046714E+04 1.449518E+04 1.478080E+02 0.000000E+00
2.769000E+00 6.053983E+04 1.417456E+04 8.899234E+04 1.384711E+02 7.255921E+01 0.000000E+00 0.000000E+00 0.000000E+00 8.865544E+04 8.667492E+04 2.037134E+04 1.451184E+04 1.471162E+02 0.000000E+00
2.770000E+00 6.041900E+04 1.408148E+04 8.886048E+04 1.384711E+02 7.264251E+01 0.000000E+00 0.000000E+00 0.000000E+00 8.852378E+04 8.653819E+04 2.027659E+04 1.452850E+04 1.464319E+02 0.000000E+00
2.771000E+00 6.029827E+04 1.399067E+04 8.872881E+04 1.384711E+02 7.272581E+01 0.000000E+00 0.000000E+00 0.000000E+00 8.839231E+04 8.640216E+04 2.018308E+04 1.454516E+04 1.457566E+02 0.000000E+00
2.772000E+00 6.017775E+04 1.390234E+04 8.859733E+04 1.384711E+02 7.280911E+01 0.000000E+00 0.000000E+00 0.000000E+00 8.826103E+04 8.626686E+04 2.009105E+04 1.456182E+04 1.450919E+02 0.000000E+00
2.773000E+00 6.005754E+04 1.381668E+04 8.846605E+04 1.384711E+02 7.289241E+01 0.000000E+00 0.000000E+00 0.000000E+00 8.812992E+04 8.613231E+04 2.000073E+04 1.457848E+04 1.444397E+02 0.000000E+00
2.774000E+00 5.993773E+04 1.373414E+04 8.833495E+04 1.384711E+02 7.297571E+01 0.000000E+00 0.000000E+00 0.000000E+00 8.799901E+04 8.599855E+04 1.991262E+04 1.459514E+04 1.438034E+02 0.000000E+00
2.775000E+00 5.981841E+04 1.365473E+04 8.820404E+04 1.384711E+02 7.305901E+01 0.000000E+00 0.000000E+00 0.000000E+00 8.786828E+04 8.586559E+04 1.982677E+04 1.461180E+04 1.431834E+02 0.000000E+00
2.776000E+00 5.969969E+04 1.357855E+04 8.807333E+04 1.384711E+02 7.314231E+01 0.000000E+00 0.000000E+00 0.000000E+00 8.773774E+04 8.573347E+04 1.974334E+04 1.462846E+04 1.425809E+02 0.000000E+00
2.777000E+00 5.958166E+04 1.350576E+04 8.794280E+04 1.384711E+02 7.322561E+01 0.000000E+00 0.000000E+00 0.000000E+00 8.760738E+04 8.560219E+04 1.966255E+04 1.464512E+04 1.419975E+02 0.000000E+00
2.778000E+00 5.946442E+04 1.343656E+04 8.781246E+04 1.384711E+02 7.330891E+01 0.000000E+00 0.000000E+00 0.000000E+00 8.747721E+04 8.547179E+04 1.958464E+04 1.466178E+04 1.414348E+02 0.000000E+00
2.779000E+00 5.934805E+04 1.337143E+04 8.768232E+04 1.384711E+02 7.339221E+01 0.000000E+00 0.000000E+00 0.000000E+00 8.734723E+04 8.534226E+04 1.951016E+04 1.467844E+04 1.408969E+02 0.000000E+00
2.780000E+00 5.923265E+04 1.331012E+04 8.755236E+04 1.384711E+02 7.347551E+01 0.000000E+00 0.000000E+00 0.000000E+00 8.721744E+04 8.521363E+04 1.943891E+04 1.469510E+04 1.403824E+02 0.000000E+00
2.781000E+00 5.911830E+04 1.325273E+04 8.742259E+04 1.384711E+02 7.355881E+01 0.000000E+00 0.000000E+00 0.000000E+00 8.708785E+04 8.508591E+04 1.937105E+04 1.471176E+04 1.398923E+02 0.000000E+00
2.782000E+00 5.900508E+04 1.319935E+04 8.729300E+04 1.384711E+02 7.364211E+01 0.000000E+00 0.000000E+00 0.000000E+00 8.695844E+04 8.495910E+04 1.930673E+04 1.472842E+04 1.394278E+02 0.000000E+00
2.783000E+00 5.889308E+04 1.315030E+04 8.716361E+04 1.384711E+02 7.372541E+01 0.000000E+00 0.000000E+00 0.000000E+00 8.682922E+04 8.483321E+04 1.924635E+04 1.474508E+04 1.389917E+02 0.000000E+00
2.784000E+00 5.878237E+04 1.310574E+04 8.703440E+04 1.384711E+02 7.380871E+01 0.000000E+00 0.000000E+00 0.000000E+00 8.670020E+04 8.470823E+04 1.919012E+04 1.476174E+04 1.385857E+02 0.000000E+00
2.785000E+00 5.867302E+04 1.306542E+04 8.690538E+04 1.384711E+02 7.389201E+01 0.000000E+00 0.000000E+00 0.000000E+00 8.657137E+04 8.458418E+04 1.913785E+04 1.477840E+04 1.382082E+02 0.000000E+00
2.786000E+00 5.856510E+04 1.302935E+04 8.677655E+04 1.384711E+02 7.397531E+01 0.000000E+00 0.000000E+00 0.000000E+00 8.644273E+04 8.446104E+04 1.908964E+04 1.479506E+04 1.378600E+02 0.000000E+00
2.787000E+00 5.845868E+04 1.299758E+04 8.664790E+04 1.384711E+02 7.405861E+01 0.000000E+00 0.000000E+00 0.000000E+00 8.631429E+04 8.433880E+04 1.904557E+04 1.481172E+04 1.375418E+02 0.000000E+00
2.788000E+00 5.835381E+04 1.297054E+04 8.651944E+04 1.384711E+02 7.414191E+01 0.000000E+00 0.000000E+00 0.000000E+00 8.618605E+04 8.421747E+04 1.900617E+04 1.482838E+04 1.372573E+02 0.000000E+00
2.789000E+00 5.825054E+04 1.294799E+04 8.639117E+04 1.384711E+02 7.422521E+01 0.000000E+00 0.000000E+00 0.000000E+00 8.605800E+04 8.409702E+04 1.897125E+04 1.484504E+04 1.370051E+02 0.000000E+00
2.790000E+00 5.814894E+04 1.292972E+04 8.626309E+04 1.384711E+02 7.430851E+01 0.000000E+00 0.000000E+00 0.000000E+00 8.593014E+04 8.397745E+04 1.894067E+04 1.486170E+04 1.367842E+02 0.000000E+00
2.791000E+00 5.804903E+04 1.291568E+04 8.613519E+04 1.384711E+02 7.439181E+01 0.000000E+00 0.000000E+00 0.000000E+00 8.580249E+04 8.385873E+04 1.891444E+04 1.487836E+04 1.365948E+02 0.000000E+00
2.792000E+00 5.795086E+04 1.290584E+04 8.600748E+04 1.384711E+02 7.447511E+01 0.000000E+00 0.000000E+00 0.000000E+00 8.567503E+04 8.374085E+04 1.889261E+04 1.489502E+04 1.364371E+02 0.000000E+00
2.793000E+00 5.785446E+04 1.290078E+04 8.587995E+04 1.384711E+02 7.455841E+01 0.000000E+00 0.000000E+00 0.000000E+00 8.554777E+04 8.362379E+04 1.887580E+04 1.491168E+04 1.363158E+02 0.000000E+00
2.794000E+00 5.775986E+04 1.289978E+04 8.575262E+04 1.384711E+02 7.464171E+01 0.000000E+00 0.000000E+00 0.000000E+00 8.542071E+04 8.350753E+04 1.886337E+04 1.492834E+04 1.362260E+02 0.000000E+00
2.795000E+00 5.766707E+04 1.290275E+04 8.562546E+04 1.384711E+02 7.472501E+01 0.000000E+00 0.000000E+00 0.000000E+00 8.529385E+04 8.339202E+04 1.885528E+04 1.494500E+04 1.361675E+02 0.000000E+00
2.796000E+00 5.757612E+04 1.290958E+04 8.549850E+04 1.384711E+02 7.480831E+01 0.000000E+00 0.000000E+00 0.000000E+00 8.516719E+04 8.327726E+04 1.885149E+04 1.496166E+04 1.361402E+02 0.000000E+00
2.797000E+00 5.748701E+04 1.292035E+04 8.537172E+04 1.384711E+02 7.489161E+01 0.000000E+00 0.000000E+00 0.000000E+00 8.504073E+04 8.316321E+04 1.885212E+04 1.497832E+04 1.361447E+02 0.000000E+00
2.798000E+00 5.739974E+04 1.293518E+04 8.524512E+04 1.384711E+02 7.497491E+01 0.000000E+00 0.000000E+00 0.000000E+00 8.491447E+04 8.304984E+04 1.885737E+04 1.499498E+04 1.361826E+02 0.000000E+00
2.799000E+00 5.731431E+04 1.295350E+04 8.511871E+04 1.384711E+02 7.505821E+01 0.000000E+00 0.000000E+00 0.000000E+00 8.478842E+04 8.293711E+04 1.886669E+04 1.501164E+04 1.362500E+02 0.000000E+00
2.800000E+00 5.723072E+04 1.297516E+04 8.499249E+04 1.384711E+02 7.514151E+01 0.000000E+00 0.000000E+00 0.000000E+00 8.466256E+04 8.282499E+04 1.888001E+04 1.502830E+04 1.363462E+02 0.000000E+00
2.801000E+00 5.714895E+04 1.300000E+04 8.486645E+04 1.384711E+02 7.522481E+01 0.000000E+00 0.000000E+00 0.000000E+00 8.453691E+04 8.271344E+04 1.889721E+04 1.504496E+04 1.364704E+02 0.000000E+00
2.802000E+00 5.706898E+04 1.302818E+04 8.474060E+04 1.384711E+02 7.530811E+01 0.000000E+00 0.000000E+00 0.000000E+00 8.441146E+04 8.260243E+04 1.891849E+04 1.506162E+04 1.366241E+02 0.000000E+00
2.803000E+00 5.699079E+04 1.305942E+04 8.461493E+04 1.384711E+02 7.539141E+01 0.000000E+00 0.000000E+00 0.000000E+00 8.428621E+04 8.249191E+04 1.894363E+04 1.507828E+04 1.368056E+02 0.000000E+00
2.804000E+00 5.691434E+04 1.309331E+04 8.448945E+04 1.384711E+02 7.547471E+01 0.000000E+00 0.000000E+00 0.000000E+00 8.416116E+04 8.238186E+04 1.897223E+04 1.509494E+04 1.370122E+02 0.000000E+00
2.805000E+00 5.683960E+04 1.312967E+04 8.436416E+04 1.384711E+02 7.555801E+01 0.000000E+00 0.000000E+00 0.000000E+00 8.403631E+04 8.227222E+04 1.900416E+04 1.511160E+04 1.372427E+02 0.000000E+00
2.806000E+00 5.676653E+04 1.316830E+04 8.423905E+04 1.384711E+02 7.564131E+01 0.000000E+00 0.000000E+00 0.000000E+00 8.391167E+04 8.216295E+04 1.903926E+04 1.512826E+04 1.374963E+02 0.000000E+00
2.807000E+00 5.669508E+04 1.320937E+04 8.411412E+04 1.384711E+02 7.572461E+01 0.000000E+00 0.000000E+00 0.000000E+00 8.378723E+04 8.205402E+04 1.907774E+04 1.514492E+04 1.377741E+02 0.000000E+00
2.808000E+00 5.662520E+04 1.325235E+04 8.398938E+04 1.384711E+02 7.580791E+01 0.000000E+00 0.000000E+00 0.000000E+00 8.366299E+04 8.194539E+04 1.911908E+04 1.516158E+04 1.380726E+02 0.000000E+00
2.809000E+00 5.655684E+04 1.329697E+04 8.386483E+04 1.384711E+02 7.589121E+01 0.000000E+00 0.000000E+00 0.000000E+00 8.353895E+04 8.183700E+04 1.916303E+04 1.517824E+04 1.383901E+02 0.000000E+00
2.810000E+00 5.648994E+04 1.334303E+04 8.374046E+04 1.384711E+02 7.597451E+01 0.000000E+00 0.000000E+00 0.000000E+00 8.341512E+04 8.172883E+04 1.920942E+04 1.519490E+04 1.387251E+02 0.000000E+00
2.811000E+00 5.642443E+04 1.339037E+04 8.361628E+04 1.384711E+02 7.605781E+01 0.000000E+00 0.000000E+00 0.000000E+00 8.329148E+04 8.162082E+04 1.925810E+04 1.521156E+04 1.390767E+02 0.000000E+00
2.812000E+00 5.636024E+04 1.343896E+04 8.349228E+04 1.384711E+02 7.614111E+01 0.000000E+00 0.000000E+00 0.000000E+00 8.316805E+04 8.151294E+04 1.930908E+04 1.522822E+04 1.394448E+02 0.000000E+00
2.813000E+00 5.629732E+04 1.348833E+04 8.336847E+04 1.384711E+02 7.622441E+01 0.000000E+00 0.000000E+00 0.000000E+00 8.304481E+04 8.140515E+04 1.936186E+04 1.524488E+04 1.398260E+02 0.000000E+00
2.814000E+00 5.623558E+04 1.353826E+04 8.324484E+04 1.384711E+02 7.630771E+01 0.000000E+00 0.000000E+00 0.000000E+00 8.292178E+04 8.129740E+04 1.941626E+04 1.526154E+04 1.402188E+02 0.000000E+00
2.815000E+00 5.617494E+04 1.358856E+04 8.312140E+04 1.384711E+02 7.639101E+01 0.000000E+00 0.000000E+00 0.000000E+00 8.279894E+04 8.118966E+04 1.947208E+04 1.527820E+04 1.406219E+02 0.000000E+00
2.816000E+00 5.611534E+04 1.363909E+04 8.299814E+04 1.384711E+02 7.647431E+01 0.000000E+00 0.000000E+00 0.000000E+00 8.267630E+04 8.108189E+04 1.952918E+04 1.529486E+04 1.410343E+02 0.000000E+00
2.817000E+00 5.605668E+04 1.368963E+04 8.287506E+04 1.384711E+02 7.655761E+01 0.000000E+00 0.000000E+00 0.000000E+00 8.255386E+04 8.097406E+04 1.958734E+04 1.531152E+04 1.414543E+02 0.000000E+00
2.818000E+00 5.599889E+04 1.373990E+04 8.275217E+04 1.384711E+02 7.664091E+01 0.000000E+00 0.000000E+00 0.000000E+00 8.243162E+04 8.086612E+04 1.964628E+04 1.532818E+04 1.418799E+02 0.000000E+00
2.819000E+00 5.594188E+04 1.378970E+04 8.262947E+04 1.384711E+02 7.672421E+01 0.000000E+00 0.000000E+00 0.000000E+00 8.230957E+04 8.075804E+04 1.970578E+04 1.534484E+04 1.423097E+02 0.000000E+00
2.820000E+00 5.588556E+04 1.383886E+04 8.250695E+04 1.384711E+02 7.680751E+01 0.000000E+00 0.000000E+00 0.000000E+00 8.218772E+04 8.064980E+04 1.976567E+04 1.536150E+04 1.427421E+02 0.000000E+00
2.821000E+00 5.582986E+04 1.388720E+04 8.238461E+04 1.384711E+02 7.689081E+01 0.000000E+00 0.000000E+00 0.000000E+00 8.206607E+04 8.054136E+04 1.982574E+04 1.537816E+04 1.431760E+02 0.000000E+00
2.822000E+00 5.577469E+04 1.393450E+04 8.226246E+04 1.384711E+02 7.697411E+01 0.000000E+00 0.000000E+00 0.000000E+00 8.194460E+04 8.043268E+04 1.988577E+04 1.539482E+04 1.436095E+02 0.000000E+00
2.823000E+00 5.571995E+04 1.398061E+04 8.214049E+04 1.384711E+02 7.705741E+01 0.000000E+00 0.000000E+00 0.000000E+00 8.182333E+04 8.032376E+04 1.994558E+04 1.541148E+04 1.440414E+02 0.000000E+00
2.824000E+00 5.566557E+04 1.402536E+04 8.201871E+04 1.384711E+02 7.714071E+01 0.000000E+00 0.000000E+00 0.000000E+00 8.170226E+04 8.021455E+04 2.000498E+04 1.542814E+04 1.444704E+02 0.000000E+00
2.825000E+00 5.561146E+04 1.406862E+04 8.189711E+04 1.384711E+02 7.722401E+01 0.000000E+00 0.000000E+00 0.000000E+00 8.158137E+04 8.010504E+04 2.006381E+04 1.544480E+04 1.448952E+02 0.000000E+00
2.826000E+00 5.555754E+04 1.411011E+04 8.177569E+04 1.384711E+02 7.730731E+01 0.000000E+00 0.000000E+00 0.000000E+00 8.146067E+04 7.999521E+04 2.012177E+04 1.546146E+04 1.453138E+02 0.000000E+00
2.827000E+00 5.550371E+04 1.414981E+04 8.165446E+04 1.384711E+02 7.739061E+01 0.000000E+00 0.000000E+00 0.000000E+00 8.134017E+04 7.988503E+04 2.017881E+04 1.547812E+04 1.457257E+02 0.000000E+00
2.828000E+00 5.544991E+04 1.418759E+04 8.153341E+04 1.384711E+02 7.747391E+01 0.000000E+00 0.000000E+00 0.000000E+00 8.121985E+04 7.977450E+04 2.023477E+04 1.549478E+04 1.461298E+02 0.000000E+00
2.829000E+00 5.539605E+04 1.422335E+04 8.141254E+04 1.384711E+02 7.755721E+01 0.000000E+00 0.000000E+00 0.000000E+00 8.109972E+04 7.966359E+04 2.028951E+04 1.551144E+04 1.465252E+02 0.000000E+00
2.830000E+00 5.534205E+04 1.425694E+04 8.129185E+04 1.384711E+02 7.764051E+01 0.000000E+00 0.000000E+00 0.000000E+00 8.097977E+04 7.955230E+04 2.034285E+04 1.552810E+04 1.469104E+02 0.000000E+00
2.831000E+00 5.528785E+04 1.428816E+04 8.117135E+04 1.384711E+02 7.772381E+01 0.000000E+00 0.000000E+00 0.000000E+00 8.086001E+04 7.944062E+04 2.039456E+04 1.554476E+04 1.472838E+02 0.000000E+00
2.832000E+00 5.523336E+04 1.431707E+04 8.105103E+04 1.384711E+02 7.780711E+01 0.000000E+00 0.000000E+00 0.000000E+00 8.074043E+04 7.932854E+04 2.044466E+04 1.556142E+04 1.476457E+02 0.000000E+00
2.833000E+00 5.517853E+04 1.434363E+04 8.093089E+04 1.384711E+02 7.789041E+01 0.000000E+00 0.000000E+00 0.000000E+00 8.062103E+04 7.921606E+04 2.049307E+04 1.557808E+04 1.479953E+02 0.000000E+00
2.834000E+00 5.512328E+04 1.436779E+04 8.081094E+04 1.384711E+02 7.797371E+01 0.000000E+00 0.000000E+00 0.000000E+00 8.050182E+04 7.910317E+04 2.053970E+04 1.559474E+04 1.483320E+02 0.000000E+00
2.835000E+00 5.506756E+04 1.438933E+04 8.069116E+04 1.384711E+02 7.805701E+01 0.000000E+00 0.000000E+00 0.000000E+00 8.038279E+04 7.898988E+04 2.058430E+04 1.561140E+04 1.486541E+02 0.000000E+00
2.836000E+00 5.501131E+04 1.440826E+04 8.057157E+04 1.384711E+02 7.814031E+01 0.000000E+00 0.000000E+00 0.000000E+00 8.026394E+04 7.887619E+04 2.062683E+04 1.562806E+04 1.489612E+02 0.000000E+00
2.837000E+00 5.495447E+04 1.442468E+04 8.045216E+04 1.384711E+02 7.822361E+01 0.000000E+00 0.000000E+00 0.000000E+00 8.014526E+04 7.876210E+04 2.066737E+04 1.564472E+04 1.492540E+02 0.000000E+00
2.838000E+00 5.489699E+04 1.443860E+04 8.033292E+04 1.384711E+02 7.830691E+01 0.000000E+00 0.000000E+00 0.000000E+00 8.002676E+04 7.864763E+04 2.070586E+04 1.566138E+04 1.495320E+02 0.000000E+00
2.839000E+00 5.483883E+04 1.445002E+04 8.021387E+04 1.384711E+02 7.839021E+01 0.000000E+00 0.000000E+00 0.000000E+00 7.990844E+04 7.853277E+04 2.074228E+04 1.567804E+04 1.497950E+02 0.000000E+00
2.840000E+00 5.477995E+04 1.445869E+04 8.009500E+04 1.384711E+02 7.847351E+01 0.000000E+00 0.000000E+00 0.000000E+00 7.979030E+04 7.841756E+04 2.077634E+04 1.569470E+04 1.500409E+02 0.000000E+00
2.841000E+00 5.472031E+04 1.446485E+04 7.997631E+04 1.384711E+02 7.855681E+01 0.000000E+00 0.000000E+00 0.000000E+00 7.967232E+04 7.830198E+04 2.080824E+04 1.571136E+04 1.502713E+02 0.000000E+00
2.842000E+00 5.465988E+04 1.446860E+04 7.985779E+04 1.384711E+02 7.864011E+01 0.000000E+00 0.000000E+00 0.000000E+00 7.955453E+04 7.818608E+04 2.083804E+04 1.572802E+04 1.504865E+02 0.000000E+00
2.843000E+00 5.459863E+04 1.446998E+04 7.973946E+04 1.384711E+02 7.872341E+01 0.000000E+00 0.000000E+00 0.000000E+00 7.943690E+04 7.806985E+04 2.086574E+04 1.574468E+04 1.506866E+02 0.000000E+00
2.844000E+00 5.453654E+04 1.446900E+04 7.962130E+04 1.384711E+02 7.880671E+01 0.000000E+00 0.000000E+00 0.000000E+00 7.931945E+04 7.795333E+04 2.089133E+04 1.576134E+04 1.508714E+02 0.000000E+00
2.845000E+00 5.447359E+04 1.446554E+04 7.950333E+04 1.384711E+02 7.889001E+01 0.000000E+00 0.000000E+00 0.000000E+00 7.920216E+04 7.783654E+04 2.091463E+04 1.577800E+04 1.510396E+02 0.000000E+00
2.846000E+00 5.440977E+04 1.445991E+04 7.938553E+04 1.384711E+02 7.897331E+01 0.000000E+00 0.000000E+00 0.000000E+00 7.908505E+04 7.771949E+04 2.093594E+04 1.579466E+04 1.511935E+02 0.000000E+00
2.847000E+00 5.434507E+04 1.445222E+04 7.926791E+04 1.384711E+02 7.905661E+01 0.000000E+00 0.000000E+00 0.000000E+00 7.896811E+04 7.760221E+04 2.095533E+04 1.581132E+04 1.513335E+02 0.000000E+00
2.848000E+00 5.427948E+04 1.444255E+04 7.915046E+04 1.384711E+02 7.913991E+01 0.000000E+00 0.000000E+00 0.000000E+00 7.885133E+04 7.748472E+04 2.097284E+04 1.582798E+04 1.514600E+02 0.000000E+00
2.849000E+00 5.421302E+04 1.443089E+04 7.903319E+04 1.384711E+02 7.922321E+01 0.000000E+00 0.000000E+00 0.000000E+00 7.873472E+04 7.736707E+04 2.098844E+04 1.584464E+04 1.515727E+02 0.000000E+00
2.850000E+00 5.414567E+04 1.441733E+04 7.891610E+04 1.384711E+02 7.930651E+01 0.000000E+00 0.000000E+00 0.000000E+00 7.861828E+04 7.724926E+04 2.100220E+04 1.586130E+04 1.516720E+02 0.000000E+00
2.851000E+00 5.407746E+04 1.440213E+04 7.879919E+04 1.384711E+02 7.938981E+01 0.000000E+00 0.000000E+00 0.000000E+00 7.850201E+04 7.713133E+04 2.101434E+04 1.587796E+04 1.517597E+02 0.000000E+00
2.852000E+00 5.400840E+04 1.438542E+04 7.868245E+04 1.384711E+02 7.947311E+01 0.000000E+00 0.000000E+00 0.000000E+00 7.838590E+04 7.701332E+04 2.102496E+04 1.589462E+04 1.518364E+02 0.000000E+00
2.853000E+00 5.393850E+04 1.436729E+04 7.856588E+04 1.384711E+02 7.955641E+01 0.000000E+00 0.000000E+00 0.000000E+00 7.826996E+04 7.689525E+04 2.103416E+04 1.591128E+04 1.519028E+02 0.000000E+00
2.854000E+00 5.386779E+04 1.434777E+04 7.844950E+04 1.384711E+02 7.963971E+01 0.000000E+00 0.000000E+00 0.000000E+00 7.815418E+04 7.677715E+04 2.104192E+04 1.592794E+04 1.519589E+02 0.000000E+00
2.855000E+00 5.379629E+04 1.432707E+04 7.833328E+04 1.384711E+02 7.972301E+01 0.000000E+00 0.000000E+00 0.000000E+00 7.803857E+04 7.665905E+04 2.104846E+04 1.594460E+04 1.520061E+02 0.000000E+00
2.856000E+00 5.372404E+04 1.430539E+04 7.821724E+04 1.384711E+02 7.980631E+01 0.000000E+00 0.000000E+00 0.000000E+00 7.792312E+04 7.654098E+04 2.105394E+04 1.596126E+04 1.520457E+02 0.000000E+00
2.857000E+00 5.365106E+04 1.428285E+04 7.810138E+04 1.384711E+02 7.988961E+01 0.000000E+00 0.000000E+00 0.000000E+00 7.780783E+04 7.642298E+04 2.105848E+04 1.597792E+04 1.520784E+02 0.000000E+00
2.858000E+00 5.357740E+04 1.425959E+04 7.798568E+04 1.384711E+02 7.997291E+01 0.000000E+00 0.000000E+00 0.000000E+00 7.769271E+04 7.630508E+04 2.106220E+04 1.599458E+04 1.521054E+02 0.000000E+00
2.859000E+00 5.350308E+04 1.423566E+04 7.787016E+04 1.384711E+02 8.005621E+01 0.000000E+00 0.000000E+00 0.000000E+00 7.757775E+04 7.618730E+04 2.106515E+04 1.601124E+04 1.521267E+02 0.000000E+00
2.860000E+00 5.342817E+04 1.421130E+04 7.775482E+04 1.384711E+02 8.013951E+01 0.000000E+00 0.000000E+00 0.000000E+00 7.746295E+04 7.606968E+04 2.106758E+04 1.602790E+04 1.521442E+02 0.000000E+00
2.861000E+00 5.335269E+04 1.418666E+04 7.763964E+04 1.384711E+02 8.022281E+01 0.000000E+00 0.000000E+00 0.000000E+00 7.734832E+04 7.595225E+04 2.106960E+04 1.604456E+04 1.521588E+02 0.000000E+00
2.862000E+00 5.327669E+04 1.416185E+04 7.752464E+04 1.384711E+02 8.030611E+01 0.000000E+00 0.000000E+00 0.000000E+00 7.723385E+04 7.583503E+04 2.107135E+04 1.606122E+04 1.521714E+02 0.000000E+00
2.863000E+00 5.320023E+04 1.413701E+04 7.740981E+04 1.384711E+02 8.038941E+01 0.000000E+00 0.000000E+00 0.000000E+00 7.711954E+04 7.571805E+04 2.107295E+04 1.607788E+04 1.521830E+02 0.000000E+00
2.864000E+00 5.312336E+04 1.411228E+04 7.729515E+04 1.384711E+02 8.047271E+01 0.000000E+00 0.000000E+00 0.000000E+00 7.700539E+04 7.560135E+04 2.107456E+04 1.609454E+04 1.521946E+02 0.000000E+00
2.865000E+00 5.304612E+04 1.408780E+04 7.718066E+04 1.384711E+02 8.055601E+01 0.000000E+00 0.000000E+00 0.000000E+00 7.689141E+04 7.548494E+04 2.107630E+04 1.611120E+04 1.522072E+02 0.000000E+00
2.866000E+00 5.296857E+04 1.406367E+04 7.706634E+04 1.384711E+02 8.063931E+01 0.000000E+00 0.000000E+00 0.000000E+00 7.677758E+04 7.536886E+04 2.107830E+04 1.612786E+04 1.522216E+02 0.000000E+00
2.867000E+00 5.289076E+04 1.404002E+04 7.695219E+04 1.384711E+02 8.072261E+01 0.000000E+00 0.000000E+00 0.000000E+00 7.666393E+04 7.525312E+04 2.108069E+04 1.614452E+04 1.522389E+02 0.000000E+00
2.868000E+00 5.281274E+04 1.401700E+04 7.683821E+04 1.384711E+02 8.080591E+01 0.000000E+00 0.000000E+00 0.000000E+00 7.655043E+04 7.513775E+04 2.108362E+04 1.616118E+04 1.522600E+02 0.000000E+00
2.869000E+00 5.273458E+04 1.399471E+04 7.672440E+04 1.384711E+02 8.088921E+01 0.000000E+00 0.000000E+00 0.000000E+00 7.643709E+04 7.502277E+04 2.108722E+04 1.617784E+04 1.522860E+02 0.000000E+00
2.870000E+00 5.265632E+04 1.397323E+04 7.661076E+04 1.384711E+02 8.097251E+01 0.000000E+00 0.000000E+00 0.000000E+00 7.632392E+04 7.490819E+04 2.109156E+04 1.619450E+04 1.523174E+02 0.000000E+00
2.871000E+00 5.257801E+04 1.395262E+04 7.649729E+04 1.384711E+02 8.105581E+01 0.000000E+00 0.000000E+00 0.000000E+00 7.621091E+04 7.479404E+04 2.109674E+04 1.621116E+04 1.523548E+02 0.000000E+00
2.872000E+00 5.249972E+04 1.393298E+04 7.638399E+04 1.384711E+02 8.113911E+01 0.000000E+00 0.000000E+00 0.000000E+00 7.609807E+04 7.468032E+04 2.110286E+04 1.622782E+04 1.523989E+02 0.000000E+00
2.873000E+00 5.242148E+04 1.391451E+04 7.627085E+04 1.384711E+02 8.122241E+01 0.000000E+00 0.000000E+00 0.000000E+00 7.598538E+04 7.456706E+04 2.111013E+04 1.624448E+04 1.524515E+02 0.000000E+00
2.874000E+00 5.234336E+04 1.389717E+04 7.615789E+04 1.384711E+02 8.130571E+01 0.000000E+00 0.000000E+00 0.000000E+00 7.587286E+04 7.445427E+04 2.111855E+04 1.626114E+04 1.525123E+02 0.000000E+00
2.875000E+00 5.226540E+04 1.388101E+04 7.604509E+04 1.384711E+02 8.138901E+01 0.000000E+00 0.000000E+00 0.000000E+00 7.576051E+04 7.434195E+04 2.112817E+04 1.627780E+04 1.525818E+02 0.000000E+00
2.876000E+00 5.218765E+04 1.386606E+04 7.593246E+04 1.384711E+02 8.147231E+01 0.000000E+00 0.000000E+00 0.000000E+00 7.564832E+04 7.423011E+04 2.113905E+04 1.629446E+04 1.526603E+02 0.000000E+00
2.877000E+00 5.211015E+04 1.385239E+04 7.581999E+04 1.384711E+02 8.155561E+01 0.000000E+00 0.000000E+00 0.000000E+00 7.553629E+04 7.411876E+04 2.115127E+04 1.631112E+04 1.527486E+02 0.000000E+00
2.878000E+00 5.203294E+04 1.384018E+04 7.570769E+04 1.384711E+02 8.163891E+01 0.000000E+00 0.000000E+00 0.000000E+00 7.542442E+04 7.400790E+04 2.116503E+04 1.632778E+04 1.528480E+02 0.000000E+00
2.879000E+00 5.195608E+04 1.382927E+04 7.559556E+04 1.384711E+02 8.172221E+01 0.000000E+00 0.000000E+00 0.000000E+00 7.531272E+04 7.389754E+04 2.118021E+04 1.634444E+04 1.529576E+02 0.000000E+00
2.880000E+00 5.187959E+04 1.381969E+04 7.548360E+04 1.384711E+02 8.180551E+01 0.000000E+00 0.000000E+00 0.000000E+00 7.520119E+04 7.378767E+04 2.119684E+04 1.636110E+04 1.530776E+02 0.000000E+00
2.881000E+00 5.180351E+04 1.381141E+04 7.537180E+04 1.384711E+02 8.188881E+01 0.000000E+00 0.000000E+00 0.000000E+00 7.508982E+04 7.367829E+04 2.121492E+04 1.637776E+04 1.532082E+02 0.000000E+00
2.882000E+00 5.172787E+04 1.380454E+04 7.526017E+04 1.384711E+02 8.197211E+01 0.000000E+00 0.000000E+00 0.000000E+00 7.497861E+04 7.356941E+04 2.123458E+04 1.639442E+04 1.533502E+02 0.000000E+00
2.883000E+00 5.165270E+04 1.379909E+04 7.514870E+04 1.384711E+02 8.205541E+01 0.000000E+00 0.000000E+00 0.000000E+00 7.486757E+04 7.346100E+04 2.125584E+04 1.641108E+04 1.535037E+02 0.000000E+00
2.884000E+00 5.157803E+04 1.379490E+04 7.503739E+04 1.384711E+02 8.213871E+01 0.000000E+00 0.000000E+00 0.000000E+00 7.475670E+04 7.335307E+04 2.127857E+04 1.642774E+04 1.536679E+02 0.000000E+00
2.885000E+00 5.150388E+04 1.379193E+04 7.492626E+04 1.384711E+02 8.222201E+01 0.000000E+00 0.000000E+00 0.000000E+00 7.464599E+04 7.324560E+04 2.130275E+04 1.644440E+04 1.538425E+02 0.000000E+00
2.886000E+00 5.143027E+04 1.379014E+04 7.481528E+04 1.384711E+02 8.230531E+01 0.000000E+00 0.000000E+00 0.000000E+00 7.453545E+04 7.313859E+04 2.132836E+04 1.646106E+04 1.540275E+02 0.000000E+00
2.887000E+00 5.135721E+04 1.378963E+04 7.470448E+04 1.384711E+02 8.238861E+01 0.000000E+00 0.000000E+00 0.000000E+00 7.442507E+04 7.303202E+04 2.135550E+04 1.647772E+04 1.542235E+02 0.000000E+00
2.888000E+00 5.128471E+04 1.379024E+04 7.459383E+04 1.384711E+02 8.247191E+01 0.000000E+00 0.000000E+00 0.000000E+00 7.431486E+04 7.292587E+04 2.138405E+04 1.649438E+04 1.544296E+02 0.000000E+00
2.889000E+00 5.121279E+04 1.379183E+04 7.448335E+04 1.384711E+02 8.255521E+01 0.000000E+00 0.000000E+00 0.000000E+00 7.420482E+04 7.282014E+04 2.141387E+04 1.651104E+04 1.546450E+02 0.000000E+00
2.890000E+00 5.114145E+04 1.379435E+04 7.437304E+04 1.384711E+02 8.263851E+01 0.000000E+00 0.000000E+00 0.000000E+00 7.409494E+04 7.271480E+04 2.144492E+04 1.652770E+04 1.548693E+02 0.000000E+00
2.891000E+00 5.107069E+04 1.379769E+04 7.426288E+04 1.384711E+02 8.272181E+01 0.000000E+00 0.000000E+00 0.000000E+00 7.398523E+04 7.260983E+04 2.147713E+04 1.654436E+04 1.551018E+02 0.000000E+00
2.892000E+00 5.100049E+04 1.380193E+04 7.415290E+04 1.384711E+02 8.280511E+01 0.000000E+00 0.000000E+00 0.000000E+00 7.387569E+04 7.250521E+04 2.151056E+04 1.656102E+04 1.553433E+02 0.000000E+00
2.893000E+00 5.093087E+04 1.380680E+04 7.404307E+04 1.384711E+02 8.288841E+01 0.000000E+00 0.000000E+00 0.000000E+00 7.376631E+04 7.240093E+04 2.154497E+04 1.657768E+04 1.555918E+02 0.000000E+00
2.894000E+00 5.086181E+04 1.381221E+04 7.393341E+04 1.384711E+02 8.297171E+01 0.000000E+00 0.000000E+00 0.000000E+00 7.365710E+04 7.229696E+04 2.158026E+04 1.659434E+04 1.558466E+02 0.000000E+00
2.895000E+00 5.079328E+04 1.381804E+04 7.382391E+04 1.384711E+02 8.305501E+01 0.000000E+00 0.000000E+00 0.000000E+00 7.354805E+04 7.219328E+04 2.161633E+04 1.661100E+04 1.561071E+02 0.000000E+00
2.896000E+00 5.072529E+04 1.382422E+04 7.371457E+04 1.384711E+02 8.313831E+01 0.000000E+00 0.000000E+00 0.000000E+00 7.343917E+04 7.208987E+04 2.165311E+04 1.662766E+04 1.563727E+02 0.000000E+00
2.897000E+00 5.065779E+04 1.383066E+04 7.360540E+04 1.384711E+02 8.322161E+01 0.000000E+00 0.000000E+00 0.000000E+00 7.333046E+04 7.198669E+04 2.169051E+04 1.664432E+04 1.566428E+02 0.000000E+00
2.898000E+00 5.059078E+04 1.383716E+04 7.349639E+04 1.384711E+02 8.330491E+01 0.000000E+00 0.000000E+00 0.000000E+00 7.322191E+04 7.188374E+04 2.172834E+04 1.666098E+04 1.569160E+02 0.000000E+00
2.899000E+00 5.052423E+04 1.384362E+04 7.338754E+04 1.384711E+02 8.338821E+01 0.000000E+00 0.000000E+00 0.000000E+00 7.311353E+04 7.178097E+04 2.176648E+04 1.667764E+04 1.571914E+02 0.000000E+00
2.900000E+00 5.045810E+04 1.384991E+04 7.327885E+04 1.384711E+02 8.347151E+01 0.000000E+00 0.000000E+00 0.000000E+00 7.300531E+04 7.167837E+04 2.180481E+04 1.669430E+04 1.574683E+02 0.000000E+00
2.901000E+00 5.039236E+04 1.385591E+04 7.317033E+04 1.384711E+02 8.355481E+01 0.000000E+00 0.000000E+00 0.000000E+00 7.289726E+04 7.157591E+04 2.184321E+04 1.671096E+04 1.577456E+02 0.000000E+00
2.902000E+00 5.032697E+04 1.386148E+04 7.306196E+04 1.384711E+02 8.363811E+01 0.000000E+00 0.000000E+00 0.000000E+00 7.278937E+04 7.147356E+04 2.188153E+04 1.672762E+04 1.580223E+02 0.000000E+00
2.903000E+00 5.026191E+04 1.386649E+04 7.295376E+04 1.384711E+02 8.372141E+01 0.000000E+00 0.000000E+00 0.000000E+00 7.268165E+04 7.137131E+04 2.191963E+04 1.674428E+04 1.582974E+02 0.000000E+00
2.904000E+00 5.019712E+04 1.387084E+04 7.284572E+04 1.384711E+02 8.380471E+01 0.000000E+00 0.000000E+00 0.000000E+00 7.257409E+04 7.126912E+04 2.195738E+04 1.676094E+04 1.585701E+02 0.000000E+00
2.905000E+00 5.013258E+04 1.387440E+04 7.273784E+04 1.384711E+02 8.388801E+01 0.000000E+00 0.000000E+00 0.000000E+00 7.246669E+04 7.116698E+04 2.199465E+04 1.677760E+04 1.588393E+02 0.000000E+00
2.906000E+00 5.006822E+04 1.387696E+04 7.263012E+04 1.384711E+02 8.397131E+01 0.000000E+00 0.000000E+00 0.000000E+00 7.235946E+04 7.106485E+04 2.203123E+04 1.679426E+04 1.591034E+02 0.000000E+00
2.907000E+00 5.000402E+04 1.387847E+04 7.252256E+04 1.384711E+02 8.405461E+01 0.000000E+00 0.000000E+00 0.000000E+00 7.225239E+04 7.096272E+04 2.206704E+04 1.681092E+04 1.593620E+02 0.000000E+00
2.908000E+00 4.993992E+04 1.387883E+04 7.241516E+04 1.384711E+02 8.413791E+01 0.000000E+00 0.000000E+00 0.000000E+00 7.214548E+04 7.086056E+04 2.210195E+04 1.682758E+04 1.596141E+02 0.000000E+00
2.909000E+00 4.987588E+04 1.387793E+04 7.230793E+04 1.384711E+02 8.422121E+01 0.000000E+00 0.000000E+00 0.000000E+00 7.203874E+04 7.075836E+04 2.213585E+04 1.684424E+04 1.598589E+02 0.000000E+00
2.910000E+00 4.981185E+04 1.387565E+04 7.220085E+04 1.384711E+02 8.430451E+01 0.000000E+00 0.000000E+00 0.000000E+00 7.193215E+04 7.065608E+04 2.216858E+04 1.686090E+04 1.600953E+02 0.000000E+00
2.911000E+00 4.974778E+04 1.387174E+04 7.209393E+04 1.384711E+02 8.438781E+01 0.000000E+00 0.000000E+00 0.000000E+00 7.182573E+04 7.055373E+04 2.219989E+04 1.687756E+04 1.603214E+02 0.000000E+00
2.912000E+00 4.968363E+04 1.386627E+04 7.198717E+04 1.384711E+02 8.447111E+01 0.000000E+00 0.000000E+00 0.000000E+00 7.171946E+04 7.045127E+04 2.222980E+04 1.689422E+04 1.605374E+02 0.000000E+00
2.913000E+00 4.961934E+04 1.385916E+04 7.188057E+04 1.384711E+02 8.455441E+01 0.000000E+00 0.000000E+00 0.000000E+00 7.161336E+04 7.034869E+04 2.225822E+04 1.691088E+04 1.607426E+02 0.000000E+00
2.914000E+00 4.955487E+04 1.385033E+04 7.177413E+04 1.384711E+02 8.463771E+01 0.000000E+00 0.000000E+00 0.000000E+00 7.150741E+04 7.024597E+04 2.228503E+04 1.692754E+04 1.609363E+02 0.000000E+00
2.915000E+00 4.949018E+04 1.383959E+04 7.166785E+04 1.384711E+02 8.472101E+01 0.000000E+00 0.000000E+00 0.000000E+00 7.140162E+04 7.014311E+04 2.231002E+04 1.694420E+04 1.611168E+02 0.000000E+00
2.916000E+00 4.942521E+04 1.382684E+04 7.156173E+04 1.384711E+02 8.480431E+01 0.000000E+00 0.000000E+00 0.000000E+00 7.129599E+04 7.004009E+04 2.233306E+04 1.696086E+04 1.612831E+02 0.000000E+00
2.917000E+00 4.935993E+04 1.381217E+04 7.145576E+04 1.384711E+02 8.488761E+01 0.000000E+00 0.000000E+00 0.000000E+00 7.119051E+04 6.993690E+04 2.235420E+04 1.697752E+04 1.614358E+02 0.000000E+00
2.918000E+00 4.929428E+04 1.379554E+04 7.134996E+04 1.384711E+02 8.497091E+01 0.000000E+00 0.000000E+00 0.000000E+00 7.108519E+04 6.983354E+04 2.237338E+04 1.699418E+04 1.615743E+02 0.000000E+00
2.919000E+00 4.922823E+04 1.377690E+04 7.124431E+04 1.384711E+02 8.505421E+01 0.000000E+00 0.000000E+00 0.000000E+00 7.098003E+04 6.972999E+04 2.239052E+04 1.701084E+04 1.616981E+02 0.000000E+00
2.920000E+00 4.916174E+04 1.375600E+04 7.113882E+04 1.384711E+02 8.513751E+01 0.000000E+00 0.000000E+00 0.000000E+00 7.087502E+04 6.962626E+04 2.240533E+04 1.702750E+04 1.618050E+02 0.000000E+00
2.921000E+00 4.909477E+04 1.373296E+04 7.103349E+04 1.384711E+02 8.522081E+01 0.000000E+00 0.000000E+00 0.000000E+00 7.077016E+04 6.952233E+04 2.241789E+04 1.704416E+04 1.618958E+02 0.000000E+00
2.922000E+00 4.902728E+04 1.370785E+04 7.092831E+04 1.384711E+02 8.530411E+01 0.000000E+00 0.000000E+00 0.000000E+00 7.066546E+04 6.941821E+04 2.242825E+04 1.706082E+04 1.619706E+02 0.000000E+00
2.923000E+00 4.895925E+04 1.368068E+04 7.082329E+04 1.384711E+02 8.538741E+01 0.000000E+00 0.000000E+00 0.000000E+00 7.056091E+04 6.931390E+04 2.243638E+04 1.707748E+04 1.620293E+02 0.000000E+00
2.924000E+00 4.889064E+04 1.365144E+04 7.071843E+04 1.384711E+02 8.547071E+01 0.000000E+00 0.000000E+00 0.000000E+00 7.045651E+04 6.920941E+04 2.244225E+04 1.709414E+04 1.620717E+02 0.000000E+00
2.925000E+00 4.882143E+04 1.361983E+04 7.061372E+04 1.384711E+02 8.555401E+01 0.000000E+00 0.000000E+00 0.000000E+00 7.035226E+04 6.910473E+04 2.244551E+04 1.711080E+04 1.620952E+02 0.000000E+00
2.926000E+00 4.875158E+04 1.358620E+04 7.050917E+04 1.384711E+02 8.563731E+01 0.000000E+00 0.000000E+00 0.000000E+00 7.024816E+04 6.899987E+04 2.244649E+04 1.712746E+04 1.621023E+02 0.000000E+00
2.927000E+00 4.868109E+04 1.355059E+04 7.040477E+04 1.384711E+02 8.572061E+01 0.000000E+00 0.000000E+00 0.000000E+00 7.014421E+04 6.889485E+04 2.244521E+04 1.714412E+04 1.620930E+02 0.000000E+00
2.928000E+00 4.860993E+04 1.351306E+04 7.030053E+04 1.384711E+02 8.580391E+01 0.000000E+00 0.000000E+00 0.000000E+00 7.004040E+04 6.878966E+04 2.244166E+04 1.716078E+04 1.620674E+02 0.000000E+00
2.929000E+00 4.853809E+04 1.347356E+04 7.019645E+04 1.384711E+02 8.588721E+01 0.000000E+00 0.000000E+00 0.000000E+00 6.993675E+04 6.868433E+04 2.243579E+04 1.717744E+04 1.620250E+02 0.000000E+00
2.930000E+00 4.846556E+04 1.343201E+04 7.009252E+04 1.384711E+02 8.597051E+01 0.000000E+00 0.000000E+00 0.000000E+00 6.983325E+04 6.857886E+04 2.242750E+04 1.719410E+04 1.619651E+02 0.000000E+00
2.931000E+00 4.839233E+04 1.338873E+04 6.998874E+04 1.384711E+02 8.605381E+01 0.000000E+00 0.000000E+00 0.000000E+00 6.972989E+04 6.847327E+04 2.241706E+04 1.721076E+04 1.618897E+02 0.000000E+00
2.932000E+00 4.831839E+04 1.334379E+04 6.988512E+04 1.384711E+02 8.613711E+01 0.000000E+00 0.000000E+00 0.000000E+00 6.962667E+04 6.836758E+04 2.240453E+04 1.722742E+04 1.617993E+02 0.000000E+00
2.933000E+00 4.824376E+04 1.329729E+04 6.978165E+04 1.384711E+02 8.622041E+01 0.000000E+00 0.000000E+00 0.000000E+00 6.952361E+04 6.826181E+04 2.238997E+04 1.724408E+04 1.616941E+02 0.000000E+00
2.934000E+00 4.816843E+04 1.324915E+04 6.967834E+04 1.384711E+02 8.630371E+01 0.000000E+00 0.000000E+00 0.000000E+00 6.942069E+04 6.815596E+04 2.237329E+04 1.726074E+04 1.615737E+02 0.000000E+00
2.935000E+00 4.809241E+04 1.319953E+04 6.957518E+04 1.384711E+02 8.638701E+01 0.000000E+00 0.000000E+00 0.000000E+00 6.931791E+04 6.805007E+04 2.235463E+04 1.727740E+04 1.614389E+02 0.000000E+00
2.936000E+00 4.801571E+04 1.314867E+04 6.947217E+04 1.384711E+02 8.647031E+01 0.000000E+00 0.000000E+00 0.000000E+00 6.921528E+04 6.794415E+04 2.233419E+04 1.729406E+04 1.612913E+02 0.000000E+00
2.937000E+00 4.793835E+04 1.309667E+04 6.936931E+04 1.384711E+02 8.655361E+01 0.000000E+00 0.000000E+00 0.000000E+00 6.911279E+04 6.783823E+04 2.231208E+04 1.731072E+04 1.611316E+02 0.000000E+00
2.938000E+00 4.786034E+04 1.304365E+04 6.926660E+04 1.384711E+02 8.663691E+01 0.000000E+00 0.000000E+00 0.000000E+00 6.901044E+04 6.773233E+04 2.228839E+04 1.732738E+04 1.609605E+02 0.000000E+00
2.939000E+00 4.778171E+04 1.298957E+04 6.916405E+04 1.384711E+02 8.672021E+01 0.000000E+00 0.000000E+00 0.000000E+00 6.890824E+04 6.762648E+04 2.226306E+04 1.734404E+04 1.607776E+02 0.000000E+00
2.940000E+00 4.770249E+04 1.293471E+04 6.906165E+04 1.384711E+02 8.680351E+01 0.000000E+00 0.000000E+00 0.000000E+00 6.880618E+04 6.752069E+04 2.223637E+04 1.736070E+04 1.605849E+02 0.000000E+00
2.941000E+00 4.762270E+04 1.287925E+04 6.895940E+04 1.384711E+02 8.688681E+01 0.000000E+00 0.000000E+00 0.000000E+00 6.870426E+04 6.741500E+04 2.220848E+04 1.737736E+04 1.603835E+02 0.000000E+00
2.942000E+00 4.754237E+04 1.282331E+04 6.885730E+04 1.384711E+02 8.697011E+01 0.000000E+00 0.000000E+00 0.000000E+00 6.860249E+04 6.730942E+04 2.217952E+04 1.739402E+04 1.601743E+02 0.000000E+00
2.943000E+00 4.746155E+04 1.276701E+04 6.875535E+04 1.384711E+02 8.705341E+01 0.000000E+00 0.000000E+00 0.000000E+00 6.850086E+04 6.720399E+04 2.214959E+04 1.741068E+04 1.599582E+02 0.000000E+00
2.944000E+00 4.738026E+04 1.271042E+04 6.865355E+04 1.384711E+02 8.713671E+01 0.000000E+00 0.000000E+00 0.000000E+00 6.839937E+04 6.709873E+04 2.211876E+04 1.742734E+04 1.597355E+02 0.000000E+00
2.945000E+00 4.729856E+04 1.265380E+04 6.855190E+04 1.384711E+02 8.722001E+01 0.000000E+00 0.000000E+00 0.000000E+00 6.829802E+04 6.699367E+04 2.208730E+04 1.744400E+04 1.595083E+02 0.000000E+00
2.946000E+00 4.721648E+04 1.259729E+04 6.845040E+04 1.384711E+02 8.730331E+01 0.000000E+00 0.000000E+00 0.000000E+00 6.819681E+04 6.688883E+04 2.205533E+04 1.746066E+04 1.592774E+02 0.000000E+00
2.947000E+00 4.713406E+04 1.254103E+04 6.834905E+04 1.384711E+02 8.738661E+01 0.000000E+00 0.000000E+00 0.000000E+00 6.809575E+04 6.678425E+04 2.202300E+04 1.747732E+04 1.590440E+02 0.000000E+00
2.948000E+00 4.705137E+04 1.248514E+04 6.824785E+04 1.384711E+02 8.746991E+01 0.000000E+00 0.000000E+00 0.000000E+00 6.799483E+04 6.667993E+04 2.199046E+04 1.749398E+04 1.588090E+02 0.000000E+00
2.949000E+00 4.696844E+04 1.242979E+04 6.814680E+04 1.384711E+02 8.755321E+01 0.000000E+00 0.000000E+00 0.000000E+00 6.789404E+04 6.657592E+04 2.195786E+04 1.751064E+04 1.585736E+02 0.000000E+00
2.950000E+00 4.688533E+04 1.237513E+04 6.804589E+04 1.384711E+02 8.763651E+01 0.000000E+00 0.000000E+00 0.000000E+00 6.779341E+04 6.647223E+04 2.192538E+04 1.752730E+04 1.583390E+02 0.000000E+00
2.951000E+00 4.680209E+04 1.232129E+04 6.794514E+04 1.384711E+02 8.771981E+01 0.000000E+00 0.000000E+00 0.000000E+00 6.769291E+04 6.636888E+04 2.189314E+04 1.754396E+04 1.581062E+02 0.000000E+00
2.952000E+00 4.671878E+04 1.226839E+04 6.784453E+04 1.384711E+02 8.780311E+01 0.000000E+00 0.000000E+00 0.000000E+00 6.759255E+04 6.626591E+04 2.186131E+04 1.756062E+04 1.578763E+02 0.000000E+00
2.953000E+00 4.663545E+04 1.221664E+04 6.774406E+04 1.384711E+02 8.788641E+01 0.000000E+00 0.000000E+00 0.000000E+00 6.749234E+04 6.616333E+04 2.183007E+04 1.757728E+04 1.576507E+02 0.000000E+00
2.954000E+00 4.655215E+04 1.216612E+04 6.764375E+04 1.384711E+02 8.796971E+01 0.000000E+00 0.000000E+00 0.000000E+00 6.739227E+04 6.606116E+04 2.179957E+04 1.759394E+04 1.574304E+02 0.000000E+00
2.955000E+00 4.646895E+04 1.211694E+04 6.754358E+04 1.384711E+02 8.805301E+01 0.000000E+00 0.000000E+00 0.000000E+00 6.729234E+04 6.595942E+04 2.176991E+04 1.761060E+04 1.572162E+02 0.000000E+00
2.956000E+00 4.638589E+04 1.206920E+04 6.744356E+04 1.384711E+02 8.813631E+01 0.000000E+00 0.000000E+00 0.000000E+00 6.719255E+04 6.585813E+04 2.174122E+04 1.762726E+04 1.570090E+02 0.000000E+00
2.957000E+00 4.630304E+04 1.202301E+04 6.734369E+04 1.384711E+02 8.821961E+01 0.000000E+00 0.000000E+00 0.000000E+00 6.709291E+04 6.575731E+04 2.171362E+04 1.764392E+04 1.568097E+02 0.000000E+00
2.958000E+00 4.622045E+04 1.197865E+04 6.724396E+04 1.384711E+02 8.830291E+01 0.000000E+00 0.000000E+00 0.000000E+00 6.699341E+04 6.565697E+04 2.168744E+04 1.766058E+04 1.566207E+02 0.000000E+00
2.959000E+00 4.613818E+04 1.193604E+04 6.714437E+04 1.384711E+02 8.838621E+01 0.000000E+00 0.000000E+00 0.000000E+00 6.689405E+04 6.555713E+04 2.166262E+04 1.767724E+04 1.564414E+02 0.000000E+00
2.960000E+00 4.605628E+04 1.189526E+04 6.704494E+04 1.384711E+02 8.846951E+01 0.000000E+00 0.000000E+00 0.000000E+00 6.679484E+04 6.545780E+04 2.163926E+04 1.769390E+04 1.562727E+02 0.000000E+00
2.961000E+00 4.597480E+04 1.185638E+04 6.694564E+04 1.384711E+02 8.855281E+01 0.000000E+00 0.000000E+00 0.000000E+00 6.669577E+04 6.535898E+04 2.161748E+04 1.771056E+04 1.561154E+02 0.000000E+00
2.962000E+00 4.589380E+04 1.181955E+04 6.684650E+04 1.384711E+02 8.863611E+01 0.000000E+00 0.000000E+00 0.000000E+00 6.659685E+04 6.526069E+04 2.159742E+04 1.772722E+04 1.559706E+02 0.000000E+00
2.963000E+00 4.581332E+04 1.178494E+04 6.674750E+04 1.384711E+02 8.871941E+01 0.000000E+00 0.000000E+00 0.000000E+00 6.649807E+04 6.516293E+04 2.157932E+04 1.774388E+04 1.558399E+02 0.000000E+00
2.964000E+00 4.573341E+04 1.175242E+04 6.664864E+04 1.384711E+02 8.880271E+01 0.000000E+00 0.000000E+00 0.000000E+00 6.639943E+04 6.506572E+04 2.156307E+04 1.776054E+04 1.557225E+02 0.000000E+00
2.965000E+00 4.565413E+04 1.172203E+04 6.654993E+04 1.384711E+02 8.888601E+01 0.000000E+00 0.000000E+00 0.000000E+00 6.630094E+04 6.496904E+04 2.154874E+04 1.777720E+04 1.556190E+02 0.000000E+00
2.966000E+00 4.557550E+04 1.169379E+04 6.645136E+04 1.384711E+02 8.896931E+01 0.000000E+00 0.000000E+00 0.000000E+00 6.620260E+04 6.487291E+04 2.153639E+04 1.779386E+04 1.555298E+02 0.000000E+00
2.967000E+00 4.549758E+04 1.166790E+04 6.635293E+04 1.384711E+02 8.905261E+01 0.000000E+00 0.000000E+00 0.000000E+00 6.610440E+04 6.477733E+04 2.152624E+04 1.781052E+04 1.554565E+02 0.000000E+00
2.968000E+00 4.542040E+04 1.164434E+04 6.625465E+04 1.384711E+02 8.913591E+01 0.000000E+00 0.000000E+00 0.000000E+00 6.600635E+04 6.468228E+04 2.151832E+04 1.782718E+04 1.553993E+02 0.000000E+00
2.969000E+00 4.534400E+04 1.162297E+04 6.615652E+04 1.384711E+02 8.921921E+01 0.000000E+00 0.000000E+00 0.000000E+00 6.590845E+04 6.458778E+04 2.151252E+04 1.784384E+04 1.553574E+02 0.000000E+00
2.970000E+00 4.526840E+04 1.160379E+04 6.605852E+04 1.384711E+02 8.930251E+01 0.000000E+00 0.000000E+00 0.000000E+00 6.581070E+04 6.449380E+04 2.150887E+04 1.786050E+04 1.553310E+02 0.000000E+00
2.971000E+00 4.519365E+04 1.158677E+04 6.596067E+04 1.384711E+02 8.938581E+01 0.000000E+00 0.000000E+00 0.000000E+00 6.571309E+04 6.440035E+04 2.150738E+04 1.787716E+04 1.553203E+02 0.000000E+00
2.972000E+00 4.511976E+04 1.157218E+04 6.586297E+04 1.384711E+02 8.946911E+01 0.000000E+00 0.000000E+00 0.000000E+00 6.561563E+04 6.430742E+04 2.150834E+04 1.789382E+04 1.553272E+02 0.000000E+00
2.973000E+00 4.504675E+04 1.155974E+04 6.576541E+04 1.384711E+02 8.955241E+01 0.000000E+00 0.000000E+00 0.000000E+00 6.551831E+04 6.421498E+04 2.151151E+04 1.791048E+04 1.553501E+02 0.000000E+00
2.974000E+00 4.497466E+04 1.154936E+04 6.566799E+04 1.384711E+02 8.963571E+01 0.000000E+00 0.000000E+00 0.000000E+00 6.542115E+04 6.412304E+04 2.151684E+04 1.792714E+04 1.553886E+02 0.000000E+00
2.975000E+00 4.490348E+04 1.154100E+04 6.557071E+04 1.384711E+02 8.971901E+01 0.000000E+00 0.000000E+00 0.000000E+00 6.532414E+04 6.403158E+04 2.152430E+04 1.794380E+04 1.554425E+02 0.000000E+00
2.976000E+00 4.483324E+04 1.153464E+04 6.547357E+04 1.384711E+02 8.980231E+01 0.000000E+00 0.000000E+00 0.000000E+00 6.522727E+04 6.394058E+04 2.153391E+04 1.796046E+04 1.555119E+02 0.000000E+00
2.977000E+00 4.476394E+04 1.153041E+04 6.537658E+04 1.384711E+02 8.988561E+01 0.000000E+00 0.000000E+00 0.000000E+00 6.513055E+04 6.385002E+04 2.154585E+04 1.797712E+04 1.555981E+02 0.000000E+00
2.978000E+00 4.469558E+04 1.152800E+04 6.527973E+04 1.384711E+02 8.996891E+01 0.000000E+00 0.000000E+00 0.000000E+00 6.503398E+04 6.375989E+04 2.155980E+04 1.799378E+04 1.556989E+02 0.000000E+00
2.979000E+00 4.462817E+04 1.152730E+04 6.518303E+04 1.384711E+02 9.005221E+01 0.000000E+00 0.000000E+00 0.000000E+00 6.493757E+04 6.367016E+04 2.157571E+04 1.801044E+04 1.558137E+02 0.000000E+00
2.980000E+00 4.456171E+04 1.152824E+04 6.508646E+04 1.384711E+02 9.013551E+01 0.000000E+00 0.000000E+00 0.000000E+00 6.484130E+04 6.358082E+04 2.159351E+04 1.802710E+04 1.559423E+02 0.000000E+00
2.981000E+00 4.449617E+04 1.153084E+04 6.499004E+04 1.384711E+02 9.021881E+01 0.000000E+00 0.000000E+00 0.000000E+00 6.474518E+04 6.349185E+04 2.161325E+04 1.804376E+04 1.560849E+02 0.000000E+00
2.982000E+00 4.443157E+04 1.153502E+04 6.489376E+04 1.384711E+02 9.030211E+01 0.000000E+00 0.000000E+00 0.000000E+00 6.464921E+04 6.340321E+04 2.163488E+04 1.806042E+04 1.562411E+02 0.000000E+00
2.983000E+00 4.436788E+04 1.154052E+04 6.479763E+04 1.384711E+02 9.038541E+01 0.000000E+00 0.000000E+00 0.000000E+00 6.455339E+04 6.331490E+04 2.165816E+04 1.807708E+04 1.564092E+02 0.000000E+00
2.984000E+00 4.430508E+04 1.154725E+04 6.470163E+04 1.384711E+02 9.046871E+01 0.000000E+00 0.000000E+00 0.000000E+00 6.445772E+04 6.322687E+04 2.168301E+04 1.809374E+04 1.565886E+02 0.000000E+00
2.985000E+00 4.424316E+04 1.155510E+04 6.460578E+04 1.384711E+02 9.055201E+01 0.000000E+00 0.000000E+00 0.000000E+00 6.436220E+04 6.313912E+04 2.170933E+04 1.811040E+04 1.567787E+02 0.000000E+00
2.986000E+00 4.418209E+04 1.156408E+04 6.451006E+04 1.384711E+02 9.063531E+01 0.000000E+00 0.000000E+00 0.000000E+00 6.426682E+04 6.305161E+04 2.173716E+04 1.812706E+04 1.569797E+02 0.000000E+00
2.987000E+00 4.412185E+04 1.157399E+04 6.441449E+04 1.384711E+02 9.071861E+01 0.000000E+00 0.000000E+00 0.000000E+00 6.417160E+04 6.296432E+04 2.176630E+04 1.814372E+04 1.571902E+02 0.000000E+00
2.988000E+00 4.406240E+04 1.158466E+04 6.431906E+04 1.384711E+02 9.080191E+01 0.000000E+00 0.000000E+00 0.000000E+00 6.407653E+04 6.287723E+04 2.179660E+04 1.816038E+04 1.574090E+02 0.000000E+00
2.989000E+00 4.400372E+04 1.159597E+04 6.422378E+04 1.384711E+02 9.088521E+01 0.000000E+00 0.000000E+00 0.000000E+00 6.398161E+04 6.279030E+04 2.182795E+04 1.817704E+04 1.576353E+02 0.000000E+00
2.990000E+00 4.394577E+04 1.160781E+04 6.412863E+04 1.384711E+02 9.096851E+01 0.000000E+00 0.000000E+00 0.000000E+00 6.388683E+04 6.270352E+04 2.186023E+04 1.819370E+04 1.578685E+02 0.000000E+00
2.991000E+00 4.388852E+04 1.162017E+04 6.403362E+04 1.384711E+02 9.105181E+01 0.000000E+00 0.000000E+00 0.000000E+00 6.379220E+04 6.261687E+04 2.189346E+04 1.821036E+04 1.581085E+02 0.000000E+00
2.992000E+00 4.383192E+04 1.163281E+04 6.393876E+04 1.384711E+02 9.113511E+01 0.000000E+00 0.000000E+00 0.000000E+00 6.369773E+04 6.253030E+04 2.192739E+04 1.822702E+04 1.583535E+02 0.000000E+00
2.993000E+00 4.377594E+04 1.164562E+04 6.384404E+04 1.384711E+02 9.121841E+01 0.000000E+00 0.000000E+00 0.000000E+00 6.360340E+04 6.244381E+04 2.196192E+04 1.824368E+04 1.586028E+02 0.000000E+00
2.994000E+00 4.372053E+04 1.165850E+04 6.374945E+04 1.384711E+02 9.130171E+01 0.000000E+00 0.000000E+00 0.000000E+00 6.350921E+04 6.235737E+04 2.199693E+04 1.826034E+04 1.588557E+02 0.000000E+00
2.995000E+00 4.366566E+04 1.167135E+04 6.365501E+04 1.384711E+02 9.138501E+01 0.000000E+00 0.000000E+00 0.000000E+00 6.341518E+04 6.227096E+04 2.203234E+04 1.827700E+04 1.591114E+02 0.000000E+00
2.996000E+00 4.361127E+04 1.168409E+04 6.356071E+04 1.384711E+02 9.146831E+01 0.000000E+00 0.000000E+00 0.000000E+00 6.332129E+04 6.218455E+04 2.206805E+04 1.829366E+04 1.593693E+02 0.000000E+00
2.997000E+00 4.355733E+04 1.169658E+04 6.346655E+04 1.384711E+02 9.155161E+01 0.000000E+00 0.000000E+00 0.000000E+00 6.322755E+04 6.209814E+04 2.210393E+04 1.831032E+04 1.596284E+02 0.000000E+00
2.998000E+00 4.350380E+04 1.170873E+04 6.337253E+04 1.384711E+02 9.163491E+01 0.000000E+00 0.000000E+00 0.000000E+00 6.313395E+04 6.201169E+04 2.213988E+04 1.832698E+04 1.598880E+02 0.000000E+00
2.999000E+00 4.345062E+04 1.172047E+04 6.327865E+04 1.384711E+02 9.171821E+01 0.000000E+00 0.000000E+00 0.000000E+00 6.304050E+04 6.192519E+04 2.217581E+04 1.834364E+04 1.601475E+02 0.000000E+00
3.000000E+00 4.339775E+04 1.173171E+04 6.318491E+04 1.384711E+02 9.180151E+01 0.000000E+00 0.000000E+00 0.000000E+00 6.294720E+04 6.183863E+04 2.221163E+04 1.836030E+04 1.604062E+02 0.000000E+00
3.001000E+00 4.334867E+04 1.197514E+04 6.309131E+04 1.384711E+02 9.188481E+01 0.000000E+00 0.000000E+00 0.000000E+00 6.285404E+04 6.175519E+04 2.941524E+04 1.837696E+04 2.124287E+02 0.000000E+00
3.002000E+00 4.330713E+04 1.224300E+04 6.299785E+04 1.384711E+02 9.196811E+01 0.000000E+00 0.000000E+00 0.000000E+00 6.276104E+04 6.167795E+04 2.971429E+04 1.839362E+04 2.145884E+02 0.000000E+00
3.003000E+00 4.327359E+04 1.253558E+04 6.290453E+04 1.384711E+02 9.205141E+01 0.000000E+00 0.000000E+00 0.000000E+00 6.266821E+04 6.160670E+04 3.004274E+04 1.841028E+04 2.169603E+02 0.000000E+00
3.004000E+00 4.324847E+04 1.285329E+04 6.281135E+04 1.384711E+02 9.213471E+01 0.000000E+00 0.000000E+00 0.000000E+00 6.257555E+04 6.154123E+04 3.040143E+04 1.842694E+04 2.195507E+02 0.000000E+00
3.005000E+00 4.323218E+04 1.319792E+04 6.271831E+04 1.384711E+02 9.221801E+01 0.000000E+00 0.000000E+00 0.000000E+00 6.248307E+04 6.148135E+04 3.079254E+04 1.844360E+04 2.223751E+02 0.000000E+00
3.006000E+00 4.322509E+04 1.357205E+04 6.262541E+04 1.384711E+02 9.230131E+01 0.000000E+00 0.000000E+00 0.000000E+00 6.239078E+04 6.142689E+04 3.121901E+04 1.846026E+04 2.254550E+02 0.000000E+00
3.007000E+00 4.322757E+04 1.397259E+04 6.253266E+04 1.384711E+02 9.238461E+01 0.000000E+00 0.000000E+00 0.000000E+00 6.229869E+04 6.137768E+04 3.167822E+04 1.847692E+04 2.287713E+02 0.000000E+00
3.008000E+00 4.323993E+04 1.439987E+04 6.244004E+04 1.384711E+02 9.246791E+01 0.000000E+00 0.000000E+00 0.000000E+00 6.220680E+04 6.133355E+04 3.217087E+04 1.849358E+04 2.323290E+02 0.000000E+00
3.009000E+00 4.326247E+04 1.485405E+04 6.234757E+04 1.384711E+02 9.255121E+01 0.000000E+00 0.000000E+00 0.000000E+00 6.211513E+04 6.129432E+04 3.269757E+04 1.851024E+04 2.361327E+02 0.000000E+00
3.010000E+00 4.329546E+04 1.533832E+04 6.225524E+04 1.384711E+02 9.263451E+01 0.000000E+00 0.000000E+00 0.000000E+00 6.202367E+04 6.125984E+04 3.326191E+04 1.852690E+04 2.402082E+02 0.000000E+00
3.011000E+00 4.333916E+04 1.585218E+04 6.216305E+04 1.384711E+02 9.271781E+01 0.000000E+00 0.000000E+00 0.000000E+00 6.193243E+04 6.122996E+04 3.386377E+04 1.854356E+04 2.445547E+02 0.000000E+00
3.012000E+00 4.339381E+04 1.639336E+04 6.207101E+04 1.384711E+02 9.280111E+01 0.000000E+00 0.000000E+00 0.000000E+00 6.184142E+04 6.120452E+04 3.450140E+04 1.856022E+04 2.491595E+02 0.000000E+00
3.013000E+00 4.345960E+04 1.696195E+04 6.197912E+04 1.384711E+02 9.288441E+01 0.000000E+00 0.000000E+00 0.000000E+00 6.175065E+04 6.118335E+04 3.517521E+04 1.857688E+04 2.540256E+02 0.000000E+00
3.014000E+00 4.353671E+04 1.755780E+04 6.188737E+04 1.384711E+02 9.296771E+01 0.000000E+00 0.000000E+00 0.000000E+00 6.166011E+04 6.116630E+04 3.588555E+04 1.859354E+04 2.591555E+02 0.000000E+00
3.015000E+00 4.362530E+04 1.818557E+04 6.179577E+04 1.384711E+02 9.305101E+01 0.000000E+00 0.000000E+00 0.000000E+00 6.156982E+04 6.115319E+04 3.663746E+04 1.861020E+04 2.645856E+02 0.000000E+00
3.016000E+00 4.372551E+04 1.884121E+04 6.170432E+04 1.384711E+02 9.313431E+01 0.000000E+00 0.000000E+00 0.000000E+00 6.147978E+04 6.114390E+04 3.742729E+04 1.862686E+04 2.702894E+02 0.000000E+00
3.017000E+00 4.383744E+04 1.952361E+04 6.161302E+04 1.384711E+02 9.321761E+01 0.000000E+00 0.000000E+00 0.000000E+00 6.139000E+04 6.113824E+04 3.825440E+04 1.864352E+04 2.762626E+02 0.000000E+00
3.018000E+00 4.396118E+04 2.023256E+04 6.152187E+04 1.384711E+02 9.330091E+01 0.000000E+00 0.000000E+00 0.000000E+00 6.130047E+04 6.113606E+04 3.911891E+04 1.866018E+04 2.825059E+02 0.000000E+00
3.019000E+00 4.409678E+04 2.096841E+04 6.143087E+04 1.384711E+02 9.338421E+01 0.000000E+00 0.000000E+00 0.000000E+00 6.121121E+04 6.113716E+04 4.002166E+04 1.867684E+04 2.890253E+02 0.000000E+00
3.020000E+00 4.424428E+04 2.173476E+04 6.134002E+04 1.384711E+02 9.346751E+01 0.000000E+00 0.000000E+00 0.000000E+00 6.112221E+04 6.114141E+04 4.096660E+04 1.869350E+04 2.958494E+02 0.000000E+00
3.021000E+00 4.440371E+04 2.252639E+04 6.124933E+04 1.384711E+02 9.355081E+01 0.000000E+00 0.000000E+00 0.000000E+00 6.103348E+04 6.114864E+04 4.194887E+04 1.871016E+04 3.029430E+02 0.000000E+00
3.022000E+00 4.457504E+04 2.334267E+04 6.115880E+04 1.384711E+02 9.363411E+01 0.000000E+00 0.000000E+00 0.000000E+00 6.094503E+04 6.115865E+04 4.296830E+04 1.872682E+04 3.103051E+02 0.000000E+00
3.023000E+00 4.475822E+04 2.418311E+04 6.106842E+04 1.384711E+02 9.371741E+01 0.000000E+00 0.000000E+00 0.000000E+00 6.085685E+04 6.117126E+04 4.402467E+04 1.874348E+04 3.179339E+02 0.000000E+00
3.024000E+00 4.495320E+04 2.504930E+04 6.097820E+04 1.384711E+02 9.380071E+01 0.000000E+00 0.000000E+00 0.000000E+00 6.076895E+04 6.118630E+04 4.512002E+04 1.876014E+04 3.258442E+02 0.000000E+00
3.025000E+00 4.515990E+04 2.594128E+04 6.088815E+04 1.384711E+02 9.388401E+01 0.000000E+00 0.000000E+00 0.000000E+00 6.068133E+04 6.120359E+04 4.625472E+04 1.877680E+04 3.340387E+02 0.000000E+00
3.026000E+00 4.537821E+04 2.685523E+04 6.079825E+04 1.384711E+02 9.396731E+01 0.000000E+00 0.000000E+00 0.000000E+00 6.059400E+04 6.122293E+04 4.742523E+04 1.879346E+04 3.424918E+02 0.000000E+00
3.027000E+00 4.560797E+04 2.779026E+04 6.070852E+04 1.384711E+02 9.405061E+01 0.000000E+00 0.000000E+00 0.000000E+00 6.050696E+04 6.124414E+04 4.863107E+04 1.881012E+04 3.512000E+02 0.000000E+00
3.028000E+00 4.584903E+04 2.874561E+04 6.061895E+04 1.384711E+02 9.413391E+01 0.000000E+00 0.000000E+00 0.000000E+00 6.042020E+04 6.126700E+04 4.987171E+04 1.882678E+04 3.601596E+02 0.000000E+00
3.029000E+00 4.610120E+04 2.972388E+04 6.052954E+04 1.384711E+02 9.421721E+01 0.000000E+00 0.000000E+00 0.000000E+00 6.033373E+04 6.129133E+04 5.115011E+04 1.884344E+04 3.693918E+02 0.000000E+00
3.030000E+00 4.636428E+04 3.072186E+04 6.044030E+04 1.384711E+02 9.430051E+01 0.000000E+00 0.000000E+00 0.000000E+00 6.024755E+04 6.131693E+04 5.246333E+04 1.886010E+04 3.788756E+02 0.000000E+00
3.031000E+00 4.663804E+04 3.173716E+04 6.035123E+04 1.384711E+02 9.438381E+01 0.000000E+00 0.000000E+00 0.000000E+00 6.016167E+04 6.134359E+04 5.380921E+04 1.887676E+04 3.885951E+02 0.000000E+00
3.032000E+00 4.692220E+04 3.276869E+04 6.026233E+04 1.384711E+02 9.446711E+01 0.000000E+00 0.000000E+00 0.000000E+00 6.007608E+04 6.137111E+04 5.518695E+04 1.889342E+04 3.985448E+02 0.000000E+00
3.033000E+00 4.721648E+04 3.381545E+04 6.017360E+04 1.384711E+02 9.455041E+01 0.000000E+00 0.000000E+00 0.000000E+00 5.999078E+04 6.139926E+04 5.659574E+04 1.891008E+04 4.087186E+02 0.000000E+00
3.034000E+00 4.752060E+04 3.488063E+04 6.008505E+04 1.384711E+02 9.463371E+01 0.000000E+00 0.000000E+00 0.000000E+00 5.990577E+04 6.142785E+04 5.803905E+04 1.892674E+04 4.191418E+02 0.000000E+00
3.035000E+00 4.783422E+04 3.595855E+04 5.999666E+04 1.384711E+02 9.471701E+01 0.000000E+00 0.000000E+00 0.000000E+00 5.982106E+04 6.145666E+04 5.951135E+04 1.894340E+04 4.297743E+02 0.000000E+00
3.036000E+00 4.815714E+04 3.704806E+04 5.990850E+04 1.384711E+02 9.480031E+01 -4.300700E-02 0.000000E+00 -4.300700E-02 5.974324E+04 6.149165E+04 6.101164E+04 1.896006E+04 4.406091E+02 0.000000E+00
3.037000E+00 4.848957E+04 3.814787E+04 5.982071E+04 1.384710E+02 9.488361E+01 -2.125471E-01 0.000000E+00 -2.125471E-01 5.968483E+04 6.154439E+04 6.253886E+04 1.897672E+04 4.516387E+02 0.000000E+00
3.038000E+00 4.883197E+04 3.925781E+04 5.973357E+04 1.384707E+02 9.496691E+01 -5.090816E-01 0.000000E+00 -5.090816E-01 5.964739E+04 6.161628E+04 6.409293E+04 1.899338E+04 4.628629E+02 0.000000E+00
3.039000E+00 4.918475E+04 4.037798E+04 5.964731E+04 1.384700E+02 9.505021E+01 -9.361373E-01 0.000000E+00 -9.361373E-01 5.963036E+04 6.170674E+04 6.567405E+04 1.901004E+04 4.742837E+02 0.000000E+00
3.040000E+00 4.954825E+04 4.150430E+04 5.956221E+04 1.384688E+02 9.513351E+01 -1.491156E+00 0.000000E+00 -1.491156E+00 5.963472E+04 6.181676E+04 6.727825E+04 1.902670E+04 4.858731E+02 0.000000E+00
3.041000E+00 4.992275E+04 4.263548E+04 5.947850E+04 1.384669E+02 9.521681E+01 -2.176003E+00 0.000000E+00 -2.176003E+00 5.966023E+04 6.194610E+04 6.890426E+04 1.904336E+04 4.976225E+02 0.000000E+00
3.042000E+00 5.030848E+04 4.377012E+04 5.939646E+04 1.384644E+02 9.530011E+01 -2.989358E+00 0.000000E+00 -2.989358E+00 5.970734E+04 6.209516E+04 7.055079E+04 1.906002E+04 5.095231E+02 0.000000E+00
3.043000E+00 5.070562E+04 4.490847E+04 5.931632E+04 1.384609E+02 9.538341E+01 -3.931810E+00 0.000000E+00 -3.931810E+00 5.977615E+04 6.226401E+04 7.221803E+04 1.907668E+04 5.215771E+02 0.000000E+00
3.044000E+00 5.111430E+04 4.604851E+04 5.923835E+04 1.384565E+02 9.546671E+01 -5.002497E+00 0.000000E+00 -5.002497E+00 5.986693E+04 6.245284E+04 7.390397E+04 1.909334E+04 5.337705E+02 0.000000E+00
3.045000E+00 5.153459E+04 4.718761E+04 5.916279E+04 1.384509E+02 9.555001E+01 -6.201240E+00 0.000000E+00 -6.201240E+00 5.997983E+04 6.266170E+04 7.560596E+04 1.911000E+04 5.460852E+02 0.000000E+00
3.046000E+00 5.196653E+04 4.832442E+04 5.908990E+04 1.384440E+02 9.563331E+01 -7.527181E+00 0.000000E+00 -7.527181E+00 6.011502E+04 6.289064E+04 7.732255E+04 1.912666E+04 5.585114E+02 0.000000E+00
3.047000E+00 5.241009E+04 4.945754E+04 5.901992E+04 1.384358E+02 9.571661E+01 -8.979667E+00 0.000000E+00 -8.979667E+00 6.027261E+04 6.313963E+04 7.905230E+04 1.914332E+04 5.710396E+02 0.000000E+00
3.048000E+00 5.286522E+04 5.058708E+04 5.895310E+04 1.384260E+02 9.579991E+01 -1.055770E+01 0.000000E+00 -1.055770E+01 6.045272E+04 6.340863E+04 8.079518E+04 1.915998E+04 5.836705E+02 0.000000E+00
3.049000E+00 5.333182E+04 5.171014E+04 5.888969E+04 1.384146E+02 9.588321E+01 -1.226030E+01 0.000000E+00 -1.226030E+01 6.065542E+04 6.369758E+04 8.254815E+04 1.917664E+04 5.963832E+02 0.000000E+00
3.050000E+00 5.380974E+04 5.282510E+04 5.882992E+04 1.384014E+02 9.596651E+01 -1.408623E+01 0.000000E+00 -1.408623E+01 6.088077E+04 6.400634E+04 8.430945E+04 1.919330E+04 6.091660E+02 0.000000E+00
3.051000E+00 5.429880E+04 5.393064E+04 5.877404E+04 1.383864E+02 9.604981E+01 -1.603419E+01 0.000000E+00 -1.603419E+01 6.112880E+04 6.433477E+04 8.607757E+04 1.920996E+04 6.220089E+02 0.000000E+00
3.052000E+00 5.479878E+04 5.502556E+04 5.872227E+04 1.383693E+02 9.613311E+01 -1.810270E+01 0.000000E+00 -1.810270E+01 6.139953E+04 6.468271E+04 8.785110E+04 1.922662E+04 6.349030E+02 0.000000E+00
3.053000E+00 5.530943E+04 5.610893E+04 5.867486E+04 1.383501E+02 9.621641E+01 -2.029019E+01 0.000000E+00 -2.029019E+01 6.169294E+04 6.504994E+04 8.962890E+04 1.924328E+04 6.478410E+02 0.000000E+00
3.054000E+00 5.583046E+04 5.717864E+04 5.863202E+04 1.383287E+02 9.629971E+01 -2.259495E+01 0.000000E+00 -2.259495E+01 6.200898E+04 6.543625E+04 9.140861E+04 1.925994E+04 6.608072E+02 0.000000E+00
3.055000E+00 5.636156E+04 5.823347E+04 5.859399E+04 1.383049E+02 9.638301E+01 -2.501513E+01 0.000000E+00 -2.501513E+01 6.234761E+04 6.584139E+04 9.318872E+04 1.927660E+04 6.737918E+02 0.000000E+00
3.056000E+00 5.690238E+04 5.927218E+04 5.856099E+04 1.382786E+02 9.646631E+01 -2.754876E+01 0.000000E+00 -2.754876E+01 6.270873E+04 6.626509E+04 9.496773E+04 1.929326E+04 6.867852E+02 0.000000E+00
3.057000E+00 5.745256E+04 6.029352E+04 5.853323E+04 1.382498E+02 9.654961E+01 -3.019376E+01 0.000000E+00 -3.019376E+01 6.309223E+04 6.670707E+04 9.674405E+04 1.930992E+04 6.997772E+02 0.000000E+00
3.058000E+00 5.801169E+04 6.129608E+04 5.851091E+04 1.382182E+02 9.663291E+01 -3.294792E+01 0.000000E+00 -3.294792E+01 6.349799E+04 6.716701E+04 9.851595E+04 1.932658E+04 7.127566E+02 0.000000E+00
3.059000E+00 5.857938E+04 6.227877E+04 5.849426E+04 1.381839E+02 9.671621E+01 -3.580892E+01 0.000000E+00 -3.580892E+01 6.392585E+04 6.764462E+04 1.002820E+05 1.934324E+04 7.257143E+02 0.000000E+00
3.060000E+00 5.915519E+04 6.324055E+04 5.848347E+04 1.381466E+02 9.679951E+01 -3.877434E+01 0.000000E+00 -3.877434E+01 6.437564E+04 6.813954E+04 1.020408E+05 1.935990E+04 7.386416E+02 0.000000E+00
3.061000E+00 5.973866E+04 6.418039E+04 5.847873E+04 1.381063E+02 9.688281E+01 -4.184165E+01 0.000000E+00 -4.184165E+01 6.484715E+04 6.865144E+04 1.037909E+05 1.937656E+04 7.515295E+02 0.000000E+00
3.062000E+00 6.032934E+04 6.509651E+04 5.848024E+04 1.380629E+02 9.696611E+01 -4.500822E+01 0.000000E+00 -4.500822E+01 6.534017E+04 6.917996E+04 1.055302E+05 1.939322E+04 7.643635E+02 0.000000E+00
3.063000E+00 6.092675E+04 6.598823E+04 5.848819E+04 1.380162E+02 9.704941E+01 -4.827132E+01 0.000000E+00 -4.827132E+01 6.585446E+04 6.972474E+04 1.072575E+05 1.940988E+04 7.771371E+02 0.000000E+00
3.064000E+00 6.153040E+04 6.685496E+04 5.850274E+04 1.379663E+02 9.713271E+01 -5.162811E+01 0.000000E+00 -5.162811E+01 6.638976E+04 7.028539E+04 1.089719E+05 1.942654E+04 7.898445E+02 0.000000E+00
3.065000E+00 6.213979E+04 6.769590E+04 5.852408E+04 1.379129E+02 9.721601E+01 -5.507571E+01 0.000000E+00 -5.507571E+01 6.694579E+04 7.086155E+04 1.106721E+05 1.944320E+04 8.024778E+02 0.000000E+00
3.066000E+00 6.275444E+04 6.851028E+04 5.855237E+04 1.378561E+02 9.729931E+01 -5.861113E+01 0.000000E+00 -5.861113E+01 6.752225E+04 7.145281E+04 1.123568E+05 1.945986E+04 8.150297E+02 0.000000E+00
3.067000E+00 6.337384E+04 6.929545E+04 5.858777E+04 1.377957E+02 9.738261E+01 -6.223130E+01 0.000000E+00 -6.223130E+01 6.811883E+04 7.205880E+04 1.140230E+05 1.947652E+04 8.274788E+02 0.000000E+00
3.068000E+00 6.399746E+04 7.005248E+04 5.863045E+04 1.377316E+02 9.746591E+01 -6.593308E+01 0.000000E+00 -6.593308E+01 6.873520E+04 7.267910E+04 1.156712E+05 1.949318E+04 8.398308E+02 0.000000E+00
3.069000E+00 6.462482E+04 7.078076E+04 5.868053E+04 1.376638E+02 9.754921E+01 -6.971328E+01 0.000000E+00 -6.971328E+01 6.937101E+04 7.331333E+04 1.173005E+05 1.950984E+04 8.520793E+02 0.000000E+00
3.070000E+00 6.525540E+04 7.147982E+04 5.873817E+04 1.375922E+02 9.763251E+01 -7.356864E+01 0.000000E+00 -7.356864E+01 7.002589E+04 7.396108E+04 1.189096E+05 1.952650E+04 8.642182E+02 0.000000E+00
3.071000E+00 6.588871E+04 7.214844E+04 5.880351E+04 1.375166E+02 9.771581E+01 -7.749587E+01 0.000000E+00 -7.749587E+01 7.069946E+04 7.462195E+04 1.204971E+05 1.954316E+04 8.762366E+02 0.000000E+00
3.072000E+00 6.652425E+04 7.278503E+04 5.887666E+04 1.374372E+02 9.779911E+01 -8.149160E+01 0.000000E+00 -8.149160E+01 7.139133E+04 7.529553E+04 1.220608E+05 1.955982E+04 8.881207E+02 0.000000E+00
3.073000E+00 6.716151E+04 7.339101E+04 5.895775E+04 1.373536E+02 9.788241E+01 -8.555242E+01 0.000000E+00 -8.555242E+01 7.210110E+04 7.598143E+04 1.236015E+05 1.957648E+04 8.998779E+02 0.000000E+00
3.074000E+00 6.780002E+04 7.396606E+04 5.904689E+04 1.372660E+02 9.796571E+01 -8.967491E+01 0.000000E+00 -8.967491E+01 7.282834E+04 7.667922E+04 1.251185E+05 1.959314E+04 9.115036E+02 0.000000E+00
3.075000E+00 6.843932E+04 7.451000E+04 5.914419E+04 1.371743E+02 9.804901E+01 -9.385564E+01 0.000000E+00 -9.385564E+01 7.357262E+04 7.738854E+04 1.266110E+05 1.960980E+04 9.229938E+02 0.000000E+00
3.076000E+00 6.907894E+04 7.502099E+04 5.924975E+04 1.370783E+02 9.813231E+01 -9.809111E+01 0.000000E+00 -9.809111E+01 7.433351E+04 7.810897E+04 1.280767E+05 1.962646E+04 9.343325E+02 0.000000E+00
3.077000E+00 6.971842E+04 7.549926E+04 5.936366E+04 1.369781E+02 9.821561E+01 -1.023778E+02 0.000000E+00 -1.023778E+02 7.511055E+04 7.884011E+04 1.295153E+05 1.964312E+04 9.455187E+02 0.000000E+00
3.078000E+00 7.035732E+04 7.594604E+04 5.948600E+04 1.368735E+02 9.829891E+01 -1.067122E+02 0.000000E+00 -1.067122E+02 7.590328E+04 7.958158E+04 1.309275E+05 1.965978E+04 9.565584E+02 0.000000E+00
3.079000E+00 7.099524E+04 7.636134E+04 5.961686E+04 1.367646E+02 9.838221E+01 -1.110909E+02 0.000000E+00 -1.110909E+02 7.671124E+04 8.033300E+04 1.323128E+05 1.967644E+04 9.674493E+02 0.000000E+00
3.080000E+00 7.163176E+04 7.674528E+04 5.975630E+04 1.366513E+02 9.846551E+01 -1.155103E+02 0.000000E+00 -1.155103E+02 7.753396E+04 8.109398E+04 1.336708E+05 1.969310E+04 9.781890E+02 0.000000E+00
3.081000E+00 7.226649E+04 7.709530E+04 5.990439E+04 1.365336E+02 9.854881E+01 -1.199670E+02 0.000000E+00 -1.199670E+02 7.837096E+04 8.186416E+04 1.349985E+05 1.970976E+04 9.887563E+02 0.000000E+00
3.082000E+00 7.289906E+04 7.741381E+04 6.006119E+04 1.364114E+02 9.863211E+01 -1.244574E+02 0.000000E+00 -1.244574E+02 7.922175E+04 8.264315E+04 1.362976E+05 1.972642E+04 9.991658E+02 0.000000E+00
3.083000E+00 7.352911E+04 7.770155E+04 6.022674E+04 1.362847E+02 9.871541E+01 -1.289780E+02 0.000000E+00 -1.289780E+02 8.008585E+04 8.343059E+04 1.375685E+05 1.974308E+04 1.009420E+03 0.000000E+00
3.084000E+00 7.415632E+04 7.795880E+04 6.040108E+04 1.361534E+02 9.879871E+01 -1.335255E+02 0.000000E+00 -1.335255E+02 8.096276E+04 8.422614E+04 1.388109E+05 1.975974E+04 1.019518E+03 0.000000E+00
3.085000E+00 7.478036E+04 7.818553E+04 6.058427E+04 1.360176E+02 9.888201E+01 -1.380965E+02 0.000000E+00 -1.380965E+02 8.185200E+04 8.502945E+04 1.400244E+05 1.977640E+04 1.029458E+03 0.000000E+00
3.086000E+00 7.540094E+04 7.837989E+04 6.077631E+04 1.358772E+02 9.896531E+01 -1.426876E+02 0.000000E+00 -1.426876E+02 8.275308E+04 8.584017E+04 1.412065E+05 1.979306E+04 1.039221E+03 0.000000E+00
3.087000E+00 7.601779E+04 7.854506E+04 6.097723E+04 1.357322E+02 9.904861E+01 -1.472954E+02 0.000000E+00 -1.472954E+02 8.366550E+04 8.665796E+04 1.423600E+05 1.980972E+04 1.048830E+03 0.000000E+00
3.088000E+00 7.663064E+04 7.868160E+04 6.118706E+04 1.355826E+02 9.913191E+01 -1.519166E+02 0.000000E+00 -1.519166E+02 8.458877E+04 8.748251E+04 1.434849E+05 1.982638E+04 1.058284E+03 0.000000E+00
3.089000E+00 7.723927E+04 7.879003E+04 6.140580E+04 1.354284E+02 9.921521E+01 -1.565481E+02 0.000000E+00 -1.565481E+02 8.552239E+04 8.831348E+04 1.445814E+05 1.984304E+04 1.067586E+03 0.000000E+00
3.090000E+00 7.784346E+04 7.886970E+04 6.163345E+04 1.352695E+02 9.929851E+01 -1.611867E+02 0.000000E+00 -1.611867E+02 8.646589E+04 8.915059E+04 1.456484E+05 1.985970E+04 1.076727E+03 0.000000E+00
3.091000E+00 7.844303E+04 7.892087E+04 6.187000E+04 1.351060E+02 9.938181E+01 -1.658292E+02 0.000000E+00 -1.658292E+02 8.741878E+04 8.999352E+04 1.466856E+05 1.987636E+04 1.085707E+03 0.000000E+00
3.092000E+00 7.903779E+04 7.894594E+04 6.211546E+04 1.349379E+02 9.946511E+01 -1.704726E+02 0.000000E+00 -1.704726E+02 8.838056E+04 9.084198E+04 1.476950E+05 1.989302E+04 1.094541E+03 0.000000E+00
3.093000E+00 7.962761E+04 7.894565E+04 6.236980E+04 1.347651E+02 9.954841E+01 -1.751139E+02 0.000000E+00 -1.751139E+02 8.935078E+04 9.169568E+04 1.486770E+05 1.990968E+04 1.103231E+03 0.000000E+00
3.094000E+00 8.021235E+04 7.892072E+04 6.263300E+04 1.345876E+02 9.963171E+01 -1.797501E+02 0.000000E+00 -1.797501E+02 9.032895E+04 9.255436E+04 1.496320E+05 1.992634E+04 1.111781E+03 0.000000E+00
3.095000E+00 8.079192E+04 7.887002E+04 6.290504E+04 1.344056E+02 9.971501E+01 -1.843786E+02 0.000000E+00 -1.843786E+02 9.131461E+04 9.341774E+04 1.505582E+05 1.994300E+04 1.120178E+03 0.000000E+00
3.096000E+00 8.136620E+04 7.879559E+04 6.318587E+04 1.342189E+02 9.979831E+01 -1.889964E+02 0.000000E+00 -1.889964E+02 9.230730E+04 9.428555E+04 1.514576E+05 1.995966E+04 1.128437E+03 0.000000E+00
3.097000E+00 8.193515E+04 7.869902E+04 6.347547E+04 1.340276E+02 9.988161E+01 -1.936009E+02 0.000000E+00 -1.936009E+02 9.330658E+04 9.515755E+04 1.523312E+05 1.997632E+04 1.136566E+03 0.000000E+00
3.098000E+00 8.249871E+04 7.858118E+04 6.377380E+04 1.338317E+02 9.996491E+01 -1.981895E+02 0.000000E+00 -1.981895E+02 9.431198E+04 9.603349E+04 1.531796E+05 1.999298E+04 1.144569E+03 0.000000E+00
3.099000E+00 8.305685E+04 7.844289E+04 6.408079E+04 1.336312E+02 1.000482E+02 -2.027596E+02 0.000000E+00 -2.027596E+02 9.532309E+04 9.691315E+04 1.540033E+05 2.000964E+04 1.152450E+03 0.000000E+00
3.100000E+00 8.360957E+04 7.828278E+04 6.439640E+04 1.334262E+02 1.001315E+02 -2.073089E+02 0.000000E+00 -2.073089E+02 9.633946E+04 9.779629E+04 1.548006E+05 2.002630E+04 1.160197E+03 0.000000E+00
3.101000E+00 8.415686E+04 7.810412E+04 6.472057E+04 1.332166E+02 1.002148E+02 -2.118350E+02 0.000000E+00 -2.118350E+02 9.736069E+04 9.868269E+04 1.555746E+05 2.004296E+04 1.167832E+03 0.000000E+00
3.102000E+00 8.469875E+04 7.790778E+04 6.505325E+04 1.330025E+02 1.002981E+02 -2.163355E+02 0.000000E+00 -2.163355E+02 9.838635E+04 9.957214E+04 1.563257E+05 2.005962E+04 1.175359E+03 0.000000E+00
3.103000E+00 8.523527E+04 7.769467E+04 6.539435E+04 1.327840E+02 1.003814E+02 -2.208085E+02 0.000000E+00 -2.208085E+02 9.941606E+04 1.004644E+05 1.570546E+05 2.007628E+04 1.182783E+03 0.000000E+00
3.104000E+00 8.576650E+04 7.746512E+04 6.574381E+04 1.325609E+02 1.004647E+02 -2.252516E+02 0.000000E+00 -2.252516E+02 1.004494E+05 1.013594E+05 1.577614E+05 2.009294E+04 1.190105E+03 0.000000E+00
3.105000E+00 8.629248E+04 7.721935E+04 6.610157E+04 1.323335E+02 1.005480E+02 -2.296630E+02 0.000000E+00 -2.296630E+02 1.014860E+05 1.022568E+05 1.584461E+05 2.010960E+04 1.197325E+03 0.000000E+00
3.106000E+00 8.681330E+04 7.695962E+04 6.646752E+04 1.321016E+02 1.006313E+02 -2.340408E+02 0.000000E+00 -2.340408E+02 1.025256E+05 1.031564E+05 1.591108E+05 2.012626E+04 1.204457E+03 0.000000E+00
3.107000E+00 8.732906E+04 7.668677E+04 6.684161E+04 1.318654E+02 1.007146E+02 -2.383831E+02 0.000000E+00 -2.383831E+02 1.035676E+05 1.040581E+05 1.597559E+05 2.014292E+04 1.211508E+03 0.000000E+00
3.108000E+00 8.783986E+04 7.640170E+04 6.722373E+04 1.316249E+02 1.007979E+02 -2.426883E+02 0.000000E+00 -2.426883E+02 1.046119E+05 1.049618E+05 1.603824E+05 2.015958E+04 1.218481E+03 0.000000E+00
3.109000E+00 8.834582E+04 7.610448E+04 6.761381E+04 1.313800E+02 1.008812E+02 -2.469546E+02 0.000000E+00 -2.469546E+02 1.056580E+05 1.058672E+05 1.609900E+05 2.017624E+04 1.225376E+03 0.000000E+00
3.110000E+00 8.884707E+04 7.579626E+04 6.801175E+04 1.311310E+02 1.009645E+02 -2.511805E+02 0.000000E+00 -2.511805E+02 1.067056E+05 1.067742E+05 1.615797E+05 2.019290E+04 1.232201E+03 0.000000E+00
3.111000E+00 8.934374E+04 7.547849E+04 6.841745E+04 1.308777E+02 1.010478E+02 -2.553646E+02 0.000000E+00 -2.553646E+02 1.077544E+05 1.076825E+05 1.621529E+05 2.020956E+04 1.238965E+03 0.000000E+00
3.112000E+00 8.983596E+04 7.515193E+04 6.883082E+04 1.306202E+02 1.011311E+02 -2.595054E+02 0.000000E+00 -2.595054E+02 1.088041E+05 1.085922E+05 1.627101E+05 2.022622E+04 1.245673E+03 0.000000E+00
3.113000E+00 9.032390E+04 7.481738E+04 6.925176E+04 1.303587E+02 1.012144E+02 -2.636018E+02 0.000000E+00 -2.636018E+02 1.098545E+05 1.095030E+05 1.632521E+05 2.024288E+04 1.252330E+03 0.000000E+00
3.114000E+00 9.080771E+04 7.447490E+04 6.968017E+04 1.300931E+02 1.012977E+02 -2.676524E+02 0.000000E+00 -2.676524E+02 1.109051E+05 1.104147E+05 1.637788E+05 2.025954E+04 1.258935E+03 0.000000E+00
3.115000E+00 9.128755E+04 7.412593E+04 7.011594E+04 1.298234E+02 1.013810E+02 -2.716562E+02 0.000000E+00 -2.716562E+02 1.119558E+05 1.113273E+05 1.642915E+05 2.027620E+04 1.265500E+03 0.000000E+00
3.116000E+00 9.176357E+04 7.377131E+04 7.055897E+04 1.295498E+02 1.014643E+02 -2.756120E+02 0.000000E+00 -2.756120E+02 1.130062E+05 1.122405E+05 1.647909E+05 2.029286E+04 1.272028E+03 0.000000E+00
3.117000E+00 9.223594E+04 7.341172E+04 7.100915E+04 1.292722E+02 1.015476E+02 -2.795191E+02 0.000000E+00 -2.795191E+02 1.140561E+05 1.131543E+05 1.652778E+05 2.030952E+04 1.278526E+03 0.000000E+00
3.118000E+00 9.270484E+04 7.304773E+04 7.146637E+04 1.289907E+02 1.016309E+02 -2.833763E+02 0.000000E+00 -2.833763E+02 1.151054E+05 1.140685E+05 1.657526E+05 2.032618E+04 1.284996E+03 0.000000E+00
3.119000E+00 9.317043E+04 7.267976E+04 7.193052E+04 1.287055E+02 1.017142E+02 -2.871829E+02 0.000000E+00 -2.871829E+02 1.161537E+05 1.149830E+05 1.662156E+05 2.034284E+04 1.291442E+03 0.000000E+00
3.120000E+00 9.363288E+04 7.230879E+04 7.240148E+04 1.284164E+02 1.017975E+02 -2.909381E+02 0.000000E+00 -2.909381E+02 1.172008E+05 1.158977E+05 1.666678E+05 2.035950E+04 1.297870E+03 0.000000E+00
3.121000E+00 9.409235E+04 7.193539E+04 7.287914E+04 1.281236E+02 1.018808E+02 -2.946411E+02 0.000000E+00 -2.946411E+02 1.182465E+05 1.168123E+05 1.671098E+05 2.037616E+04 1.304286E+03 0.000000E+00
3.122000E+00 9.454901E+04 7.156008E+04 7.336340E+04 1.278271E+02 1.019641E+02 -2.982915E+02 0.000000E+00 -2.982915E+02 1.192906E+05 1.177269E+05 1.675420E+05 2.039282E+04 1.310692E+03 0.000000E+00
3.123000E+00 9.500302E+04 7.118332E+04 7.385412E+04 1.275270E+02 1.020474E+02 -3.018885E+02 0.000000E+00 -3.018885E+02 1.203328E+05 1.186412E+05 1.679649E+05 2.040948E+04 1.317093E+03 0.000000E+00
3.124000E+00 9.545454E+04 7.080567E+04 7.435120E+04 1.272234E+02 1.021307E+02 -3.054316E+02 0.000000E+00 -3.054316E+02 1.213730E+05 1.195551E+05 1.683790E+05 2.042614E+04 1.323491E+03 0.000000E+00
3.125000E+00 9.590372E+04 7.042757E+04 7.485452E+04 1.269162E+02 1.022140E+02 -3.089204E+02 0.000000E+00 -3.089204E+02 1.224110E+05 1.204685E+05 1.687848E+05 2.044280E+04 1.329892E+03 0.000000E+00
3.126000E+00 9.635070E+04 7.004944E+04 7.536396E+04 1.266056E+02 1.022973E+02 -3.123545E+02 0.000000E+00 -3.123545E+02 1.234467E+05 1.213812E+05 1.691826E+05 2.045946E+04 1.336297E+03 0.000000E+00
3.127000E+00 9.679564E+04 6.967162E+04 7.587940E+04 1.262915E+02 1.023806E+02 -3.157335E+02 0.000000E+00 -3.157335E+02 1.244798E+05 1.222931E+05 1.695729E+05 2.047612E+04 1.342711E+03 0.000000E+00
3.128000E+00 9.723867E+04 6.929460E+04 7.640072E+04 1.259741E+02 1.024639E+02 -3.190571E+02 0.000000E+00 -3.190571E+02 1.255101E+05 1.232042E+05 1.699562E+05 2.049278E+04 1.349136E+03 0.000000E+00
3.129000E+00 9.767991E+04 6.891866E+04 7.692780E+04 1.256534E+02 1.025472E+02 -3.223249E+02 0.000000E+00 -3.223249E+02 1.265376E+05 1.241142E+05 1.703327E+05 2.050944E+04 1.355576E+03 0.000000E+00
3.130000E+00 9.811948E+04 6.854397E+04 7.746052E+04 1.253295E+02 1.026305E+02 -3.255368E+02 0.000000E+00 -3.255368E+02 1.275621E+05 1.250230E+05 1.707027E+05 2.052610E+04 1.362031E+03 0.000000E+00
3.131000E+00 9.855750E+04 6.817078E+04 7.799877E+04 1.250024E+02 1.027138E+02 -3.286926E+02 0.000000E+00 -3.286926E+02 1.285833E+05 1.259304E+05 1.710663E+05 2.054276E+04 1.368505E+03 0.000000E+00
3.132000E+00 9.899407E+04 6.779927E+04 7.854242E+04 1.246721E+02 1.027971E+02 -3.317920E+02 0.000000E+00 -3.317920E+02 1.296013E+05 1.268364E+05 1.714239E+05 2.055942E+04 1.374998E+03 0.000000E+00
3.133000E+00 9.942929E+04 6.743005E+04 7.909134E+04 1.243388E+02 1.028804E+02 -3.348349E+02 0.000000E+00 -3.348349E+02 1.306157E+05 1.277408E+05 1.717761E+05 2.057608E+04 1.381517E+03 0.000000E+00
3.134000E+00 9.986324E+04 6.706286E+04 7.964543E+04 1.240025E+02 1.029637E+02 -3.378213E+02 0.000000E+00 -3.378213E+02 1.316266E+05 1.286434E+05 1.721227E+05 2.059274E+04 1.388059E+03 0.000000E+00
3.135000E+00 1.002960E+05 6.669781E+04 8.020456E+04 1.236632E+02 1.030470E+02 -3.407510E+02 0.000000E+00 -3.407510E+02 1.326337E+05 1.295442E+05 1.724637E+05 2.060940E+04 1.394625E+03 0.000000E+00
3.136000E+00 1.007276E+05 6.633499E+04 8.076861E+04 1.233210E+02 1.031303E+02 -3.436239E+02 0.000000E+00 -3.436239E+02 1.336370E+05 1.304428E+05 1.727994E+05 2.062606E+04 1.401217E+03 0.000000E+00
3.137000E+00 1.011582E+05 6.597460E+04 8.133746E+04 1.229759E+02 1.032136E+02 -3.464400E+02 0.000000E+00 -3.464400E+02 1.346363E+05 1.313393E+05 1.731300E+05 2.064272E+04 1.407837E+03 0.000000E+00
3.138000E+00 1.015877E+05 6.561690E+04 8.191098E+04 1.226281E+02 1.032969E+02 -3.491993E+02 0.000000E+00 -3.491993E+02 1.356314E+05 1.322333E+05 1.734558E+05 2.065938E+04 1.414487E+03 0.000000E+00
3.139000E+00 1.020162E+05 6.526154E+04 8.248907E+04 1.222776E+02 1.033802E+02 -3.519018E+02 0.000000E+00 -3.519018E+02 1.366224E+05 1.331249E+05 1.737765E+05 2.067604E+04 1.421164E+03 0.000000E+00
3.140000E+00 1.024438E+05 6.490852E+04 8.307159E+04 1.219243E+02 1.034635E+02 -3.545474E+02 0.000000E+00 -3.545474E+02 1.376090E+05 1.340138E+05 1.740921E+05 2.069270E+04 1.427870E+03 0.000000E+00
3.141000E+00 1.028704E+05 6.455780E+04 8.365844E+04 1.215685E+02 1.035468E+02 -3.571362E+02 0.000000E+00 -3.571362E+02 1.385911E+05 1.348999E+05 1.744026E+05 2.070936E+04 1.434604E+03 0.000000E+00
3.142000E+00 1.032961E+05 6.420962E+04 8.424948E+04 1.212101E+02 1.036301E+02 -3.596683E+02 0.000000E+00 -3.596683E+02 1.395687E+05 1.357829E+05 1.747083E+05 2.072602E+04 1.441368E+03 0.000000E+00
3.143000E+00 1.037208E+05 6.386383E+04 8.484461E+04 1.208492E+02 1.037134E+02 -3.621435E+02 0.000000E+00 -3.621435E+02 1.405415E+05 1.366628E+05 1.750092E+05 2.074268E+04 1.448162E+03 0.000000E+00
3.144000E+00 1.041445E+05 6.352014E+04 8.544369E+04 1.204858E+02 1.037967E+02 -3.645620E+02 0.000000E+00 -3.645620E+02 1.415096E+05 1.375394E+05 1.753049E+05 2.075934E+04 1.454984E+03 0.000000E+00
3.145000E+00 1.045672E+05 6.317846E+04 8.604662E+04 1.201201E+02 1.038800E+02 -3.669238E+02 0.000000E+00 -3.669238E+02 1.424728E+05 1.384124E+05 1.755954E+05 2.077600E+04 1.461832E+03 0.000000E+00
3.146000E+00 1.049889E+05 6.283866E+04 8.665328E+04 1.197520E+02 1.039633E+02 -3.692289E+02 0.000000E+00 -3.692289E+02 1.434309E+05 1.392818E+05 1.758806E+05 2.079266E+04 1.468707E+03 0.000000E+00
3.147000E+00 1.054096E+05 6.250102E+04 8.726354E+04 1.193816E+02 1.040466E+02 -3.714774E+02 0.000000E+00 -3.714774E+02 1.443839E+05 1.401474E+05 1.761608E+05 2.080932E+04 1.475611E+03 0.000000E+00
3.148000E+00 1.058291E+05 6.216507E+04 8.787729E+04 1.190090E+02 1.041299E+02 -3.736694E+02 0.000000E+00 -3.736694E+02 1.453316E+05 1.410090E+05 1.764357E+05 2.082598E+04 1.482540E+03 0.000000E+00
3.149000E+00 1.062474E+05 6.183061E+04 8.849442E+04 1.186343E+02 1.042132E+02 -3.758048E+02 0.000000E+00 -3.758048E+02 1.462741E+05 1.418664E+05 1.767049E+05 2.084264E+04 1.489492E+03 0.000000E+00
3.150000E+00 1.066645E+05 6.149749E+04 8.911480E+04 1.182575E+02 1.042965E+02 -3.778837E+02 0.000000E+00 -3.778837E+02 1.472110E+05 1.427195E+05 1.769684E+05 2.085930E+04 1.496467E+03 0.000000E+00
3.151000E+00 1.070802E+05 6.116563E+04 8.973831E+04 1.178786E+02 1.043798E+02 -3.799062E+02 0.000000E+00 -3.799062E+02 1.481424E+05 1.435680E+05 1.772262E+05 2.087596E+04 1.503465E+03 0.000000E+00
3.152000E+00 1.074946E+05 6.083510E+04 9.036485E+04 1.174977E+02 1.044631E+02 -3.818723E+02 0.000000E+00 -3.818723E+02 1.490681E+05 1.444119E+05 1.774784E+05 2.089262E+04 1.510484E+03 0.000000E+00
3.153000E+00 1.079074E+05 6.050545E+04 9.099429E+04 1.171148E+02 1.045464E+02 -3.837820E+02 0.000000E+00 -3.837820E+02 1.499880E+05 1.452510E+05 1.777244E+05 2.090928E+04 1.517523E+03 0.000000E+00
3.154000E+00 1.083186E+05 6.017652E+04 9.162651E+04 1.167301E+02 1.046297E+02 -3.856354E+02 0.000000E+00 -3.856354E+02 1.509020E+05 1.460850E+05 1.779642E+05 2.092594E+04 1.524579E+03 0.000000E+00
3.155000E+00 1.087281E+05 5.984817E+04 9.226141E+04 1.163436E+02 1.047130E+02 -3.874325E+02 0.000000E+00 -3.874325E+02 1.518100E+05 1.469139E+05 1.781977E+05 2.094260E+04 1.531651E+03 0.000000E+00
3.156000E+00 1.091359E+05 5.952035E+04 9.289887E+04 1.159553E+02 1.047963E+02 -3.891733E+02 0.000000E+00 -3.891733E+02 1.527119E+05 1.477374E+05 1.784248E+05 2.095926E+04 1.538738E+03 0.000000E+00
3.157000E+00 1.095417E+05 5.919293E+04 9.353877E+04 1.155653E+02 1.048796E+02 -3.908579E+02 0.000000E+00 -3.908579E+02 1.536076E+05 1.485554E+05 1.786454E+05 2.097592E+04 1.545840E+03 0.000000E+00
3.158000E+00 1.099455E+05 5.886562E+04 9.418099E+04 1.151736E+02 1.049629E+02 -3.924863E+02 0.000000E+00 -3.924863E+02 1.544969E+05 1.493677E+05 1.788592E+05 2.099258E+04 1.552954E+03 0.000000E+00
3.159000E+00 1.103471E+05 5.853830E+04 9.482542E+04 1.147803E+02 1.050462E+02 -3.940585E+02 0.000000E+00 -3.940585E+02 1.553798E+05 1.501743E+05 1.790661E+05 2.100924E+04 1.560077E+03 0.000000E+00
3.160000E+00 1.107465E+05 5.821084E+04 9.547195E+04 1.143855E+02 1.051295E+02 -3.955745E+02 0.000000E+00 -3.955745E+02 1.562561E+05 1.509748E+05 1.792661E+05 2.102590E+04 1.567210E+03 0.000000E+00
3.161000E+00 1.111435E+05 5.788322E+04 9.612046E+04 1.139892E+02 1.052128E+02 -3.970344E+02 0.000000E+00 -3.970344E+02 1.571258E+05 1.517692E+05 1.794590E+05 2.104256E+04 1.574351E+03 0.000000E+00
3.162000E+00 1.115379E+05 5.755524E+04 9.677084E+04 1.135914E+02 1.052961E+02 -3.984382E+02 0.000000E+00 -3.984382E+02 1.579886E+05 1.525573E+05 1.796446E+05 2.105922E+04 1.581498E+03 0.000000E+00
3.163000E+00 1.119298E+05 5.722677E+04 9.742297E+04 1.131923E+02 1.053794E+02 -3.997859E+02 0.000000E+00 -3.997859E+02 1.588446E+05 1.533390E+05 1.798230E+05 2.107588E+04 1.588650E+03 0.000000E+00
3.164000E+00 1.123189E+05 5.689773E+04 9.807674E+04 1.127919E+02 1.054627E+02 -4.010775E+02 0.000000E+00 -4.010775E+02 1.596936E+05 1.541140E+05 1.799939E+05 2.109254E+04 1.595805E+03 0.000000E+00
3.165000E+00 1.127051E+05 5.656806E+04 9.873203E+04 1.123902E+02 1.055460E+02 -4.023130E+02 0.000000E+00 -4.023130E+02 1.605354E+05 1.548824E+05 1.801573E+05 2.110920E+04 1.602963E+03 0.000000E+00
3.166000E+00 1.130883E+05 5.623767E+04 9.938873E+04 1.119873E+02 1.056293E+02 -4.034925E+02 0.000000E+00 -4.034925E+02 1.613701E+05 1.556439E+05 1.803131E+05 2.112586E+04 1.610122E+03 0.000000E+00
3.167000E+00 1.134684E+05 5.590650E+04 1.000467E+05 1.115832E+02 1.057126E+02 -4.046160E+02 0.000000E+00 -4.046160E+02 1.621974E+05 1.563985E+05 1.804614E+05 2.114252E+04 1.617281E+03 0.000000E+00
3.168000E+00 1.138452E+05 5.557450E+04 1.007059E+05 1.111781E+02 1.057959E+02 -4.056835E+02 0.000000E+00 -4.056835E+02 1.630172E+05 1.571459E+05 1.806019E+05 2.115918E+04 1.624438E+03 0.000000E+00
3.169000E+00 1.142187E+05 5.524165E+04 1.013662E+05 1.107719E+02 1.058792E+02 -4.066951E+02 0.000000E+00 -4.066951E+02 1.638296E+05 1.578861E+05 1.807347E+05 2.117584E+04 1.631594E+03 0.000000E+00
3.170000E+00 1.145887E+05 5.490792E+04 1.020274E+05 1.103647E+02 1.059625E+02 -4.076508E+02 0.000000E+00 -4.076508E+02 1.646342E+05 1.586189E+05 1.808598E+05 2.119250E+04 1.638747E+03 0.000000E+00
3.171000E+00 1.149550E+05 5.457326E+04 1.026895E+05 1.099566E+02 1.060458E+02 -4.085507E+02 0.000000E+00 -4.085507E+02 1.654311E+05 1.593442E+05 1.809771E+05 2.120916E+04 1.645896E+03 0.000000E+00
3.172000E+00 1.153177E+05 5.423772E+04 1.033523E+05 1.095476E+02 1.061291E+02 -4.093947E+02 0.000000E+00 -4.093947E+02 1.662202E+05 1.600620E+05 1.810867E+05 2.122582E+04 1.653041E+03 0.000000E+00
3.173000E+00 1.156766E+05 5.390133E+04 1.040157E+05 1.091378E+02 1.062124E+02 -4.101831E+02 0.000000E+00 -4.101831E+02 1.670013E+05 1.607721E+05 1.811885E+05 2.124248E+04 1.660181E+03 0.000000E+00
3.174000E+00 1.160315E+05 5.356412E+04 1.046796E+05 1.087273E+02 1.062957E+02 -4.109158E+02 0.000000E+00 -4.109158E+02 1.677743E+05 1.614744E+05 1.812827E+05 2.125914E+04 1.667316E+03 0.000000E+00
3.175000E+00 1.163825E+05 5.322608E+04 1.053439E+05 1.083160E+02 1.063790E+02 -4.115930E+02 0.000000E+00 -4.115930E+02 1.685392E+05 1.621689E+05 1.813692E+05 2.127580E+04 1.674445E+03 0.000000E+00
3.176000E+00 1.167293E+05 5.288728E+04 1.060086E+05 1.079041E+02 1.064623E+02 -4.122148E+02 0.000000E+00 -4.122148E+02 1.692958E+05 1.628553E+05 1.814481E+05 2.129246E+04 1.681568E+03 0.000000E+00
3.177000E+00 1.170720E+05 5.254782E+04 1.066734E+05 1.074916E+02 1.065456E+02 -4.127812E+02 0.000000E+00 -4.127812E+02 1.700441E+05 1.635338E+05 1.815194E+05 2.130912E+04 1.688685E+03 0.000000E+00
3.178000E+00 1.174103E+05 5.220779E+04 1.073382E+05 1.070785E+02 1.066289E+02 -4.132924E+02 0.000000E+00 -4.132924E+02 1.707839E+05 1.642041E+05 1.815834E+05 2.132578E+04 1.695796E+03 0.000000E+00
3.179000E+00 1.177444E+05 5.186728E+04 1.080031E+05 1.066650E+02 1.067122E+02 -4.137486E+02 0.000000E+00 -4.137486E+02 1.715152E+05 1.648662E+05 1.816400E+05 2.134244E+04 1.702902E+03 0.000000E+00
3.180000E+00 1.180740E+05 5.152631E+04 1.086678E+05 1.062511E+02 1.067955E+02 -4.141499E+02 0.000000E+00 -4.141499E+02 1.722379E+05 1.655201E+05 1.816894E+05 2.135910E+04 1.710001E+03 0.000000E+00
3.181000E+00 1.183991E+05 5.118505E+04 1.093322E+05 1.058367E+02 1.068788E+02 -4.144964E+02 0.000000E+00 -4.144964E+02 1.729519E+05 1.661656E+05 1.817317E+05 2.137576E+04 1.717094E+03 0.000000E+00
3.182000E+00 1.187197E+05 5.084363E+04 1.099962E+05 1.054221E+02 1.069621E+02 -4.147885E+02 0.000000E+00 -4.147885E+02 1.736572E+05 1.668028E+05 1.817670E+05 2.139242E+04 1.724183E+03 0.000000E+00
3.183000E+00 1.190356E+05 5.050219E+04 1.106598E+05 1.050072E+02 1.070454E+02 -4.150261E+02 0.000000E+00 -4.150261E+02 1.743536E+05 1.674316E+05 1.817955E+05 2.140908E+04 1.731267E+03 0.000000E+00
3.184000E+00 1.193469E+05 5.016083E+04 1.113228E+05 1.045921E+02 1.071287E+02 -4.152097E+02 0.000000E+00 -4.152097E+02 1.750410E+05 1.680519E+05 1.818173E+05 2.142574E+04 1.738347E+03 0.000000E+00
3.185000E+00 1.196536E+05 4.981967E+04 1.119851E+05 1.041768E+02 1.072120E+02 -4.153395E+02 0.000000E+00 -4.153395E+02 1.757195E+05 1.686637E+05 1.818325E+05 2.144240E+04 1.745423E+03 0.000000E+00
3.186000E+00 1.199555E+05 4.947889E+04 1.126466E+05 1.037614E+02 1.072953E+02 -4.154156E+02 0.000000E+00 -4.154156E+02 1.763890E+05 1.692669E+05 1.818414E+05 2.145906E+04 1.752496E+03 0.000000E+00
3.187000E+00 1.202526E+05 4.913865E+04 1.133073E+05 1.033460E+02 1.073786E+02 -4.154384E+02 0.000000E+00 -4.154384E+02 1.770493E+05 1.698616E+05 1.818442E+05 2.147572E+04 1.759567E+03 0.000000E+00
3.188000E+00 1.205449E+05 4.879910E+04 1.139669E+05 1.029305E+02 1.074619E+02 -4.154082E+02 0.000000E+00 -4.154082E+02 1.777005E+05 1.704477E+05 1.818410E+05 2.149238E+04 1.766638E+03 0.000000E+00
3.189000E+00 1.208325E+05 4.846038E+04 1.146254E+05 1.025152E+02 1.075452E+02 -4.153253E+02 0.000000E+00 -4.153253E+02 1.783424E+05 1.710252E+05 1.818319E+05 2.150904E+04 1.773708E+03 0.000000E+00
3.190000E+00 1.211152E+05 4.812267E+04 1.152827E+05 1.020999E+02 1.076285E+02 -4.151901E+02 0.000000E+00 -4.151901E+02 1.789751E+05 1.715941E+05 1.818173E+05 2.152570E+04 1.780778E+03 0.000000E+00
3.191000E+00 1.213931E+05 4.778612E+04 1.159387E+05 1.016848E+02 1.077118E+02 -4.150028E+02 0.000000E+00 -4.150028E+02 1.795985E+05 1.721543E+05 1.817973E+05 2.154236E+04 1.787851E+03 0.000000E+00
3.192000E+00 1.216662E+05 4.745089E+04 1.165932E+05 1.012699E+02 1.077951E+02 -4.147640E+02 0.000000E+00 -4.147640E+02 1.802124E+05 1.727059E+05 1.817721E+05 2.155902E+04 1.794926E+03 0.000000E+00
3.193000E+00 1.219344E+05 4.711712E+04 1.172463E+05 1.008553E+02 1.078784E+02 -4.144739E+02 0.000000E+00 -4.144739E+02 1.808170E+05 1.732488E+05 1.817418E+05 2.157568E+04 1.802005E+03 0.000000E+00
3.194000E+00 1.221978E+05 4.678504E+04 1.178978E+05 1.004410E+02 1.079617E+02 -4.141330E+02 0.000000E+00 -4.141330E+02 1.814122E+05 1.737831E+05 1.817068E+05 2.159234E+04 1.809090E+03 0.000000E+00
3.195000E+00 1.224564E+05 4.645477E+04 1.185475E+05 1.000271E+02 1.080450E+02 -4.137417E+02 0.000000E+00 -4.137417E+02 1.819978E+05 1.743088E+05 1.816672E+05 2.160900E+04 1.816180E+03 0.000000E+00
3.196000E+00 1.227102E+05 4.612644E+04 1.191954E+05 9.961353E+01 1.081283E+02 -4.133005E+02 0.000000E+00 -4.133005E+02 1.825740E+05 1.748258E+05 1.816231E+05 2.162566E+04 1.823278E+03 0.000000E+00
3.197000E+00 1.229593E+05 4.580019E+04 1.198415E+05 9.920047E+01 1.082116E+02 -4.128098E+02 0.000000E+00 -4.128098E+02 1.831407E+05 1.753342E+05 1.815749E+05 2.164232E+04 1.830384E+03 0.000000E+00
3.198000E+00 1.232035E+05 4.547616E+04 1.204855E+05 9.878792E+01 1.082949E+02 -4.122702E+02 0.000000E+00 -4.122702E+02 1.836978E+05 1.758340E+05 1.815226E+05 2.165898E+04 1.837498E+03 0.000000E+00
3.199000E+00 1.234431E+05 4.515464E+04 1.211274E+05 9.837594E+01 1.083782E+02 -4.116821E+02 0.000000E+00 -4.116821E+02 1.842454E+05 1.763252E+05 1.814667E+05 2.167564E+04 1.844625E+03 0.000000E+00
3.200000E+00 1.236779E+05 4.483561E+04 1.217672E+05 9.796458E+01 1.084615E+02 -4.110461E+02 0.000000E+00 -4.110461E+02 1.847834E+05 1.768078E+05 1.814071E+05 2.169230E+04 1.851762E+03 0.000000E+00
3.201000E+00 1.239080E+05 4.451921E+04 1.224047E+05 9.755387E+01 1.085448E+02 -4.103626E+02 0.000000E+00 -4.103626E+02 1.853119E+05 1.772819E+05 1.813441E+05 2.170896E+04 1.858912E+03 0.000000E+00
3.202000E+00 1.241335E+05 4.420553E+04 1.230398E+05 9.714387E+01 1.086281E+02 -4.096324E+02 0.000000E+00 -4.096324E+02 1.858307E+05 1.777475E+05 1.812778E+05 2.172562E+04 1.866076E+03 0.000000E+00
3.203000E+00 1.243545E+05 4.389474E+04 1.236725E+05 9.673462E+01 1.087114E+02 -4.088558E+02 0.000000E+00 -4.088558E+02 1.863400E+05 1.782045E+05 1.812084E+05 2.174228E+04 1.873253E+03 0.000000E+00
3.204000E+00 1.245708E+05 4.358706E+04 1.243026E+05 9.632617E+01 1.087947E+02 -4.080336E+02 0.000000E+00 -4.080336E+02 1.868397E+05 1.786531E+05 1.811363E+05 2.175894E+04 1.880448E+03 0.000000E+00
3.205000E+00 1.247826E+05 4.328241E+04 1.249301E+05 9.591857E+01 1.088780E+02 -4.071662E+02 0.000000E+00 -4.071662E+02 1.873299E+05 1.790932E+05 1.810614E+05 2.177560E+04 1.887658E+03 0.000000E+00
3.206000E+00 1.249899E+05 4.298088E+04 1.255548E+05 9.551185E+01 1.089613E+02 -4.062543E+02 0.000000E+00 -4.062543E+02 1.878104E+05 1.795249E+05 1.809839E+05 2.179226E+04 1.894884E+03 0.000000E+00
3.207000E+00 1.251927E+05 4.268253E+04 1.261768E+05 9.510607E+01 1.090446E+02 -4.052985E+02 0.000000E+00 -4.052985E+02 1.882815E+05 1.799482E+05 1.809039E+05 2.180892E+04 1.902127E+03 0.000000E+00
3.208000E+00 1.253912E+05 4.238758E+04 1.267959E+05 9.470127E+01 1.091279E+02 -4.042995E+02 0.000000E+00 -4.042995E+02 1.887429E+05 1.803632E+05 1.808216E+05 2.182558E+04 1.909390E+03 0.000000E+00
3.209000E+00 1.255853E+05 4.209605E+04 1.274120E+05 9.429749E+01 1.092112E+02 -4.032578E+02 0.000000E+00 -4.032578E+02 1.891949E+05 1.807698E+05 1.807373E+05 2.184224E+04 1.916671E+03 0.000000E+00
3.210000E+00 1.257750E+05 4.180787E+04 1.280251E+05 9.389477E+01 1.092945E+02 -4.021741E+02 0.000000E+00 -4.021741E+02 1.896374E+05 1.811682E+05 1.806509E+05 2.185890E+04 1.923972E+03 0.000000E+00
3.211000E+00 1.259604E+05 4.152308E+04 1.286351E+05 9.349316E+01 1.093778E+02 -4.010490E+02 0.000000E+00 -4.010490E+02 1.900704E+05 1.815582E+05 1.805624E+05 2.187556E+04 1.931290E+03 0.000000E+00
3.212000E+00 1.261416E+05 4.124170E+04 1.292419E+05 9.309269E+01 1.094611E+02 -3.998833E+02 0.000000E+00 -3.998833E+02 1.904939E+05 1.819400E+05 1.804721E+05 2.189222E+04 1.938628E+03 0.000000E+00
3.213000E+00 1.263186E+05 4.096398E+04 1.298454E+05 9.269340E+01 1.095444E+02 -3.986775E+02 0.000000E+00 -3.986775E+02 1.909080E+05 1.823137E+05 1.803801E+05 2.190888E+04 1.945987E+03 0.000000E+00
3.214000E+00 1.264914E+05 4.068972E+04 1.304455E+05 9.229534E+01 1.096277E+02 -3.974323E+02 0.000000E+00 -3.974323E+02 1.913128E+05 1.826791E+05 1.802865E+05 2.192554E+04 1.953365E+03 0.000000E+00
3.215000E+00 1.266601E+05 4.041890E+04 1.310423E+05 9.189855E+01 1.097110E+02 -3.961484E+02 0.000000E+00 -3.961484E+02 1.917081E+05 1.830364E+05 1.801912E+05 2.194220E+04 1.960762E+03 0.000000E+00
3.216000E+00 1.268246E+05 4.015148E+04 1.316355E+05 9.150306E+01 1.097943E+02 -3.948264E+02 0.000000E+00 -3.948264E+02 1.920941E+05 1.833856E+05 1.800943E+05 2.195886E+04 1.968178E+03 0.000000E+00
3.217000E+00 1.269851E+05 3.988750E+04 1.322252E+05 9.110891E+01 1.098776E+02 -3.934671E+02 0.000000E+00 -3.934671E+02 1.924708E+05 1.837267E+05 1.799959E+05 2.197552E+04 1.975612E+03 0.000000E+00
3.218000E+00 1.271415E+05 3.962708E+04 1.328113E+05 9.071614E+01 1.099609E+02 -3.920710E+02 0.000000E+00 -3.920710E+02 1.928383E+05 1.840598E+05 1.798961E+05 2.199218E+04 1.983066E+03 0.000000E+00
3.219000E+00 1.272939E+05 3.936998E+04 1.333936E+05 9.032478E+01 1.100442E+02 -3.906389E+02 0.000000E+00 -3.906389E+02 1.931965E+05 1.843848E+05 1.797949E+05 2.200884E+04 1.990538E+03 0.000000E+00
3.220000E+00 1.274424E+05 3.911615E+04 1.339722E+05 8.993487E+01 1.101275E+02 -3.891714E+02 0.000000E+00 -3.891714E+02 1.935455E+05 1.847019E+05 1.796922E+05 2.202550E+04 1.998025E+03 0.000000E+00
3.221000E+00 1.275868E+05 3.886554E+04 1.345470E+05 8.954645E+01 1.102108E+02 -3.876691E+02 0.000000E+00 -3.876691E+02 1.938854E+05 1.850109E+05 1.795880E+05 2.204216E+04 2.005529E+03 0.000000E+00
