1.000000E-03 5.048907E+04 7.702444E+03 6.878442E+04 9.999994E+01 1.000833E+02 5.958727E-03 0.000000E+00 5.958727E-03 6.876275E+04 5.215066E+04 2.124286E+04 2.124287E+02 0.000000E+00 0.000000E+00
2.000000E-03 4.931708E+04 7.981956E+03 6.868542E+04 9.999994E+01 1.001666E+02 2.192093E-03 0.000000E+00 2.192093E-03 6.863872E+04 5.291310E+04 2.145882E+04 2.145884E+02 0.000000E+00 0.000000E+00
3.000000E-03 4.827986E+04 8.273792E+03 6.858626E+04 9.999994E+01 1.002499E+02 8.064260E-04 0.000000E+00 8.064260E-04 6.851783E+04 5.357844E+04 2.169602E+04 2.169603E+02 0.000000E+00 0.000000E+00
4.000000E-03 4.736476E+04 8.578885E+03 6.848697E+04 9.999994E+01 1.003332E+02 2.966675E-04 0.000000E+00 2.966675E-04 6.839832E+04 5.423775E+04 2.195505E+04 2.195507E+02 0.000000E+00 0.000000E+00
5.000000E-03 4.656231E+04 8.898952E+03 6.838757E+04 9.999994E+01 1.004165E+02 1.091379E-04 0.000000E+00 1.091379E-04 6.828022E+04 5.488865E+04 2.223750E+04 2.223751E+02 0.000000E+00 0.000000E+00
6.000000E-03 4.586357E+04 9.236347E+03 6.828808E+04 9.999994E+01 1.004998E+02 4.014959E-05 0.000000E+00 4.014959E-05 6.816355E+04 5.552401E+04 2.254548E+04 2.254550E+02 0.000000E+00 0.000000E+00
7.000000E-03 4.526021E+04 9.589263E+03 6.818852E+04 9.999994E+01 1.005831E+02 1.477021E-05 0.000000E+00 1.477021E-05 6.804819E+04 5.614630E+04 2.287711E+04 2.287713E+02 0.000000E+00 0.000000E+00
8.000000E-03 4.474452E+04 9.958321E+03 6.808892E+04 9.999994E+01 1.006664E+02 5.433656E-06 0.000000E+00 5.433656E-06 6.793414E+04 5.675098E+04 2.323289E+04 2.323290E+02 0.000000E+00 0.000000E+00
9.000000E-03 4.430928E+04 1.034397E+04 6.798927E+04 9.999994E+01 1.007497E+02 1.998930E-06 0.000000E+00 1.998930E-06 6.782133E+04 5.733755E+04 2.361326E+04 2.361327E+02 0.000000E+00 0.000000E+00
1.000000E-02 4.394779E+04 1.074883E+04 6.788961E+04 9.999994E+01 1.008330E+02 7.353653E-07 0.000000E+00 7.353653E-07 6.770970E+04 5.790381E+04 2.402081E+04 2.402082E+02 0.000000E+00 0.000000E+00
1.100000E-02 4.365382E+04 1.117281E+04 6.778994E+04 9.999994E+01 1.009163E+02 2.705258E-07 0.000000E+00 2.705258E-07 6.759922E+04 5.844886E+04 2.445546E+04 2.445547E+02 0.000000E+00 0.000000E+00
1.200000E-02 4.342160E+04 1.161455E+04 6.769028E+04 9.999994E+01 1.009996E+02 9.952087E-08 0.000000E+00 9.952087E-08 6.748983E+04 5.897157E+04 2.491594E+04 2.491595E+02 0.000000E+00 0.000000E+00
1.300000E-02 4.324573E+04 1.207431E+04 6.759065E+04 9.999994E+01 1.010829E+02 3.661168E-08 0.000000E+00 3.661168E-08 6.738149E+04 5.947132E+04 2.540254E+04 2.540256E+02 0.000000E+00 0.000000E+00
1.400000E-02 4.312125E+04 1.255219E+04 6.749105E+04 9.999994E+01 1.011662E+02 1.346869E-08 0.000000E+00 1.346869E-08 6.727414E+04 5.994765E+04 2.591553E+04 2.591555E+02 0.000000E+00 0.000000E+00
1.500000E-02 4.304358E+04 1.305175E+04 6.739150E+04 9.999994E+01 1.012495E+02 4.954853E-09 0.000000E+00 4.954853E-09 6.716776E+04 6.040036E+04 2.645854E+04 2.645856E+02 0.000000E+00 0.000000E+00
1.600000E-02 4.300847E+04 1.357022E+04 6.729201E+04 9.999994E+01 1.013328E+02 1.822788E-09 0.000000E+00 1.822788E-09 6.706229E+04 6.082943E+04 2.702893E+04 2.702894E+02 0.000000E+00 0.000000E+00
1.700000E-02 4.301204E+04 1.410693E+04 6.719259E+04 9.999994E+01 1.014161E+02 6.705664E-10 0.000000E+00 6.705664E-10 6.695769E+04 6.123502E+04 2.762624E+04 2.762626E+02 0.000000E+00 0.000000E+00
1.800000E-02 4.305068E+04 1.466187E+04 6.709325E+04 9.999994E+01 1.014994E+02 2.466876E-10 0.000000E+00 2.466876E-10 6.685392E+04 6.161744E+04 2.825057E+04 2.825059E+02 0.000000E+00 0.000000E+00
1.900000E-02 4.312111E+04 1.523545E+04 6.699401E+04 9.999994E+01 1.015827E+02 9.075129E-11 0.000000E+00 9.075129E-11 6.675094E+04 6.197712E+04 2.890251E+04 2.890253E+02 0.000000E+00 0.000000E+00
2.000000E-02 4.322032E+04 1.583025E+04 6.689486E+04 9.999994E+01 1.016660E+02 3.338553E-11 0.000000E+00 3.338553E-11 6.664872E+04 6.231460E+04 2.958492E+04 2.958494E+02 0.000000E+00 0.000000E+00
2.100000E-02 4.334556E+04 1.644265E+04 6.679581E+04 9.999994E+01 1.017493E+02 1.228185E-11 0.000000E+00 1.228185E-11 6.654722E+04 6.263053E+04 3.029429E+04 3.029430E+02 0.000000E+00 0.000000E+00
2.200000E-02 4.349429E+04 1.707226E+04 6.669688E+04 9.999994E+01 1.018326E+02 4.518241E-12 0.000000E+00 4.518241E-12 6.644640E+04 6.292558E+04 3.103049E+04 3.103051E+02 0.000000E+00 0.000000E+00
2.300000E-02 4.366422E+04 1.771878E+04 6.659808E+04 9.999994E+01 1.019159E+02 1.662168E-12 0.000000E+00 1.662168E-12 6.634624E+04 6.320050E+04 3.179337E+04 3.179339E+02 0.000000E+00 0.000000E+00
2.400000E-02 4.385325E+04 1.838348E+04 6.649939E+04 9.999994E+01 1.019992E+02 6.114774E-13 0.000000E+00 6.114774E-13 6.624670E+04 6.345608E+04 3.258440E+04 3.258442E+02 0.000000E+00 0.000000E+00
2.500000E-02 4.405950E+04 1.906633E+04 6.640085E+04 9.999994E+01 1.020825E+02 2.249500E-13 0.000000E+00 2.249500E-13 6.614776E+04 6.369315E+04 3.340385E+04 3.340387E+02 0.000000E+00 0.000000E+00
2.600000E-02 4.428123E+04 1.976463E+04 6.630244E+04 9.999994E+01 1.021658E+02 8.275446E-14 0.000000E+00 8.275446E-14 6.604938E+04 6.391252E+04 3.424916E+04 3.424918E+02 0.000000E+00 0.000000E+00
2.700000E-02 4.451686E+04 2.047780E+04 6.620417E+04 9.999994E+01 1.022491E+02 3.044367E-14 0.000000E+00 3.044367E-14 6.595154E+04 6.411504E+04 3.511998E+04 3.512000E+02 0.000000E+00 0.000000E+00
2.800000E-02 4.476497E+04 2.120531E+04 6.610606E+04 9.999994E+01 1.023324E+02 1.119960E-14 0.000000E+00 1.119960E-14 6.585422E+04 6.430153E+04 3.601594E+04 3.601596E+02 0.000000E+00 0.000000E+00
2.900000E-02 4.502426E+04 2.194909E+04 6.600809E+04 9.999994E+01 1.024157E+02 4.120102E-15 0.000000E+00 4.120102E-15 6.575739E+04 6.447281E+04 3.693916E+04 3.693918E+02 0.000000E+00 0.000000E+00
3.000000E-02 4.529357E+04 2.270677E+04 6.591029E+04 9.999994E+01 1.024990E+02 1.515701E-15 0.000000E+00 1.515701E-15 6.566103E+04 6.462970E+04 3.788754E+04 3.788756E+02 0.000000E+00 0.000000E+00
3.100000E-02 4.557183E+04 2.347665E+04 6.581264E+04 9.999994E+01 1.025823E+02 5.575952E-16 0.000000E+00 5.575952E-16 6.556513E+04 6.477298E+04 3.885949E+04 3.885951E+02 0.000000E+00 0.000000E+00
3.200000E-02 4.585808E+04 2.425801E+04 6.571516E+04 9.999994E+01 1.026656E+02 2.051278E-16 0.000000E+00 2.051278E-16 6.546965E+04 6.490341E+04 3.985445E+04 3.985448E+02 0.000000E+00 0.000000E+00
3.300000E-02 4.615142E+04 2.505007E+04 6.561784E+04 9.999994E+01 1.027489E+02 7.546230E-17 0.000000E+00 7.546230E-17 6.537459E+04 6.502171E+04 4.087184E+04 4.087186E+02 0.000000E+00 0.000000E+00
3.400000E-02 4.645107E+04 2.585516E+04 6.552070E+04 9.999994E+01 1.028322E+02 2.776103E-17 0.000000E+00 2.776103E-17 6.527994E+04 6.512860E+04 4.191416E+04 4.191418E+02 0.000000E+00 0.000000E+00
3.500000E-02 4.675630E+04 2.666918E+04 6.542373E+04 9.999994E+01 1.029155E+02 1.021271E-17 0.000000E+00 1.021271E-17 6.518566E+04 6.522474E+04 4.297741E+04 4.297743E+02 0.000000E+00 0.000000E+00
3.600000E-02 4.706644E+04 2.749126E+04 6.532693E+04 9.999994E+01 1.029988E+02 3.757047E-18 0.000000E+00 3.757047E-18 6.509175E+04 6.531076E+04 4.406088E+04 4.406091E+02 0.000000E+00 0.000000E+00
3.700000E-02 4.738087E+04 2.832057E+04 6.523031E+04 9.999994E+01 1.030821E+02 1.382140E-18 0.000000E+00 1.382140E-18 6.499820E+04 6.538727E+04 4.516384E+04 4.516387E+02 0.000000E+00 0.000000E+00
3.800000E-02 4.769903E+04 2.915698E+04 6.513387E+04 9.999994E+01 1.031654E+02 5.084610E-19 0.000000E+00 5.084610E-19 6.490499E+04 6.545481E+04 4.628626E+04 4.628629E+02 0.000000E+00 0.000000E+00
3.900000E-02 4.802039E+04 3.000057E+04 6.503761E+04 9.999994E+01 1.032487E+02 1.870524E-19 0.000000E+00 1.870524E-19 6.481211E+04 6.551392E+04 4.742834E+04 4.742837E+02 0.000000E+00 0.000000E+00
4.000000E-02 4.834448E+04 3.084850E+04 6.494153E+04 9.999994E+01 1.033320E+02 6.881271E-20 0.000000E+00 6.881271E-20 6.471955E+04 6.556509E+04 4.858729E+04 4.858731E+02 0.000000E+00 0.000000E+00
4.100000E-02 4.867083E+04 3.169981E+04 6.484564E+04 9.999994E+01 1.034153E+02 2.531478E-20 0.000000E+00 2.531478E-20 6.462730E+04 6.560877E+04 4.976222E+04 4.976225E+02 0.000000E+00 0.000000E+00
4.200000E-02 4.899902E+04 3.255361E+04 6.474993E+04 9.999994E+01 1.034986E+02 9.312788E-21 0.000000E+00 9.312788E-21 6.453535E+04 6.564539E+04 5.095228E+04 5.095231E+02 0.000000E+00 0.000000E+00
4.300000E-02 4.932864E+04 3.341007E+04 6.465441E+04 9.999994E+01 1.035819E+02 3.425983E-21 0.000000E+00 3.425983E-21 6.444369E+04 6.567531E+04 5.215768E+04 5.215771E+02 0.000000E+00 0.000000E+00
4.400000E-02 4.965930E+04 3.426776E+04 6.455908E+04 9.999994E+01 1.036652E+02 1.260349E-21 0.000000E+00 1.260349E-21 6.435231E+04 6.569892E+04 5.337702E+04 5.337705E+02 0.000000E+00 0.000000E+00
4.500000E-02 4.999064E+04 3.512489E+04 6.446393E+04 9.999994E+01 1.037485E+02 4.636564E-22 0.000000E+00 4.636564E-22 6.426121E+04 6.571653E+04 5.460848E+04 5.460852E+02 0.000000E+00 0.000000E+00
4.600000E-02 5.032230E+04 3.598047E+04 6.436897E+04 9.999994E+01 1.038318E+02 1.705697E-22 0.000000E+00 1.705697E-22 6.417038E+04 6.572843E+04 5.585110E+04 5.585114E+02 0.000000E+00 0.000000E+00
4.700000E-02 5.065393E+04 3.683361E+04 6.427420E+04 9.999994E+01 1.039151E+02 6.274907E-23 0.000000E+00 6.274907E-23 6.407980E+04 6.573489E+04 5.710392E+04 5.710396E+02 0.000000E+00 0.000000E+00
4.800000E-02 5.098520E+04 3.768440E+04 6.417963E+04 9.999994E+01 1.039984E+02 2.308409E-23 0.000000E+00 2.308409E-23 6.398948E+04 6.573616E+04 5.836702E+04 5.836705E+02 0.000000E+00 0.000000E+00
4.900000E-02 5.131578E+04 3.853081E+04 6.408524E+04 9.999994E+01 1.040817E+02 8.492164E-24 0.000000E+00 8.492164E-24 6.389940E+04 6.573246E+04 5.963829E+04 5.963832E+02 0.000000E+00 0.000000E+00
5.000000E-02 5.164534E+04 3.937175E+04 6.399104E+04 9.999994E+01 1.041650E+02 3.124092E-24 0.000000E+00 3.124092E-24 6.380956E+04 6.572399E+04 6.091656E+04 6.091660E+02 0.000000E+00 0.000000E+00
5.100000E-02 5.197357E+04 4.020630E+04 6.389704E+04 9.999994E+01 1.042483E+02 1.149289E-24 0.000000E+00 1.149289E-24 6.371996E+04 6.571091E+04 6.220086E+04 6.220089E+02 0.000000E+00 0.000000E+00
5.200000E-02 5.230015E+04 4.103369E+04 6.380323E+04 9.999994E+01 1.043316E+02 4.227999E-25 0.000000E+00 4.227999E-25 6.363058E+04 6.569339E+04 6.349026E+04 6.349030E+02 0.000000E+00 0.000000E+00
5.300000E-02 5.262494E+04 4.185329E+04 6.370965E+04 9.999993E+01 1.044149E+02 -4.575419E-02 0.000000E+00 -4.575419E-02 6.354843E+04 6.567811E+04 6.478406E+04 6.478410E+02 1.000000E+00 0.000000E+00
5.400000E-02 5.294814E+04 4.266359E+04 6.361646E+04 9.999981E+01 1.044982E+02 -2.019954E-01 0.000000E+00 -2.019954E-01 6.348340E+04 6.567453E+04 6.608060E+04 6.608072E+02 1.000000E+00 0.000000E+00
5.500000E-02 5.327020E+04 4.346371E+04 6.352389E+04 9.999949E+01 1.045815E+02 -4.668476E-01 0.000000E+00 -4.668476E-01 6.343605E+04 6.568343E+04 6.737883E+04 6.737918E+02 1.000000E+00 0.000000E+00
5.600000E-02 5.359147E+04 4.425276E+04 6.343213E+04 9.999884E+01 1.046648E+02 -8.409680E-01 0.000000E+00 -8.409680E-01 6.340586E+04 6.570457E+04 6.867772E+04 6.867852E+02 1.000000E+00 0.000000E+00
5.700000E-02 5.391229E+04 4.502982E+04 6.334141E+04 9.999777E+01 1.047481E+02 -1.320776E+00 0.000000E+00 -1.320776E+00 6.339346E+04 6.573884E+04 6.997616E+04 6.997772E+02 1.000000E+00 0.000000E+00
5.800000E-02 5.423295E+04 4.579389E+04 6.325192E+04 9.999617E+01 1.048314E+02 -1.906344E+00 0.000000E+00 -1.906344E+00 6.339801E+04 6.578572E+04 7.127292E+04 7.127566E+02 1.000000E+00 0.000000E+00
5.900000E-02 5.455368E+04 4.654418E+04 6.316389E+04 9.999392E+01 1.049147E+02 -2.594857E+00 0.000000E+00 -2.594857E+00 6.342010E+04 6.584598E+04 7.256702E+04 7.257143E+02 1.000000E+00 0.000000E+00
6.000000E-02 5.487471E+04 4.727993E+04 6.307750E+04 9.999094E+01 1.049980E+02 -3.385193E+00 0.000000E+00 -3.385193E+00 6.345936E+04 6.591946E+04 7.385747E+04 7.386416E+02 1.000000E+00 0.000000E+00
6.100000E-02 5.519621E+04 4.800041E+04 6.299295E+04 9.998712E+01 1.050813E+02 -4.275116E+00 0.000000E+00 -4.275116E+00 6.351576E+04 6.600631E+04 7.514327E+04 7.515295E+02 1.000000E+00 0.000000E+00
6.200000E-02 5.551831E+04 4.870431E+04 6.291044E+04 9.998236E+01 1.051646E+02 -5.262977E+00 0.000000E+00 -5.262977E+00 6.358917E+04 6.610653E+04 7.642287E+04 7.643635E+02 1.000000E+00 0.000000E+00
6.300000E-02 5.584112E+04 4.939115E+04 6.283015E+04 9.997656E+01 1.052479E+02 -6.346614E+00 0.000000E+00 -6.346614E+00 6.367951E+04 6.622014E+04 7.769550E+04 7.771371E+02 1.000000E+00 0.000000E+00
6.400000E-02 5.616472E+04 5.006051E+04 6.275227E+04 9.996964E+01 1.053312E+02 -7.524082E+00 0.000000E+00 -7.524082E+00 6.378662E+04 6.634707E+04 7.896046E+04 7.898445E+02 1.000000E+00 0.000000E+00
6.500000E-02 5.648915E+04 5.071180E+04 6.267698E+04 9.996148E+01 1.054145E+02 -8.793190E+00 0.000000E+00 -8.793190E+00 6.391036E+04 6.648727E+04 8.021687E+04 8.024778E+02 1.000000E+00 0.000000E+00
6.600000E-02 5.681443E+04 5.134446E+04 6.260445E+04 9.995202E+01 1.054978E+02 -1.015181E+01 0.000000E+00 -1.015181E+01 6.405058E+04 6.664061E+04 8.146386E+04 8.150297E+02 1.000000E+00 0.000000E+00
6.700000E-02 5.714055E+04 5.195656E+04 6.253485E+04 9.994115E+01 1.055811E+02 -1.159765E+01 0.000000E+00 -1.159765E+01 6.420709E+04 6.680697E+04 8.269918E+04 8.274788E+02 1.000000E+00 0.000000E+00
6.800000E-02 5.746749E+04 5.254887E+04 6.246836E+04 9.992880E+01 1.056644E+02 -1.312844E+01 0.000000E+00 -1.312844E+01 6.437971E+04 6.698618E+04 8.392328E+04 8.398308E+02 1.000000E+00 0.000000E+00
6.900000E-02 5.779520E+04 5.312095E+04 6.240512E+04 9.991487E+01 1.057477E+02 -1.474183E+01 0.000000E+00 -1.474183E+01 6.456824E+04 6.717805E+04 8.513539E+04 8.520793E+02 1.000000E+00 0.000000E+00
7.000000E-02 5.812360E+04 5.367243E+04 6.234531E+04 9.989929E+01 1.058310E+02 -1.643543E+01 0.000000E+00 -1.643543E+01 6.477246E+04 6.738239E+04 8.633478E+04 8.642182E+02 1.000000E+00 0.000000E+00
7.100000E-02 5.845260E+04 5.420244E+04 6.228906E+04 9.988197E+01 1.059143E+02 -1.820681E+01 0.000000E+00 -1.820681E+01 6.499216E+04 6.759898E+04 8.752024E+04 8.762366E+02 1.000000E+00 0.000000E+00
7.200000E-02 5.878212E+04 5.470979E+04 6.223652E+04 9.986285E+01 1.059976E+02 -2.005348E+01 0.000000E+00 -2.005348E+01 6.522709E+04 6.782759E+04 8.869026E+04 8.881207E+02 1.000000E+00 0.000000E+00
7.300000E-02 5.911202E+04 5.519551E+04 6.218784E+04 9.984184E+01 1.060809E+02 -2.197295E+01 0.000000E+00 -2.197295E+01 6.547702E+04 6.806798E+04 8.984546E+04 8.998779E+02 1.000000E+00 0.000000E+00
7.400000E-02 5.944218E+04 5.565935E+04 6.214315E+04 9.981888E+01 1.061642E+02 -2.396269E+01 0.000000E+00 -2.396269E+01 6.574167E+04 6.831989E+04 9.098527E+04 9.115036E+02 1.000000E+00 0.000000E+00
7.500000E-02 5.977248E+04 5.610117E+04 6.210257E+04 9.979389E+01 1.062475E+02 -2.602014E+01 0.000000E+00 -2.602014E+01 6.602080E+04 6.858308E+04 9.210914E+04 9.229938E+02 1.000000E+00 0.000000E+00
7.600000E-02 6.010276E+04 5.651960E+04 6.206625E+04 9.976682E+01 1.063308E+02 -2.814273E+01 0.000000E+00 -2.814273E+01 6.631413E+04 6.885727E+04 9.321538E+04 9.343325E+02 1.000000E+00 0.000000E+00
7.700000E-02 6.043287E+04 5.691479E+04 6.203429E+04 9.973759E+01 1.064141E+02 -3.032785E+01 0.000000E+00 -3.032785E+01 6.662137E+04 6.914220E+04 9.430375E+04 9.455187E+02 1.000000E+00 0.000000E+00
7.800000E-02 6.076266E+04 5.728763E+04 6.200680E+04 9.970614E+01 1.064974E+02 -3.257289E+01 0.000000E+00 -3.257289E+01 6.694224E+04 6.943759E+04 9.537475E+04 9.565584E+02 1.000000E+00 0.000000E+00
7.900000E-02 6.109198E+04 5.763808E+04 6.198391E+04 9.967242E+01 1.065807E+02 -3.487526E+01 0.000000E+00 -3.487526E+01 6.727644E+04 6.974318E+04 9.642801E+04 9.674493E+02 1.000000E+00 0.000000E+00
8.000000E-02 6.142068E+04 5.796623E+04 6.196571E+04 9.963637E+01 1.066640E+02 -3.723235E+01 0.000000E+00 -3.723235E+01 6.762369E+04 7.005869E+04 9.746321E+04 9.781890E+02 1.000000E+00 0.000000E+00
8.100000E-02 6.174859E+04 5.827017E+04 6.195230E+04 9.959794E+01 1.067473E+02 -3.964155E+01 0.000000E+00 -3.964155E+01 6.798366E+04 7.038385E+04 9.847809E+04 9.887563E+02 1.000000E+00 0.000000E+00
8.200000E-02 6.207556E+04 5.855163E+04 6.194377E+04 9.955707E+01 1.068306E+02 -4.210022E+01 0.000000E+00 -4.210022E+01 6.835604E+04 7.071839E+04 9.947403E+04 9.991658E+02 1.000000E+00 0.000000E+00
8.300000E-02 6.240144E+04 5.881113E+04 6.194021E+04 9.951372E+01 1.069139E+02 -4.460578E+01 0.000000E+00 -4.460578E+01 6.874054E+04 7.106205E+04 1.004511E+05 1.009420E+03 1.000000E+00 0.000000E+00
8.400000E-02 6.272608E+04 5.904884E+04 6.194171E+04 9.946785E+01 1.069972E+02 -4.715565E+01 0.000000E+00 -4.715565E+01 6.913683E+04 7.141455E+04 1.014093E+05 1.019518E+03 1.000000E+00 0.000000E+00
8.500000E-02 6.304935E+04 5.926469E+04 6.194833E+04 9.941940E+01 1.070805E+02 -4.974727E+01 0.000000E+00 -4.974727E+01 6.954459E+04 7.177566E+04 1.023480E+05 1.029458E+03 1.000000E+00 0.000000E+00
8.600000E-02 6.337111E+04 5.945735E+04 6.196016E+04 9.936834E+01 1.071638E+02 -5.237809E+01 0.000000E+00 -5.237809E+01 6.996350E+04 7.214510E+04 1.032657E+05 1.039221E+03 1.000000E+00 0.000000E+00
8.700000E-02 6.369122E+04 5.962908E+04 6.197725E+04 9.931463E+01 1.072471E+02 -5.504557E+01 0.000000E+00 -5.504557E+01 7.039324E+04 7.252263E+04 1.041641E+05 1.048830E+03 1.000000E+00 0.000000E+00
8.800000E-02 6.400958E+04 5.978025E+04 6.199968E+04 9.925824E+01 1.073304E+02 -5.774723E+01 0.000000E+00 -5.774723E+01 7.083348E+04 7.290799E+04 1.050434E+05 1.058284E+03 1.000000E+00 0.000000E+00
8.900000E-02 6.432608E+04 5.991123E+04 6.202749E+04 9.919913E+01 1.074137E+02 -6.048063E+01 0.000000E+00 -6.048063E+01 7.128390E+04 7.330097E+04 1.059036E+05 1.067586E+03 1.000000E+00 0.000000E+00
9.000000E-02 6.464061E+04 6.002146E+04 6.206075E+04 9.913727E+01 1.074970E+02 -6.324333E+01 0.000000E+00 -6.324333E+01 7.174418E+04 7.370132E+04 1.067438E+05 1.076727E+03 1.000000E+00 0.000000E+00
9.100000E-02 6.495308E+04 6.011116E+04 6.209948E+04 9.907263E+01 1.075803E+02 -6.603294E+01 0.000000E+00 -6.603294E+01 7.221400E+04 7.410883E+04 1.075639E+05 1.085707E+03 1.000000E+00 0.000000E+00
9.200000E-02 6.526341E+04 6.018203E+04 6.214375E+04 9.900519E+01 1.076636E+02 -6.884711E+01 0.000000E+00 -6.884711E+01 7.269304E+04 7.452326E+04 1.083652E+05 1.094541E+03 1.000000E+00 0.000000E+00
9.300000E-02 6.557153E+04 6.023458E+04 6.219358E+04 9.893493E+01 1.077469E+02 -7.168355E+01 0.000000E+00 -7.168355E+01 7.318098E+04 7.494441E+04 1.091481E+05 1.103231E+03 1.000000E+00 0.000000E+00
9.400000E-02 6.587738E+04 6.026930E+04 6.224901E+04 9.886182E+01 1.078302E+02 -7.454000E+01 0.000000E+00 -7.454000E+01 7.367751E+04 7.537207E+04 1.099127E+05 1.111781E+03 1.000000E+00 0.000000E+00
9.500000E-02 6.618093E+04 6.028529E+04 6.231006E+04 9.878585E+01 1.079135E+02 -7.741427E+01 0.000000E+00 -7.741427E+01 7.418231E+04 7.580606E+04 1.106578E+05 1.120178E+03 1.000000E+00 0.000000E+00
9.600000E-02 6.648212E+04 6.028409E+04 6.237677E+04 9.870699E+01 1.079968E+02 -8.030417E+01 0.000000E+00 -8.030417E+01 7.469508E+04 7.624616E+04 1.113846E+05 1.128437E+03 1.000000E+00 0.000000E+00
9.700000E-02 6.678093E+04 6.026678E+04 6.244914E+04 9.862523E+01 1.080801E+02 -8.320762E+01 0.000000E+00 -8.320762E+01 7.521551E+04 7.669220E+04 1.120941E+05 1.136566E+03 1.000000E+00 0.000000E+00
9.800000E-02 6.707736E+04 6.023399E+04 6.252720E+04 9.854057E+01 1.081634E+02 -8.612256E+01 0.000000E+00 -8.612256E+01 7.574330E+04 7.714400E+04 1.127865E+05 1.144569E+03 1.000000E+00 0.000000E+00
9.900000E-02 6.737140E+04 6.018626E+04 6.261096E+04 9.845298E+01 1.082467E+02 -8.904702E+01 0.000000E+00 -8.904702E+01 7.627816E+04 7.760140E+04 1.134621E+05 1.152450E+03 1.000000E+00 0.000000E+00
1.000000E-01 6.766305E+04 6.012256E+04 6.270042E+04 9.836247E+01 1.083300E+02 -9.197905E+01 0.000000E+00 -9.197905E+01 7.681980E+04 7.806423E+04 1.141198E+05 1.160197E+03 1.000000E+00 0.000000E+00
1.010000E-01 6.795234E+04 6.004529E+04 6.279559E+04 9.826903E+01 1.084133E+02 -9.491677E+01 0.000000E+00 -9.491677E+01 7.736793E+04 7.853232E+04 1.147617E+05 1.167832E+03 1.000000E+00 0.000000E+00
1.020000E-01 6.823930E+04 5.995503E+04 6.289646E+04 9.817264E+01 1.084966E+02 -9.785837E+01 0.000000E+00 -9.785837E+01 7.792228E+04 7.900552E+04 1.153881E+05 1.175359E+03 1.000000E+00 0.000000E+00
1.030000E-01 6.852396E+04 5.985243E+04 6.300305E+04 9.807331E+01 1.085799E+02 -1.008021E+02 0.000000E+00 -1.008021E+02 7.848256E+04 7.948369E+04 1.159994E+05 1.182783E+03 1.000000E+00 0.000000E+00
1.040000E-01 6.880638E+04 5.973770E+04 6.311533E+04 9.797103E+01 1.086632E+02 -1.037463E+02 0.000000E+00 -1.037463E+02 7.904852E+04 7.996669E+04 1.165958E+05 1.190105E+03 1.000000E+00 0.000000E+00
1.050000E-01 6.908662E+04 5.961097E+04 6.323329E+04 9.786582E+01 1.087465E+02 -1.066892E+02 0.000000E+00 -1.066892E+02 7.961990E+04 8.045438E+04 1.171772E+05 1.197325E+03 1.000000E+00 0.000000E+00
1.060000E-01 6.936473E+04 5.947389E+04 6.335694E+04 9.775766E+01 1.088298E+02 -1.096294E+02 0.000000E+00 -1.096294E+02 8.019643E+04 8.094663E+04 1.177449E+05 1.204457E+03 1.000000E+00 0.000000E+00
1.070000E-01 6.964080E+04 5.932704E+04 6.348624E+04 9.764656E+01 1.089131E+02 -1.125653E+02 0.000000E+00 -1.125653E+02 8.077788E+04 8.144331E+04 1.182996E+05 1.211508E+03 1.000000E+00 0.000000E+00
1.080000E-01 6.991491E+04 5.917105E+04 6.362118E+04 9.753253E+01 1.089964E+02 -1.154955E+02 0.000000E+00 -1.154955E+02 8.136399E+04 8.194430E+04 1.188415E+05 1.218481E+03 1.000000E+00 0.000000E+00
1.090000E-01 7.018716E+04 5.900597E+04 6.376174E+04 9.741557E+01 1.090797E+02 -1.184186E+02 0.000000E+00 -1.184186E+02 8.195455E+04 8.244948E+04 1.193707E+05 1.225376E+03 1.000000E+00 0.000000E+00
1.100000E-01 7.045762E+04 5.883261E+04 6.390789E+04 9.729570E+01 1.091630E+02 -1.213332E+02 0.000000E+00 -1.213332E+02 8.254931E+04 8.295874E+04 1.198879E+05 1.232201E+03 1.000000E+00 0.000000E+00
1.110000E-01 7.072642E+04 5.865201E+04 6.405961E+04 9.717291E+01 1.092463E+02 -1.242381E+02 0.000000E+00 -1.242381E+02 8.314807E+04 8.347196E+04 1.203938E+05 1.238965E+03 1.000000E+00 0.000000E+00
1.120000E-01 7.099365E+04 5.846473E+04 6.421686E+04 9.704722E+01 1.093296E+02 -1.271322E+02 0.000000E+00 -1.271322E+02 8.375060E+04 8.398904E+04 1.208891E+05 1.245673E+03 1.000000E+00 0.000000E+00
1.130000E-01 7.125943E+04 5.827132E+04 6.437962E+04 9.691865E+01 1.094129E+02 -1.300142E+02 0.000000E+00 -1.300142E+02 8.435671E+04 8.450988E+04 1.213741E+05 1.252330E+03 1.000000E+00 0.000000E+00
1.140000E-01 7.152387E+04 5.807182E+04 6.454785E+04 9.678720E+01 1.094962E+02 -1.328830E+02 0.000000E+00 -1.328830E+02 8.496618E+04 8.503437E+04 1.218488E+05 1.258935E+03 1.000000E+00 0.000000E+00
1.150000E-01 7.178709E+04 5.786728E+04 6.472151E+04 9.665289E+01 1.095795E+02 -1.357377E+02 0.000000E+00 -1.357377E+02 8.557883E+04 8.556240E+04 1.223142E+05 1.265500E+03 1.000000E+00 0.000000E+00
1.160000E-01 7.204922E+04 5.765829E+04 6.490057E+04 9.651573E+01 1.096628E+02 -1.385772E+02 0.000000E+00 -1.385772E+02 8.619447E+04 8.609388E+04 1.227707E+05 1.272028E+03 1.000000E+00 0.000000E+00
1.170000E-01 7.231036E+04 5.744533E+04 6.508499E+04 9.637574E+01 1.097461E+02 -1.414007E+02 0.000000E+00 -1.414007E+02 8.681293E+04 8.662871E+04 1.232188E+05 1.278526E+03 1.000000E+00 0.000000E+00
1.180000E-01 7.257066E+04 5.722883E+04 6.527472E+04 9.623293E+01 1.098294E+02 -1.442072E+02 0.000000E+00 -1.442072E+02 8.743401E+04 8.716680E+04 1.236589E+05 1.284996E+03 1.000000E+00 0.000000E+00
1.190000E-01 7.283022E+04 5.700906E+04 6.546973E+04 9.608733E+01 1.099127E+02 -1.469959E+02 0.000000E+00 -1.469959E+02 8.805757E+04 8.770804E+04 1.240912E+05 1.291442E+03 1.000000E+00 0.000000E+00
1.200000E-01 7.308918E+04 5.678676E+04 6.566997E+04 9.593895E+01 1.099960E+02 -1.497661E+02 0.000000E+00 -1.497661E+02 8.868344E+04 8.825234E+04 1.245163E+05 1.297870E+03 1.000000E+00 0.000000E+00
1.210000E-01 7.334766E+04 5.656232E+04 6.587538E+04 9.578781E+01 1.100793E+02 -1.525170E+02 0.000000E+00 -1.525170E+02 8.931145E+04 8.879961E+04 1.249347E+05 1.304286E+03 1.000000E+00 0.000000E+00
1.220000E-01 7.360577E+04 5.633612E+04 6.608594E+04 9.563392E+01 1.101626E+02 -1.552480E+02 0.000000E+00 -1.552480E+02 8.994147E+04 8.934976E+04 1.253466E+05 1.310692E+03 1.000000E+00 0.000000E+00
1.230000E-01 7.386363E+04 5.610850E+04 6.630158E+04 9.547732E+01 1.102459E+02 -1.579583E+02 0.000000E+00 -1.579583E+02 9.057334E+04 8.990267E+04 1.257525E+05 1.317093E+03 1.000000E+00 0.000000E+00
1.240000E-01 7.412137E+04 5.587983E+04 6.652225E+04 9.531801E+01 1.103292E+02 -1.606475E+02 0.000000E+00 -1.606475E+02 9.120693E+04 9.045826E+04 1.261525E+05 1.323491E+03 1.000000E+00 0.000000E+00
1.250000E-01 7.437908E+04 5.565047E+04 6.674792E+04 9.515603E+01 1.104125E+02 -1.633149E+02 0.000000E+00 -1.633149E+02 9.184210E+04 9.101644E+04 1.265472E+05 1.329892E+03 1.000000E+00 0.000000E+00
1.260000E-01 7.463688E+04 5.542070E+04 6.697851E+04 9.499139E+01 1.104958E+02 -1.659600E+02 0.000000E+00 -1.659600E+02 9.247871E+04 9.157709E+04 1.269367E+05 1.336297E+03 1.000000E+00 0.000000E+00
1.270000E-01 7.489488E+04 5.519076E+04 6.721400E+04 9.482412E+01 1.105791E+02 -1.685823E+02 0.000000E+00 -1.685823E+02 9.311665E+04 9.214014E+04 1.273214E+05 1.342711E+03 1.000000E+00 0.000000E+00
1.280000E-01 7.515316E+04 5.496102E+04 6.745431E+04 9.465424E+01 1.106624E+02 -1.711813E+02 0.000000E+00 -1.711813E+02 9.375579E+04 9.270546E+04 1.277014E+05 1.349136E+03 1.000000E+00 0.000000E+00
1.290000E-01 7.541183E+04 5.473166E+04 6.769939E+04 9.448176E+01 1.107457E+02 -1.737567E+02 0.000000E+00 -1.737567E+02 9.439601E+04 9.327296E+04 1.280772E+05 1.355576E+03 1.000000E+00 0.000000E+00
1.300000E-01 7.567097E+04 5.450283E+04 6.794920E+04 9.430673E+01 1.108290E+02 -1.763079E+02 0.000000E+00 -1.763079E+02 9.503720E+04 9.384254E+04 1.284487E+05 1.362031E+03 1.000000E+00 0.000000E+00
1.310000E-01 7.593065E+04 5.427467E+04 6.820367E+04 9.412916E+01 1.109123E+02 -1.788347E+02 0.000000E+00 -1.788347E+02 9.567924E+04 9.441409E+04 1.288162E+05 1.368505E+03 1.000000E+00 0.000000E+00
1.320000E-01 7.619096E+04 5.404733E+04 6.846275E+04 9.394907E+01 1.109956E+02 -1.813367E+02 0.000000E+00 -1.813367E+02 9.632203E+04 9.498750E+04 1.291798E+05 1.374998E+03 1.000000E+00 0.000000E+00
1.330000E-01 7.645196E+04 5.382125E+04 6.872638E+04 9.376649E+01 1.110789E+02 -1.838135E+02 0.000000E+00 -1.838135E+02 9.696545E+04 9.556266E+04 1.295400E+05 1.381517E+03 1.000000E+00 0.000000E+00
1.340000E-01 7.671371E+04 5.359624E+04 6.899451E+04 9.358145E+01 1.111622E+02 -1.862649E+02 0.000000E+00 -1.862649E+02 9.760941E+04 9.613947E+04 1.298965E+05 1.388059E+03 1.000000E+00 0.000000E+00
1.350000E-01 7.697627E+04 5.337237E+04 6.926707E+04 9.339397E+01 1.112455E+02 -1.886904E+02 0.000000E+00 -1.886904E+02 9.825381E+04 9.671780E+04 1.302496E+05 1.394625E+03 1.000000E+00 0.000000E+00
1.360000E-01 7.723968E+04 5.314969E+04 6.954401E+04 9.320408E+01 1.113288E+02 -1.910900E+02 0.000000E+00 -1.910900E+02 9.889854E+04 9.729753E+04 1.305991E+05 1.401217E+03 1.000000E+00 0.000000E+00
1.370000E-01 7.750397E+04 5.292835E+04 6.982527E+04 9.301180E+01 1.114121E+02 -1.934632E+02 0.000000E+00 -1.934632E+02 9.954350E+04 9.787856E+04 1.309454E+05 1.407837E+03 1.000000E+00 0.000000E+00
1.380000E-01 7.776918E+04 5.270852E+04 7.011079E+04 9.281716E+01 1.114954E+02 -1.958098E+02 0.000000E+00 -1.958098E+02 1.001886E+05 9.846077E+04 1.312886E+05 1.414487E+03 1.000000E+00 0.000000E+00
1.390000E-01 7.803533E+04 5.248997E+04 7.040051E+04 9.262019E+01 1.115787E+02 -1.981296E+02 0.000000E+00 -1.981296E+02 1.008338E+05 9.904403E+04 1.316285E+05 1.421164E+03 1.000000E+00 0.000000E+00
1.400000E-01 7.830243E+04 5.227265E+04 7.069438E+04 9.242091E+01 1.116620E+02 -2.004223E+02 0.000000E+00 -2.004223E+02 1.014789E+05 9.962822E+04 1.319650E+05 1.427870E+03 1.000000E+00 0.000000E+00
1.410000E-01 7.857049E+04 5.205654E+04 7.099232E+04 9.221936E+01 1.117453E+02 -2.026878E+02 0.000000E+00 -2.026878E+02 1.021238E+05 1.002132E+05 1.322982E+05 1.434604E+03 1.000000E+00 0.000000E+00
1.420000E-01 7.883950E+04 5.184182E+04 7.129429E+04 9.201555E+01 1.118286E+02 -2.049258E+02 0.000000E+00 -2.049258E+02 1.027685E+05 1.007988E+05 1.326283E+05 1.441368E+03 1.000000E+00 0.000000E+00
1.430000E-01 7.910947E+04 5.162837E+04 7.160022E+04 9.180951E+01 1.119119E+02 -2.071361E+02 0.000000E+00 -2.071361E+02 1.034129E+05 1.013850E+05 1.329551E+05 1.448162E+03 1.000000E+00 0.000000E+00
1.440000E-01 7.938037E+04 5.141595E+04 7.191004E+04 9.160129E+01 1.119952E+02 -2.093185E+02 0.000000E+00 -2.093185E+02 1.040568E+05 1.019716E+05 1.332784E+05 1.454984E+03 1.000000E+00 0.000000E+00
1.450000E-01 7.965217E+04 5.120448E+04 7.222370E+04 9.139089E+01 1.120785E+02 -2.114727E+02 0.000000E+00 -2.114727E+02 1.047003E+05 1.025585E+05 1.335981E+05 1.461832E+03 1.000000E+00 0.000000E+00
1.460000E-01 7.992485E+04 5.099388E+04 7.254114E+04 9.117835E+01 1.121618E+02 -2.135985E+02 0.000000E+00 -2.135985E+02 1.053431E+05 1.031456E+05 1.339143E+05 1.468707E+03 1.000000E+00 0.000000E+00
1.470000E-01 8.019837E+04 5.078433E+04 7.286229E+04 9.096370E+01 1.122451E+02 -2.156958E+02 0.000000E+00 -2.156958E+02 1.059853E+05 1.037326E+05 1.342270E+05 1.475611E+03 1.000000E+00 0.000000E+00
1.480000E-01 8.047268E+04 5.057547E+04 7.318709E+04 9.074697E+01 1.123284E+02 -2.177643E+02 0.000000E+00 -2.177643E+02 1.066266E+05 1.043195E+05 1.345360E+05 1.482540E+03 1.000000E+00 0.000000E+00
1.490000E-01 8.074773E+04 5.036714E+04 7.351548E+04 9.052818E+01 1.124117E+02 -2.198038E+02 0.000000E+00 -2.198038E+02 1.072670E+05 1.049061E+05 1.348410E+05 1.489492E+03 1.000000E+00 0.000000E+00
1.500000E-01 8.102346E+04 5.015923E+04 7.384739E+04 9.030737E+01 1.124950E+02 -2.218141E+02 0.000000E+00 -2.218141E+02 1.079065E+05 1.054924E+05 1.351420E+05 1.496467E+03 1.000000E+00 0.000000E+00
1.510000E-01 8.129981E+04 4.995165E+04 7.418276E+04 9.008456E+01 1.125783E+02 -2.237950E+02 0.000000E+00 -2.237950E+02 1.085449E+05 1.060780E+05 1.354390E+05 1.503465E+03 1.000000E+00 0.000000E+00
1.520000E-01 8.157671E+04 4.974446E+04 7.452153E+04 8.985979E+01 1.126616E+02 -2.257463E+02 0.000000E+00 -2.257463E+02 1.091821E+05 1.066630E+05 1.357318E+05 1.510484E+03 1.000000E+00 0.000000E+00
1.530000E-01 8.185408E+04 4.953729E+04 7.486364E+04 8.963308E+01 1.127449E+02 -2.276677E+02 0.000000E+00 -2.276677E+02 1.098180E+05 1.072472E+05 1.360202E+05 1.517523E+03 1.000000E+00 0.000000E+00
1.540000E-01 8.213183E+04 4.933003E+04 7.520901E+04 8.940447E+01 1.128282E+02 -2.295590E+02 0.000000E+00 -2.295590E+02 1.104526E+05 1.078304E+05 1.363041E+05 1.524579E+03 1.000000E+00 0.000000E+00
1.550000E-01 8.240990E+04 4.912254E+04 7.555759E+04 8.917398E+01 1.129115E+02 -2.314201E+02 0.000000E+00 -2.314201E+02 1.110856E+05 1.084124E+05 1.365834E+05 1.531651E+03 1.000000E+00 0.000000E+00
1.560000E-01 8.268819E+04 4.891480E+04 7.590931E+04 8.894164E+01 1.129948E+02 -2.332506E+02 0.000000E+00 -2.332506E+02 1.117172E+05 1.089932E+05 1.368579E+05 1.538738E+03 1.000000E+00 0.000000E+00
1.570000E-01 8.296660E+04 4.870667E+04 7.626410E+04 8.870748E+01 1.130781E+02 -2.350504E+02 0.000000E+00 -2.350504E+02 1.123470E+05 1.095727E+05 1.371276E+05 1.545840E+03 1.000000E+00 0.000000E+00
1.580000E-01 8.324504E+04 4.849794E+04 7.662190E+04 8.847155E+01 1.131614E+02 -2.368192E+02 0.000000E+00 -2.368192E+02 1.129750E+05 1.101505E+05 1.373922E+05 1.552954E+03 1.000000E+00 0.000000E+00
1.590000E-01 8.352341E+04 4.828850E+04 7.698264E+04 8.823386E+01 1.132447E+02 -2.385567E+02 0.000000E+00 -2.385567E+02 1.136012E+05 1.107268E+05 1.376516E+05 1.560077E+03 1.000000E+00 0.000000E+00
1.600000E-01 8.380162E+04 4.807825E+04 7.734625E+04 8.799445E+01 1.133280E+02 -2.402629E+02 0.000000E+00 -2.402629E+02 1.142254E+05 1.113012E+05 1.379058E+05 1.567210E+03 1.000000E+00 0.000000E+00
1.610000E-01 8.407955E+04 4.786714E+04 7.771267E+04 8.775334E+01 1.134113E+02 -2.419373E+02 0.000000E+00 -2.419373E+02 1.148476E+05 1.118736E+05 1.381546E+05 1.574351E+03 1.000000E+00 0.000000E+00
1.620000E-01 8.435710E+04 4.765502E+04 7.808184E+04 8.751058E+01 1.134946E+02 -2.435799E+02 0.000000E+00 -2.435799E+02 1.154675E+05 1.124440E+05 1.383978E+05 1.581498E+03 1.000000E+00 0.000000E+00
1.630000E-01 8.463418E+04 4.744179E+04 7.845368E+04 8.726619E+01 1.135779E+02 -2.451902E+02 0.000000E+00 -2.451902E+02 1.160852E+05 1.130122E+05 1.386354E+05 1.588650E+03 1.000000E+00 0.000000E+00
1.640000E-01 8.491066E+04 4.722737E+04 7.882812E+04 8.702021E+01 1.136612E+02 -2.467682E+02 0.000000E+00 -2.467682E+02 1.167004E+05 1.135780E+05 1.388673E+05 1.595805E+03 1.000000E+00 0.000000E+00
1.650000E-01 8.518645E+04 4.701168E+04 7.920510E+04 8.677267E+01 1.137445E+02 -2.483135E+02 0.000000E+00 -2.483135E+02 1.173132E+05 1.141414E+05 1.390934E+05 1.602963E+03 1.000000E+00 0.000000E+00
1.660000E-01 8.546144E+04 4.679468E+04 7.958454E+04 8.652360E+01 1.138278E+02 -2.498259E+02 0.000000E+00 -2.498259E+02 1.179234E+05 1.147022E+05 1.393135E+05 1.610122E+03 1.000000E+00 0.000000E+00
1.670000E-01 8.573551E+04 4.657628E+04 7.996639E+04 8.627303E+01 1.139111E+02 -2.513053E+02 0.000000E+00 -2.513053E+02 1.185308E+05 1.152603E+05 1.395277E+05 1.617281E+03 1.000000E+00 0.000000E+00
1.680000E-01 8.600858E+04 4.635645E+04 8.035056E+04 8.602100E+01 1.139944E+02 -2.527513E+02 0.000000E+00 -2.527513E+02 1.191355E+05 1.158155E+05 1.397358E+05 1.624438E+03 1.000000E+00 0.000000E+00
1.690000E-01 8.628052E+04 4.613516E+04 8.073699E+04 8.576754E+01 1.140777E+02 -2.541637E+02 0.000000E+00 -2.541637E+02 1.197372E+05 1.163678E+05 1.399378E+05 1.631594E+03 1.000000E+00 0.000000E+00
1.700000E-01 8.655125E+04 4.591236E+04 8.112562E+04 8.551268E+01 1.141610E+02 -2.555424E+02 0.000000E+00 -2.555424E+02 1.203359E+05 1.169170E+05 1.401336E+05 1.638747E+03 1.000000E+00 0.000000E+00
1.710000E-01 8.682065E+04 4.568803E+04 8.151636E+04 8.525647E+01 1.142443E+02 -2.568870E+02 0.000000E+00 -2.568870E+02 1.209314E+05 1.174630E+05 1.403233E+05 1.645896E+03 1.000000E+00 0.000000E+00
1.720000E-01 8.708863E+04 4.546217E+04 8.190914E+04 8.499892E+01 1.143276E+02 -2.581974E+02 0.000000E+00 -2.581974E+02 1.215238E+05 1.180058E+05 1.405067E+05 1.653041E+03 1.000000E+00 0.000000E+00
1.730000E-01 8.735510E+04 4.523481E+04 8.230391E+04 8.474008E+01 1.144109E+02 -2.594734E+02 0.000000E+00 -2.594734E+02 1.221128E+05 1.185451E+05 1.406839E+05 1.660181E+03 1.000000E+00 0.000000E+00
1.740000E-01 8.761995E+04 4.500596E+04 8.270058E+04 8.447999E+01 1.144942E+02 -2.607148E+02 0.000000E+00 -2.607148E+02 1.226983E+05 1.190810E+05 1.408548E+05 1.667316E+03 1.000000E+00 0.000000E+00
1.750000E-01 8.788311E+04 4.477559E+04 8.309908E+04 8.421866E+01 1.145775E+02 -2.619213E+02 0.000000E+00 -2.619213E+02 1.232804E+05 1.196133E+05 1.410195E+05 1.674445E+03 1.000000E+00 0.000000E+00
1.760000E-01 8.814448E+04 4.454376E+04 8.349934E+04 8.395616E+01 1.146608E+02 -2.630929E+02 0.000000E+00 -2.630929E+02 1.238588E+05 1.201419E+05 1.411780E+05 1.681568E+03 1.000000E+00 0.000000E+00
1.770000E-01 8.840398E+04 4.431054E+04 8.390129E+04 8.369249E+01 1.147441E+02 -2.642293E+02 0.000000E+00 -2.642293E+02 1.244334E+05 1.206667E+05 1.413303E+05 1.688685E+03 1.000000E+00 0.000000E+00
1.780000E-01 8.866153E+04 4.407599E+04 8.430486E+04 8.342771E+01 1.148274E+02 -2.653304E+02 0.000000E+00 -2.653304E+02 1.250042E+05 1.211876E+05 1.414764E+05 1.695796E+03 1.000000E+00 0.000000E+00
1.790000E-01 8.891706E+04 4.384015E+04 8.470997E+04 8.316184E+01 1.149107E+02 -2.663961E+02 0.000000E+00 -2.663961E+02 1.255711E+05 1.217047E+05 1.416164E+05 1.702902E+03 1.000000E+00 0.000000E+00
1.800000E-01 8.917049E+04 4.360304E+04 8.511655E+04 8.289493E+01 1.149940E+02 -2.674261E+02 0.000000E+00 -2.674261E+02 1.261340E+05 1.222177E+05 1.417504E+05 1.710001E+03 1.000000E+00 0.000000E+00
1.810000E-01 8.942175E+04 4.336480E+04 8.552453E+04 8.262700E+01 1.150773E+02 -2.684204E+02 0.000000E+00 -2.684204E+02 1.266928E+05 1.227266E+05 1.418783E+05 1.717094E+03 1.000000E+00 0.000000E+00
1.820000E-01 8.967079E+04 4.312551E+04 8.593383E+04 8.235810E+01 1.151606E+02 -2.693789E+02 0.000000E+00 -2.693789E+02 1.272473E+05 1.232313E+05 1.420004E+05 1.724183E+03 1.000000E+00 0.000000E+00
1.830000E-01 8.991754E+04 4.288526E+04 8.634439E+04 8.208826E+01 1.152439E+02 -2.703014E+02 0.000000E+00 -2.703014E+02 1.277976E+05 1.237318E+05 1.421167E+05 1.731267E+03 1.000000E+00 0.000000E+00
1.840000E-01 9.016194E+04 4.264414E+04 8.675612E+04 8.181751E+01 1.153272E+02 -2.711880E+02 0.000000E+00 -2.711880E+02 1.283435E+05 1.242280E+05 1.422272E+05 1.738347E+03 1.000000E+00 0.000000E+00
1.850000E-01 9.040395E+04 4.240223E+04 8.716895E+04 8.154589E+01 1.154105E+02 -2.720385E+02 0.000000E+00 -2.720385E+02 1.288849E+05 1.247199E+05 1.423320E+05 1.745423E+03 1.000000E+00 0.000000E+00
1.860000E-01 9.064352E+04 4.215967E+04 8.758282E+04 8.127345E+01 1.154938E+02 -2.728528E+02 0.000000E+00 -2.728528E+02 1.294218E+05 1.252073E+05 1.424314E+05 1.752496E+03 1.000000E+00 0.000000E+00
1.870000E-01 9.088061E+04 4.191657E+04 8.799764E+04 8.100020E+01 1.155771E+02 -2.736310E+02 0.000000E+00 -2.736310E+02 1.299540E+05 1.256902E+05 1.425253E+05 1.759567E+03 1.000000E+00 0.000000E+00
1.880000E-01 9.111518E+04 4.167303E+04 8.841335E+04 8.072620E+01 1.156604E+02 -2.743729E+02 0.000000E+00 -2.743729E+02 1.304816E+05 1.261687E+05 1.426139E+05 1.766638E+03 1.000000E+00 0.000000E+00
1.890000E-01 9.134719E+04 4.142919E+04 8.882987E+04 8.045147E+01 1.157437E+02 -2.750787E+02 0.000000E+00 -2.750787E+02 1.310044E+05 1.266425E+05 1.426974E+05 1.773708E+03 1.000000E+00 0.000000E+00
1.900000E-01 9.157662E+04 4.118516E+04 8.924712E+04 8.017605E+01 1.158270E+02 -2.757483E+02 0.000000E+00 -2.757483E+02 1.315223E+05 1.271118E+05 1.427758E+05 1.780778E+03 1.000000E+00 0.000000E+00
1.910000E-01 9.180343E+04 4.094106E+04 8.966504E+04 7.989998E+01 1.159103E+02 -2.763818E+02 0.000000E+00 -2.763818E+02 1.320354E+05 1.275764E+05 1.428493E+05 1.787851E+03 1.000000E+00 0.000000E+00
1.920000E-01 9.202762E+04 4.069701E+04 9.008355E+04 7.962330E+01 1.159936E+02 -2.769791E+02 0.000000E+00 -2.769791E+02 1.325434E+05 1.280363E+05 1.429180E+05 1.794926E+03 1.000000E+00 0.000000E+00
1.930000E-01 9.224915E+04 4.045313E+04 9.050259E+04 7.934604E+01 1.160769E+02 -2.775404E+02 0.000000E+00 -2.775404E+02 1.330464E+05 1.284915E+05 1.429820E+05 1.802005E+03 1.000000E+00 0.000000E+00
1.940000E-01 9.246802E+04 4.020957E+04 9.092206E+04 7.906823E+01 1.161602E+02 -2.780658E+02 0.000000E+00 -2.780658E+02 1.335444E+05 1.289420E+05 1.430415E+05 1.809090E+03 1.000000E+00 0.000000E+00
1.950000E-01 9.268421E+04 3.996645E+04 9.134192E+04 7.878992E+01 1.162435E+02 -2.785552E+02 0.000000E+00 -2.785552E+02 1.340371E+05 1.293876E+05 1.430967E+05 1.816180E+03 1.000000E+00 0.000000E+00
1.960000E-01 9.289772E+04 3.972386E+04 9.176207E+04 7.851113E+01 1.163268E+02 -2.790088E+02 0.000000E+00 -2.790088E+02 1.345246E+05 1.298285E+05 1.431476E+05 1.823278E+03 1.000000E+00 0.000000E+00
1.970000E-01 9.310853E+04 3.948190E+04 9.218246E+04 7.823191E+01 1.164101E+02 -2.794268E+02 0.000000E+00 -2.794268E+02 1.350069E+05 1.302645E+05 1.431944E+05 1.830384E+03 1.000000E+00 0.000000E+00
1.980000E-01 9.331665E+04 3.924069E+04 9.260301E+04 7.795229E+01 1.164934E+02 -2.798093E+02 0.000000E+00 -2.798093E+02 1.354839E+05 1.306956E+05 1.432372E+05 1.837498E+03 1.000000E+00 0.000000E+00
1.990000E-01 9.352208E+04 3.900045E+04 9.302364E+04 7.767231E+01 1.165767E+02 -2.801564E+02 0.000000E+00 -2.801564E+02 1.359555E+05 1.311219E+05 1.432763E+05 1.844625E+03 1.000000E+00 0.000000E+00
2.000000E-01 9.372481E+04 3.876118E+04 9.344430E+04 7.739199E+01 1.166600E+02 -2.804683E+02 0.000000E+00 -2.804683E+02 1.364217E+05 1.315432E+05 1.433116E+05 1.851762E+03 1.000000E+00 0.000000E+00
2.010000E-01 9.392485E+04 3.852296E+04 9.386491E+04 7.711138E+01 1.167433E+02 -2.807452E+02 0.000000E+00 -2.807452E+02 1.368824E+05 1.319597E+05 1.433433E+05 1.858912E+03 1.000000E+00 0.000000E+00
2.020000E-01 9.412220E+04 3.828589E+04 9.428539E+04 7.683051E+01 1.168266E+02 -2.809872E+02 0.000000E+00 -2.809872E+02 1.373376E+05 1.323712E+05 1.433715E+05 1.866076E+03 1.000000E+00 0.000000E+00
2.030000E-01 9.431689E+04 3.805010E+04 9.470569E+04 7.654942E+01 1.169099E+02 -2.811947E+02 0.000000E+00 -2.811947E+02 1.377874E+05 1.327778E+05 1.433965E+05 1.873253E+03 1.000000E+00 0.000000E+00
2.040000E-01 9.450890E+04 3.781574E+04 9.512573E+04 7.626814E+01 1.169932E+02 -2.813677E+02 0.000000E+00 -2.813677E+02 1.382315E+05 1.331793E+05 1.434182E+05 1.880448E+03 1.000000E+00 0.000000E+00
2.050000E-01 9.469825E+04 3.758279E+04 9.554544E+04 7.598670E+01 1.170765E+02 -2.815065E+02 0.000000E+00 -2.815065E+02 1.386701E+05 1.335760E+05 1.434369E+05 1.887658E+03 1.000000E+00 0.000000E+00
2.060000E-01 9.488496E+04 3.735128E+04 9.596477E+04 7.570513E+01 1.171598E+02 -2.816114E+02 0.000000E+00 -2.816114E+02 1.391030E+05 1.339676E+05 1.434524E+05 1.894884E+03 1.000000E+00 0.000000E+00
2.070000E-01 9.506902E+04 3.712129E+04 9.638363E+04 7.542348E+01 1.172431E+02 -2.816825E+02 0.000000E+00 -2.816825E+02 1.395303E+05 1.343542E+05 1.434651E+05 1.902127E+03 1.000000E+00 0.000000E+00
2.080000E-01 9.525046E+04 3.689299E+04 9.680197E+04 7.514178E+01 1.173264E+02 -2.817203E+02 0.000000E+00 -2.817203E+02 1.399519E+05 1.347358E+05 1.434749E+05 1.909390E+03 1.000000E+00 0.000000E+00
2.090000E-01 9.542929E+04 3.666639E+04 9.721972E+04 7.486006E+01 1.174097E+02 -2.817249E+02 0.000000E+00 -2.817249E+02 1.403679E+05 1.351124E+05 1.434821E+05 1.916671E+03 1.000000E+00 0.000000E+00
2.100000E-01 9.560551E+04 3.644144E+04 9.763682E+04 7.457834E+01 1.174930E+02 -2.816966E+02 0.000000E+00 -2.816966E+02 1.407781E+05 1.354839E+05 1.434866E+05 1.923972E+03 1.000000E+00 0.000000E+00
2.110000E-01 9.577913E+04 3.621817E+04 9.805319E+04 7.429667E+01 1.175763E+02 -2.816357E+02 0.000000E+00 -2.816357E+02 1.411825E+05 1.358504E+05 1.434884E+05 1.931290E+03 1.000000E+00 0.000000E+00
2.120000E-01 9.595018E+04 3.599662E+04 9.846878E+04 7.401508E+01 1.176596E+02 -2.815424E+02 0.000000E+00 -2.815424E+02 1.415812E+05 1.362119E+05 1.434877E+05 1.938628E+03 1.000000E+00 0.000000E+00
2.130000E-01 9.611865E+04 3.577696E+04 9.888353E+04 7.373360E+01 1.177429E+02 -2.814172E+02 0.000000E+00 -2.814172E+02 1.419742E+05 1.365683E+05 1.434846E+05 1.945987E+03 1.000000E+00 0.000000E+00
2.140000E-01 9.628455E+04 3.555906E+04 9.929737E+04 7.345226E+01 1.178262E+02 -2.812602E+02 0.000000E+00 -2.812602E+02 1.423613E+05 1.369196E+05 1.434791E+05 1.953365E+03 1.000000E+00 0.000000E+00
2.150000E-01 9.644789E+04 3.534289E+04 9.971025E+04 7.317109E+01 1.179095E+02 -2.810718E+02 0.000000E+00 -2.810718E+02 1.427426E+05 1.372658E+05 1.434711E+05 1.960762E+03 1.000000E+00 0.000000E+00
2.160000E-01 9.660868E+04 3.512845E+04 1.001221E+05 7.289013E+01 1.179928E+02 -2.808523E+02 0.000000E+00 -2.808523E+02 1.431181E+05 1.376069E+05 1.434607E+05 1.968178E+03 1.000000E+00 0.000000E+00
2.170000E-01 9.676693E+04 3.491574E+04 1.005328E+05 7.260940E+01 1.180761E+02 -2.806020E+02 0.000000E+00 -2.806020E+02 1.434878E+05 1.379429E+05 1.434480E+05 1.975612E+03 1.000000E+00 0.000000E+00
2.180000E-01 9.692263E+04 3.470489E+04 1.009424E+05 7.232893E+01 1.181594E+02 -2.803212E+02 0.000000E+00 -2.803212E+02 1.438517E+05 1.382738E+05 1.434331E+05 1.983066E+03 1.000000E+00 0.000000E+00
2.190000E-01 9.707578E+04 3.449569E+04 1.013508E+05 7.204876E+01 1.182427E+02 -2.800103E+02 0.000000E+00 -2.800103E+02 1.442096E+05 1.385995E+05 1.434158E+05 1.990538E+03 1.000000E+00 0.000000E+00
2.200000E-01 9.722640E+04 3.428812E+04 1.017580E+05 7.176892E+01 1.183260E+02 -2.796695E+02 0.000000E+00 -2.796695E+02 1.445618E+05 1.389201E+05 1.433961E+05 1.998025E+03 1.000000E+00 0.000000E+00
2.210000E-01 9.737447E+04 3.408214E+04 1.021638E+05 7.148943E+01 1.184093E+02 -2.792991E+02 0.000000E+00 -2.792991E+02 1.449080E+05 1.392355E+05 1.433741E+05 2.005529E+03 1.000000E+00 0.000000E+00
2.220000E-01 9.751999E+04 3.387777E+04 1.025682E+05 7.121033E+01 1.184926E+02 -2.788995E+02 0.000000E+00 -2.788995E+02 1.452484E+05 1.395457E+05 1.433498E+05 2.013048E+03 1.000000E+00 0.000000E+00
2.230000E-01 9.766295E+04 3.367497E+04 1.029712E+05 7.093165E+01 1.185759E+02 -2.784710E+02 0.000000E+00 -2.784710E+02 1.455830E+05 1.398507E+05 1.433233E+05 2.020583E+03 1.000000E+00 0.000000E+00
2.240000E-01 9.780336E+04 3.347361E+04 1.033727E+05 7.065340E+01 1.186592E+02 -2.780140E+02 0.000000E+00 -2.780140E+02 1.459116E+05 1.401505E+05 1.432943E+05 2.028130E+03 1.000000E+00 0.000000E+00
2.250000E-01 9.794119E+04 3.327363E+04 1.037727E+05 7.037563E+01 1.187425E+02 -2.775286E+02 0.000000E+00 -2.775286E+02 1.462343E+05 1.404451E+05 1.432629E+05 2.035689E+03 1.000000E+00 0.000000E+00
2.260000E-01 9.807644E+04 3.307496E+04 1.041711E+05 7.009835E+01 1.188258E+02 -2.770152E+02 0.000000E+00 -2.770152E+02 1.465512E+05 1.407345E+05 1.432290E+05 2.043258E+03 1.000000E+00 0.000000E+00
2.270000E-01 9.820909E+04 3.287762E+04 1.045678E+05 6.982161E+01 1.189091E+02 -2.764742E+02 0.000000E+00 -2.764742E+02 1.468621E+05 1.410185E+05 1.431927E+05 2.050837E+03 1.000000E+00 0.000000E+00
2.280000E-01 9.833913E+04 3.268147E+04 1.049628E+05 6.954541E+01 1.189924E+02 -2.759058E+02 0.000000E+00 -2.759058E+02 1.471671E+05 1.412973E+05 1.431539E+05 2.058423E+03 1.000000E+00 0.000000E+00
2.290000E-01 9.846653E+04 3.248643E+04 1.053561E+05 6.926980E+01 1.190757E+02 -2.753104E+02 0.000000E+00 -2.753104E+02 1.474662E+05 1.415708E+05 1.431125E+05 2.066016E+03 1.000000E+00 0.000000E+00
2.300000E-01 9.859129E+04 3.229243E+04 1.057475E+05 6.899480E+01 1.191590E+02 -2.746882E+02 0.000000E+00 -2.746882E+02 1.477594E+05 1.418390E+05 1.430686E+05 2.073614E+03 1.000000E+00 0.000000E+00
2.310000E-01 9.871338E+04 3.209941E+04 1.061371E+05 6.872044E+01 1.192423E+02 -2.740395E+02 0.000000E+00 -2.740395E+02 1.480467E+05 1.421018E+05 1.430219E+05 2.081214E+03 1.000000E+00 0.000000E+00
2.320000E-01 9.883278E+04 3.190729E+04 1.065248E+05 6.844673E+01 1.193256E+02 -2.733646E+02 0.000000E+00 -2.733646E+02 1.483280E+05 1.423593E+05 1.429726E+05 2.088815E+03 1.000000E+00 0.000000E+00
2.330000E-01 9.894946E+04 3.171598E+04 1.069106E+05 6.817372E+01 1.194089E+02 -2.726638E+02 0.000000E+00 -2.726638E+02 1.486034E+05 1.426113E+05 1.429205E+05 2.096416E+03 1.000000E+00 0.000000E+00
2.340000E-01 9.906339E+04 3.152541E+04 1.072943E+05 6.790141E+01 1.194922E+02 -2.719373E+02 0.000000E+00 -2.719373E+02 1.488729E+05 1.428580E+05 1.428656E+05 2.104015E+03 1.000000E+00 0.000000E+00
2.350000E-01 9.917456E+04 3.133552E+04 1.076760E+05 6.762985E+01 1.195755E+02 -2.711855E+02 0.000000E+00 -2.711855E+02 1.491364E+05 1.430993E+05 1.428078E+05 2.111609E+03 1.000000E+00 0.000000E+00
2.360000E-01 9.928293E+04 3.114622E+04 1.080556E+05 6.735905E+01 1.196588E+02 -2.704087E+02 0.000000E+00 -2.704087E+02 1.493940E+05 1.433351E+05 1.427471E+05 2.119198E+03 1.000000E+00 0.000000E+00
2.370000E-01 9.938848E+04 3.095740E+04 1.084331E+05 6.708904E+01 1.197421E+02 -2.696070E+02 0.000000E+00 -2.696070E+02 1.496456E+05 1.435654E+05 1.426834E+05 2.126777E+03 1.000000E+00 0.000000E+00
2.380000E-01 9.949117E+04 3.076904E+04 1.088084E+05 6.681985E+01 1.198254E+02 -2.687807E+02 0.000000E+00 -2.687807E+02 1.498913E+05 1.437903E+05 1.426167E+05 2.134347E+03 1.000000E+00 0.000000E+00
2.390000E-01 9.959098E+04 3.058108E+04 1.091814E+05 6.655149E+01 1.199087E+02 -2.679302E+02 0.000000E+00 -2.679302E+02 1.501310E+05 1.440096E+05 1.425470E+05 2.141905E+03 1.000000E+00 0.000000E+00
2.400000E-01 9.968787E+04 3.039348E+04 1.095522E+05 6.628399E+01 1.199920E+02 -2.670556E+02 0.000000E+00 -2.670556E+02 1.503647E+05 1.442235E+05 1.424741E+05 2.149450E+03 1.000000E+00 0.000000E+00
2.410000E-01 9.978181E+04 3.020610E+04 1.099206E+05 6.601739E+01 1.200753E+02 -2.661573E+02 0.000000E+00 -2.661573E+02 1.505924E+05 1.444318E+05 1.423981E+05 2.156979E+03 1.000000E+00 0.000000E+00
2.420000E-01 9.987278E+04 3.001888E+04 1.102867E+05 6.575169E+01 1.201586E+02 -2.652354E+02 0.000000E+00 -2.652354E+02 1.508142E+05 1.446346E+05 1.423188E+05 2.164489E+03 1.000000E+00 0.000000E+00
2.430000E-01 9.996074E+04 2.983186E+04 1.106503E+05 6.548692E+01 1.202419E+02 -2.642902E+02 0.000000E+00 -2.642902E+02 1.510300E+05 1.448318E+05 1.422363E+05 2.171981E+03 1.000000E+00 0.000000E+00
2.440000E-01 1.000457E+05 2.964499E+04 1.110115E+05 6.522311E+01 1.203252E+02 -2.633219E+02 0.000000E+00 -2.633219E+02 1.512398E+05 1.450234E+05 1.421506E+05 2.179452E+03 1.000000E+00 0.000000E+00
2.450000E-01 1.001275E+05 2.945826E+04 1.113703E+05 6.496029E+01 1.204085E+02 -2.623309E+02 0.000000E+00 -2.623309E+02 1.514436E+05 1.452094E+05 1.420617E+05 2.186901E+03 1.000000E+00 0.000000E+00
2.460000E-01 1.002063E+05 2.927142E+04 1.117265E+05 6.469846E+01 1.204918E+02 -2.613173E+02 0.000000E+00 -2.613173E+02 1.516414E+05 1.453898E+05 1.419693E+05 2.194323E+03 1.000000E+00 0.000000E+00
2.470000E-01 1.002819E+05 2.908462E+04 1.120801E+05 6.443766E+01 1.205751E+02 -2.602814E+02 0.000000E+00 -2.602814E+02 1.518332E+05 1.455646E+05 1.418736E+05 2.201719E+03 1.000000E+00 0.000000E+00
2.480000E-01 1.003544E+05 2.889786E+04 1.124311E+05 6.417791E+01 1.206584E+02 -2.592233E+02 0.000000E+00 -2.592233E+02 1.520190E+05 1.457337E+05 1.417747E+05 2.209088E+03 1.000000E+00 0.000000E+00
2.490000E-01 1.004236E+05 2.871115E+04 1.127794E+05 6.391922E+01 1.207417E+02 -2.581435E+02 0.000000E+00 -2.581435E+02 1.521988E+05 1.458972E+05 1.416724E+05 2.216429E+03 1.000000E+00 0.000000E+00
2.500000E-01 1.004897E+05 2.852445E+04 1.131250E+05 6.366163E+01 1.208250E+02 -2.570420E+02 0.000000E+00 -2.570420E+02 1.523725E+05 1.460551E+05 1.415669E+05 2.223740E+03 1.000000E+00 0.000000E+00
2.510000E-01 1.005526E+05 2.833753E+04 1.134680E+05 6.340514E+01 1.209083E+02 -2.559191E+02 0.000000E+00 -2.559191E+02 1.525403E+05 1.462073E+05 1.414578E+05 2.231015E+03 1.000000E+00 0.000000E+00
2.520000E-01 1.006122E+05 2.815066E+04 1.138081E+05 6.314979E+01 1.209916E+02 -2.547751E+02 0.000000E+00 -2.547751E+02 1.527020E+05 1.463539E+05 1.413456E+05 2.238258E+03 1.000000E+00 0.000000E+00
2.530000E-01 1.006685E+05 2.796385E+04 1.141454E+05 6.289560E+01 1.210749E+02 -2.536102E+02 0.000000E+00 -2.536102E+02 1.528578E+05 1.464948E+05 1.412301E+05 2.245468E+03 1.000000E+00 0.000000E+00
2.540000E-01 1.007216E+05 2.777713E+04 1.144799E+05 6.264258E+01 1.211582E+02 -2.524247E+02 0.000000E+00 -2.524247E+02 1.530075E+05 1.466301E+05 1.411114E+05 2.252644E+03 1.000000E+00 0.000000E+00
2.550000E-01 1.007713E+05 2.759038E+04 1.148115E+05 6.239076E+01 1.212415E+02 -2.512187E+02 0.000000E+00 -2.512187E+02 1.531512E+05 1.467598E+05 1.409895E+05 2.259782E+03 1.000000E+00 0.000000E+00
2.560000E-01 1.008177E+05 2.740358E+04 1.151402E+05 6.214015E+01 1.213248E+02 -2.499926E+02 0.000000E+00 -2.499926E+02 1.532889E+05 1.468838E+05 1.408643E+05 2.266881E+03 1.000000E+00 0.000000E+00
2.570000E-01 1.008608E+05 2.721698E+04 1.154659E+05 6.189078E+01 1.214081E+02 -2.487466E+02 0.000000E+00 -2.487466E+02 1.534205E+05 1.470021E+05 1.407361E+05 2.273943E+03 1.000000E+00 0.000000E+00
2.580000E-01 1.009006E+05 2.703060E+04 1.157887E+05 6.164266E+01 1.214914E+02 -2.474809E+02 0.000000E+00 -2.474809E+02 1.535462E+05 1.471149E+05 1.406049E+05 2.280968E+03 1.000000E+00 0.000000E+00
2.590000E-01 1.009370E+05 2.684451E+04 1.161084E+05 6.139582E+01 1.215747E+02 -2.461959E+02 0.000000E+00 -2.461959E+02 1.536659E+05 1.472220E+05 1.404709E+05 2.287955E+03 1.000000E+00 0.000000E+00
2.600000E-01 1.009701E+05 2.665851E+04 1.164251E+05 6.115028E+01 1.216580E+02 -2.448917E+02 0.000000E+00 -2.448917E+02 1.537795E+05 1.473236E+05 1.403337E+05 2.294899E+03 1.000000E+00 0.000000E+00
2.610000E-01 1.009999E+05 2.647280E+04 1.167386E+05 6.090605E+01 1.217413E+02 -2.435687E+02 0.000000E+00 -2.435687E+02 1.538872E+05 1.474196E+05 1.401937E+05 2.301803E+03 1.000000E+00 0.000000E+00
2.620000E-01 1.010263E+05 2.628757E+04 1.170491E+05 6.066315E+01 1.218246E+02 -2.422271E+02 0.000000E+00 -2.422271E+02 1.539890E+05 1.475100E+05 1.400510E+05 2.308668E+03 1.000000E+00 0.000000E+00
2.630000E-01 1.010493E+05 2.610286E+04 1.173564E+05 6.042160E+01 1.219079E+02 -2.408672E+02 0.000000E+00 -2.408672E+02 1.540847E+05 1.475949E+05 1.399058E+05 2.315493E+03 1.000000E+00 0.000000E+00
2.640000E-01 1.010691E+05 2.591877E+04 1.176605E+05 6.018142E+01 1.219912E+02 -2.394894E+02 0.000000E+00 -2.394894E+02 1.541745E+05 1.476743E+05 1.397581E+05 2.322280E+03 1.000000E+00 0.000000E+00
2.650000E-01 1.010855E+05 2.573501E+04 1.179614E+05 5.994263E+01 1.220745E+02 -2.380938E+02 0.000000E+00 -2.380938E+02 1.542584E+05 1.477482E+05 1.396076E+05 2.329021E+03 1.000000E+00 0.000000E+00
2.660000E-01 1.010986E+05 2.555202E+04 1.182590E+05 5.970524E+01 1.221578E+02 -2.366809E+02 0.000000E+00 -2.366809E+02 1.543363E+05 1.478167E+05 1.394549E+05 2.335723E+03 1.000000E+00 0.000000E+00
2.670000E-01 1.011085E+05 2.536987E+04 1.185534E+05 5.946927E+01 1.222411E+02 -2.352508E+02 0.000000E+00 -2.352508E+02 1.544084E+05 1.478797E+05 1.393000E+05 2.342386E+03 1.000000E+00 0.000000E+00
2.680000E-01 1.011151E+05 2.518864E+04 1.188445E+05 5.923474E+01 1.223244E+02 -2.338040E+02 0.000000E+00 -2.338040E+02 1.544746E+05 1.479374E+05 1.391430E+05 2.349010E+03 1.000000E+00 0.000000E+00
2.690000E-01 1.011184E+05 2.500833E+04 1.191322E+05 5.900167E+01 1.224077E+02 -2.323407E+02 0.000000E+00 -2.323407E+02 1.545349E+05 1.479897E+05 1.389840E+05 2.355594E+03 1.000000E+00 0.000000E+00
2.700000E-01 1.011185E+05 2.482887E+04 1.194166E+05 5.877007E+01 1.224910E+02 -2.308612E+02 0.000000E+00 -2.308612E+02 1.545894E+05 1.480367E+05 1.388229E+05 2.362136E+03 1.000000E+00 0.000000E+00
2.710000E-01 1.011154E+05 2.465060E+04 1.196976E+05 5.853995E+01 1.225743E+02 -2.293660E+02 0.000000E+00 -2.293660E+02 1.546381E+05 1.480784E+05 1.386600E+05 2.368640E+03 1.000000E+00 0.000000E+00
2.720000E-01 1.011092E+05 2.447358E+04 1.199751E+05 5.831134E+01 1.226576E+02 -2.278553E+02 0.000000E+00 -2.278553E+02 1.546810E+05 1.481149E+05 1.384956E+05 2.375106E+03 1.000000E+00 0.000000E+00
2.730000E-01 1.010998E+05 2.429791E+04 1.202493E+05 5.808424E+01 1.227409E+02 -2.263295E+02 0.000000E+00 -2.263295E+02 1.547182E+05 1.481462E+05 1.383296E+05 2.381534E+03 1.000000E+00 0.000000E+00
2.740000E-01 1.010874E+05 2.412347E+04 1.205199E+05 5.785868E+01 1.228242E+02 -2.247890E+02 0.000000E+00 -2.247890E+02 1.547496E+05 1.481723E+05 1.381621E+05 2.387923E+03 1.000000E+00 0.000000E+00
2.750000E-01 1.010719E+05 2.395040E+04 1.207871E+05 5.763467E+01 1.229075E+02 -2.232341E+02 0.000000E+00 -2.232341E+02 1.547754E+05 1.481933E+05 1.379932E+05 2.394273E+03 1.000000E+00 0.000000E+00
2.760000E-01 1.010533E+05 2.377890E+04 1.210508E+05 5.741222E+01 1.229908E+02 -2.216651E+02 0.000000E+00 -2.216651E+02 1.547954E+05 1.482093E+05 1.378230E+05 2.400587E+03 1.000000E+00 0.000000E+00
2.770000E-01 1.010318E+05 2.360904E+04 1.213109E+05 5.719135E+01 1.230741E+02 -2.200826E+02 0.000000E+00 -2.200826E+02 1.548098E+05 1.482202E+05 1.376519E+05 2.406865E+03 1.000000E+00 0.000000E+00
2.780000E-01 1.010073E+05 2.344088E+04 1.215675E+05 5.697206E+01 1.231574E+02 -2.184869E+02 0.000000E+00 -2.184869E+02 1.548187E+05 1.482262E+05 1.374797E+05 2.413108E+03 1.000000E+00 0.000000E+00
2.790000E-01 1.009799E+05 2.327422E+04 1.218205E+05 5.675438E+01 1.232407E+02 -2.168782E+02 0.000000E+00 -2.168782E+02 1.548221E+05 1.482273E+05 1.373065E+05 2.419310E+03 1.000000E+00 0.000000E+00
2.800000E-01 1.009497E+05 2.310935E+04 1.220699E+05 5.653831E+01 1.233240E+02 -2.152571E+02 0.000000E+00 -2.152571E+02 1.548199E+05 1.482235E+05 1.371324E+05 2.425477E+03 1.000000E+00 0.000000E+00
2.810000E-01 1.009166E+05 2.294633E+04 1.223157E+05 5.632387E+01 1.234073E+02 -2.136238E+02 0.000000E+00 -2.136238E+02 1.548123E+05 1.482150E+05 1.369576E+05 2.431609E+03 1.000000E+00 0.000000E+00
2.820000E-01 1.008808E+05 2.278522E+04 1.225579E+05 5.611106E+01 1.234906E+02 -2.119788E+02 0.000000E+00 -2.119788E+02 1.547993E+05 1.482017E+05 1.367822E+05 2.437705E+03 1.000000E+00 0.000000E+00
2.830000E-01 1.008422E+05 2.262600E+04 1.227964E+05 5.589991E+01 1.235739E+02 -2.103224E+02 0.000000E+00 -2.103224E+02 1.547809E+05 1.481836E+05 1.366063E+05 2.443766E+03 1.000000E+00 0.000000E+00
2.840000E-01 1.008010E+05 2.246849E+04 1.230312E+05 5.569042E+01 1.236572E+02 -2.086551E+02 0.000000E+00 -2.086551E+02 1.547571E+05 1.481608E+05 1.364296E+05 2.449786E+03 1.000000E+00 0.000000E+00
2.850000E-01 1.007571E+05 2.231295E+04 1.232624E+05 5.548261E+01 1.237405E+02 -2.069773E+02 0.000000E+00 -2.069773E+02 1.547281E+05 1.481334E+05 1.362525E+05 2.455770E+03 1.000000E+00 0.000000E+00
2.860000E-01 1.007106E+05 2.215939E+04 1.234899E+05 5.527647E+01 1.238238E+02 -2.052893E+02 0.000000E+00 -2.052893E+02 1.546938E+05 1.481014E+05 1.360751E+05 2.461718E+03 1.000000E+00 0.000000E+00
2.870000E-01 1.006615E+05 2.200781E+04 1.237136E+05 5.507203E+01 1.239071E+02 -2.035917E+02 0.000000E+00 -2.035917E+02 1.546543E+05 1.480649E+05 1.358973E+05 2.467629E+03 1.000000E+00 0.000000E+00
2.880000E-01 1.006098E+05 2.185807E+04 1.239337E+05 5.486929E+01 1.239904E+02 -2.018847E+02 0.000000E+00 -2.018847E+02 1.546096E+05 1.480240E+05 1.357191E+05 2.473498E+03 1.000000E+00 0.000000E+00
2.890000E-01 1.005557E+05 2.171007E+04 1.241500E+05 5.466826E+01 1.240737E+02 -2.001688E+02 0.000000E+00 -2.001688E+02 1.545599E+05 1.479785E+05 1.355404E+05 2.479326E+03 1.000000E+00 0.000000E+00
2.900000E-01 1.004992E+05 2.156399E+04 1.243625E+05 5.446896E+01 1.241570E+02 -1.984443E+02 0.000000E+00 -1.984443E+02 1.545051E+05 1.479287E+05 1.353615E+05 2.485113E+03 1.000000E+00 0.000000E+00
2.910000E-01 1.004402E+05 2.141976E+04 1.245713E+05 5.427138E+01 1.242403E+02 -1.967117E+02 0.000000E+00 -1.967117E+02 1.544454E+05 1.478745E+05 1.351823E+05 2.490857E+03 1.000000E+00 0.000000E+00
2.920000E-01 1.003788E+05 2.127735E+04 1.247763E+05 5.407554E+01 1.243236E+02 -1.949713E+02 0.000000E+00 -1.949713E+02 1.543806E+05 1.478161E+05 1.350027E+05 2.496558E+03 1.000000E+00 0.000000E+00
2.930000E-01 1.003151E+05 2.113640E+04 1.249776E+05 5.388144E+01 1.244069E+02 -1.932235E+02 0.000000E+00 -1.932235E+02 1.543110E+05 1.477533E+05 1.348226E+05 2.502209E+03 1.000000E+00 0.000000E+00
2.940000E-01 1.002490E+05 2.099700E+04 1.251750E+05 5.368909E+01 1.244902E+02 -1.914687E+02 0.000000E+00 -1.914687E+02 1.542365E+05 1.476863E+05 1.346420E+05 2.507809E+03 1.000000E+00 0.000000E+00
2.950000E-01 1.001807E+05 2.085917E+04 1.253687E+05 5.349850E+01 1.245735E+02 -1.897072E+02 0.000000E+00 -1.897072E+02 1.541572E+05 1.476150E+05 1.344609E+05 2.513359E+03 1.000000E+00 0.000000E+00
2.960000E-01 1.001100E+05 2.072279E+04 1.255585E+05 5.330968E+01 1.246568E+02 -1.879394E+02 0.000000E+00 -1.879394E+02 1.540732E+05 1.475396E+05 1.342794E+05 2.518856E+03 1.000000E+00 0.000000E+00
2.970000E-01 1.000371E+05 2.058778E+04 1.257446E+05 5.312263E+01 1.247401E+02 -1.861655E+02 0.000000E+00 -1.861655E+02 1.539844E+05 1.474600E+05 1.340973E+05 2.524297E+03 1.000000E+00 0.000000E+00
2.980000E-01 9.996189E+04 2.045351E+04 1.259268E+05 5.293735E+01 1.248234E+02 -1.843860E+02 0.000000E+00 -1.843860E+02 1.538910E+05 1.473763E+05 1.339140E+05 2.529669E+03 1.000000E+00 0.000000E+00
2.990000E-01 9.988445E+04 2.032032E+04 1.261052E+05 5.275386E+01 1.249067E+02 -1.826011E+02 0.000000E+00 -1.826011E+02 1.537930E+05 1.472885E+05 1.337299E+05 2.534978E+03 1.000000E+00 0.000000E+00
3.000000E-01 9.980475E+04 2.018806E+04 1.262798E+05 5.257215E+01 1.249900E+02 -1.808111E+02 0.000000E+00 -1.808111E+02 1.536903E+05 1.471966E+05 1.335448E+05 2.540220E+03 1.000000E+00 0.000000E+00
3.010000E-01 9.972281E+04 2.005657E+04 1.264505E+05 5.239223E+01 1.250733E+02 -1.790164E+02 0.000000E+00 -1.790164E+02 1.535831E+05 1.471006E+05 1.333587E+05 2.545391E+03 1.000000E+00 0.000000E+00
3.020000E-01 9.963861E+04 1.992551E+04 1.266174E+05 5.221412E+01 1.251566E+02 -1.772171E+02 0.000000E+00 -1.772171E+02 1.534714E+05 1.470005E+05 1.331712E+05 2.550483E+03 1.000000E+00 0.000000E+00
3.030000E-01 9.955215E+04 1.979443E+04 1.267805E+05 5.203780E+01 1.252399E+02 -1.754136E+02 0.000000E+00 -1.754136E+02 1.533552E+05 1.468963E+05 1.329819E+05 2.555487E+03 1.000000E+00 0.000000E+00
3.040000E-01 9.946341E+04 1.966355E+04 1.269398E+05 5.186329E+01 1.253232E+02 -1.736060E+02 0.000000E+00 -1.736060E+02 1.532346E+05 1.467881E+05 1.327910E+05 2.560404E+03 1.000000E+00 0.000000E+00
3.050000E-01 9.937237E+04 1.953268E+04 1.270952E+05 5.169059E+01 1.254065E+02 -1.717946E+02 0.000000E+00 -1.717946E+02 1.531095E+05 1.466758E+05 1.325983E+05 2.565231E+03 1.000000E+00 0.000000E+00
3.060000E-01 9.927901E+04 1.940162E+04 1.272467E+05 5.151970E+01 1.254898E+02 -1.699797E+02 0.000000E+00 -1.699797E+02 1.529801E+05 1.465594E+05 1.324036E+05 2.569961E+03 1.000000E+00 0.000000E+00
3.070000E-01 9.918330E+04 1.926969E+04 1.273944E+05 5.135063E+01 1.255731E+02 -1.681613E+02 0.000000E+00 -1.681613E+02 1.528463E+05 1.464390E+05 1.322063E+05 2.574580E+03 1.000000E+00 0.000000E+00
3.080000E-01 9.908519E+04 1.913674E+04 1.275383E+05 5.118338E+01 1.256564E+02 -1.663395E+02 0.000000E+00 -1.663395E+02 1.527082E+05 1.463144E+05 1.320062E+05 2.579083E+03 1.000000E+00 0.000000E+00
3.090000E-01 9.898466E+04 1.900287E+04 1.276783E+05 5.101795E+01 1.257397E+02 -1.645147E+02 0.000000E+00 -1.645147E+02 1.525658E+05 1.461857E+05 1.318034E+05 2.583470E+03 1.000000E+00 0.000000E+00
3.100000E-01 9.888165E+04 1.886786E+04 1.278145E+05 5.085435E+01 1.258230E+02 -1.626867E+02 0.000000E+00 -1.626867E+02 1.524191E+05 1.460529E+05 1.315976E+05 2.587735E+03 1.000000E+00 0.000000E+00
3.110000E-01 9.877611E+04 1.873146E+04 1.279468E+05 5.069258E+01 1.259063E+02 -1.608558E+02 0.000000E+00 -1.608558E+02 1.522681E+05 1.459158E+05 1.313886E+05 2.591870E+03 1.000000E+00 0.000000E+00
3.120000E-01 9.866799E+04 1.859249E+04 1.280753E+05 5.053264E+01 1.259896E+02 -1.590220E+02 0.000000E+00 -1.590220E+02 1.521128E+05 1.457746E+05 1.311752E+05 2.595851E+03 1.000000E+00 0.000000E+00
3.130000E-01 9.855722E+04 1.845142E+04 1.281999E+05 5.037454E+01 1.260729E+02 -1.571853E+02 0.000000E+00 -1.571853E+02 1.519533E+05 1.456292E+05 1.309579E+05 2.599684E+03 1.000000E+00 0.000000E+00
3.140000E-01 9.844374E+04 1.830811E+04 1.283207E+05 5.021827E+01 1.261562E+02 -1.553458E+02 0.000000E+00 -1.553458E+02 1.517894E+05 1.454794E+05 1.307364E+05 2.603363E+03 1.000000E+00 0.000000E+00
3.150000E-01 9.832746E+04 1.816233E+04 1.284377E+05 5.006385E+01 1.262395E+02 -1.535033E+02 0.000000E+00 -1.535033E+02 1.516214E+05 1.453254E+05 1.305105E+05 2.606882E+03 1.000000E+00 0.000000E+00
3.160000E-01 9.820831E+04 1.801360E+04 1.285508E+05 4.991127E+01 1.263228E+02 -1.516579E+02 0.000000E+00 -1.516579E+02 1.514490E+05 1.451669E+05 1.302798E+05 2.610228E+03 1.000000E+00 0.000000E+00
3.170000E-01 9.808622E+04 1.786066E+04 1.286600E+05 4.976053E+01 1.264061E+02 -1.498095E+02 0.000000E+00 -1.498095E+02 1.512723E+05 1.450040E+05 1.300428E+05 2.613373E+03 1.000000E+00 0.000000E+00
3.180000E-01 9.796107E+04 1.770436E+04 1.287654E+05 4.961165E+01 1.264894E+02 -1.479580E+02 0.000000E+00 -1.479580E+02 1.510913E+05 1.448367E+05 1.298005E+05 2.616331E+03 1.000000E+00 0.000000E+00
3.190000E-01 9.783279E+04 1.754441E+04 1.288670E+05 4.946462E+01 1.265727E+02 -1.461033E+02 0.000000E+00 -1.461033E+02 1.509060E+05 1.446648E+05 1.295524E+05 2.619092E+03 1.000000E+00 0.000000E+00
3.200000E-01 9.770128E+04 1.738055E+04 1.289647E+05 4.931944E+01 1.266560E+02 -1.442453E+02 0.000000E+00 -1.442453E+02 1.507164E+05 1.444882E+05 1.292982E+05 2.621648E+03 1.000000E+00 0.000000E+00
3.210000E-01 9.756643E+04 1.721181E+04 1.290585E+05 4.917613E+01 1.267393E+02 -1.423836E+02 0.000000E+00 -1.423836E+02 1.505223E+05 1.443070E+05 1.290370E+05 2.623976E+03 1.000000E+00 0.000000E+00
3.220000E-01 9.742813E+04 1.703761E+04 1.291485E+05 4.903468E+01 1.268226E+02 -1.405183E+02 0.000000E+00 -1.405183E+02 1.503239E+05 1.441210E+05 1.287680E+05 2.626061E+03 1.000000E+00 0.000000E+00
3.230000E-01 9.728627E+04 1.685862E+04 1.292347E+05 4.889509E+01 1.269059E+02 -1.386489E+02 0.000000E+00 -1.386489E+02 1.501210E+05 1.439301E+05 1.284920E+05 2.627911E+03 1.000000E+00 0.000000E+00
3.240000E-01 9.714073E+04 1.667455E+04 1.293170E+05 4.875738E+01 1.269892E+02 -1.367753E+02 0.000000E+00 -1.367753E+02 1.499136E+05 1.437344E+05 1.282084E+05 2.629518E+03 1.000000E+00 0.000000E+00
3.250000E-01 9.699140E+04 1.648517E+04 1.293954E+05 4.862154E+01 1.270725E+02 -1.348972E+02 0.000000E+00 -1.348972E+02 1.497016E+05 1.435336E+05 1.279170E+05 2.630871E+03 1.000000E+00 0.000000E+00
3.260000E-01 9.683816E+04 1.628880E+04 1.294700E+05 4.848759E+01 1.271558E+02 -1.330143E+02 0.000000E+00 -1.330143E+02 1.494851E+05 1.433277E+05 1.276161E+05 2.631934E+03 1.000000E+00 0.000000E+00
3.270000E-01 9.668087E+04 1.608598E+04 1.295407E+05 4.835552E+01 1.272391E+02 -1.311262E+02 0.000000E+00 -1.311262E+02 1.492639E+05 1.431166E+05 1.273061E+05 2.632711E+03 1.000000E+00 0.000000E+00
3.280000E-01 9.651940E+04 1.587702E+04 1.296076E+05 4.822534E+01 1.273224E+02 -1.292326E+02 0.000000E+00 -1.292326E+02 1.490380E+05 1.429003E+05 1.269872E+05 2.633205E+03 1.000000E+00 0.000000E+00
3.290000E-01 9.635363E+04 1.566166E+04 1.296705E+05 4.809705E+01 1.274057E+02 -1.273331E+02 0.000000E+00 -1.273331E+02 1.488073E+05 1.426785E+05 1.266591E+05 2.633406E+03 1.000000E+00 0.000000E+00
3.300000E-01 9.618342E+04 1.543971E+04 1.297296E+05 4.797067E+01 1.274890E+02 -1.254274E+02 0.000000E+00 -1.254274E+02 1.485718E+05 1.424513E+05 1.263214E+05 2.633305E+03 1.000000E+00 0.000000E+00
3.310000E-01 9.600864E+04 1.520868E+04 1.297848E+05 4.784620E+01 1.275723E+02 -1.235149E+02 0.000000E+00 -1.235149E+02 1.483313E+05 1.422185E+05 1.259716E+05 2.632845E+03 1.000000E+00 0.000000E+00
3.320000E-01 9.582915E+04 1.497053E+04 1.298361E+05 4.772364E+01 1.276556E+02 -1.215952E+02 0.000000E+00 -1.215952E+02 1.480859E+05 1.419801E+05 1.256116E+05 2.632063E+03 1.000000E+00 0.000000E+00
3.330000E-01 9.564480E+04 1.472510E+04 1.298835E+05 4.760301E+01 1.277389E+02 -1.196679E+02 0.000000E+00 -1.196679E+02 1.478354E+05 1.417358E+05 1.252411E+05 2.630949E+03 1.000000E+00 0.000000E+00
3.340000E-01 9.545547E+04 1.447219E+04 1.299270E+05 4.748431E+01 1.278222E+02 -1.177325E+02 0.000000E+00 -1.177325E+02 1.475797E+05 1.414856E+05 1.248598E+05 2.629495E+03 1.000000E+00 0.000000E+00
3.350000E-01 9.526102E+04 1.421091E+04 1.299665E+05 4.736755E+01 1.279055E+02 -1.157885E+02 0.000000E+00 -1.157885E+02 1.473188E+05 1.412295E+05 1.244666E+05 2.627676E+03 1.000000E+00 0.000000E+00
3.360000E-01 9.506130E+04 1.394001E+04 1.300021E+05 4.725274E+01 1.279888E+02 -1.138353E+02 0.000000E+00 -1.138353E+02 1.470525E+05 1.409672E+05 1.240602E+05 2.625460E+03 1.000000E+00 0.000000E+00
3.370000E-01 9.485617E+04 1.366107E+04 1.300337E+05 4.713988E+01 1.280721E+02 -1.118725E+02 0.000000E+00 -1.118725E+02 1.467808E+05 1.406987E+05 1.236421E+05 2.622876E+03 1.000000E+00 0.000000E+00
3.380000E-01 9.464549E+04 1.337402E+04 1.300614E+05 4.702900E+01 1.281554E+02 -1.098994E+02 0.000000E+00 -1.098994E+02 1.465035E+05 1.404239E+05 1.232120E+05 2.619916E+03 1.000000E+00 0.000000E+00
3.390000E-01 9.442914E+04 1.307871E+04 1.300851E+05 4.692009E+01 1.282387E+02 -1.079156E+02 0.000000E+00 -1.079156E+02 1.462206E+05 1.401426E+05 1.227698E+05 2.616572E+03 1.000000E+00 0.000000E+00
3.400000E-01 9.420698E+04 1.277347E+04 1.301048E+05 4.681317E+01 1.283220E+02 -1.059205E+02 0.000000E+00 -1.059205E+02 1.459320E+05 1.398548E+05 1.223136E+05 2.612803E+03 1.000000E+00 0.000000E+00
3.410000E-01 9.397887E+04 1.245860E+04 1.301205E+05 4.670825E+01 1.284053E+02 -1.039133E+02 0.000000E+00 -1.039133E+02 1.456375E+05 1.395603E+05 1.218435E+05 2.608608E+03 1.000000E+00 0.000000E+00
3.420000E-01 9.374468E+04 1.213516E+04 1.301321E+05 4.660534E+01 1.284886E+02 -1.018937E+02 0.000000E+00 -1.018937E+02 1.453370E+05 1.392591E+05 1.213606E+05 2.604006E+03 1.000000E+00 0.000000E+00
3.430000E-01 9.350428E+04 1.180317E+04 1.301397E+05 4.650447E+01 1.285719E+02 -9.986094E+01 0.000000E+00 -9.986094E+01 1.450304E+05 1.389510E+05 1.208647E+05 2.598991E+03 1.000000E+00 0.000000E+00
3.440000E-01 9.325755E+04 1.146254E+04 1.301432E+05 4.640563E+01 1.286552E+02 -9.781447E+01 0.000000E+00 -9.781447E+01 1.447177E+05 1.386359E+05 1.203556E+05 2.593556E+03 1.000000E+00 0.000000E+00
3.450000E-01 9.300437E+04 1.111074E+04 1.301426E+05 4.630884E+01 1.287385E+02 -9.575367E+01 0.000000E+00 -9.575367E+01 1.443986E+05 1.383137E+05 1.198307E+05 2.587641E+03 1.000000E+00 0.000000E+00
3.460000E-01 9.274462E+04 1.074989E+04 1.301379E+05 4.621412E+01 1.288218E+02 -9.367793E+01 0.000000E+00 -9.367793E+01 1.440731E+05 1.379844E+05 1.192918E+05 2.581285E+03 1.000000E+00 0.000000E+00
3.470000E-01 9.247818E+04 1.038039E+04 1.301291E+05 4.612149E+01 1.289051E+02 -9.158665E+01 0.000000E+00 -9.158665E+01 1.437411E+05 1.376477E+05 1.187395E+05 2.574493E+03 1.000000E+00 0.000000E+00
3.480000E-01 9.220496E+04 1.000232E+04 1.301160E+05 4.603096E+01 1.289884E+02 -8.947922E+01 0.000000E+00 -8.947922E+01 1.434024E+05 1.373037E+05 1.181734E+05 2.567260E+03 1.000000E+00 0.000000E+00
3.490000E-01 9.192485E+04 9.615270E+03 1.300988E+05 4.594254E+01 1.290717E+02 -8.735507E+01 0.000000E+00 -8.735507E+01 1.430569E+05 1.369522E+05 1.175932E+05 2.559572E+03 1.000000E+00 0.000000E+00
3.500000E-01 9.163774E+04 9.217134E+03 1.300774E+05 4.585625E+01 1.291550E+02 -8.521357E+01 0.000000E+00 -8.521357E+01 1.427046E+05 1.365931E+05 1.169967E+05 2.551378E+03 1.000000E+00 0.000000E+00
3.510000E-01 9.134355E+04 8.810659E+03 1.300517E+05 4.577212E+01 1.292383E+02 -8.305413E+01 0.000000E+00 -8.305413E+01 1.423451E+05 1.362263E+05 1.163863E+05 2.542733E+03 1.000000E+00 0.000000E+00
3.520000E-01 9.104219E+04 8.395919E+03 1.300217E+05 4.569015E+01 1.293216E+02 -8.087619E+01 0.000000E+00 -8.087619E+01 1.419786E+05 1.358518E+05 1.157621E+05 2.533634E+03 1.000000E+00 0.000000E+00
3.530000E-01 9.073358E+04 7.973091E+03 1.299874E+05 4.561037E+01 1.294049E+02 -7.867918E+01 0.000000E+00 -7.867918E+01 1.416048E+05 1.354695E+05 1.151242E+05 2.524079E+03 1.000000E+00 0.000000E+00
3.540000E-01 9.041765E+04 7.540952E+03 1.299487E+05 4.553280E+01 1.294882E+02 -7.646255E+01 0.000000E+00 -7.646255E+01 1.412236E+05 1.350793E+05 1.144712E+05 2.514038E+03 1.000000E+00 0.000000E+00
3.550000E-01 9.009433E+04 7.099261E+03 1.299057E+05 4.545745E+01 1.295715E+02 -7.422573E+01 0.000000E+00 -7.422573E+01 1.408349E+05 1.346811E+05 1.138028E+05 2.503501E+03 1.000000E+00 0.000000E+00
3.560000E-01 8.976356E+04 6.650004E+03 1.298582E+05 4.538435E+01 1.296548E+02 -7.196822E+01 0.000000E+00 -7.196822E+01 1.404385E+05 1.342748E+05 1.131207E+05 2.492505E+03 1.000000E+00 0.000000E+00
3.570000E-01 8.942529E+04 6.193342E+03 1.298063E+05 4.531352E+01 1.297381E+02 -6.968949E+01 0.000000E+00 -6.968949E+01 1.400345E+05 1.338604E+05 1.124252E+05 2.481052E+03 1.000000E+00 0.000000E+00
3.580000E-01 8.907949E+04 5.729540E+03 1.297499E+05 4.524498E+01 1.298214E+02 -6.738909E+01 0.000000E+00 -6.738909E+01 1.396226E+05 1.334378E+05 1.117164E+05 2.469144E+03 1.000000E+00 0.000000E+00
3.590000E-01 8.872610E+04 5.256616E+03 1.296890E+05 4.517875E+01 1.299047E+02 -6.506653E+01 0.000000E+00 -6.506653E+01 1.392027E+05 1.330070E+05 1.109921E+05 2.456732E+03 1.000000E+00 0.000000E+00
3.600000E-01 8.836510E+04 4.776186E+03 1.296235E+05 4.511485E+01 1.299880E+02 -6.272134E+01 0.000000E+00 -6.272134E+01 1.387748E+05 1.325678E+05 1.102539E+05 2.443850E+03 1.000000E+00 0.000000E+00
3.610000E-01 8.799647E+04 4.289417E+03 1.295534E+05 4.505331E+01 1.300713E+02 -6.035313E+01 0.000000E+00 -6.035313E+01 1.383388E+05 1.321204E+05 1.095029E+05 2.430519E+03 1.000000E+00 0.000000E+00
3.620000E-01 8.762020E+04 3.796546E+03 1.294787E+05 4.499416E+01 1.301546E+02 -5.796149E+01 0.000000E+00 -5.796149E+01 1.378944E+05 1.316646E+05 1.087393E+05 2.416743E+03 1.000000E+00 0.000000E+00
3.630000E-01 8.723628E+04 3.297892E+03 1.293993E+05 4.493740E+01 1.302379E+02 -5.554607E+01 0.000000E+00 -5.554607E+01 1.374417E+05 1.312003E+05 1.079633E+05 2.402526E+03 1.000000E+00 0.000000E+00
3.640000E-01 8.684473E+04 2.790903E+03 1.293152E+05 4.488307E+01 1.303212E+02 -5.310652E+01 0.000000E+00 -5.310652E+01 1.369806E+05 1.307276E+05 1.071721E+05 2.387808E+03 1.000000E+00 0.000000E+00
3.650000E-01 8.644554E+04 2.278814E+03 1.292263E+05 4.483119E+01 1.304045E+02 -5.064251E+01 0.000000E+00 -5.064251E+01 1.365109E+05 1.302465E+05 1.063692E+05 2.372660E+03 1.000000E+00 0.000000E+00
3.660000E-01 8.603875E+04 1.762004E+03 1.291326E+05 4.478179E+01 1.304878E+02 -4.815377E+01 0.000000E+00 -4.815377E+01 1.360326E+05 1.297569E+05 1.055546E+05 2.357088E+03 1.000000E+00 0.000000E+00
3.670000E-01 8.562438E+04 1.240778E+03 1.290340E+05 4.473489E+01 1.305711E+02 -4.564006E+01 0.000000E+00 -4.564006E+01 1.355456E+05 1.292587E+05 1.047288E+05 2.341098E+03 1.000000E+00 0.000000E+00
3.680000E-01 8.520248E+04 7.147450E+02 1.289305E+05 4.469052E+01 1.306544E+02 -4.310118E+01 0.000000E+00 -4.310118E+01 1.350497E+05 1.287521E+05 1.038912E+05 2.324681E+03 1.000000E+00 0.000000E+00
3.690000E-01 8.477308E+04 1.832086E+02 1.288221E+05 4.464870E+01 1.307377E+02 -4.053692E+01 0.000000E+00 -4.053692E+01 1.345451E+05 1.282369E+05 1.030411E+05 2.307819E+03 1.000000E+00 0.000000E+00
3.700000E-01 8.433625E+04 -3.515449E+02 1.287088E+05 4.460946E+01 1.308210E+02 -3.794714E+01 0.000000E+00 -3.794714E+01 1.340315E+05 1.277133E+05 1.021808E+05 2.290564E+03 1.000000E+00 0.000000E+00
3.710000E-01 8.389204E+04 -8.890927E+02 1.285904E+05 4.457281E+01 1.309043E+02 -3.533174E+01 0.000000E+00 -3.533174E+01 1.335089E+05 1.271812E+05 1.013107E+05 2.272925E+03 1.000000E+00 0.000000E+00
3.720000E-01 8.344054E+04 -1.429081E+03 1.284669E+05 4.453880E+01 1.309876E+02 -3.269065E+01 0.000000E+00 -3.269065E+01 1.329773E+05 1.266406E+05 1.004310E+05 2.254911E+03 1.000000E+00 0.000000E+00
3.730000E-01 8.298182E+04 -1.972441E+03 1.283383E+05 4.450744E+01 1.310709E+02 -3.002384E+01 0.000000E+00 -3.002384E+01 1.324366E+05 1.260915E+05 9.954090E+04 2.236500E+03 1.000000E+00 0.000000E+00
3.740000E-01 8.251597E+04 -2.518316E+03 1.282046E+05 4.447876E+01 1.311542E+02 -2.733129E+01 0.000000E+00 -2.733129E+01 1.318868E+05 1.255341E+05 9.864116E+04 2.217714E+03 1.000000E+00 0.000000E+00
3.750000E-01 8.204308E+04 -3.065296E+03 1.280657E+05 4.445279E+01 1.312375E+02 -2.461307E+01 0.000000E+00 -2.461307E+01 1.313278E+05 1.249682E+05 9.773323E+04 2.198585E+03 1.000000E+00 0.000000E+00
3.760000E-01 8.156327E+04 -3.612940E+03 1.279215E+05 4.442954E+01 1.313208E+02 -2.186924E+01 0.000000E+00 -2.186924E+01 1.307597E+05 1.243940E+05 9.681753E+04 2.179125E+03 1.000000E+00 0.000000E+00
3.770000E-01 8.107665E+04 -4.160862E+03 1.277720E+05 4.440906E+01 1.314041E+02 -1.909995E+01 0.000000E+00 -1.909995E+01 1.301823E+05 1.238115E+05 9.589448E+04 2.159345E+03 1.000000E+00 0.000000E+00
3.780000E-01 8.058332E+04 -4.710306E+03 1.276172E+05 4.439135E+01 1.314874E+02 -1.630536E+01 0.000000E+00 -1.630536E+01 1.295957E+05 1.232208E+05 9.496284E+04 2.139219E+03 1.000000E+00 0.000000E+00
3.790000E-01 8.008343E+04 -5.259309E+03 1.274571E+05 4.437645E+01 1.315707E+02 -1.348564E+01 0.000000E+00 -1.348564E+01 1.289998E+05 1.226219E+05 9.402459E+04 2.118795E+03 1.000000E+00 0.000000E+00
3.800000E-01 7.957710E+04 -5.807191E+03 1.272915E+05 4.436439E+01 1.316540E+02 -1.064107E+01 0.000000E+00 -1.064107E+01 1.283947E+05 1.220149E+05 9.308047E+04 2.098090E+03 1.000000E+00 0.000000E+00
3.810000E-01 7.906448E+04 -6.353509E+03 1.271205E+05 4.435518E+01 1.317373E+02 -7.771913E+00 0.000000E+00 -7.771913E+00 1.277804E+05 1.213998E+05 9.213093E+04 2.077118E+03 1.000000E+00 0.000000E+00
3.820000E-01 7.854571E+04 -6.898098E+03 1.269439E+05 4.434885E+01 1.318206E+02 -4.878516E+00 0.000000E+00 -4.878516E+00 1.271568E+05 1.207768E+05 9.117622E+04 2.055887E+03 1.000000E+00 0.000000E+00
3.830000E-01 7.802095E+04 -7.441567E+03 1.267619E+05 4.434543E+01 1.319039E+02 -1.961230E+00 0.000000E+00 -1.961230E+00 1.265240E+05 1.201459E+05 9.021576E+04 2.034387E+03 1.000000E+00 0.000000E+00
3.840000E-01 7.749372E+04 -7.982357E+03 1.265752E+05 4.434479E+01 1.319872E+02 1.102823E-02 0.000000E+00 1.102823E-02 1.260304E+05 1.196456E+05 8.925116E+04 2.012664E+03 0.000000E+00 0.000000E+00
3.850000E-01 7.697432E+04 -8.524332E+03 1.263867E+05 4.434479E+01 1.320705E+02 4.057060E-03 0.000000E+00 4.057060E-03 1.258388E+05 1.194293E+05 8.827858E+04 1.990732E+03 0.000000E+00 0.000000E+00
3.860000E-01 7.646900E+04 -9.068062E+03 1.261986E+05 4.434479E+01 1.321538E+02 1.492509E-03 0.000000E+00 1.492509E-03 1.256473E+05 1.192174E+05 8.729736E+04 1.968604E+03 0.000000E+00 0.000000E+00
3.870000E-01 7.597679E+04 -9.613315E+03 1.260106E+05 4.434479E+01 1.322371E+02 5.490633E-04 0.000000E+00 5.490633E-04 1.254558E+05 1.190083E+05 8.630765E+04 1.946286E+03 0.000000E+00 0.000000E+00
3.880000E-01 7.549685E+04 -1.015942E+04 1.258229E+05 4.434479E+01 1.323204E+02 2.019891E-04 0.000000E+00 2.019891E-04 1.252646E+05 1.188057E+05 8.531006E+04 1.923790E+03 0.000000E+00 0.000000E+00
3.890000E-01 7.502850E+04 -1.070499E+04 1.256353E+05 4.434479E+01 1.324037E+02 7.430764E-05 0.000000E+00 7.430764E-05 1.250736E+05 1.186079E+05 8.430592E+04 1.901146E+03 0.000000E+00 0.000000E+00
3.900000E-01 7.457110E+04 -1.124938E+04 1.254481E+05 4.434479E+01 1.324870E+02 2.733625E-05 0.000000E+00 2.733625E-05 1.248829E+05 1.184152E+05 8.329587E+04 1.878369E+03 0.000000E+00 0.000000E+00
3.910000E-01 7.412403E+04 -1.179188E+04 1.252610E+05 4.434479E+01 1.325703E+02 1.005645E-05 0.000000E+00 1.005645E-05 1.246925E+05 1.182265E+05 8.228056E+04 1.855473E+03 0.000000E+00 0.000000E+00
3.920000E-01 7.368676E+04 -1.233229E+04 1.250742E+05 4.434479E+01 1.326536E+02 3.699560E-06 0.000000E+00 3.699560E-06 1.245024E+05 1.180416E+05 8.126023E+04 1.832464E+03 0.000000E+00 0.000000E+00
3.930000E-01 7.325876E+04 -1.286954E+04 1.248875E+05 4.434479E+01 1.327369E+02 1.360992E-06 0.000000E+00 1.360992E-06 1.243126E+05 1.178598E+05 8.023593E+04 1.809365E+03 0.000000E+00 0.000000E+00
3.940000E-01 7.283956E+04 -1.340282E+04 1.247012E+05 4.434479E+01 1.328202E+02 5.006809E-07 0.000000E+00 5.006809E-07 1.241231E+05 1.176807E+05 7.920850E+04 1.786196E+03 0.000000E+00 0.000000E+00
3.950000E-01 7.242870E+04 -1.393152E+04 1.245150E+05 4.434479E+01 1.329035E+02 1.841902E-07 0.000000E+00 1.841902E-07 1.239340E+05 1.175039E+05 7.817859E+04 1.762971E+03 0.000000E+00 0.000000E+00
3.960000E-01 7.202578E+04 -1.445505E+04 1.243291E+05 4.434479E+01 1.329868E+02 6.775980E-08 0.000000E+00 6.775980E-08 1.237451E+05 1.173290E+05 7.714685E+04 1.739705E+03 0.000000E+00 0.000000E+00
3.970000E-01 7.163044E+04 -1.497289E+04 1.241434E+05 4.434479E+01 1.330701E+02 2.492744E-08 0.000000E+00 2.492744E-08 1.235565E+05 1.171557E+05 7.611382E+04 1.716409E+03 0.000000E+00 0.000000E+00
3.980000E-01 7.124233E+04 -1.548426E+04 1.239579E+05 4.434479E+01 1.331534E+02 9.170291E-09 0.000000E+00 9.170291E-09 1.233683E+05 1.169838E+05 7.508039E+04 1.693105E+03 0.000000E+00 0.000000E+00
3.990000E-01 7.086115E+04 -1.598860E+04 1.237727E+05 4.434479E+01 1.332367E+02 3.373562E-09 0.000000E+00 3.373562E-09 1.231803E+05 1.168131E+05 7.404718E+04 1.669806E+03 0.000000E+00 0.000000E+00
4.000000E-01 7.048663E+04 -1.648539E+04 1.235877E+05 4.434479E+01 1.333200E+02 1.241064E-09 0.000000E+00 1.241064E-09 1.229927E+05 1.166433E+05 7.301481E+04 1.646525E+03 0.000000E+00 0.000000E+00
4.010000E-01 7.011852E+04 -1.697403E+04 1.234029E+05 4.434479E+01 1.334033E+02 4.565619E-10 0.000000E+00 4.565619E-10 1.228053E+05 1.164744E+05 7.198398E+04 1.623279E+03 0.000000E+00 0.000000E+00
4.020000E-01 6.975661E+04 -1.745383E+04 1.232183E+05 4.434479E+01 1.334866E+02 1.679597E-10 0.000000E+00 1.679597E-10 1.226183E+05 1.163062E+05 7.095551E+04 1.600087E+03 0.000000E+00 0.000000E+00
4.030000E-01 6.940072E+04 -1.792448E+04 1.230340E+05 4.434479E+01 1.335699E+02 6.178894E-11 0.000000E+00 6.178894E-11 1.224315E+05 1.161387E+05 6.992981E+04 1.576957E+03 0.000000E+00 0.000000E+00
4.040000E-01 6.905070E+04 -1.838554E+04 1.228499E+05 4.434479E+01 1.336532E+02 2.273088E-11 0.000000E+00 2.273088E-11 1.222451E+05 1.159718E+05 6.890746E+04 1.553902E+03 0.000000E+00 0.000000E+00
4.050000E-01 6.870639E+04 -1.883661E+04 1.226661E+05 4.434479E+01 1.337365E+02 8.362223E-12 0.000000E+00 8.362223E-12 1.220590E+05 1.158054E+05 6.788901E+04 1.530935E+03 0.000000E+00 0.000000E+00
4.060000E-01 6.836770E+04 -1.927685E+04 1.224825E+05 4.434479E+01 1.338198E+02 3.076290E-12 0.000000E+00 3.076290E-12 1.218731E+05 1.156396E+05 6.687543E+04 1.508079E+03 0.000000E+00 0.000000E+00
4.070000E-01 6.803454E+04 -1.970591E+04 1.222991E+05 4.434479E+01 1.339031E+02 1.131704E-12 0.000000E+00 1.131704E-12 1.216876E+05 1.154744E+05 6.586724E+04 1.485343E+03 0.000000E+00 0.000000E+00
4.080000E-01 6.770682E+04 -2.012371E+04 1.221160E+05 4.434479E+01 1.339864E+02 4.163306E-13 0.000000E+00 4.163306E-13 1.215023E+05 1.153098E+05 6.486466E+04 1.462735E+03 0.000000E+00 0.000000E+00
4.090000E-01 6.738451E+04 -2.052996E+04 1.219331E+05 4.434479E+01 1.340697E+02 1.531595E-13 0.000000E+00 1.531595E-13 1.213174E+05 1.151457E+05 6.386818E+04 1.440263E+03 0.000000E+00 0.000000E+00
4.100000E-01 6.706756E+04 -2.092433E+04 1.217504E+05 4.434479E+01 1.341530E+02 5.634422E-14 0.000000E+00 5.634422E-14 1.211327E+05 1.149823E+05 6.287827E+04 1.417940E+03 0.000000E+00 0.000000E+00
4.110000E-01 6.675595E+04 -2.130560E+04 1.215680E+05 4.434479E+01 1.342363E+02 2.072788E-14 0.000000E+00 2.072788E-14 1.209484E+05 1.148195E+05 6.189635E+04 1.395797E+03 0.000000E+00 0.000000E+00
4.120000E-01 6.644967E+04 -2.167423E+04 1.213858E+05 4.434479E+01 1.343196E+02 7.625361E-15 0.000000E+00 7.625361E-15 1.207643E+05 1.146574E+05 6.092215E+04 1.373829E+03 0.000000E+00 0.000000E+00
4.130000E-01 6.614872E+04 -2.203011E+04 1.212038E+05 4.434479E+01 1.344029E+02 2.805213E-15 0.000000E+00 2.805213E-15 1.205806E+05 1.144961E+05 5.995594E+04 1.352040E+03 0.000000E+00 0.000000E+00
4.140000E-01 6.585310E+04 -2.237308E+04 1.210221E+05 4.434479E+01 1.344862E+02 1.031980E-15 0.000000E+00 1.031980E-15 1.203971E+05 1.143355E+05 5.899811E+04 1.330441E+03 0.000000E+00 0.000000E+00
4.150000E-01 6.556285E+04 -2.270272E+04 1.208406E+05 4.434479E+01 1.345695E+02 3.796443E-16 0.000000E+00 3.796443E-16 1.202139E+05 1.141758E+05 5.804924E+04 1.309043E+03 0.000000E+00 0.000000E+00
4.160000E-01 6.527798E+04 -2.301789E+04 1.206594E+05 4.434479E+01 1.346528E+02 1.396633E-16 0.000000E+00 1.396633E-16 1.200311E+05 1.140170E+05 5.711070E+04 1.287878E+03 0.000000E+00 0.000000E+00
4.170000E-01 6.499853E+04 -2.331958E+04 1.204784E+05 4.434479E+01 1.347361E+02 5.137928E-17 0.000000E+00 5.137928E-17 1.198485E+05 1.138591E+05 5.618169E+04 1.266929E+03 0.000000E+00 0.000000E+00
4.180000E-01 6.472452E+04 -2.360768E+04 1.202976E+05 4.434479E+01 1.348194E+02 1.890138E-17 0.000000E+00 1.890138E-17 1.196662E+05 1.137021E+05 5.526251E+04 1.246201E+03 0.000000E+00 0.000000E+00
4.190000E-01 6.445600E+04 -2.388212E+04 1.201171E+05 4.434479E+01 1.349027E+02 6.953429E-18 0.000000E+00 6.953429E-18 1.194843E+05 1.135462E+05 5.435347E+04 1.225701E+03 0.000000E+00 0.000000E+00
4.200000E-01 6.419301E+04 -2.414213E+04 1.199368E+05 4.434479E+01 1.349860E+02 2.558023E-18 0.000000E+00 2.558023E-18 1.193026E+05 1.133913E+05 5.345550E+04 1.205452E+03 0.000000E+00 0.000000E+00
4.210000E-01 6.393557E+04 -2.438744E+04 1.197567E+05 4.434479E+01 1.350693E+02 9.410442E-19 0.000000E+00 9.410442E-19 1.191212E+05 1.132375E+05 5.256913E+04 1.185463E+03 0.000000E+00 0.000000E+00
4.220000E-01 6.368375E+04 -2.461891E+04 1.195769E+05 4.434479E+01 1.351526E+02 3.461908E-19 0.000000E+00 3.461908E-19 1.189401E+05 1.130847E+05 5.169368E+04 1.165722E+03 0.000000E+00 0.000000E+00
4.230000E-01 6.343756E+04 -2.483655E+04 1.193974E+05 4.434479E+01 1.352359E+02 1.273565E-19 0.000000E+00 1.273565E-19 1.187593E+05 1.129331E+05 5.082936E+04 1.146231E+03 0.000000E+00 0.000000E+00
4.240000E-01 6.319705E+04 -2.504039E+04 1.192181E+05 4.434479E+01 1.353192E+02 4.685183E-20 0.000000E+00 4.685183E-20 1.185789E+05 1.127827E+05 4.997635E+04 1.126995E+03 0.000000E+00 0.000000E+00
4.250000E-01 6.296225E+04 -2.522923E+04 1.190390E+05 4.434479E+01 1.354025E+02 1.723583E-20 0.000000E+00 1.723583E-20 1.183987E+05 1.126334E+05 4.913604E+04 1.108045E+03 0.000000E+00 0.000000E+00
4.260000E-01 6.273319E+04 -2.540387E+04 1.188601E+05 4.434479E+01 1.354858E+02 6.340706E-21 0.000000E+00 6.340706E-21 1.182188E+05 1.124852E+05 4.830785E+04 1.089369E+03 0.000000E+00 0.000000E+00
4.270000E-01 6.250990E+04 -2.556489E+04 1.186815E+05 4.434479E+01 1.355691E+02 2.332615E-21 0.000000E+00 2.332615E-21 1.180392E+05 1.123382E+05 4.749143E+04 1.070958E+03 0.000000E+00 0.000000E+00
4.280000E-01 6.229240E+04 -2.571238E+04 1.185032E+05 4.434479E+01 1.356524E+02 8.581213E-22 0.000000E+00 8.581213E-22 1.178600E+05 1.121924E+05 4.668685E+04 1.052815E+03 0.000000E+00 0.000000E+00
4.290000E-01 6.208070E+04 -2.584648E+04 1.183251E+05 4.434479E+01 1.357357E+02 3.156852E-22 0.000000E+00 3.156852E-22 1.176810E+05 1.120478E+05 4.589420E+04 1.034940E+03 0.000000E+00 0.000000E+00
4.300000E-01 6.187481E+04 -2.596555E+04 1.181472E+05 4.434479E+01 1.358190E+02 1.161341E-22 0.000000E+00 1.161341E-22 1.175023E+05 1.119043E+05 4.511534E+04 1.017376E+03 0.000000E+00 0.000000E+00
4.310000E-01 6.167474E+04 -2.607151E+04 1.179696E+05 4.434479E+01 1.359023E+02 4.272334E-23 0.000000E+00 4.272334E-23 1.173240E+05 1.117620E+05 4.434850E+04 1.000084E+03 0.000000E+00 0.000000E+00
4.320000E-01 6.148049E+04 -2.616456E+04 1.177923E+05 4.434479E+01 1.359856E+02 1.571704E-23 0.000000E+00 1.571704E-23 1.171459E+05 1.116208E+05 4.359373E+04 9.830630E+02 0.000000E+00 0.000000E+00
4.330000E-01 6.129205E+04 -2.624487E+04 1.176151E+05 4.434479E+01 1.360689E+02 5.781976E-24 0.000000E+00 5.781976E-24 1.169682E+05 1.114807E+05 4.285100E+04 9.663143E+02 0.000000E+00 0.000000E+00
4.340000E-01 6.110941E+04 -2.631213E+04 1.174383E+05 4.434479E+01 1.361522E+02 2.127070E-24 0.000000E+00 2.127070E-24 1.167907E+05 1.113417E+05 4.212084E+04 9.498485E+02 0.000000E+00 0.000000E+00
4.350000E-01 6.093254E+04 -2.636583E+04 1.172616E+05 4.434479E+01 1.362355E+02 7.825053E-25 0.000000E+00 7.825053E-25 1.166136E+05 1.112037E+05 4.140395E+04 9.336823E+02 0.000000E+00 0.000000E+00
4.360000E-01 6.076143E+04 -2.640746E+04 1.170852E+05 4.434479E+01 1.363188E+02 2.878676E-25 0.000000E+00 2.878676E-25 1.164368E+05 1.110668E+05 4.069901E+04 9.177857E+02 0.000000E+00 0.000000E+00
4.370000E-01 6.059603E+04 -2.643726E+04 1.169091E+05 4.434479E+01 1.364021E+02 1.059006E-25 0.000000E+00 1.059006E-25 1.162603E+05 1.109308E+05 4.000597E+04 9.021571E+02 0.000000E+00 0.000000E+00
4.380000E-01 6.043630E+04 -2.645549E+04 1.167332E+05 4.434479E+01 1.364854E+02 3.895865E-26 0.000000E+00 3.895865E-26 1.160841E+05 1.107958E+05 3.932473E+04 8.867948E+02 0.000000E+00 0.000000E+00
4.390000E-01 6.028219E+04 -2.646141E+04 1.165576E+05 4.434479E+01 1.365687E+02 1.433208E-26 0.000000E+00 1.433208E-26 1.159082E+05 1.106617E+05 3.865621E+04 8.717192E+02 0.000000E+00 0.000000E+00
4.400000E-01 6.013367E+04 -2.645558E+04 1.163822E+05 4.434479E+01 1.366520E+02 5.272479E-27 0.000000E+00 5.272479E-27 1.157326E+05 1.105285E+05 3.800002E+04 8.569219E+02 0.000000E+00 0.000000E+00
4.410000E-01 5.999066E+04 -2.643900E+04 1.162070E+05 4.434479E+01 1.367353E+02 1.939637E-27 0.000000E+00 1.939637E-27 1.155573E+05 1.103961E+05 3.735531E+04 8.423832E+02 0.000000E+00 0.000000E+00
4.420000E-01 5.985310E+04 -2.641198E+04 1.160322E+05 4.434479E+01 1.368186E+02 7.135525E-28 0.000000E+00 7.135525E-28 1.153823E+05 1.102644E+05 3.672194E+04 8.281005E+02 0.000000E+00 0.000000E+00
4.430000E-01 5.972091E+04 -2.637478E+04 1.158575E+05 4.434479E+01 1.369019E+02 2.625013E-28 0.000000E+00 2.625013E-28 1.152077E+05 1.101335E+05 3.609979E+04 8.140706E+02 0.000000E+00 0.000000E+00
4.440000E-01 5.959402E+04 -2.632633E+04 1.156831E+05 4.434479E+01 1.369852E+02 9.656883E-29 0.000000E+00 9.656883E-29 1.150333E+05 1.100033E+05 3.549009E+04 8.003216E+02 0.000000E+00 0.000000E+00
4.450000E-01 5.947234E+04 -2.626812E+04 1.155090E+05 4.434479E+01 1.370685E+02 3.552569E-29 0.000000E+00 3.552569E-29 1.148593E+05 1.098737E+05 3.489150E+04 7.868230E+02 0.000000E+00 0.000000E+00
4.460000E-01 5.935580E+04 -2.620067E+04 1.153351E+05 4.434479E+01 1.371518E+02 1.306917E-29 0.000000E+00 1.306917E-29 1.146855E+05 1.097448E+05 3.430362E+04 7.735659E+02 0.000000E+00 0.000000E+00
4.470000E-01 5.924429E+04 -2.612430E+04 1.151615E+05 4.434479E+01 1.372351E+02 4.807879E-30 0.000000E+00 4.807879E-30 1.145121E+05 1.096163E+05 3.372627E+04 7.605464E+02 0.000000E+00 0.000000E+00
4.480000E-01 5.913771E+04 -2.603909E+04 1.149881E+05 4.434479E+01 1.373184E+02 1.768720E-30 0.000000E+00 1.768720E-30 1.143390E+05 1.094884E+05 3.315950E+04 7.477655E+02 0.000000E+00 0.000000E+00
4.490000E-01 5.903596E+04 -2.594429E+04 1.148149E+05 4.434479E+01 1.374017E+02 6.506756E-31 0.000000E+00 6.506756E-31 1.141662E+05 1.093608E+05 3.260419E+04 7.352427E+02 0.000000E+00 0.000000E+00
4.500000E-01 5.893895E+04 -2.584154E+04 1.146421E+05 4.434479E+01 1.374850E+02 2.393702E-31 0.000000E+00 2.393702E-31 1.139937E+05 1.092337E+05 3.205882E+04 7.229443E+02 0.000000E+00 0.000000E+00
4.510000E-01 5.884655E+04 -2.573112E+04 1.144694E+05 4.434479E+01 1.375683E+02 8.805937E-32 0.000000E+00 8.805937E-32 1.138215E+05 1.091069E+05 3.152321E+04 7.108660E+02 0.000000E+00 0.000000E+00
4.520000E-01 5.875866E+04 -2.561336E+04 1.142970E+05 4.434479E+01 1.376516E+02 3.239523E-32 0.000000E+00 3.239523E-32 1.136497E+05 1.089805E+05 3.099716E+04 6.990035E+02 0.000000E+00 0.000000E+00
4.530000E-01 5.867515E+04 -2.548793E+04 1.141249E+05 4.434479E+01 1.377349E+02 1.191754E-32 0.000000E+00 1.191754E-32 1.134781E+05 1.088542E+05 3.048108E+04 6.873655E+02 0.000000E+00 0.000000E+00
4.540000E-01 5.859591E+04 -2.535500E+04 1.139531E+05 4.434479E+01 1.378182E+02 4.384218E-33 0.000000E+00 4.384218E-33 1.133068E+05 1.087282E+05 2.997492E+04 6.759513E+02 0.000000E+00 0.000000E+00
4.550000E-01 5.852083E+04 -2.521566E+04 1.137814E+05 4.434479E+01 1.379015E+02 1.612864E-33 0.000000E+00 1.612864E-33 1.131359E+05 1.086023E+05 2.947769E+04 6.647385E+02 0.000000E+00 0.000000E+00
4.560000E-01 5.844977E+04 -2.507017E+04 1.136101E+05 4.434479E+01 1.379848E+02 5.933394E-34 0.000000E+00 5.933394E-34 1.129652E+05 1.084766E+05 2.898920E+04 6.537228E+02 0.000000E+00 0.000000E+00
4.570000E-01 5.838262E+04 -2.491883E+04 1.134390E+05 4.434479E+01 1.380681E+02 2.182774E-34 0.000000E+00 2.182774E-34 1.127949E+05 1.083509E+05 2.850926E+04 6.428998E+02 0.000000E+00 0.000000E+00
4.580000E-01 5.831924E+04 -2.476103E+04 1.132681E+05 4.434479E+01 1.381514E+02 8.029975E-35 0.000000E+00 8.029975E-35 1.126248E+05 1.082253E+05 2.803853E+04 6.322847E+02 0.000000E+00 0.000000E+00
4.590000E-01 5.825952E+04 -2.459762E+04 1.130975E+05 4.434479E+01 1.382347E+02 2.954063E-35 -5.264943E-03 2.954063E-35 1.124551E+05 1.080996E+05 2.757627E+04 6.218605E+02 0.000000E+00 1.000000E+00
4.600000E-01 5.820333E+04 -2.442915E+04 1.129272E+05 4.434491E+01 1.383179E+02 1.086739E-35 -3.116342E-01 1.086739E-35 1.122856E+05 1.079739E+05 2.712201E+04 6.116150E+02 0.000000E+00 1.000000E+00
4.610000E-01 5.815055E+04 -2.425559E+04 1.127571E+05 4.434557E+01 1.384005E+02 3.997889E-36 -1.082060E+00 3.997889E-36 1.121165E+05 1.078482E+05 2.667582E+04 6.015441E+02 0.000000E+00 1.000000E+00
4.620000E-01 5.810105E+04 -2.407698E+04 1.125873E+05 4.434723E+01 1.384822E+02 1.470741E-36 -2.305801E+00 1.470741E-36 1.119477E+05 1.077224E+05 2.623776E+04 5.916437E+02 0.000000E+00 1.000000E+00
4.630000E-01 5.805475E+04 -2.389224E+04 1.124177E+05 4.435033E+01 1.385624E+02 5.410555E-37 -3.971928E+00 5.410555E-37 1.117791E+05 1.075965E+05 2.580896E+04 5.819340E+02 0.000000E+00 1.000000E+00
4.640000E-01 5.801155E+04 -2.370253E+04 1.122484E+05 4.435531E+01 1.386407E+02 1.990432E-37 -6.069455E+00 1.990432E-37 1.116109E+05 1.074704E+05 2.538836E+04 5.723860E+02 0.000000E+00 1.000000E+00
4.650000E-01 5.797134E+04 -2.350790E+04 1.120794E+05 4.436261E+01 1.387167E+02 7.322390E-38 -8.587441E+00 7.322390E-38 1.114429E+05 1.073443E+05 2.497597E+04 5.629960E+02 0.000000E+00 1.000000E+00
4.660000E-01 5.793404E+04 -2.330841E+04 1.119106E+05 4.437263E+01 1.387900E+02 2.693757E-38 -1.151491E+01 2.693757E-38 1.112753E+05 1.072180E+05 2.457180E+04 5.537603E+02 0.000000E+00 1.000000E+00
4.670000E-01 5.789957E+04 -2.310386E+04 1.117420E+05 4.438577E+01 1.388601E+02 9.909777E-39 -1.484087E+01 9.909777E-39 1.111079E+05 1.070917E+05 2.417612E+04 5.446817E+02 0.000000E+00 1.000000E+00
4.680000E-01 5.786785E+04 -2.289396E+04 1.115738E+05 4.440244E+01 1.389268E+02 3.645603E-39 -1.855420E+01 3.645603E-39 1.109409E+05 1.069652E+05 2.378930E+04 5.357657E+02 0.000000E+00 1.000000E+00
4.690000E-01 5.783881E+04 -2.267948E+04 1.114057E+05 4.442301E+01 1.389895E+02 1.341142E-39 -2.264388E+01 1.341142E-39 1.107741E+05 1.068386E+05 2.341062E+04 5.269932E+02 0.000000E+00 1.000000E+00
4.700000E-01 5.781236E+04 -2.246055E+04 1.112380E+05 4.444785E+01 1.390479E+02 4.933787E-40 -2.709896E+01 4.933787E-40 1.106076E+05 1.067120E+05 2.304004E+04 5.183612E+02 0.000000E+00 1.000000E+00
4.710000E-01 5.778844E+04 -2.223727E+04 1.110704E+05 4.447732E+01 1.391018E+02 1.815039E-40 -3.190852E+01 1.815039E-40 1.104414E+05 1.065852E+05 2.267750E+04 5.098667E+02 0.000000E+00 1.000000E+00
4.720000E-01 5.776698E+04 -2.200925E+04 1.109032E+05 4.451178E+01 1.391506E+02 6.677155E-41 -3.706164E+01 6.677155E-41 1.102755E+05 1.064584E+05 2.232347E+04 5.015183E+02 0.000000E+00 1.000000E+00
4.730000E-01 5.774791E+04 -2.177677E+04 1.107362E+05 4.455156E+01 1.391941E+02 2.456388E-41 -4.254738E+01 2.456388E-41 1.101099E+05 1.063315E+05 2.197773E+04 4.933101E+02 0.000000E+00 1.000000E+00
4.740000E-01 5.773117E+04 -2.154033E+04 1.105694E+05 4.459698E+01 1.392320E+02 9.036547E-42 -4.835496E+01 9.036547E-42 1.099446E+05 1.062045E+05 2.163985E+04 4.852312E+02 0.000000E+00 1.000000E+00
4.750000E-01 5.771670E+04 -2.130005E+04 1.104030E+05 4.464837E+01 1.392639E+02 3.324360E-42 -5.447366E+01 3.324360E-42 1.097796E+05 1.060774E+05 2.130974E+04 4.772792E+02 0.000000E+00 1.000000E+00
4.760000E-01 5.770442E+04 -2.105606E+04 1.102367E+05 4.470603E+01 1.392896E+02 1.222964E-42 -6.089283E+01 1.222964E-42 1.096148E+05 1.059503E+05 2.098734E+04 4.694522E+02 0.000000E+00 1.000000E+00
4.770000E-01 5.769428E+04 -2.080779E+04 1.100708E+05 4.477025E+01 1.393086E+02 4.499032E-43 -6.760187E+01 4.499032E-43 1.094504E+05 1.058231E+05 2.067327E+04 4.617636E+02 0.000000E+00 1.000000E+00
4.780000E-01 5.768622E+04 -2.055599E+04 1.099051E+05 4.484132E+01 1.393209E+02 1.655101E-43 -7.459018E+01 1.655101E-43 1.092862E+05 1.056959E+05 2.036686E+04 4.541984E+02 0.000000E+00 1.000000E+00
4.790000E-01 5.768019E+04 -2.030087E+04 1.097396E+05 4.491952E+01 1.393260E+02 6.088777E-44 -8.184737E+01 6.088777E-44 1.091223E+05 1.055686E+05 2.006790E+04 4.467524E+02 0.000000E+00 1.000000E+00
4.800000E-01 5.767611E+04 -2.004258E+04 1.095744E+05 4.500511E+01 1.393237E+02 2.239936E-44 -8.936309E+01 2.239936E-44 1.089587E+05 1.054412E+05 1.977633E+04 4.394241E+02 0.000000E+00 1.000000E+00
4.810000E-01 5.767393E+04 -1.978113E+04 1.094095E+05 4.509833E+01 1.393138E+02 8.240264E-45 -9.712710E+01 8.240264E-45 1.087954E+05 1.053138E+05 1.949216E+04 4.322146E+02 0.000000E+00 1.000000E+00
4.820000E-01 5.767359E+04 -1.951610E+04 1.092448E+05 4.519944E+01 1.392960E+02 3.031424E-45 -1.051292E+02 3.031424E-45 1.086323E+05 1.051864E+05 1.921586E+04 4.251350E+02 0.000000E+00 1.000000E+00
4.830000E-01 5.767505E+04 -1.924829E+04 1.090804E+05 4.530866E+01 1.392700E+02 1.115198E-45 -1.133592E+02 1.115198E-45 1.084696E+05 1.050589E+05 1.894669E+04 4.181693E+02 0.000000E+00 1.000000E+00
4.840000E-01 5.767823E+04 -1.897781E+04 1.089162E+05 4.542623E+01 1.392358E+02 4.102586E-46 -1.218071E+02 4.102586E-46 1.083071E+05 1.049313E+05 1.868457E+04 4.113167E+02 0.000000E+00 1.000000E+00
4.850000E-01 5.768309E+04 -1.870478E+04 1.087523E+05 4.555235E+01 1.391929E+02 1.509257E-46 -1.304632E+02 1.509257E-46 1.081449E+05 1.048037E+05 1.842940E+04 4.045763E+02 0.000000E+00 1.000000E+00
4.860000E-01 5.768957E+04 -1.842899E+04 1.085886E+05 4.568722E+01 1.391414E+02 5.552246E-47 -1.393174E+02 5.552246E-47 1.079830E+05 1.046760E+05 1.818145E+04 3.979548E+02 0.000000E+00 1.000000E+00
4.870000E-01 5.769762E+04 -1.815045E+04 1.084252E+05 4.583105E+01 1.390808E+02 2.042557E-47 -1.483601E+02 2.042557E-47 1.078213E+05 1.045483E+05 1.794073E+04 3.914536E+02 0.000000E+00 1.000000E+00
4.880000E-01 5.770718E+04 -1.786971E+04 1.082621E+05 4.598400E+01 1.390112E+02 7.514148E-48 -1.575816E+02 7.514148E-48 1.076599E+05 1.044206E+05 1.770674E+04 3.850630E+02 0.000000E+00 1.000000E+00
4.890000E-01 5.771821E+04 -1.758687E+04 1.080992E+05 4.614627E+01 1.389322E+02 2.764301E-48 -1.669724E+02 2.764301E-48 1.074988E+05 1.042928E+05 1.747940E+04 3.787826E+02 0.000000E+00 1.000000E+00
4.900000E-01 5.773064E+04 -1.730203E+04 1.079366E+05 4.631800E+01 1.388438E+02 1.016929E-48 -1.765230E+02 1.016929E-48 1.073380E+05 1.041649E+05 1.725865E+04 3.726122E+02 0.000000E+00 1.000000E+00
4.910000E-01 5.774444E+04 -1.701474E+04 1.077742E+05 4.649936E+01 1.387457E+02 3.741074E-49 -1.862239E+02 3.741074E-49 1.071775E+05 1.040370E+05 1.704495E+04 3.665631E+02 0.000000E+00 1.000000E+00
4.920000E-01 5.775955E+04 -1.672543E+04 1.076121E+05 4.669050E+01 1.386379E+02 1.376264E-49 -1.960659E+02 1.376264E-49 1.070172E+05 1.039090E+05 1.683791E+04 3.606283E+02 0.000000E+00 1.000000E+00
4.930000E-01 5.777592E+04 -1.643440E+04 1.074503E+05 4.689154E+01 1.385202E+02 5.062993E-50 -2.060397E+02 5.062993E-50 1.068572E+05 1.037810E+05 1.663726E+04 3.548031E+02 0.000000E+00 1.000000E+00
4.940000E-01 5.779351E+04 -1.614175E+04 1.072887E+05 4.710262E+01 1.383924E+02 1.862571E-50 -2.161363E+02 1.862571E-50 1.066975E+05 1.036529E+05 1.644293E+04 3.490874E+02 0.000000E+00 1.000000E+00
4.950000E-01 5.781228E+04 -1.584755E+04 1.071273E+05 4.732385E+01 1.382544E+02 6.852016E-51 -2.263465E+02 6.852016E-51 1.065381E+05 1.035248E+05 1.625485E+04 3.434812E+02 0.000000E+00 1.000000E+00
4.960000E-01 5.783217E+04 -1.555112E+04 1.069662E+05 4.755534E+01 1.381062E+02 2.520716E-51 -2.366613E+02 2.520716E-51 1.063789E+05 1.033966E+05 1.607376E+04 3.380011E+02 0.000000E+00 1.000000E+00
4.970000E-01 5.785314E+04 -1.525328E+04 1.068054E+05 4.779720E+01 1.379477E+02 9.273196E-52 -2.470719E+02 9.273196E-52 1.062200E+05 1.032684E+05 1.589881E+04 3.326306E+02 0.000000E+00 1.000000E+00
4.980000E-01 5.787516E+04 -1.495414E+04 1.066448E+05 4.804952E+01 1.377787E+02 3.411418E-52 -2.575694E+02 3.411418E-52 1.060613E+05 1.031402E+05 1.572997E+04 3.273700E+02 0.000000E+00 1.000000E+00
4.990000E-01 5.789818E+04 -1.465373E+04 1.064845E+05 4.831237E+01 1.375991E+02 1.254991E-52 -2.681450E+02 1.254991E-52 1.059029E+05 1.030119E+05 1.556718E+04 3.222193E+02 0.000000E+00 1.000000E+00
5.000000E-01 5.792217E+04 -1.435192E+04 1.063244E+05 4.858583E+01 1.374090E+02 4.616852E-53 -2.787902E+02 4.616852E-53 1.057448E+05 1.028835E+05 1.541062E+04 3.171834E+02 0.000000E+00 1.000000E+00
5.010000E-01 5.794708E+04 -1.404842E+04 1.061646E+05 4.886997E+01 1.372081E+02 1.698445E-53 -2.894963E+02 1.698445E-53 1.055870E+05 1.027551E+05 1.526059E+04 3.122692E+02 0.000000E+00 1.000000E+00
5.020000E-01 5.797288E+04 -1.374386E+04 1.060051E+05 4.916484E+01 1.369966E+02 6.248230E-54 -3.002546E+02 6.248230E-54 1.054294E+05 1.026267E+05 1.511648E+04 3.074652E+02 0.000000E+00 1.000000E+00
5.030000E-01 5.799953E+04 -1.343828E+04 1.058457E+05 4.947049E+01 1.367742E+02 2.298595E-54 -3.110569E+02 2.298595E-54 1.052721E+05 1.024983E+05 1.497825E+04 3.027714E+02 0.000000E+00 1.000000E+00
5.040000E-01 5.802700E+04 -1.313175E+04 1.056867E+05 4.978696E+01 1.365410E+02 8.456060E-55 -3.218946E+02 8.456060E-55 1.051151E+05 1.023698E+05 1.484586E+04 2.981877E+02 0.000000E+00 1.000000E+00
5.050000E-01 5.805526E+04 -1.282385E+04 1.055279E+05 5.011429E+01 1.362970E+02 3.110811E-55 -3.327596E+02 3.110811E-55 1.049583E+05 1.022413E+05 1.471975E+04 2.937235E+02 0.000000E+00 1.000000E+00
5.060000E-01 5.808428E+04 -1.251473E+04 1.053694E+05 5.045249E+01 1.360421E+02 1.144403E-55 -3.436434E+02 1.144403E-55 1.048018E+05 1.021128E+05 1.459976E+04 2.893763E+02 0.000000E+00 1.000000E+00
5.070000E-01 5.811402E+04 -1.220481E+04 1.052111E+05 5.080158E+01 1.357763E+02 4.210024E-56 -3.545379E+02 4.210024E-56 1.046456E+05 1.019843E+05 1.448551E+04 2.851389E+02 0.000000E+00 1.000000E+00
5.080000E-01 5.814446E+04 -1.189413E+04 1.050530E+05 5.116157E+01 1.354996E+02 1.548781E-56 -3.654351E+02 1.548781E-56 1.044896E+05 1.018558E+05 1.437696E+04 2.810110E+02 0.000000E+00 1.000000E+00
5.090000E-01 5.817557E+04 -1.158272E+04 1.048952E+05 5.153245E+01 1.352120E+02 5.697648E-57 -3.763269E+02 5.697648E-57 1.043338E+05 1.017272E+05 1.427409E+04 2.769922E+02 0.000000E+00 1.000000E+00
5.100000E-01 5.820733E+04 -1.126993E+04 1.047377E+05 5.191422E+01 1.349136E+02 2.096048E-57 -3.872053E+02 2.096048E-57 1.041784E+05 1.015987E+05 1.417757E+04 2.730961E+02 0.000000E+00 1.000000E+00
5.110000E-01 5.823970E+04 -1.095638E+04 1.045804E+05 5.230685E+01 1.346042E+02 7.710929E-58 -3.980625E+02 7.710929E-58 1.040232E+05 1.014701E+05 1.408679E+04 2.693106E+02 0.000000E+00 1.000000E+00
5.120000E-01 5.827267E+04 -1.064224E+04 1.044234E+05 5.271033E+01 1.342841E+02 2.836692E-58 -4.088905E+02 2.836692E-58 1.038682E+05 1.013416E+05 1.400158E+04 2.656326E+02 0.000000E+00 1.000000E+00
5.130000E-01 5.830620E+04 -1.032754E+04 1.042666E+05 5.312462E+01 1.339531E+02 1.043561E-58 -4.196817E+02 1.043561E-58 1.037135E+05 1.012131E+05 1.392193E+04 2.620617E+02 0.000000E+00 1.000000E+00
5.140000E-01 5.834029E+04 -1.001222E+04 1.041101E+05 5.354968E+01 1.336113E+02 3.839045E-59 -4.304284E+02 3.839045E-59 1.035591E+05 1.010846E+05 1.384791E+04 2.585993E+02 0.000000E+00 1.000000E+00
5.150000E-01 5.837489E+04 -9.695721E+03 1.039538E+05 5.398546E+01 1.332588E+02 1.412306E-59 -4.411231E+02 1.412306E-59 1.034049E+05 1.009561E+05 1.378009E+04 2.552555E+02 0.000000E+00 1.000000E+00
5.160000E-01 5.841001E+04 -9.378792E+03 1.037978E+05 5.443191E+01 1.328957E+02 5.195583E-60 -4.517582E+02 5.195583E-60 1.032510E+05 1.008277E+05 1.371771E+04 2.520160E+02 0.000000E+00 1.000000E+00
5.170000E-01 5.844560E+04 -9.061491E+03 1.036421E+05 5.488895E+01 1.325219E+02 1.911348E-60 -4.623262E+02 1.911348E-60 1.030974E+05 1.006993E+05 1.366074E+04 2.488796E+02 0.000000E+00 1.000000E+00
5.180000E-01 5.848166E+04 -8.743853E+03 1.034865E+05 5.535653E+01 1.321377E+02 7.031457E-61 -4.728199E+02 7.031457E-61 1.029440E+05 1.005709E+05 1.360915E+04 2.458453E+02 0.000000E+00 1.000000E+00
5.190000E-01 5.851816E+04 -8.425582E+03 1.033313E+05 5.583457E+01 1.317429E+02 2.586728E-61 -4.832322E+02 2.586728E-61 1.027908E+05 1.004425E+05 1.356323E+04 2.429182E+02 0.000000E+00 1.000000E+00
5.200000E-01 5.855509E+04 -8.106606E+03 1.031763E+05 5.632297E+01 1.313378E+02 9.516042E-62 -4.935557E+02 9.516042E-62 1.026380E+05 1.003142E+05 1.352307E+04 2.400987E+02 0.000000E+00 1.000000E+00
5.210000E-01 5.859242E+04 -7.787446E+03 1.030215E+05 5.682165E+01 1.309224E+02 3.500756E-62 -5.037834E+02 3.500756E-62 1.024853E+05 1.001860E+05 1.348814E+04 2.373769E+02 0.000000E+00 1.000000E+00
5.220000E-01 5.863013E+04 -7.468165E+03 1.028670E+05 5.733050E+01 1.304969E+02 1.287856E-62 -5.139085E+02 1.287856E-62 1.023329E+05 1.000577E+05 1.345840E+04 2.347512E+02 0.000000E+00 1.000000E+00
5.230000E-01 5.866820E+04 -7.148806E+03 1.027127E+05 5.784943E+01 1.300613E+02 4.737758E-63 -5.239242E+02 4.737758E-63 1.021808E+05 9.992957E+04 1.343379E+04 2.322200E+02 0.000000E+00 1.000000E+00
5.240000E-01 5.870662E+04 -6.828863E+03 1.025587E+05 5.837831E+01 1.296157E+02 1.742924E-63 -5.338236E+02 1.742924E-63 1.020289E+05 9.980144E+04 1.341482E+04 2.297912E+02 0.000000E+00 1.000000E+00
5.250000E-01 5.874536E+04 -6.508764E+03 1.024049E+05 5.891703E+01 1.291603E+02 6.411859E-64 -5.436003E+02 6.411859E-64 1.018773E+05 9.967336E+04 1.340109E+04 2.274570E+02 0.000000E+00 1.000000E+00
5.260000E-01 5.878440E+04 -6.188785E+03 1.022514E+05 5.946547E+01 1.286951E+02 2.358791E-64 -5.532476E+02 2.358791E-64 1.017259E+05 9.954532E+04 1.339229E+04 2.252113E+02 0.000000E+00 1.000000E+00
5.270000E-01 5.882373E+04 -5.869002E+03 1.020981E+05 6.002348E+01 1.282204E+02 8.677507E-65 -5.627594E+02 8.677507E-65 1.015748E+05 9.941732E+04 1.338837E+04 2.230522E+02 0.000000E+00 1.000000E+00
5.280000E-01 5.886331E+04 -5.549474E+03 1.019451E+05 6.059094E+01 1.277363E+02 3.192276E-65 -5.721294E+02 3.192276E-65 1.014240E+05 9.928936E+04 1.338925E+04 2.209777E+02 0.000000E+00 1.000000E+00
5.290000E-01 5.890313E+04 -5.229550E+03 1.017923E+05 6.116769E+01 1.272428E+02 1.174373E-65 -5.813516E+02 1.174373E-65 1.012733E+05 9.916144E+04 1.339558E+04 2.189976E+02 0.000000E+00 1.000000E+00
5.300000E-01 5.894316E+04 -4.910065E+03 1.016397E+05 6.175359E+01 1.267402E+02 4.320276E-66 -5.904199E+02 4.320276E-66 1.011230E+05 9.903356E+04 1.340653E+04 2.170971E+02 0.000000E+00 1.000000E+00
5.310000E-01 5.898338E+04 -4.591088E+03 1.014875E+05 6.234848E+01 1.262286E+02 1.589341E-66 -5.993287E+02 1.589341E-66 1.009728E+05 9.890571E+04 1.342201E+04 2.152741E+02 0.000000E+00 1.000000E+00
5.320000E-01 5.902376E+04 -4.272714E+03 1.013354E+05 6.295219E+01 1.257082E+02 5.846858E-67 -6.080724E+02 5.846858E-67 1.008230E+05 9.877788E+04 1.344194E+04 2.135262E+02 0.000000E+00 1.000000E+00
5.330000E-01 5.906428E+04 -3.954835E+03 1.011836E+05 6.356457E+01 1.251791E+02 2.150939E-67 -6.166455E+02 2.150939E-67 1.006733E+05 9.865007E+04 1.346640E+04 2.118539E+02 0.000000E+00 1.000000E+00
5.340000E-01 5.910491E+04 -3.637272E+03 1.010321E+05 6.418543E+01 1.246416E+02 7.912862E-68 -6.250427E+02 7.912862E-68 1.005240E+05 9.852228E+04 1.349557E+04 2.102590E+02 0.000000E+00 1.000000E+00
5.350000E-01 5.914561E+04 -3.320613E+03 1.008808E+05 6.481459E+01 1.240957E+02 2.910979E-68 -6.332590E+02 2.910979E-68 1.003748E+05 9.839449E+04 1.352884E+04 2.087314E+02 0.000000E+00 1.000000E+00
5.360000E-01 5.918637E+04 -3.004946E+03 1.007297E+05 6.545188E+01 1.235417E+02 1.070889E-68 -6.412894E+02 1.070889E-68 1.002259E+05 9.826670E+04 1.356611E+04 2.072685E+02 0.000000E+00 1.000000E+00
5.370000E-01 5.922714E+04 -2.690382E+03 1.005789E+05 6.609711E+01 1.229798E+02 3.939582E-69 -6.491291E+02 3.939582E-69 1.000773E+05 9.813890E+04 1.360727E+04 2.058678E+02 0.000000E+00 1.000000E+00
5.380000E-01 5.926790E+04 -2.376694E+03 1.004283E+05 6.675008E+01 1.224101E+02 1.449291E-69 -6.567738E+02 1.449291E-69 9.992888E+04 9.801107E+04 1.365251E+04 2.045317E+02 0.000000E+00 1.000000E+00
5.390000E-01 5.930861E+04 -2.064094E+03 1.002780E+05 6.741059E+01 1.218329E+02 5.331644E-70 -6.642189E+02 5.331644E-70 9.978073E+04 9.788322E+04 1.370160E+04 2.032560E+02 0.000000E+00 1.000000E+00
5.400000E-01 5.934923E+04 -1.752948E+03 1.001279E+05 6.807845E+01 1.212483E+02 1.961402E-70 -6.714603E+02 1.961402E-70 9.963281E+04 9.775533E+04 1.375417E+04 2.020342E+02 0.000000E+00 1.000000E+00
5.410000E-01 5.938973E+04 -1.443360E+03 9.997805E+04 6.875344E+01 1.206567E+02 7.215596E-71 -6.784942E+02 7.215596E-71 9.948514E+04 9.762739E+04 1.381008E+04 2.008639E+02 0.000000E+00 1.000000E+00
5.420000E-01 5.943007E+04 -1.135452E+03 9.982845E+04 6.943536E+01 1.200580E+02 2.654469E-71 -6.853167E+02 2.654469E-71 9.933771E+04 9.749938E+04 1.386920E+04 1.997426E+02 0.000000E+00 1.000000E+00
5.430000E-01 5.947021E+04 -8.289397E+02 9.967909E+04 7.012400E+01 1.194527E+02 9.765248E-72 -6.919244E+02 9.765248E-72 9.919052E+04 9.737130E+04 1.393177E+04 1.986733E+02 0.000000E+00 1.000000E+00
5.440000E-01 5.951011E+04 -5.242989E+02 9.952997E+04 7.081914E+01 1.188409E+02 3.592434E-72 -6.983139E+02 3.592434E-72 9.904357E+04 9.724313E+04 1.399728E+04 1.976483E+02 0.000000E+00 1.000000E+00
5.450000E-01 5.954972E+04 -2.217207E+02 9.938110E+04 7.152056E+01 1.182227E+02 1.321583E-72 -7.044821E+02 1.321583E-72 9.889686E+04 9.711486E+04 1.406554E+04 1.966643E+02 0.000000E+00 1.000000E+00
5.460000E-01 5.958901E+04 7.868367E+01 9.923246E+04 7.222803E+01 1.175986E+02 4.861830E-73 -7.104263E+02 4.861830E-73 9.875039E+04 9.698648E+04 1.413638E+04 1.957187E+02 0.000000E+00 1.000000E+00
5.470000E-01 5.962793E+04 3.768430E+02 9.908407E+04 7.294133E+01 1.169686E+02 1.788567E-73 -7.161437E+02 1.788567E-73 9.860415E+04 9.685798E+04 1.420970E+04 1.948100E+02 0.000000E+00 1.000000E+00
5.480000E-01 5.966642E+04 6.728830E+02 9.893592E+04 7.366024E+01 1.163330E+02 6.579772E-74 -7.216319E+02 6.579772E-74 9.845816E+04 9.672934E+04 1.428560E+04 1.939391E+02 0.000000E+00 1.000000E+00
5.490000E-01 5.970446E+04 9.663613E+02 9.878801E+04 7.438452E+01 1.156920E+02 2.420563E-74 -7.268887E+02 2.420563E-74 9.831239E+04 9.660054E+04 1.436359E+04 1.930992E+02 0.000000E+00 1.000000E+00
5.500000E-01 5.974198E+04 1.257159E+03 9.864034E+04 7.511394E+01 1.150459E+02 8.904753E-75 -7.319121E+02 8.904753E-75 9.816687E+04 9.647158E+04 1.444352E+04 1.922881E+02 0.000000E+00 1.000000E+00
5.510000E-01 5.977895E+04 1.545166E+03 9.849290E+04 7.584827E+01 1.143948E+02 3.275876E-75 -7.367004E+02 3.275876E-75 9.802158E+04 9.634245E+04 1.452523E+04 1.915038E+02 0.000000E+00 1.000000E+00
5.520000E-01 5.981531E+04 1.830380E+03 9.834571E+04 7.658726E+01 1.137391E+02 1.205127E-75 -7.412520E+02 1.205127E-75 9.787652E+04 9.621313E+04 1.460867E+04 1.907455E+02 0.000000E+00 1.000000E+00
5.530000E-01 5.985101E+04 2.112705E+03 9.819875E+04 7.733069E+01 1.130790E+02 4.433416E-76 -7.455657E+02 4.433416E-76 9.773169E+04 9.608360E+04 1.469372E+04 1.900115E+02 0.000000E+00 1.000000E+00
5.540000E-01 5.988601E+04 2.391883E+03 9.805203E+04 7.807831E+01 1.124147E+02 1.630962E-76 -7.496402E+02 1.630962E-76 9.758710E+04 9.595387E+04 1.478005E+04 1.892978E+02 0.000000E+00 1.000000E+00
5.550000E-01 5.992025E+04 2.667810E+03 9.790555E+04 7.882989E+01 1.117464E+02 5.999975E-77 -7.534748E+02 5.999975E-77 9.744273E+04 9.582391E+04 1.486753E+04 1.886027E+02 0.000000E+00 1.000000E+00
5.560000E-01 5.995369E+04 2.940392E+03 9.775931E+04 7.958518E+01 1.110744E+02 2.207268E-77 -7.570688E+02 2.207268E-77 9.729860E+04 9.569371E+04 1.495600E+04 1.879244E+02 0.000000E+00 1.000000E+00
5.570000E-01 5.998627E+04 3.209653E+03 9.761330E+04 8.034395E+01 1.103989E+02 8.120084E-78 -7.604217E+02 8.120084E-78 9.715469E+04 9.556328E+04 1.504543E+04 1.872628E+02 0.000000E+00 1.000000E+00
5.580000E-01 6.001796E+04 3.475408E+03 9.746753E+04 8.110595E+01 1.097202E+02 2.987212E-78 -7.635332E+02 2.987212E-78 9.701102E+04 9.543259E+04 1.513560E+04 1.866152E+02 0.000000E+00 1.000000E+00
5.590000E-01 6.004870E+04 3.737528E+03 9.732200E+04 8.187093E+01 1.090386E+02 1.098934E-78 -7.664033E+02 1.098934E-78 9.686757E+04 9.530164E+04 1.522631E+04 1.859795E+02 0.000000E+00 1.000000E+00
5.600000E-01 6.007844E+04 3.995938E+03 9.717670E+04 8.263867E+01 1.083541E+02 4.042752E-79 -7.690321E+02 4.042752E-79 9.672434E+04 9.517042E+04 1.531744E+04 1.853544E+02 0.000000E+00 1.000000E+00
5.610000E-01 6.010714E+04 4.250568E+03 9.703164E+04 8.340892E+01 1.076672E+02 1.487245E-79 -7.714199E+02 1.487245E-79 9.658134E+04 9.503892E+04 1.540886E+04 1.847387E+02 0.000000E+00 1.000000E+00
5.620000E-01 6.013475E+04 4.501446E+03 9.688681E+04 8.418143E+01 1.069780E+02 5.471269E-80 -7.735672E+02 5.471269E-80 9.643857E+04 9.490715E+04 1.550053E+04 1.841325E+02 0.000000E+00 1.000000E+00
5.630000E-01 6.016123E+04 4.748404E+03 9.674221E+04 8.495597E+01 1.062867E+02 2.012768E-80 -7.754746E+02 2.012768E-80 9.629602E+04 9.477510E+04 1.559224E+04 1.835332E+02 0.000000E+00 1.000000E+00
5.640000E-01 6.018653E+04 4.991396E+03 9.659785E+04 8.573230E+01 1.055937E+02 7.404558E-81 -7.771430E+02 7.404558E-81 9.615369E+04 9.464276E+04 1.568388E+04 1.829401E+02 0.000000E+00 1.000000E+00
5.650000E-01 6.021062E+04 5.230381E+03 9.645372E+04 8.651018E+01 1.048991E+02 2.723985E-81 -7.785733E+02 2.723985E-81 9.601158E+04 9.451014E+04 1.577534E+04 1.823524E+02 0.000000E+00 1.000000E+00
5.660000E-01 6.023347E+04 5.465339E+03 9.630982E+04 8.728937E+01 1.042032E+02 1.002098E-81 -7.797666E+02 1.002098E-81 9.586969E+04 9.437722E+04 1.586654E+04 1.817695E+02 0.000000E+00 1.000000E+00
5.670000E-01 6.025502E+04 5.696261E+03 9.616616E+04 8.806963E+01 1.035063E+02 3.686512E-82 -7.807242E+02 3.686512E-82 9.572802E+04 9.424402E+04 1.595742E+04 1.811909E+02 0.000000E+00 1.000000E+00
5.680000E-01 6.027525E+04 5.923088E+03 9.602272E+04 8.885074E+01 1.028085E+02 1.356192E-82 -7.814475E+02 1.356192E-82 9.558657E+04 9.411054E+04 1.604785E+04 1.806159E+02 0.000000E+00 1.000000E+00
5.690000E-01 6.029412E+04 6.145812E+03 9.587952E+04 8.963245E+01 1.021100E+02 4.989152E-83 -7.819379E+02 4.989152E-83 9.544533E+04 9.397678E+04 1.613777E+04 1.800439E+02 0.000000E+00 1.000000E+00
5.700000E-01 6.031161E+04 6.364431E+03 9.573655E+04 9.041454E+01 1.014113E+02 1.835406E-83 -7.821972E+02 1.835406E-83 9.530431E+04 9.384274E+04 1.622711E+04 1.794746E+02 0.000000E+00 1.000000E+00
5.710000E-01 6.032768E+04 6.578971E+03 9.559381E+04 9.119677E+01 1.007123E+02 6.752083E-84 -7.822268E+02 6.752083E-84 9.516351E+04 9.370844E+04 1.631584E+04 1.789081E+02 0.000000E+00 1.000000E+00
5.720000E-01 6.034233E+04 6.789441E+03 9.545130E+04 9.197892E+01 1.000135E+02 2.483952E-84 -7.820287E+02 2.483952E-84 9.502292E+04 9.357388E+04 1.640390E+04 1.783441E+02 0.000000E+00 1.000000E+00
5.730000E-01 6.035551E+04 6.995849E+03 9.530901E+04 9.276075E+01 9.931494E+01 9.137950E-85 -7.816048E+02 9.137950E-85 9.488254E+04 9.343907E+04 1.649124E+04 1.777825E+02 0.000000E+00 1.000000E+00
5.740000E-01 6.036722E+04 7.198228E+03 9.516696E+04 9.354205E+01 9.861694E+01 3.361664E-85 -7.809569E+02 3.361664E-85 9.474238E+04 9.330401E+04 1.657783E+04 1.772233E+02 0.000000E+00 1.000000E+00
5.750000E-01 6.037744E+04 7.396615E+03 9.502513E+04 9.432259E+01 9.791970E+01 1.236687E-85 -7.800870E+02 1.236687E-85 9.460243E+04 9.316873E+04 1.666366E+04 1.766667E+02 0.000000E+00 1.000000E+00
5.760000E-01 6.038616E+04 7.591091E+03 9.488353E+04 9.510215E+01 9.722344E+01 4.549518E-86 -7.789972E+02 4.549518E-86 9.446269E+04 9.303324E+04 1.674874E+04 1.761131E+02 0.000000E+00 1.000000E+00
5.770000E-01 6.039336E+04 7.781686E+03 9.474216E+04 9.588051E+01 9.652838E+01 1.673674E-86 -7.776896E+02 1.673674E-86 9.432316E+04 9.289754E+04 1.683304E+04 1.755627E+02 0.000000E+00 1.000000E+00
5.780000E-01 6.039905E+04 7.968455E+03 9.460101E+04 9.665746E+01 9.583473E+01 6.157103E-87 -7.761663E+02 6.157103E-87 9.418383E+04 9.276166E+04 1.691657E+04 1.750157E+02 0.000000E+00 1.000000E+00
5.790000E-01 6.040322E+04 8.151463E+03 9.446009E+04 9.743277E+01 9.514272E+01 2.265071E-87 -7.744294E+02 2.265071E-87 9.404472E+04 9.262561E+04 1.699933E+04 1.744724E+02 0.000000E+00 1.000000E+00
5.800000E-01 6.040587E+04 8.330792E+03 9.431939E+04 9.820625E+01 9.445255E+01 8.332732E-88 -7.724812E+02 8.332732E-88 9.390581E+04 9.248942E+04 1.708136E+04 1.739335E+02 0.000000E+00 1.000000E+00
5.810000E-01 6.040700E+04 8.506576E+03 9.417892E+04 9.897767E+01 9.376443E+01 3.065441E-88 -7.703236E+02 3.065441E-88 9.376711E+04 9.235309E+04 1.716272E+04 1.733999E+02 0.000000E+00 1.000000E+00
5.820000E-01 6.040663E+04 8.678845E+03 9.403867E+04 9.974683E+01 9.307857E+01 1.127713E-88 -7.679590E+02 1.127713E-88 9.362862E+04 9.221664E+04 1.724340E+04 1.728717E+02 0.000000E+00 1.000000E+00
5.830000E-01 6.040475E+04 8.847684E+03 9.389865E+04 1.005135E+02 9.239518E+01 4.148623E-89 -7.653894E+02 4.148623E-89 9.349033E+04 9.208011E+04 1.732344E+04 1.723493E+02 0.000000E+00 1.000000E+00
5.840000E-01 6.040140E+04 9.013186E+03 9.375885E+04 1.012775E+02 9.171446E+01 1.526193E-89 -7.626170E+02 1.526193E-89 9.335225E+04 9.194350E+04 1.740287E+04 1.718335E+02 0.000000E+00 1.000000E+00
5.850000E-01 6.039657E+04 9.175494E+03 9.361927E+04 1.020387E+02 9.103661E+01 5.614551E-90 -7.596439E+02 5.614551E-90 9.321437E+04 9.180684E+04 1.748180E+04 1.713252E+02 0.000000E+00 1.000000E+00
5.860000E-01 6.039029E+04 9.334733E+03 9.347991E+04 1.027968E+02 9.036183E+01 2.065478E-90 -7.564723E+02 2.065478E-90 9.307669E+04 9.167016E+04 1.756030E+04 1.708254E+02 0.000000E+00 1.000000E+00
5.870000E-01 6.038258E+04 9.490943E+03 9.334077E+04 1.035516E+02 8.969033E+01 7.598468E-91 -7.531041E+02 7.598468E-91 9.293922E+04 9.153346E+04 1.763836E+04 1.703341E+02 0.000000E+00 1.000000E+00
5.880000E-01 6.037347E+04 9.644222E+03 9.320186E+04 1.043029E+02 8.902229E+01 2.795320E-91 -7.495414E+02 2.795320E-91 9.280195E+04 9.139679E+04 1.771605E+04 1.698519E+02 0.000000E+00 1.000000E+00
5.890000E-01 6.036298E+04 9.794673E+03 9.306316E+04 1.050506E+02 8.835791E+01 1.028341E-91 -7.457862E+02 1.028341E-91 9.266488E+04 9.126014E+04 1.779342E+04 1.693795E+02 0.000000E+00 1.000000E+00
5.900000E-01 6.035113E+04 9.942521E+03 9.292469E+04 1.057944E+02 8.769738E+01 3.783055E-92 -7.418404E+02 3.783055E-92 9.252801E+04 9.112356E+04 1.787066E+04 1.689188E+02 0.000000E+00 1.000000E+00
5.910000E-01 6.033797E+04 1.008781E+04 9.278643E+04 1.065342E+02 8.704089E+01 1.391708E-92 -7.377060E+02 1.391708E-92 9.239135E+04 9.098706E+04 1.794778E+04 1.684696E+02 0.000000E+00 1.000000E+00
5.920000E-01 6.032352E+04 1.023058E+04 9.264839E+04 1.072698E+02 8.638863E+01 5.119808E-93 -7.333848E+02 5.119808E-93 9.225488E+04 9.085066E+04 1.802478E+04 1.680323E+02 0.000000E+00 1.000000E+00
5.930000E-01 6.030782E+04 1.037095E+04 9.251057E+04 1.080009E+02 8.574079E+01 1.883472E-93 -7.288787E+02 1.883472E-93 9.211861E+04 9.071438E+04 1.810175E+04 1.676074E+02 0.000000E+00 1.000000E+00
5.940000E-01 6.029090E+04 1.050900E+04 9.237297E+04 1.087275E+02 8.509754E+01 6.928906E-94 -7.241894E+02 6.928906E-94 9.198255E+04 9.057825E+04 1.817873E+04 1.671954E+02 0.000000E+00 1.000000E+00
5.950000E-01 6.027280E+04 1.064506E+04 9.223559E+04 1.094492E+02 8.445907E+01 2.549002E-94 -7.193188E+02 2.549002E-94 9.184668E+04 9.044228E+04 1.825601E+04 1.667989E+02 0.000000E+00 1.000000E+00
5.960000E-01 6.025356E+04 1.077900E+04 9.209842E+04 1.101660E+02 8.382556E+01 9.377255E-95 -7.142684E+02 9.377255E-95 9.171101E+04 9.030649E+04 1.833345E+04 1.664166E+02 0.000000E+00 1.000000E+00
5.970000E-01 6.023321E+04 1.091092E+04 9.196146E+04 1.108777E+02 8.319719E+01 3.449699E-95 -7.090400E+02 3.449699E-95 9.157555E+04 9.017090E+04 1.841110E+04 1.660487E+02 0.000000E+00 1.000000E+00
5.980000E-01 6.021179E+04 1.104088E+04 9.182472E+04 1.115841E+02 8.257414E+01 1.269073E-95 -7.036353E+02 1.269073E-95 9.144028E+04 9.003554E+04 1.848902E+04 1.656959E+02 0.000000E+00 1.000000E+00
5.990000E-01 6.018935E+04 1.116903E+04 9.168820E+04 1.122849E+02 8.195658E+01 4.668660E-96 -6.980558E+02 4.668660E-96 9.130521E+04 8.990040E+04 1.856732E+04 1.653590E+02 0.000000E+00 1.000000E+00
6.000000E-01 6.016592E+04 1.129558E+04 9.155189E+04 1.129801E+02 8.134468E+01 1.717504E-96 -6.923031E+02 1.717504E-96 9.117033E+04 8.976551E+04 1.864617E+04 1.650394E+02 0.000000E+00 1.000000E+00
6.010000E-01 6.014154E+04 1.142039E+04 9.141580E+04 1.136695E+02 8.073863E+01 6.318345E-97 -6.863789E+02 6.318345E-97 9.103566E+04 8.963089E+04 1.872542E+04 1.647357E+02 0.000000E+00 1.000000E+00
6.020000E-01 6.011624E+04 1.154352E+04 9.127991E+04 1.143528E+02 8.013858E+01 2.324389E-97 -6.802846E+02 2.324389E-97 9.090118E+04 8.949654E+04 1.880511E+04 1.644482E+02 0.000000E+00 1.000000E+00
6.030000E-01 6.009008E+04 1.166503E+04 9.114424E+04 1.150300E+02 7.954472E+01 8.550950E-98 -6.740218E+02 8.550950E-98 9.076690E+04 8.936247E+04 1.888527E+04 1.641770E+02 0.000000E+00 1.000000E+00
6.040000E-01 6.006307E+04 1.178511E+04 9.100879E+04 1.157008E+02 7.895719E+01 3.145719E-98 -6.675921E+02 3.145719E-98 9.063282E+04 8.922870E+04 1.896608E+04 1.639235E+02 0.000000E+00 1.000000E+00
6.050000E-01 6.003527E+04 1.190377E+04 9.087354E+04 1.163651E+02 7.837619E+01 1.157245E-98 -6.609971E+02 1.157245E-98 9.049894E+04 8.909523E+04 1.904750E+04 1.636874E+02 0.000000E+00 1.000000E+00
6.060000E-01 6.000669E+04 1.202090E+04 9.073851E+04 1.170227E+02 7.780185E+01 4.257267E-99 -6.542382E+02 4.257267E-99 9.036525E+04 8.896207E+04 1.912943E+04 1.634677E+02 0.000000E+00 1.000000E+00
6.070000E-01 5.997738E+04 1.213653E+04 9.060368E+04 1.176735E+02 7.723436E+01 1.566161E-99 -6.473172E+02 1.566161E-99 9.023176E+04 8.882921E+04 1.921187E+04 1.632642E+02 0.000000E+00 1.000000E+00
6.080000E-01 5.994736E+04 1.225067E+04 9.046907E+04 1.183173E+02 7.667387E+01 0.000000E+00 -6.402356E+02 0.000000E+00 9.009847E+04 8.869667E+04 1.929480E+04 1.630768E+02 0.000000E+00 1.000000E+00
6.090000E-01 5.991666E+04 1.236355E+04 9.033467E+04 1.189539E+02 7.612055E+01 0.000000E+00 -6.329952E+02 0.000000E+00 8.996538E+04 8.856445E+04 1.937845E+04 1.629072E+02 0.000000E+00 1.000000E+00
6.100000E-01 5.988531E+04 1.247497E+04 9.020047E+04 1.195833E+02 7.557454E+01 0.000000E+00 -6.255975E+02 0.000000E+00 8.983248E+04 8.843254E+04 1.946258E+04 1.627534E+02 0.000000E+00 1.000000E+00
6.110000E-01 5.985332E+04 1.258488E+04 9.006649E+04 1.202051E+02 7.503600E+01 0.000000E+00 -6.180445E+02 0.000000E+00 8.969978E+04 8.830094E+04 1.954711E+04 1.626147E+02 0.000000E+00 1.000000E+00
6.120000E-01 5.982073E+04 1.269325E+04 8.993271E+04 1.208193E+02 7.450510E+01 0.000000E+00 -6.103380E+02 0.000000E+00 8.956728E+04 8.816964E+04 1.963201E+04 1.624907E+02 0.000000E+00 1.000000E+00
6.130000E-01 5.978754E+04 1.280008E+04 8.979914E+04 1.214257E+02 7.398198E+01 0.000000E+00 -6.024798E+02 0.000000E+00 8.943497E+04 8.803865E+04 1.971726E+04 1.623813E+02 0.000000E+00 1.000000E+00
6.140000E-01 5.975378E+04 1.290551E+04 8.966578E+04 1.220242E+02 7.346679E+01 0.000000E+00 -5.944720E+02 0.000000E+00 8.930286E+04 8.790795E+04 1.980297E+04 1.622872E+02 0.000000E+00 1.000000E+00
6.150000E-01 5.971944E+04 1.300928E+04 8.953263E+04 1.226146E+02 7.295968E+01 0.000000E+00 -5.863166E+02 0.000000E+00 8.917094E+04 8.777754E+04 1.988884E+04 1.622061E+02 0.000000E+00 1.000000E+00
6.160000E-01 5.968456E+04 1.311133E+04 8.939968E+04 1.231968E+02 7.246080E+01 0.000000E+00 -5.780158E+02 0.000000E+00 8.903922E+04 8.764740E+04 1.997481E+04 1.621374E+02 0.000000E+00 1.000000E+00
6.170000E-01 5.964912E+04 1.321161E+04 8.926694E+04 1.237706E+02 7.197030E+01 0.000000E+00 -5.695720E+02 0.000000E+00 8.890770E+04 8.751753E+04 2.006078E+04 1.620803E+02 0.000000E+00 1.000000E+00
6.180000E-01 5.961313E+04 1.331012E+04 8.913440E+04 1.243359E+02 7.148831E+01 0.000000E+00 -5.609874E+02 0.000000E+00 8.877637E+04 8.738790E+04 2.014675E+04 1.620349E+02 0.000000E+00 1.000000E+00
6.190000E-01 5.957660E+04 1.340681E+04 8.900207E+04 1.248925E+02 7.101497E+01 0.000000E+00 -5.522647E+02 0.000000E+00 8.864524E+04 8.725850E+04 2.023263E+04 1.620003E+02 0.000000E+00 1.000000E+00
6.200000E-01 5.953951E+04 1.350149E+04 8.886995E+04 1.254404E+02 7.055042E+01 0.000000E+00 -5.434064E+02 0.000000E+00 8.851430E+04 8.712933E+04 2.031820E+04 1.619749E+02 0.000000E+00 1.000000E+00
6.210000E-01 5.950187E+04 1.359408E+04 8.873803E+04 1.259793E+02 7.009480E+01 0.000000E+00 -5.344154E+02 0.000000E+00 8.838356E+04 8.700036E+04 2.040334E+04 1.619579E+02 0.000000E+00 1.000000E+00
6.220000E-01 5.946365E+04 1.368450E+04 8.860631E+04 1.265092E+02 6.964823E+01 0.000000E+00 -5.252945E+02 0.000000E+00 8.825301E+04 8.687157E+04 2.048794E+04 1.619483E+02 0.000000E+00 1.000000E+00
6.230000E-01 5.942486E+04 1.377272E+04 8.847480E+04 1.270298E+02 6.921085E+01 0.000000E+00 -5.160469E+02 0.000000E+00 8.812265E+04 8.674295E+04 2.057196E+04 1.619459E+02 0.000000E+00 1.000000E+00
6.240000E-01 5.938547E+04 1.385860E+04 8.834349E+04 1.275412E+02 6.878278E+01 0.000000E+00 -5.066756E+02 0.000000E+00 8.799249E+04 8.661448E+04 2.065520E+04 1.619492E+02 0.000000E+00 1.000000E+00
6.250000E-01 5.934546E+04 1.394199E+04 8.821239E+04 1.280431E+02 6.836414E+01 0.000000E+00 -4.971840E+02 0.000000E+00 8.786253E+04 8.648613E+04 2.073749E+04 1.619570E+02 0.000000E+00 1.000000E+00
6.260000E-01 5.930482E+04 1.402281E+04 8.808148E+04 1.285355E+02 6.795505E+01 0.000000E+00 -4.875756E+02 0.000000E+00 8.773275E+04 8.635790E+04 2.081870E+04 1.619684E+02 0.000000E+00 1.000000E+00
6.270000E-01 5.926351E+04 1.410097E+04 8.795078E+04 1.290183E+02 6.755563E+01 0.000000E+00 -4.778541E+02 0.000000E+00 8.760317E+04 8.622975E+04 2.089869E+04 1.619824E+02 0.000000E+00 1.000000E+00
6.280000E-01 5.922153E+04 1.417637E+04 8.782028E+04 1.294912E+02 6.716598E+01 0.000000E+00 -4.680232E+02 0.000000E+00 8.747378E+04 8.610166E+04 2.097735E+04 1.619982E+02 0.000000E+00 1.000000E+00
6.290000E-01 5.917883E+04 1.424888E+04 8.768998E+04 1.299543E+02 6.678622E+01 0.000000E+00 -4.580869E+02 0.000000E+00 8.734458E+04 8.597363E+04 2.105448E+04 1.620145E+02 0.000000E+00 1.000000E+00
6.300000E-01 5.913538E+04 1.431841E+04 8.755989E+04 1.304074E+02 6.641644E+01 0.000000E+00 -4.480492E+02 0.000000E+00 8.721557E+04 8.584562E+04 2.112995E+04 1.620303E+02 0.000000E+00 1.000000E+00
6.310000E-01 5.909117E+04 1.438487E+04 8.742999E+04 1.308503E+02 6.605675E+01 0.000000E+00 -4.379145E+02 0.000000E+00 8.708676E+04 8.571761E+04 2.120362E+04 1.620448E+02 0.000000E+00 1.000000E+00
6.320000E-01 5.904614E+04 1.444814E+04 8.730029E+04 1.312831E+02 6.570724E+01 0.000000E+00 -4.276871E+02 0.000000E+00 8.695813E+04 8.558960E+04 2.127534E+04 1.620569E+02 0.000000E+00 1.000000E+00
6.330000E-01 5.900027E+04 1.450811E+04 8.717079E+04 1.317057E+02 6.536801E+01 0.000000E+00 -4.173714E+02 0.000000E+00 8.682969E+04 8.546155E+04 2.134493E+04 1.620653E+02 0.000000E+00 1.000000E+00
6.340000E-01 5.895353E+04 1.456471E+04 8.704150E+04 1.321179E+02 6.503913E+01 0.000000E+00 -4.069723E+02 0.000000E+00 8.670144E+04 8.533345E+04 2.141228E+04 1.620696E+02 0.000000E+00 1.000000E+00
6.350000E-01 5.890588E+04 1.461789E+04 8.691240E+04 1.325196E+02 6.472069E+01 0.000000E+00 -3.964944E+02 0.000000E+00 8.657338E+04 8.520529E+04 2.147729E+04 1.620688E+02 0.000000E+00 1.000000E+00
6.360000E-01 5.885727E+04 1.466757E+04 8.678349E+04 1.329108E+02 6.441276E+01 0.000000E+00 -3.859427E+02 0.000000E+00 8.644550E+04 8.507704E+04 2.153981E+04 1.620621E+02 0.000000E+00 1.000000E+00
6.370000E-01 5.880768E+04 1.471360E+04 8.665479E+04 1.332915E+02 6.411543E+01 0.000000E+00 -3.753222E+02 0.000000E+00 8.631782E+04 8.494870E+04 2.159966E+04 1.620484E+02 0.000000E+00 1.000000E+00
6.380000E-01 5.875707E+04 1.475594E+04 8.652628E+04 1.336615E+02 6.382874E+01 0.000000E+00 -3.646380E+02 0.000000E+00 8.619031E+04 8.482024E+04 2.165673E+04 1.620267E+02 0.000000E+00 1.000000E+00
6.390000E-01 5.870540E+04 1.479458E+04 8.639797E+04 1.340207E+02 6.355277E+01 0.000000E+00 -3.538956E+02 0.000000E+00 8.606300E+04 8.469166E+04 2.171096E+04 1.619970E+02 0.000000E+00 1.000000E+00
6.400000E-01 5.865264E+04 1.482950E+04 8.626986E+04 1.343692E+02 6.328757E+01 0.000000E+00 -3.431000E+02 0.000000E+00 8.593586E+04 8.456295E+04 2.176226E+04 1.619587E+02 0.000000E+00 1.000000E+00
6.410000E-01 5.859875E+04 1.486067E+04 8.614195E+04 1.347069E+02 6.303319E+01 0.000000E+00 -3.322569E+02 0.000000E+00 8.580891E+04 8.443409E+04 2.181055E+04 1.619112E+02 0.000000E+00 1.000000E+00
6.420000E-01 5.854371E+04 1.488787E+04 8.601422E+04 1.350337E+02 6.278967E+01 0.000000E+00 -3.213716E+02 0.000000E+00 8.568214E+04 8.430508E+04 2.185557E+04 1.618527E+02 0.000000E+00 1.000000E+00
6.430000E-01 5.848747E+04 1.491125E+04 8.588670E+04 1.353496E+02 6.255705E+01 0.000000E+00 -3.104497E+02 0.000000E+00 8.555556E+04 8.417591E+04 2.189738E+04 1.617838E+02 0.000000E+00 1.000000E+00
6.440000E-01 5.843001E+04 1.493081E+04 8.575937E+04 1.356546E+02 6.233538E+01 0.000000E+00 -2.994969E+02 0.000000E+00 8.542915E+04 8.404658E+04 2.193595E+04 1.617044E+02 0.000000E+00 1.000000E+00
6.450000E-01 5.837131E+04 1.494658E+04 8.563223E+04 1.359486E+02 6.212467E+01 0.000000E+00 -2.885188E+02 0.000000E+00 8.530293E+04 8.391709E+04 2.197123E+04 1.616142E+02 0.000000E+00 1.000000E+00
6.460000E-01 5.831133E+04 1.495853E+04 8.550529E+04 1.362316E+02 6.192495E+01 0.000000E+00 -2.775211E+02 0.000000E+00 8.517689E+04 8.378743E+04 2.200315E+04 1.615128E+02 0.000000E+00 1.000000E+00
6.470000E-01 5.825007E+04 1.496653E+04 8.537854E+04 1.365037E+02 6.173623E+01 0.000000E+00 -2.665093E+02 0.000000E+00 8.505102E+04 8.365761E+04 2.203152E+04 1.613987E+02 0.000000E+00 1.000000E+00
6.480000E-01 5.818748E+04 1.497081E+04 8.525198E+04 1.367647E+02 6.155853E+01 0.000000E+00 -2.554893E+02 0.000000E+00 8.492533E+04 8.352764E+04 2.205650E+04 1.612734E+02 0.000000E+00 1.000000E+00
6.490000E-01 5.812357E+04 1.497143E+04 8.512562E+04 1.370146E+02 6.139185E+01 0.000000E+00 -2.444666E+02 0.000000E+00 8.479982E+04 8.339751E+04 2.207810E+04 1.611368E+02 0.000000E+00 1.000000E+00
6.500000E-01 5.805832E+04 1.496844E+04 8.499945E+04 1.372536E+02 6.123620E+01 0.000000E+00 -2.334470E+02 0.000000E+00 8.467449E+04 8.326724E+04 2.209633E+04 1.609891E+02 0.000000E+00 1.000000E+00
6.510000E-01 5.799171E+04 1.496182E+04 8.487347E+04 1.374815E+02 6.109156E+01 0.000000E+00 -2.224359E+02 0.000000E+00 8.454933E+04 8.313683E+04 2.211110E+04 1.608296E+02 0.000000E+00 1.000000E+00
6.520000E-01 5.792375E+04 1.495163E+04 8.474768E+04 1.376985E+02 6.095792E+01 0.000000E+00 -2.114390E+02 0.000000E+00 8.442435E+04 8.300631E+04 2.212241E+04 1.606584E+02 0.000000E+00 1.000000E+00
6.530000E-01 5.785442E+04 1.493809E+04 8.462208E+04 1.379044E+02 6.083527E+01 0.000000E+00 -2.004616E+02 0.000000E+00 8.429954E+04 8.287567E+04 2.213045E+04 1.604767E+02 0.000000E+00 1.000000E+00
6.540000E-01 5.778374E+04 1.492129E+04 8.449667E+04 1.380994E+02 6.072359E+01 0.000000E+00 -1.895093E+02 0.000000E+00 8.417490E+04 8.274494E+04 2.213525E+04 1.602849E+02 0.000000E+00 1.000000E+00
6.550000E-01 5.771171E+04 1.490136E+04 8.437145E+04 1.382834E+02 6.062284E+01 0.000000E+00 -1.785872E+02 0.000000E+00 8.405044E+04 8.261413E+04 2.213689E+04 1.600834E+02 0.000000E+00 1.000000E+00
6.560000E-01 5.763833E+04 1.487828E+04 8.424642E+04 1.384566E+02 6.053300E+01 0.000000E+00 -1.677006E+02 0.000000E+00 8.392615E+04 8.248327E+04 2.213531E+04 1.598718E+02 0.000000E+00 1.000000E+00
6.570000E-01 5.756362E+04 1.485227E+04 8.412158E+04 1.386189E+02 6.045403E+01 0.000000E+00 -1.568545E+02 0.000000E+00 8.380203E+04 8.235237E+04 2.213069E+04 1.596514E+02 0.000000E+00 1.000000E+00
6.580000E-01 5.748760E+04 1.482354E+04 8.399692E+04 1.387703E+02 6.038588E+01 0.000000E+00 -1.460538E+02 0.000000E+00 8.367809E+04 8.222145E+04 2.212318E+04 1.594230E+02 0.000000E+00 1.000000E+00
6.590000E-01 5.741030E+04 1.479221E+04 8.387246E+04 1.389110E+02 6.032851E+01 0.000000E+00 -1.353034E+02 0.000000E+00 8.355431E+04 8.209055E+04 2.211289E+04 1.591874E+02 0.000000E+00 1.000000E+00
6.600000E-01 5.733173E+04 1.475845E+04 8.374818E+04 1.390409E+02 6.028185E+01 0.000000E+00 -1.246079E+02 0.000000E+00 8.343071E+04 8.195968E+04 2.209992E+04 1.589454E+02 0.000000E+00 1.000000E+00
6.610000E-01 5.725193E+04 1.472230E+04 8.362409E+04 1.391602E+02 6.024587E+01 0.000000E+00 -1.139718E+02 0.000000E+00 8.330727E+04 8.182887E+04 2.208431E+04 1.586970E+02 0.000000E+00 1.000000E+00
6.620000E-01 5.717093E+04 1.468407E+04 8.350018E+04 1.392689E+02 6.022049E+01 0.000000E+00 -1.033994E+02 0.000000E+00 8.318401E+04 8.169814E+04 2.206632E+04 1.584440E+02 0.000000E+00 1.000000E+00
6.630000E-01 5.708877E+04 1.464392E+04 8.337646E+04 1.393670E+02 6.020565E+01 0.000000E+00 -9.289470E+01 0.000000E+00 8.306091E+04 8.156753E+04 2.204608E+04 1.581872E+02 0.000000E+00 1.000000E+00
6.640000E-01 5.700549E+04 1.460203E+04 8.325293E+04 1.394547E+02 6.020128E+01 0.000000E+00 -8.246178E+01 0.000000E+00 8.293799E+04 8.143707E+04 2.202374E+04 1.579275E+02 0.000000E+00 1.000000E+00
6.650000E-01 5.692114E+04 1.455855E+04 8.312958E+04 1.395320E+02 6.020730E+01 0.000000E+00 -7.210434E+01 0.000000E+00 8.281523E+04 8.130678E+04 2.199945E+04 1.576660E+02 0.000000E+00 1.000000E+00
6.660000E-01 5.683577E+04 1.451370E+04 8.300641E+04 1.395990E+02 6.022364E+01 0.000000E+00 -6.182592E+01 0.000000E+00 8.269264E+04 8.117669E+04 2.197338E+04 1.574036E+02 0.000000E+00 1.000000E+00
6.670000E-01 5.674943E+04 1.446766E+04 8.288343E+04 1.396557E+02 6.025022E+01 0.000000E+00 -5.162985E+01 0.000000E+00 8.257022E+04 8.104683E+04 2.194572E+04 1.571417E+02 0.000000E+00 1.000000E+00
6.680000E-01 5.666217E+04 1.442063E+04 8.276063E+04 1.397022E+02 6.028695E+01 0.000000E+00 -4.151928E+01 0.000000E+00 8.244797E+04 8.091724E+04 2.191664E+04 1.568811E+02 0.000000E+00 1.000000E+00
6.690000E-01 5.657405E+04 1.437277E+04 8.263801E+04 1.397387E+02 6.033375E+01 0.000000E+00 -3.149711E+01 0.000000E+00 8.232588E+04 8.078793E+04 2.188630E+04 1.566230E+02 0.000000E+00 1.000000E+00
6.700000E-01 5.648514E+04 1.432433E+04 8.251558E+04 1.397653E+02 6.039053E+01 0.000000E+00 -2.156604E+01 0.000000E+00 8.220396E+04 8.065895E+04 2.185493E+04 1.563688E+02 0.000000E+00 1.000000E+00
6.710000E-01 5.639550E+04 1.427549E+04 8.239333E+04 1.397819E+02 6.045719E+01 0.000000E+00 -1.172857E+01 0.000000E+00 8.208221E+04 8.053033E+04 2.182271E+04 1.561197E+02 0.000000E+00 1.000000E+00
6.720000E-01 5.630519E+04 1.422641E+04 8.227126E+04 1.397888E+02 6.053364E+01 0.000000E+00 -1.986960E+00 0.000000E+00 8.196063E+04 8.040208E+04 2.178979E+04 1.558766E+02 0.000000E+00 1.000000E+00
6.730000E-01 5.621428E+04 1.417771E+04 8.214937E+04 1.397890E+02 6.061674E+01 0.000000E+00 4.574675E-03 0.000000E+00 8.183922E+04 8.027424E+04 2.175681E+04 1.556404E+02 0.000000E+00 0.000000E+00
6.740000E-01 5.612288E+04 1.413053E+04 8.202766E+04 1.397890E+02 6.070004E+01 0.000000E+00 1.682929E-03 0.000000E+00 8.171798E+04 8.014687E+04 2.172491E+04 1.554122E+02 0.000000E+00 0.000000E+00
6.750000E-01 5.603109E+04 1.408520E+04 8.190613E+04 1.397890E+02 6.078334E+01 0.000000E+00 6.191150E-04 0.000000E+00 8.159690E+04 8.002003E+04 2.169446E+04 1.551944E+02 0.000000E+00 0.000000E+00
6.760000E-01 5.593903E+04 1.404171E+04 8.178479E+04 1.397890E+02 6.086664E+01 0.000000E+00 2.277597E-04 0.000000E+00 8.147599E+04 7.989377E+04 2.166548E+04 1.549871E+02 0.000000E+00 0.000000E+00
6.770000E-01 5.584681E+04 1.400014E+04 8.166362E+04 1.397890E+02 6.094994E+01 0.000000E+00 8.378810E-05 0.000000E+00 8.135526E+04 7.976814E+04 2.163808E+04 1.547911E+02 0.000000E+00 0.000000E+00
6.780000E-01 5.575452E+04 1.396059E+04 8.154263E+04 1.397890E+02 6.103324E+01 0.000000E+00 3.082392E-05 0.000000E+00 8.123469E+04 7.964318E+04 2.161239E+04 1.546073E+02 0.000000E+00 0.000000E+00
6.790000E-01 5.566227E+04 1.392318E+04 8.142182E+04 1.397890E+02 6.111654E+01 0.000000E+00 1.133949E-05 0.000000E+00 8.111429E+04 7.951892E+04 2.158858E+04 1.544369E+02 0.000000E+00 0.000000E+00
6.800000E-01 5.557017E+04 1.388824E+04 8.130119E+04 1.397890E+02 6.119984E+01 0.000000E+00 4.171564E-06 0.000000E+00 8.099406E+04 7.939539E+04 2.156699E+04 1.542825E+02 0.000000E+00 0.000000E+00
6.810000E-01 5.547829E+04 1.385560E+04 8.118073E+04 1.397890E+02 6.128314E+01 0.000000E+00 1.534633E-06 0.000000E+00 8.087401E+04 7.927262E+04 2.154750E+04 1.541431E+02 0.000000E+00 0.000000E+00
6.820000E-01 5.538674E+04 1.382533E+04 8.106046E+04 1.397890E+02 6.136644E+01 0.000000E+00 5.645598E-07 0.000000E+00 8.075412E+04 7.915061E+04 2.153022E+04 1.540195E+02 0.000000E+00 0.000000E+00
6.830000E-01 5.529559E+04 1.379748E+04 8.094036E+04 1.397890E+02 6.144974E+01 0.000000E+00 2.076899E-07 0.000000E+00 8.063441E+04 7.902940E+04 2.151524E+04 1.539123E+02 0.000000E+00 0.000000E+00
6.840000E-01 5.520494E+04 1.377227E+04 8.082043E+04 1.397890E+02 6.153304E+01 0.000000E+00 7.640486E-08 0.000000E+00 8.051487E+04 7.890898E+04 2.150282E+04 1.538234E+02 0.000000E+00 0.000000E+00
6.850000E-01 5.511485E+04 1.374979E+04 8.070069E+04 1.397890E+02 6.161634E+01 0.000000E+00 2.810778E-08 0.000000E+00 8.039551E+04 7.878936E+04 2.149309E+04 1.537538E+02 0.000000E+00 0.000000E+00
6.860000E-01 5.502541E+04 1.372988E+04 8.058112E+04 1.397890E+02 6.169964E+01 0.000000E+00 1.034027E-08 0.000000E+00 8.027632E+04 7.867055E+04 2.148592E+04 1.537025E+02 0.000000E+00 0.000000E+00
6.870000E-01 5.493667E+04 1.371255E+04 8.046173E+04 1.397890E+02 6.178294E+01 0.000000E+00 3.803974E-09 0.000000E+00 8.015730E+04 7.855253E+04 2.148137E+04 1.536700E+02 0.000000E+00 0.000000E+00
6.880000E-01 5.484870E+04 1.369782E+04 8.034251E+04 1.397890E+02 6.186624E+01 0.000000E+00 1.399404E-09 0.000000E+00 8.003847E+04 7.843532E+04 2.147949E+04 1.536566E+02 0.000000E+00 0.000000E+00
6.890000E-01 5.476157E+04 1.368597E+04 8.022347E+04 1.397890E+02 6.194954E+01 0.000000E+00 5.148119E-10 0.000000E+00 7.991980E+04 7.831890E+04 2.148062E+04 1.536646E+02 0.000000E+00 0.000000E+00
6.900000E-01 5.467531E+04 1.367681E+04 8.010461E+04 1.397890E+02 6.203284E+01 0.000000E+00 1.893887E-10 0.000000E+00 7.980132E+04 7.820326E+04 2.148460E+04 1.536931E+02 0.000000E+00 0.000000E+00
6.910000E-01 5.458999E+04 1.367020E+04 7.998592E+04 1.397890E+02 6.211614E+01 0.000000E+00 6.967221E-11 0.000000E+00 7.968301E+04 7.808838E+04 2.149134E+04 1.537413E+02 0.000000E+00 0.000000E+00
6.920000E-01 5.450564E+04 1.366612E+04 7.986740E+04 1.397890E+02 6.219944E+01 0.000000E+00 2.563097E-11 0.000000E+00 7.956487E+04 7.797425E+04 2.150083E+04 1.538092E+02 0.000000E+00 0.000000E+00
6.930000E-01 5.442229E+04 1.366451E+04 7.974906E+04 1.397890E+02 6.228274E+01 0.000000E+00 9.429108E-12 0.000000E+00 7.944692E+04 7.786086E+04 2.151308E+04 1.538968E+02 0.000000E+00 0.000000E+00
6.940000E-01 5.433999E+04 1.366572E+04 7.963089E+04 1.397890E+02 6.236604E+01 0.000000E+00 3.468775E-12 0.000000E+00 7.932915E+04 7.774817E+04 2.152845E+04 1.540068E+02 0.000000E+00 0.000000E+00
6.950000E-01 5.425875E+04 1.366926E+04 7.951290E+04 1.397890E+02 6.244934E+01 0.000000E+00 1.276091E-12 0.000000E+00 7.921155E+04 7.763618E+04 2.154652E+04 1.541361E+02 0.000000E+00 0.000000E+00
6.960000E-01 5.417860E+04 1.367506E+04 7.939509E+04 1.397890E+02 6.253264E+01 0.000000E+00 4.694477E-13 0.000000E+00 7.909414E+04 7.752485E+04 2.156722E+04 1.542842E+02 0.000000E+00 0.000000E+00
6.970000E-01 5.409955E+04 1.368303E+04 7.927744E+04 1.397890E+02 6.261594E+01 0.000000E+00 1.727001E-13 0.000000E+00 7.897690E+04 7.741415E+04 2.159051E+04 1.544507E+02 0.000000E+00 0.000000E+00
6.980000E-01 5.402161E+04 1.369315E+04 7.915997E+04 1.397890E+02 6.269924E+01 0.000000E+00 6.353283E-14 0.000000E+00 7.885985E+04 7.730406E+04 2.161641E+04 1.546360E+02 0.000000E+00 0.000000E+00
6.990000E-01 5.394478E+04 1.370548E+04 7.904268E+04 1.397890E+02 6.278254E+01 0.000000E+00 2.337242E-14 0.000000E+00 7.874297E+04 7.719455E+04 2.164498E+04 1.548404E+02 0.000000E+00 0.000000E+00
7.000000E-01 5.386907E+04 1.371960E+04 7.892556E+04 1.397890E+02 6.286584E+01 0.000000E+00 8.598234E-15 0.000000E+00 7.862628E+04 7.708558E+04 2.167587E+04 1.550614E+02 0.000000E+00 0.000000E+00
7.010000E-01 5.379446E+04 1.373541E+04 7.880861E+04 1.397890E+02 6.294914E+01 0.000000E+00 3.163113E-15 0.000000E+00 7.850977E+04 7.697713E+04 2.170896E+04 1.552981E+02 0.000000E+00 0.000000E+00
7.020000E-01 5.372095E+04 1.375274E+04 7.869183E+04 1.397890E+02 6.303244E+01 0.000000E+00 1.163644E-15 0.000000E+00 7.839344E+04 7.686916E+04 2.174415E+04 1.555498E+02 0.000000E+00 0.000000E+00
7.030000E-01 5.364850E+04 1.377162E+04 7.857523E+04 1.397890E+02 6.311574E+01 0.000000E+00 4.280809E-16 0.000000E+00 7.827729E+04 7.676162E+04 2.178145E+04 1.558167E+02 0.000000E+00 0.000000E+00
7.040000E-01 5.357711E+04 1.379182E+04 7.845880E+04 1.397890E+02 6.319904E+01 0.000000E+00 1.574821E-16 0.000000E+00 7.816132E+04 7.665449E+04 2.182066E+04 1.560972E+02 0.000000E+00 0.000000E+00
7.050000E-01 5.350674E+04 1.381304E+04 7.834254E+04 1.397890E+02 6.328234E+01 0.000000E+00 5.793444E-17 0.000000E+00 7.804553E+04 7.654773E+04 2.186151E+04 1.563894E+02 0.000000E+00 0.000000E+00
7.060000E-01 5.343736E+04 1.383514E+04 7.822646E+04 1.397890E+02 6.336564E+01 0.000000E+00 2.131289E-17 0.000000E+00 7.792992E+04 7.644130E+04 2.190385E+04 1.566923E+02 0.000000E+00 0.000000E+00
7.070000E-01 5.336894E+04 1.385791E+04 7.811055E+04 1.397890E+02 6.344894E+01 0.000000E+00 7.840574E-18 0.000000E+00 7.781450E+04 7.633517E+04 2.194750E+04 1.570046E+02 0.000000E+00 0.000000E+00
7.080000E-01 5.330142E+04 1.388132E+04 7.799481E+04 1.397890E+02 6.353224E+01 0.000000E+00 2.884386E-18 0.000000E+00 7.769926E+04 7.622928E+04 2.199242E+04 1.573259E+02 0.000000E+00 0.000000E+00
7.090000E-01 5.323476E+04 1.390502E+04 7.787924E+04 1.397890E+02 6.361554E+01 0.000000E+00 1.061106E-18 0.000000E+00 7.758419E+04 7.612361E+04 2.203828E+04 1.576539E+02 0.000000E+00 0.000000E+00
7.100000E-01 5.316891E+04 1.392881E+04 7.776385E+04 1.397890E+02 6.369884E+01 0.000000E+00 3.903592E-19 0.000000E+00 7.746931E+04 7.601810E+04 2.208487E+04 1.579872E+02 0.000000E+00 0.000000E+00
7.110000E-01 5.310381E+04 1.395250E+04 7.764863E+04 1.397890E+02 6.378214E+01 0.000000E+00 1.436051E-19 0.000000E+00 7.735461E+04 7.591274E+04 2.213198E+04 1.583243E+02 0.000000E+00 0.000000E+00
7.120000E-01 5.303941E+04 1.397588E+04 7.753358E+04 1.397890E+02 6.386544E+01 0.000000E+00 5.282937E-20 0.000000E+00 7.724008E+04 7.580746E+04 2.217943E+04 1.586637E+02 0.000000E+00 0.000000E+00
7.130000E-01 5.297564E+04 1.399876E+04 7.741870E+04 1.397890E+02 6.394874E+01 0.000000E+00 1.943484E-20 0.000000E+00 7.712574E+04 7.570225E+04 2.222700E+04 1.590040E+02 0.000000E+00 0.000000E+00
7.140000E-01 5.291243E+04 1.402089E+04 7.730399E+04 1.397890E+02 6.403204E+01 0.000000E+00 7.149678E-21 0.000000E+00 7.701157E+04 7.559704E+04 2.227443E+04 1.593433E+02 0.000000E+00 0.000000E+00
7.150000E-01 5.284972E+04 1.404209E+04 7.718945E+04 1.397890E+02 6.411534E+01 0.000000E+00 2.630220E-21 0.000000E+00 7.689758E+04 7.549182E+04 2.232152E+04 1.596801E+02 0.000000E+00 0.000000E+00
7.160000E-01 5.278743E+04 1.406215E+04 7.707509E+04 1.397890E+02 6.419864E+01 0.000000E+00 9.676037E-22 0.000000E+00 7.678377E+04 7.538654E+04 2.236805E+04 1.600130E+02 0.000000E+00 0.000000E+00
7.170000E-01 5.272549E+04 1.408083E+04 7.696090E+04 1.397890E+02 6.428194E+01 0.000000E+00 3.559615E-22 0.000000E+00 7.667014E+04 7.528116E+04 2.241375E+04 1.603399E+02 0.000000E+00 0.000000E+00
7.180000E-01 5.266383E+04 1.409787E+04 7.684687E+04 1.397890E+02 6.436524E+01 0.000000E+00 1.309509E-22 0.000000E+00 7.655668E+04 7.517565E+04 2.245835E+04 1.606590E+02 0.000000E+00 0.000000E+00
7.190000E-01 5.260236E+04 1.411317E+04 7.673302E+04 1.397890E+02 6.444854E+01 0.000000E+00 4.817415E-23 0.000000E+00 7.644340E+04 7.506998E+04 2.250169E+04 1.609690E+02 0.000000E+00 0.000000E+00
7.200000E-01 5.254100E+04 1.412653E+04 7.661934E+04 1.397890E+02 6.453184E+01 0.000000E+00 1.772228E-23 0.000000E+00 7.633029E+04 7.496411E+04 2.254358E+04 1.612686E+02 0.000000E+00 0.000000E+00
7.210000E-01 5.247967E+04 1.413779E+04 7.650583E+04 1.397890E+02 6.461514E+01 0.000000E+00 6.519663E-24 0.000000E+00 7.621736E+04 7.485801E+04 2.258379E+04 1.615563E+02 0.000000E+00 0.000000E+00
7.220000E-01 5.241830E+04 1.414655E+04 7.639249E+04 1.397890E+02 6.469844E+01 0.000000E+00 2.398450E-24 0.000000E+00 7.610460E+04 7.475165E+04 2.262190E+04 1.618290E+02 0.000000E+00 0.000000E+00
7.230000E-01 5.235679E+04 1.415274E+04 7.627932E+04 1.397890E+02 6.478174E+01 0.000000E+00 8.823404E-25 0.000000E+00 7.599201E+04 7.464501E+04 2.265781E+04 1.620858E+02 0.000000E+00 0.000000E+00
7.240000E-01 5.229507E+04 1.415629E+04 7.616631E+04 1.397890E+02 6.486504E+01 0.000000E+00 3.245949E-25 0.000000E+00 7.587959E+04 7.453806E+04 2.269139E+04 1.623261E+02 0.000000E+00 0.000000E+00
7.250000E-01 5.223306E+04 1.415706E+04 7.605348E+04 1.397890E+02 6.494834E+01 0.000000E+00 1.194118E-25 0.000000E+00 7.576734E+04 7.443076E+04 2.272246E+04 1.625483E+02 0.000000E+00 0.000000E+00
7.260000E-01 5.217067E+04 1.415491E+04 7.594082E+04 1.397890E+02 6.503164E+01 0.000000E+00 4.392914E-26 0.000000E+00 7.565526E+04 7.432311E+04 2.275083E+04 1.627513E+02 0.000000E+00 0.000000E+00
7.270000E-01 5.210782E+04 1.414925E+04 7.582833E+04 1.397890E+02 6.511494E+01 0.000000E+00 1.616063E-26 0.000000E+00 7.554335E+04 7.421508E+04 2.277588E+04 1.629305E+02 0.000000E+00 0.000000E+00
7.280000E-01 5.204443E+04 1.414039E+04 7.571600E+04 1.397890E+02 6.519824E+01 0.000000E+00 5.945163E-27 0.000000E+00 7.543160E+04 7.410666E+04 2.279784E+04 1.630876E+02 0.000000E+00 0.000000E+00
7.290000E-01 5.198043E+04 1.412821E+04 7.560384E+04 1.397890E+02 6.528154E+01 0.000000E+00 2.187103E-27 0.000000E+00 7.532003E+04 7.399782E+04 2.281657E+04 1.632215E+02 0.000000E+00 0.000000E+00
7.300000E-01 5.191573E+04 1.411263E+04 7.549185E+04 1.397890E+02 6.536484E+01 0.000000E+00 8.045903E-28 0.000000E+00 7.520861E+04 7.388856E+04 2.283191E+04 1.633313E+02 0.000000E+00 0.000000E+00
7.310000E-01 5.185028E+04 1.409340E+04 7.538003E+04 1.397890E+02 6.544814E+01 0.000000E+00 2.959922E-28 0.000000E+00 7.509736E+04 7.377886E+04 2.284356E+04 1.634146E+02 0.000000E+00 0.000000E+00
7.320000E-01 5.178399E+04 1.407020E+04 7.526838E+04 1.397890E+02 6.553144E+01 0.000000E+00 1.088895E-28 0.000000E+00 7.498627E+04 7.366872E+04 2.285116E+04 1.634690E+02 0.000000E+00 0.000000E+00
7.330000E-01 5.171680E+04 1.404337E+04 7.515689E+04 1.397890E+02 6.561474E+01 0.000000E+00 4.005819E-29 0.000000E+00 7.487535E+04 7.355813E+04 2.285496E+04 1.634962E+02 0.000000E+00 0.000000E+00
7.340000E-01 5.164865E+04 1.401284E+04 7.504558E+04 1.397890E+02 6.569804E+01 0.000000E+00 1.473659E-29 0.000000E+00 7.476458E+04 7.344709E+04 2.285487E+04 1.634955E+02 0.000000E+00 0.000000E+00
7.350000E-01 5.157947E+04 1.397859E+04 7.493442E+04 1.397890E+02 6.578134E+01 0.000000E+00 5.421287E-30 0.000000E+00 7.465397E+04 7.333559E+04 2.285079E+04 1.634663E+02 0.000000E+00 0.000000E+00
7.360000E-01 5.150920E+04 1.394026E+04 7.482344E+04 1.397890E+02 6.586464E+01 0.000000E+00 1.994380E-30 0.000000E+00 7.454352E+04 7.322365E+04 2.284230E+04 1.634056E+02 0.000000E+00 0.000000E+00
7.370000E-01 5.143781E+04 1.389791E+04 7.471262E+04 1.397890E+02 6.594794E+01 0.000000E+00 7.336914E-31 0.000000E+00 7.443323E+04 7.311126E+04 2.282941E+04 1.633134E+02 0.000000E+00 0.000000E+00
7.380000E-01 5.136522E+04 1.385182E+04 7.460196E+04 1.397890E+02 6.603124E+01 0.000000E+00 2.699100E-31 0.000000E+00 7.432310E+04 7.299843E+04 2.281234E+04 1.631913E+02 0.000000E+00 0.000000E+00
7.390000E-01 5.129142E+04 1.380201E+04 7.449147E+04 1.397890E+02 6.611454E+01 0.000000E+00 9.929433E-32 0.000000E+00 7.421311E+04 7.288518E+04 2.279104E+04 1.630389E+02 0.000000E+00 0.000000E+00
7.400000E-01 5.121634E+04 1.374853E+04 7.438115E+04 1.397890E+02 6.619784E+01 0.000000E+00 3.652834E-32 0.000000E+00 7.410329E+04 7.277151E+04 2.276552E+04 1.628563E+02 0.000000E+00 0.000000E+00
7.410000E-01 5.113997E+04 1.369088E+04 7.427099E+04 1.397890E+02 6.628114E+01 0.000000E+00 1.343803E-32 0.000000E+00 7.399361E+04 7.265744E+04 2.273520E+04 1.626395E+02 0.000000E+00 0.000000E+00
7.420000E-01 5.106227E+04 1.362958E+04 7.416099E+04 1.397890E+02 6.636444E+01 0.000000E+00 4.943574E-33 0.000000E+00 7.388409E+04 7.254299E+04 2.270057E+04 1.623918E+02 0.000000E+00 0.000000E+00
7.430000E-01 5.098322E+04 1.356480E+04 7.405116E+04 1.397890E+02 6.644774E+01 0.000000E+00 1.818639E-33 0.000000E+00 7.377472E+04 7.242818E+04 2.266174E+04 1.621140E+02 0.000000E+00 0.000000E+00
7.440000E-01 5.090281E+04 1.349664E+04 7.394149E+04 1.397890E+02 6.653104E+01 0.000000E+00 6.690399E-34 0.000000E+00 7.366550E+04 7.231303E+04 2.261875E+04 1.618064E+02 0.000000E+00 0.000000E+00
7.450000E-01 5.082101E+04 1.342513E+04 7.383198E+04 1.397890E+02 6.661434E+01 0.000000E+00 2.461260E-34 0.000000E+00 7.355642E+04 7.219756E+04 2.257157E+04 1.614689E+02 0.000000E+00 0.000000E+00
7.460000E-01 5.073783E+04 1.334994E+04 7.372264E+04 1.397890E+02 6.669764E+01 0.000000E+00 9.054471E-35 0.000000E+00 7.344750E+04 7.208181E+04 2.251984E+04 1.610989E+02 0.000000E+00 0.000000E+00
7.470000E-01 5.065326E+04 1.327175E+04 7.361345E+04 1.397890E+02 6.678094E+01 0.000000E+00 3.330954E-35 0.000000E+00 7.333872E+04 7.196579E+04 2.246418E+04 1.607007E+02 0.000000E+00 0.000000E+00
7.480000E-01 5.056731E+04 1.319070E+04 7.350443E+04 1.397890E+02 6.686424E+01 0.000000E+00 1.225389E-35 0.000000E+00 7.323009E+04 7.184955E+04 2.240469E+04 1.602751E+02 0.000000E+00 0.000000E+00
7.490000E-01 5.047999E+04 1.310694E+04 7.339557E+04 1.397890E+02 6.694754E+01 0.000000E+00 4.507956E-36 0.000000E+00 7.312161E+04 7.173311E+04 2.234148E+04 1.598229E+02 0.000000E+00 0.000000E+00
7.500000E-01 5.039132E+04 1.302041E+04 7.328688E+04 1.397890E+02 6.703084E+01 0.000000E+00 1.658384E-36 0.000000E+00 7.301327E+04 7.161652E+04 2.227445E+04 1.593434E+02 0.000000E+00 0.000000E+00
7.510000E-01 5.030132E+04 1.293124E+04 7.317834E+04 1.397890E+02 6.711414E+01 0.000000E+00 6.100855E-37 0.000000E+00 7.290508E+04 7.149979E+04 2.220369E+04 1.588372E+02 0.000000E+00 0.000000E+00
7.520000E-01 5.021002E+04 1.283993E+04 7.306996E+04 1.397890E+02 6.719744E+01 0.000000E+00 2.244379E-37 0.000000E+00 7.279703E+04 7.138298E+04 2.212966E+04 1.583077E+02 0.000000E+00 0.000000E+00
7.530000E-01 5.011745E+04 1.274666E+04 7.296174E+04 1.397890E+02 6.728074E+01 0.000000E+00 8.256609E-38 0.000000E+00 7.268912E+04 7.126612E+04 2.205253E+04 1.577559E+02 0.000000E+00 0.000000E+00
7.540000E-01 5.002365E+04 1.265164E+04 7.285368E+04 1.397890E+02 6.736404E+01 0.000000E+00 3.037437E-38 0.000000E+00 7.258136E+04 7.114924E+04 2.197246E+04 1.571831E+02 0.000000E+00 0.000000E+00
7.550000E-01 4.992867E+04 1.255479E+04 7.274578E+04 1.397890E+02 6.744734E+01 0.000000E+00 1.117410E-38 0.000000E+00 7.247374E+04 7.103240E+04 2.188938E+04 1.565887E+02 0.000000E+00 0.000000E+00
7.560000E-01 4.983256E+04 1.245656E+04 7.263803E+04 1.397890E+02 6.753064E+01 0.000000E+00 4.110724E-39 0.000000E+00 7.236626E+04 7.091563E+04 2.180367E+04 1.559756E+02 0.000000E+00 0.000000E+00
7.570000E-01 4.973537E+04 1.235726E+04 7.253045E+04 1.397890E+02 6.761394E+01 0.000000E+00 1.512251E-39 0.000000E+00 7.225893E+04 7.079897E+04 2.171567E+04 1.553461E+02 0.000000E+00 0.000000E+00
7.580000E-01 4.963717E+04 1.225713E+04 7.242302E+04 1.397890E+02 6.769724E+01 0.000000E+00 5.563259E-40 0.000000E+00 7.215173E+04 7.068247E+04 2.162558E+04 1.547017E+02 0.000000E+00 0.000000E+00
7.590000E-01 4.953802E+04 1.215640E+04 7.231575E+04 1.397890E+02 6.778054E+01 0.000000E+00 2.046609E-40 0.000000E+00 7.204468E+04 7.056617E+04 2.153363E+04 1.540439E+02 0.000000E+00 0.000000E+00
7.600000E-01 4.943798E+04 1.205508E+04 7.220863E+04 1.397890E+02 6.786384E+01 0.000000E+00 7.529053E-41 0.000000E+00 7.193777E+04 7.045011E+04 2.143984E+04 1.533729E+02 0.000000E+00 0.000000E+00
7.610000E-01 4.933714E+04 1.195368E+04 7.210167E+04 1.397890E+02 6.794714E+01 0.000000E+00 2.769784E-41 0.000000E+00 7.183101E+04 7.033434E+04 2.134469E+04 1.526923E+02 0.000000E+00 0.000000E+00
7.620000E-01 4.923557E+04 1.185245E+04 7.199487E+04 1.397890E+02 6.803044E+01 0.000000E+00 1.018946E-41 0.000000E+00 7.172438E+04 7.021889E+04 2.124845E+04 1.520038E+02 0.000000E+00 0.000000E+00
7.630000E-01 4.913335E+04 1.175161E+04 7.188822E+04 1.397890E+02 6.811374E+01 0.000000E+00 3.748495E-42 0.000000E+00 7.161790E+04 7.010381E+04 2.115134E+04 1.513091E+02 0.000000E+00 0.000000E+00
7.640000E-01 4.903057E+04 1.165139E+04 7.178173E+04 1.397890E+02 6.819704E+01 0.000000E+00 1.378994E-42 0.000000E+00 7.151156E+04 6.998914E+04 2.105361E+04 1.506100E+02 0.000000E+00 0.000000E+00
7.650000E-01 4.892731E+04 1.155203E+04 7.167539E+04 1.397890E+02 6.828034E+01 0.000000E+00 5.073036E-43 0.000000E+00 7.140536E+04 6.987492E+04 2.095551E+04 1.499082E+02 0.000000E+00 0.000000E+00
7.660000E-01 4.882366E+04 1.145384E+04 7.156921E+04 1.397890E+02 6.836364E+01 0.000000E+00 1.866266E-43 0.000000E+00 7.129931E+04 6.976120E+04 2.085737E+04 1.492061E+02 0.000000E+00 0.000000E+00
7.670000E-01 4.871973E+04 1.135704E+04 7.146317E+04 1.397890E+02 6.844694E+01 0.000000E+00 6.865607E-44 0.000000E+00 7.119340E+04 6.964800E+04 2.075942E+04 1.485054E+02 0.000000E+00 0.000000E+00
7.680000E-01 4.861559E+04 1.126186E+04 7.135730E+04 1.397890E+02 6.853024E+01 0.000000E+00 2.525716E-44 0.000000E+00 7.108763E+04 6.953537E+04 2.066193E+04 1.478080E+02 0.000000E+00 0.000000E+00
7.690000E-01 4.851135E+04 1.116860E+04 7.125157E+04 1.397890E+02 6.861354E+01 0.000000E+00 9.291589E-45 0.000000E+00 7.098200E+04 6.942334E+04 2.056521E+04 1.471162E+02 0.000000E+00 0.000000E+00
7.700000E-01 4.840711E+04 1.107749E+04 7.114600E+04 1.397890E+02 6.869684E+01 0.000000E+00 3.418185E-45 0.000000E+00 7.087652E+04 6.931195E+04 2.046956E+04 1.464319E+02 0.000000E+00 0.000000E+00
7.710000E-01 4.830297E+04 1.098871E+04 7.104058E+04 1.397890E+02 6.878014E+01 0.000000E+00 1.257480E-45 0.000000E+00 7.077119E+04 6.920123E+04 2.037516E+04 1.457566E+02 0.000000E+00 0.000000E+00
7.720000E-01 4.819902E+04 1.090245E+04 7.093531E+04 1.397890E+02 6.886344E+01 0.000000E+00 4.626010E-46 0.000000E+00 7.066600E+04 6.909121E+04 2.028225E+04 1.450919E+02 0.000000E+00 0.000000E+00
7.730000E-01 4.809536E+04 1.081890E+04 7.083020E+04 1.397890E+02 6.894674E+01 0.000000E+00 1.701814E-46 0.000000E+00 7.056096E+04 6.898192E+04 2.019107E+04 1.444397E+02 0.000000E+00 0.000000E+00
7.740000E-01 4.799209E+04 1.073852E+04 7.072524E+04 1.397890E+02 6.903004E+01 0.000000E+00 6.260624E-47 0.000000E+00 7.045606E+04 6.887339E+04 2.010212E+04 1.438034E+02 0.000000E+00 0.000000E+00
7.750000E-01 4.788932E+04 1.066131E+04 7.062042E+04 1.397890E+02 6.911334E+01 0.000000E+00 2.303155E-47 0.000000E+00 7.035131E+04 6.876564E+04 2.001546E+04 1.431834E+02 0.000000E+00 0.000000E+00
7.760000E-01 4.778713E+04 1.058739E+04 7.051576E+04 1.397890E+02 6.919664E+01 0.000000E+00 8.472833E-48 0.000000E+00 7.024671E+04 6.865869E+04 1.993124E+04 1.425809E+02 0.000000E+00 0.000000E+00
7.770000E-01 4.768563E+04 1.051691E+04 7.041125E+04 1.397890E+02 6.927994E+01 0.000000E+00 3.116981E-48 0.000000E+00 7.014226E+04 6.855257E+04 1.984968E+04 1.419975E+02 0.000000E+00 0.000000E+00
7.780000E-01 4.758490E+04 1.045007E+04 7.030689E+04 1.397890E+02 6.936324E+01 0.000000E+00 1.146673E-48 0.000000E+00 7.003796E+04 6.844729E+04 1.977103E+04 1.414348E+02 0.000000E+00 0.000000E+00
7.790000E-01 4.748505E+04 1.038737E+04 7.020268E+04 1.397890E+02 6.944654E+01 0.000000E+00 4.218375E-49 0.000000E+00 6.993381E+04 6.834286E+04 1.969584E+04 1.408969E+02 0.000000E+00 0.000000E+00
7.800000E-01 4.738616E+04 1.032853E+04 7.009862E+04 1.397890E+02 6.952984E+01 0.000000E+00 1.551853E-49 0.000000E+00 6.982981E+04 6.823930E+04 1.962391E+04 1.403824E+02 0.000000E+00 0.000000E+00
7.810000E-01 4.728831E+04 1.027367E+04 6.999471E+04 1.397890E+02 6.961314E+01 0.000000E+00 5.708950E-50 0.000000E+00 6.972596E+04 6.813662E+04 1.955540E+04 1.398923E+02 0.000000E+00 0.000000E+00
7.820000E-01 4.719160E+04 1.022287E+04 6.989095E+04 1.397890E+02 6.969644E+01 0.000000E+00 2.100205E-50 0.000000E+00 6.962227E+04 6.803483E+04 1.949047E+04 1.394278E+02 0.000000E+00 0.000000E+00
7.830000E-01 4.709610E+04 1.017647E+04 6.978734E+04 1.397890E+02 6.977974E+01 0.000000E+00 7.726223E-51 0.000000E+00 6.951873E+04 6.793393E+04 1.942951E+04 1.389917E+02 0.000000E+00 0.000000E+00
7.840000E-01 4.700189E+04 1.013462E+04 6.968388E+04 1.397890E+02 6.986304E+01 0.000000E+00 2.842319E-51 0.000000E+00 6.941534E+04 6.783391E+04 1.937275E+04 1.385857E+02 0.000000E+00 0.000000E+00
7.850000E-01 4.690904E+04 1.009706E+04 6.958057E+04 1.397890E+02 6.994634E+01 0.000000E+00 1.045631E-51 0.000000E+00 6.931211E+04 6.773479E+04 1.931998E+04 1.382082E+02 0.000000E+00 0.000000E+00
7.860000E-01 4.681762E+04 1.006381E+04 6.947740E+04 1.397890E+02 7.002964E+01 0.000000E+00 3.846660E-52 0.000000E+00 6.920903E+04 6.763655E+04 1.927131E+04 1.378600E+02 0.000000E+00 0.000000E+00
7.870000E-01 4.672769E+04 1.003490E+04 6.937439E+04 1.397890E+02 7.011294E+01 0.000000E+00 1.415107E-52 0.000000E+00 6.910611E+04 6.753920E+04 1.922682E+04 1.375418E+02 0.000000E+00 0.000000E+00
7.880000E-01 4.663932E+04 1.001081E+04 6.927152E+04 1.397890E+02 7.019624E+01 0.000000E+00 5.205888E-53 0.000000E+00 6.900335E+04 6.744271E+04 1.918705E+04 1.372573E+02 0.000000E+00 0.000000E+00
7.890000E-01 4.655256E+04 9.991243E+03 6.916881E+04 1.397890E+02 7.027954E+01 0.000000E+00 1.915139E-53 0.000000E+00 6.890075E+04 6.734708E+04 1.915180E+04 1.370051E+02 0.000000E+00 0.000000E+00
7.900000E-01 4.646745E+04 9.976014E+03 6.906624E+04 1.397890E+02 7.036284E+01 0.000000E+00 7.045404E-54 0.000000E+00 6.879831E+04 6.725229E+04 1.912092E+04 1.367842E+02 0.000000E+00 0.000000E+00
7.910000E-01 4.638404E+04 9.965077E+03 6.896382E+04 1.397890E+02 7.044614E+01 0.000000E+00 2.591859E-54 0.000000E+00 6.869603E+04 6.715834E+04 1.909445E+04 1.365948E+02 0.000000E+00 0.000000E+00
7.920000E-01 4.630237E+04 9.958393E+03 6.886155E+04 1.397890E+02 7.052944E+01 0.000000E+00 9.534917E-55 0.000000E+00 6.859390E+04 6.706518E+04 1.907240E+04 1.364371E+02 0.000000E+00 0.000000E+00
7.930000E-01 4.622247E+04 9.956553E+03 6.875943E+04 1.397890E+02 7.061274E+01 0.000000E+00 3.507700E-55 0.000000E+00 6.849194E+04 6.697282E+04 1.905544E+04 1.363158E+02 0.000000E+00 0.000000E+00
7.940000E-01 4.614437E+04 9.958815E+03 6.865746E+04 1.397890E+02 7.069604E+01 0.000000E+00 1.290411E-55 0.000000E+00 6.839014E+04 6.688121E+04 1.904289E+04 1.362260E+02 0.000000E+00 0.000000E+00
7.950000E-01 4.606808E+04 9.965098E+03 6.855563E+04 1.397890E+02 7.077934E+01 0.000000E+00 4.747156E-56 0.000000E+00 6.828851E+04 6.679034E+04 1.903472E+04 1.361675E+02 0.000000E+00 0.000000E+00
7.960000E-01 4.599363E+04 9.975295E+03 6.845395E+04 1.397890E+02 7.086264E+01 0.000000E+00 1.746381E-56 0.000000E+00 6.818703E+04 6.670018E+04 1.903089E+04 1.361402E+02 0.000000E+00 0.000000E+00
7.970000E-01 4.592102E+04 9.989477E+03 6.835243E+04 1.397890E+02 7.094594E+01 0.000000E+00 6.424577E-57 0.000000E+00 6.808572E+04 6.661069E+04 1.903153E+04 1.361447E+02 0.000000E+00 0.000000E+00
7.980000E-01 4.585026E+04 1.000778E+04 6.825105E+04 1.397890E+02 7.102924E+01 0.000000E+00 2.363470E-57 0.000000E+00 6.798458E+04 6.652184E+04 1.903683E+04 1.361826E+02 0.000000E+00 0.000000E+00
7.990000E-01 4.578134E+04 1.002961E+04 6.814981E+04 1.397890E+02 7.111254E+01 0.000000E+00 8.694719E-58 0.000000E+00 6.788359E+04 6.643360E+04 1.904625E+04 1.362500E+02 0.000000E+00 0.000000E+00
8.000000E-01 4.571425E+04 1.005482E+04 6.804873E+04 1.397890E+02 7.119584E+01 0.000000E+00 3.198608E-58 0.000000E+00 6.778278E+04 6.634594E+04 1.905969E+04 1.363462E+02 0.000000E+00 0.000000E+00
8.010000E-01 4.564898E+04 1.008326E+04 6.794780E+04 1.397890E+02 7.127914E+01 0.000000E+00 1.176702E-58 0.000000E+00 6.768212E+04 6.625882E+04 1.907706E+04 1.364704E+02 0.000000E+00 0.000000E+00
8.020000E-01 4.558551E+04 1.011508E+04 6.784701E+04 1.397890E+02 7.136244E+01 0.000000E+00 4.328846E-59 0.000000E+00 6.758164E+04 6.617219E+04 1.909854E+04 1.366241E+02 0.000000E+00 0.000000E+00
8.030000E-01 4.552382E+04 1.015001E+04 6.774637E+04 1.397890E+02 7.144574E+01 0.000000E+00 1.592493E-59 0.000000E+00 6.748131E+04 6.608602E+04 1.912391E+04 1.368056E+02 0.000000E+00 0.000000E+00
8.040000E-01 4.546387E+04 1.018761E+04 6.764588E+04 1.397890E+02 7.152904E+01 0.000000E+00 5.858456E-60 0.000000E+00 6.738116E+04 6.600028E+04 1.915279E+04 1.370122E+02 0.000000E+00 0.000000E+00
8.050000E-01 4.540562E+04 1.022772E+04 6.754554E+04 1.397890E+02 7.161234E+01 0.000000E+00 2.155205E-60 0.000000E+00 6.728117E+04 6.591491E+04 1.918502E+04 1.372427E+02 0.000000E+00 0.000000E+00
8.060000E-01 4.534904E+04 1.027013E+04 6.744535E+04 1.397890E+02 7.169564E+01 0.000000E+00 7.928557E-61 0.000000E+00 6.718134E+04 6.582988E+04 1.922046E+04 1.374963E+02 0.000000E+00 0.000000E+00
8.070000E-01 4.529408E+04 1.031502E+04 6.734531E+04 1.397890E+02 7.177894E+01 0.000000E+00 2.916753E-61 0.000000E+00 6.708168E+04 6.574515E+04 1.925930E+04 1.377741E+02 0.000000E+00 0.000000E+00
8.080000E-01 4.524068E+04 1.036185E+04 6.724541E+04 1.397890E+02 7.186224E+01 0.000000E+00 1.073014E-61 0.000000E+00 6.698218E+04 6.566066E+04 1.930103E+04 1.380726E+02 0.000000E+00 0.000000E+00
8.090000E-01 4.518879E+04 1.041034E+04 6.714566E+04 1.397890E+02 7.194554E+01 0.000000E+00 3.947396E-62 0.000000E+00 6.688285E+04 6.557639E+04 1.934540E+04 1.383901E+02 0.000000E+00 0.000000E+00
8.100000E-01 4.513836E+04 1.046029E+04 6.704606E+04 1.397890E+02 7.202884E+01 0.000000E+00 1.452166E-62 0.000000E+00 6.678369E+04 6.549229E+04 1.939223E+04 1.387251E+02 0.000000E+00 0.000000E+00
8.110000E-01 4.508931E+04 1.051154E+04 6.694661E+04 1.397890E+02 7.211214E+01 0.000000E+00 5.342220E-63 0.000000E+00 6.668469E+04 6.540832E+04 1.944138E+04 1.390767E+02 0.000000E+00 0.000000E+00
8.120000E-01 4.504158E+04 1.056407E+04 6.684731E+04 1.397890E+02 7.219544E+01 0.000000E+00 1.965293E-63 0.000000E+00 6.658585E+04 6.532443E+04 1.949284E+04 1.394448E+02 0.000000E+00 0.000000E+00
8.130000E-01 4.499510E+04 1.061738E+04 6.674816E+04 1.397890E+02 7.227874E+01 0.000000E+00 7.229908E-64 0.000000E+00 6.648718E+04 6.524058E+04 1.954612E+04 1.398260E+02 0.000000E+00 0.000000E+00
8.140000E-01 4.494979E+04 1.067128E+04 6.664915E+04 1.397890E+02 7.236204E+01 0.000000E+00 2.659735E-64 0.000000E+00 6.638867E+04 6.515674E+04 1.960104E+04 1.402188E+02 0.000000E+00 0.000000E+00
8.150000E-01 4.490558E+04 1.072556E+04 6.655029E+04 1.397890E+02 7.244534E+01 0.000000E+00 9.784617E-65 0.000000E+00 6.629033E+04 6.507286E+04 1.965739E+04 1.406219E+02 0.000000E+00 0.000000E+00
8.160000E-01 4.486239E+04 1.078007E+04 6.645159E+04 1.397890E+02 7.252864E+01 0.000000E+00 3.599559E-65 0.000000E+00 6.619214E+04 6.498891E+04 1.971503E+04 1.410343E+02 0.000000E+00 0.000000E+00
8.170000E-01 4.482013E+04 1.083461E+04 6.635303E+04 1.397890E+02 7.261194E+01 0.000000E+00 1.324204E-65 0.000000E+00 6.609412E+04 6.490485E+04 1.977375E+04 1.414543E+02 0.000000E+00 0.000000E+00
8.180000E-01 4.477873E+04 1.088888E+04 6.625461E+04 1.397890E+02 7.269524E+01 0.000000E+00 4.871474E-66 0.000000E+00 6.599626E+04 6.482065E+04 1.983325E+04 1.418799E+02 0.000000E+00 0.000000E+00
8.190000E-01 4.473809E+04 1.094269E+04 6.615635E+04 1.397890E+02 7.277854E+01 0.000000E+00 1.792115E-66 0.000000E+00 6.589856E+04 6.473626E+04 1.989332E+04 1.423097E+02 0.000000E+00 0.000000E+00
8.200000E-01 4.469814E+04 1.099585E+04 6.605823E+04 1.397890E+02 7.286184E+01 0.000000E+00 6.592823E-67 0.000000E+00 6.580102E+04 6.465166E+04 1.995377E+04 1.427421E+02 0.000000E+00 0.000000E+00
8.210000E-01 4.465878E+04 1.104819E+04 6.596027E+04 1.397890E+02 7.294514E+01 0.000000E+00 2.425364E-67 0.000000E+00 6.570364E+04 6.456682E+04 2.001442E+04 1.431760E+02 0.000000E+00 0.000000E+00
8.220000E-01 4.461992E+04 1.109950E+04 6.586245E+04 1.397890E+02 7.302844E+01 0.000000E+00 8.922416E-68 0.000000E+00 6.560642E+04 6.448170E+04 2.007502E+04 1.436095E+02 0.000000E+00 0.000000E+00
8.230000E-01 4.458149E+04 1.114960E+04 6.576477E+04 1.397890E+02 7.311174E+01 0.000000E+00 3.282373E-68 0.000000E+00 6.550935E+04 6.439628E+04 2.013540E+04 1.440414E+02 0.000000E+00 0.000000E+00
8.240000E-01 4.454340E+04 1.119834E+04 6.566725E+04 1.397890E+02 7.319504E+01 0.000000E+00 1.207518E-68 0.000000E+00 6.541244E+04 6.431054E+04 2.019536E+04 1.444704E+02 0.000000E+00 0.000000E+00
8.250000E-01 4.450555E+04 1.124558E+04 6.556987E+04 1.397890E+02 7.327834E+01 0.000000E+00 4.442209E-69 0.000000E+00 6.531569E+04 6.422445E+04 2.025475E+04 1.448952E+02 0.000000E+00 0.000000E+00
8.260000E-01 4.446787E+04 1.129105E+04 6.547265E+04 1.397890E+02 7.336164E+01 0.000000E+00 1.634197E-69 0.000000E+00 6.521909E+04 6.413800E+04 2.031327E+04 1.453138E+02 0.000000E+00 0.000000E+00
8.270000E-01 4.443027E+04 1.133470E+04 6.537556E+04 1.397890E+02 7.344494E+01 0.000000E+00 6.011877E-70 0.000000E+00 6.512264E+04 6.405116E+04 2.037085E+04 1.457257E+02 0.000000E+00 0.000000E+00
8.280000E-01 4.439267E+04 1.137643E+04 6.527863E+04 1.397890E+02 7.352824E+01 0.000000E+00 2.211646E-70 0.000000E+00 6.502635E+04 6.396391E+04 2.042734E+04 1.461298E+02 0.000000E+00 0.000000E+00
8.290000E-01 4.435499E+04 1.141612E+04 6.518184E+04 1.397890E+02 7.361154E+01 0.000000E+00 8.136190E-71 0.000000E+00 6.493020E+04 6.387625E+04 2.048260E+04 1.465252E+02 0.000000E+00 0.000000E+00
8.300000E-01 4.431715E+04 1.145363E+04 6.508520E+04 1.397890E+02 7.369484E+01 0.000000E+00 2.993137E-71 0.000000E+00 6.483421E+04 6.378816E+04 2.053645E+04 1.469104E+02 0.000000E+00 0.000000E+00
8.310000E-01 4.427907E+04 1.148875E+04 6.498871E+04 1.397890E+02 7.377814E+01 0.000000E+00 1.101114E-71 0.000000E+00 6.473837E+04 6.369964E+04 2.058865E+04 1.472838E+02 0.000000E+00 0.000000E+00
8.320000E-01 4.424069E+04 1.152155E+04 6.489237E+04 1.397890E+02 7.386144E+01 0.000000E+00 4.050771E-72 0.000000E+00 6.464267E+04 6.361067E+04 2.063923E+04 1.476457E+02 0.000000E+00 0.000000E+00
8.330000E-01 4.420194E+04 1.155197E+04 6.479617E+04 1.397890E+02 7.394474E+01 0.000000E+00 1.490195E-72 0.000000E+00 6.454713E+04 6.352126E+04 2.068810E+04 1.479953E+02 0.000000E+00 0.000000E+00
8.340000E-01 4.416274E+04 1.157997E+04 6.470011E+04 1.397890E+02 7.402804E+01 0.000000E+00 5.482122E-73 0.000000E+00 6.445173E+04 6.343140E+04 2.073517E+04 1.483320E+02 0.000000E+00 0.000000E+00
8.350000E-01 4.412304E+04 1.160534E+04 6.460421E+04 1.397890E+02 7.411134E+01 0.000000E+00 2.016760E-73 0.000000E+00 6.435647E+04 6.334109E+04 2.078020E+04 1.486541E+02 0.000000E+00 0.000000E+00
8.360000E-01 4.408279E+04 1.162808E+04 6.450844E+04 1.397890E+02 7.419464E+01 0.000000E+00 7.419245E-74 0.000000E+00 6.426136E+04 6.325034E+04 2.082313E+04 1.489612E+02 0.000000E+00 0.000000E+00
8.370000E-01 4.404191E+04 1.164829E+04 6.441283E+04 1.397890E+02 7.427794E+01 0.000000E+00 2.729388E-74 0.000000E+00 6.416639E+04 6.315915E+04 2.086406E+04 1.492540E+02 0.000000E+00 0.000000E+00
8.380000E-01 4.400037E+04 1.166598E+04 6.431736E+04 1.397890E+02 7.436124E+01 0.000000E+00 1.004086E-74 0.000000E+00 6.407157E+04 6.306753E+04 2.090292E+04 1.495320E+02 0.000000E+00 0.000000E+00
8.390000E-01 4.395813E+04 1.168114E+04 6.422203E+04 1.397890E+02 7.444454E+01 0.000000E+00 3.693825E-75 0.000000E+00 6.397689E+04 6.297550E+04 2.093968E+04 1.497950E+02 0.000000E+00 0.000000E+00
8.400000E-01 4.391513E+04 1.169354E+04 6.412685E+04 1.397890E+02 7.452784E+01 0.000000E+00 1.358882E-75 0.000000E+00 6.388234E+04 6.288306E+04 2.097406E+04 1.500409E+02 0.000000E+00 0.000000E+00
8.410000E-01 4.387134E+04 1.170340E+04 6.403182E+04 1.397890E+02 7.461114E+01 0.000000E+00 4.999048E-76 0.000000E+00 6.378794E+04 6.279022E+04 2.100627E+04 1.502713E+02 0.000000E+00 0.000000E+00
8.420000E-01 4.382673E+04 1.171084E+04 6.393692E+04 1.397890E+02 7.469444E+01 0.000000E+00 1.839047E-76 0.000000E+00 6.369367E+04 6.269701E+04 2.103635E+04 1.504865E+02 0.000000E+00 0.000000E+00
8.430000E-01 4.378127E+04 1.171588E+04 6.384218E+04 1.397890E+02 7.477774E+01 0.000000E+00 6.765476E-77 0.000000E+00 6.359955E+04 6.260345E+04 2.106432E+04 1.506866E+02 0.000000E+00 0.000000E+00
8.440000E-01 4.373494E+04 1.171856E+04 6.374757E+04 1.397890E+02 7.486104E+01 0.000000E+00 2.488879E-77 0.000000E+00 6.350555E+04 6.250955E+04 2.109015E+04 1.508714E+02 0.000000E+00 0.000000E+00
8.450000E-01 4.368772E+04 1.171871E+04 6.365311E+04 1.397890E+02 7.494434E+01 0.000000E+00 9.156076E-78 0.000000E+00 6.341170E+04 6.241533E+04 2.111367E+04 1.510396E+02 0.000000E+00 0.000000E+00
8.460000E-01 4.363960E+04 1.171670E+04 6.355879E+04 1.397890E+02 7.502764E+01 0.000000E+00 3.368332E-78 0.000000E+00 6.331798E+04 6.232082E+04 2.113519E+04 1.511935E+02 0.000000E+00 0.000000E+00
8.470000E-01 4.359057E+04 1.171260E+04 6.346462E+04 1.397890E+02 7.511094E+01 0.000000E+00 1.239140E-78 0.000000E+00 6.322440E+04 6.222605E+04 2.115475E+04 1.513335E+02 0.000000E+00 0.000000E+00
8.480000E-01 4.354063E+04 1.170650E+04 6.337059E+04 1.397890E+02 7.519424E+01 0.000000E+00 4.558542E-79 0.000000E+00 6.313094E+04 6.213104E+04 2.117243E+04 1.514600E+02 0.000000E+00 0.000000E+00
8.490000E-01 4.348977E+04 1.169840E+04 6.327670E+04 1.397890E+02 7.527754E+01 0.000000E+00 1.676994E-79 0.000000E+00 6.303763E+04 6.203582E+04 2.118819E+04 1.515727E+02 0.000000E+00 0.000000E+00
8.500000E-01 4.343801E+04 1.168839E+04 6.318295E+04 1.397890E+02 7.536084E+01 0.000000E+00 6.169315E-80 0.000000E+00 6.294444E+04 6.194041E+04 2.120207E+04 1.516720E+02 0.000000E+00 0.000000E+00
8.510000E-01 4.338535E+04 1.167672E+04 6.308934E+04 1.397890E+02 7.544414E+01 0.000000E+00 2.269564E-80 0.000000E+00 6.285139E+04 6.184485E+04 2.121433E+04 1.517597E+02 0.000000E+00 0.000000E+00
8.520000E-01 4.333181E+04 1.166352E+04 6.299588E+04 1.397890E+02 7.552744E+01 0.000000E+00 8.349260E-81 0.000000E+00 6.275846E+04 6.174916E+04 2.122505E+04 1.518364E+02 0.000000E+00 0.000000E+00
8.530000E-01 4.327741E+04 1.164890E+04 6.290255E+04 1.397890E+02 7.561074E+01 0.000000E+00 3.071521E-81 0.000000E+00 6.266567E+04 6.165339E+04 2.123434E+04 1.519028E+02 0.000000E+00 0.000000E+00
8.540000E-01 4.322216E+04 1.163287E+04 6.280937E+04 1.397890E+02 7.569404E+01 0.000000E+00 1.129950E-81 0.000000E+00 6.257301E+04 6.155755E+04 2.124218E+04 1.519589E+02 0.000000E+00 0.000000E+00
8.550000E-01 4.316610E+04 1.161566E+04 6.271632E+04 1.397890E+02 7.577734E+01 0.000000E+00 4.156852E-82 0.000000E+00 6.248048E+04 6.146168E+04 2.124877E+04 1.520061E+02 0.000000E+00 0.000000E+00
8.560000E-01 4.310925E+04 1.159746E+04 6.262342E+04 1.397890E+02 7.586064E+01 0.000000E+00 1.529220E-82 0.000000E+00 6.238808E+04 6.136582E+04 2.125430E+04 1.520457E+02 0.000000E+00 0.000000E+00
8.570000E-01 4.305165E+04 1.157839E+04 6.253066E+04 1.397890E+02 7.594394E+01 0.000000E+00 5.625687E-83 0.000000E+00 6.229581E+04 6.126998E+04 2.125889E+04 1.520784E+02 0.000000E+00 0.000000E+00
8.580000E-01 4.299334E+04 1.155860E+04 6.243803E+04 1.397890E+02 7.602724E+01 0.000000E+00 2.069575E-83 0.000000E+00 6.220367E+04 6.117422E+04 2.126265E+04 1.521054E+02 0.000000E+00 0.000000E+00
8.590000E-01 4.293436E+04 1.153812E+04 6.234554E+04 1.397890E+02 7.611054E+01 0.000000E+00 7.613540E-84 0.000000E+00 6.211165E+04 6.107855E+04 2.126563E+04 1.521267E+02 0.000000E+00 0.000000E+00
8.600000E-01 4.287474E+04 1.151723E+04 6.225320E+04 1.397890E+02 7.619384E+01 0.000000E+00 2.800865E-84 0.000000E+00 6.201977E+04 6.098300E+04 2.126808E+04 1.521442E+02 0.000000E+00 0.000000E+00
8.610000E-01 4.281454E+04 1.149604E+04 6.216099E+04 1.397890E+02 7.627714E+01 0.000000E+00 1.030381E-84 0.000000E+00 6.192801E+04 6.088762E+04 2.127012E+04 1.521588E+02 0.000000E+00 0.000000E+00
8.620000E-01 4.275379E+04 1.147469E+04 6.206891E+04 1.397890E+02 7.636044E+01 0.000000E+00 3.790558E-85 0.000000E+00 6.183639E+04 6.079242E+04 2.127188E+04 1.521714E+02 0.000000E+00 0.000000E+00
8.630000E-01 4.269256E+04 1.145331E+04 6.197698E+04 1.397890E+02 7.644374E+01 0.000000E+00 1.394468E-85 0.000000E+00 6.174489E+04 6.069743E+04 2.127350E+04 1.521830E+02 0.000000E+00 0.000000E+00
8.640000E-01 4.263089E+04 1.143204E+04 6.188518E+04 1.397890E+02 7.652704E+01 0.000000E+00 5.129963E-86 0.000000E+00 6.165352E+04 6.060269E+04 2.127512E+04 1.521946E+02 0.000000E+00 0.000000E+00
8.650000E-01 4.256883E+04 1.141102E+04 6.179352E+04 1.397890E+02 7.661034E+01 0.000000E+00 1.887208E-86 0.000000E+00 6.156227E+04 6.050821E+04 2.127688E+04 1.522072E+02 0.000000E+00 0.000000E+00
8.660000E-01 4.250643E+04 1.139036E+04 6.170200E+04 1.397890E+02 7.669364E+01 0.000000E+00 6.942650E-87 0.000000E+00 6.147116E+04 6.041403E+04 2.127890E+04 1.522216E+02 0.000000E+00 0.000000E+00
8.670000E-01 4.244375E+04 1.137018E+04 6.161061E+04 1.397890E+02 7.677694E+01 0.000000E+00 2.554058E-87 0.000000E+00 6.138018E+04 6.032017E+04 2.128131E+04 1.522389E+02 0.000000E+00 0.000000E+00
8.680000E-01 4.238085E+04 1.135064E+04 6.151936E+04 1.397890E+02 7.686024E+01 0.000000E+00 9.395855E-88 0.000000E+00 6.128932E+04 6.022665E+04 2.128427E+04 1.522600E+02 0.000000E+00 0.000000E+00
8.690000E-01 4.231778E+04 1.133184E+04 6.142825E+04 1.397890E+02 7.694354E+01 0.000000E+00 3.456542E-88 0.000000E+00 6.119859E+04 6.013349E+04 2.128790E+04 1.522860E+02 0.000000E+00 0.000000E+00
8.700000E-01 4.225459E+04 1.131384E+04 6.133727E+04 1.397890E+02 7.702684E+01 0.000000E+00 1.271591E-88 0.000000E+00 6.110799E+04 6.004071E+04 2.129229E+04 1.523174E+02 0.000000E+00 0.000000E+00
8.710000E-01 4.219134E+04 1.129674E+04 6.124643E+04 1.397890E+02 7.711014E+01 0.000000E+00 4.677921E-89 0.000000E+00 6.101753E+04 5.994833E+04 2.129752E+04 1.523548E+02 0.000000E+00 0.000000E+00
8.720000E-01 4.212807E+04 1.128061E+04 6.115572E+04 1.397890E+02 7.719344E+01 0.000000E+00 1.720911E-89 0.000000E+00 6.092719E+04 5.985636E+04 2.130369E+04 1.523989E+02 0.000000E+00 0.000000E+00
8.730000E-01 4.206485E+04 1.126566E+04 6.106514E+04 1.397890E+02 7.727674E+01 0.000000E+00 6.330877E-90 0.000000E+00 6.083698E+04 5.976481E+04 2.131103E+04 1.524515E+02 0.000000E+00 0.000000E+00
8.740000E-01 4.200172E+04 1.125187E+04 6.097470E+04 1.397890E+02 7.736004E+01 0.000000E+00 2.329000E-90 0.000000E+00 6.074690E+04 5.967371E+04 2.131954E+04 1.525123E+02 0.000000E+00 0.000000E+00
8.750000E-01 4.193874E+04 1.123925E+04 6.088440E+04 1.397890E+02 7.744334E+01 0.000000E+00 8.567911E-91 0.000000E+00 6.065695E+04 5.958305E+04 2.132925E+04 1.525818E+02 0.000000E+00 0.000000E+00
8.760000E-01 4.187595E+04 1.122785E+04 6.079422E+04 1.397890E+02 7.752664E+01 0.000000E+00 3.151958E-91 0.000000E+00 6.056713E+04 5.949285E+04 2.134022E+04 1.526603E+02 0.000000E+00 0.000000E+00
8.770000E-01 4.181339E+04 1.121775E+04 6.070419E+04 1.397890E+02 7.760994E+01 0.000000E+00 1.159541E-91 0.000000E+00 6.047744E+04 5.940311E+04 2.135256E+04 1.527486E+02 0.000000E+00 0.000000E+00
8.780000E-01 4.175111E+04 1.120913E+04 6.061428E+04 1.397890E+02 7.769324E+01 0.000000E+00 4.265711E-92 0.000000E+00 6.038789E+04 5.931384E+04 2.136646E+04 1.528480E+02 0.000000E+00 0.000000E+00
8.790000E-01 4.168916E+04 1.120182E+04 6.052451E+04 1.397890E+02 7.777654E+01 0.000000E+00 1.569268E-92 0.000000E+00 6.029846E+04 5.922504E+04 2.138178E+04 1.529576E+02 0.000000E+00 0.000000E+00
8.800000E-01 4.162756E+04 1.119584E+04 6.043487E+04 1.397890E+02 7.785984E+01 0.000000E+00 5.773013E-93 0.000000E+00 6.020917E+04 5.913670E+04 2.139856E+04 1.530776E+02 0.000000E+00 0.000000E+00
8.810000E-01 4.156636E+04 1.119119E+04 6.034537E+04 1.397890E+02 7.794314E+01 0.000000E+00 2.123773E-93 0.000000E+00 6.012001E+04 5.904883E+04 2.141682E+04 1.532082E+02 0.000000E+00 0.000000E+00
8.820000E-01 4.150559E+04 1.118795E+04 6.025599E+04 1.397890E+02 7.802644E+01 0.000000E+00 7.812923E-94 0.000000E+00 6.003098E+04 5.896142E+04 2.143666E+04 1.533502E+02 0.000000E+00 0.000000E+00
8.830000E-01 4.144527E+04 1.118614E+04 6.016675E+04 1.397890E+02 7.810974E+01 0.000000E+00 2.874214E-94 0.000000E+00 5.994208E+04 5.887447E+04 2.145813E+04 1.535037E+02 0.000000E+00 0.000000E+00
8.840000E-01 4.138543E+04 1.118561E+04 6.007765E+04 1.397890E+02 7.819304E+01 0.000000E+00 1.057364E-94 0.000000E+00 5.985332E+04 5.878797E+04 2.148107E+04 1.536679E+02 0.000000E+00 0.000000E+00
8.850000E-01 4.132610E+04 1.118630E+04 5.998867E+04 1.397890E+02 7.827634E+01 0.000000E+00 3.889825E-95 0.000000E+00 5.976469E+04 5.870190E+04 2.150548E+04 1.538425E+02 0.000000E+00 0.000000E+00
8.860000E-01 4.126730E+04 1.118820E+04 5.989983E+04 1.397890E+02 7.835964E+01 0.000000E+00 1.430987E-95 0.000000E+00 5.967619E+04 5.861626E+04 2.153134E+04 1.540275E+02 0.000000E+00 0.000000E+00
8.870000E-01 4.120903E+04 1.119138E+04 5.981112E+04 1.397890E+02 7.844294E+01 0.000000E+00 5.264306E-96 0.000000E+00 5.958782E+04 5.853103E+04 2.155874E+04 1.542235E+02 0.000000E+00 0.000000E+00
8.880000E-01 4.115132E+04 1.119568E+04 5.972254E+04 1.397890E+02 7.852624E+01 0.000000E+00 1.936630E-96 0.000000E+00 5.949959E+04 5.844621E+04 2.158756E+04 1.544296E+02 0.000000E+00 0.000000E+00
8.890000E-01 4.109416E+04 1.120099E+04 5.963409E+04 1.397890E+02 7.860954E+01 0.000000E+00 7.124464E-97 0.000000E+00 5.941150E+04 5.836176E+04 2.161767E+04 1.546450E+02 0.000000E+00 0.000000E+00
8.900000E-01 4.103757E+04 1.120721E+04 5.954577E+04 1.397890E+02 7.869284E+01 0.000000E+00 2.620944E-97 0.000000E+00 5.932353E+04 5.827768E+04 2.164901E+04 1.548693E+02 0.000000E+00 0.000000E+00
8.910000E-01 4.098154E+04 1.121428E+04 5.945758E+04 1.397890E+02 7.877614E+01 0.000000E+00 9.641913E-98 0.000000E+00 5.923570E+04 5.819394E+04 2.168152E+04 1.551018E+02 0.000000E+00 0.000000E+00
8.920000E-01 4.092607E+04 1.122225E+04 5.936953E+04 1.397890E+02 7.885944E+01 0.000000E+00 3.547062E-98 0.000000E+00 5.914801E+04 5.811053E+04 2.171528E+04 1.553433E+02 0.000000E+00 0.000000E+00
8.930000E-01 4.087115E+04 1.123086E+04 5.928160E+04 1.397890E+02 7.894274E+01 0.000000E+00 1.304891E-98 0.000000E+00 5.906045E+04 5.802743E+04 2.175001E+04 1.555918E+02 0.000000E+00 0.000000E+00
8.940000E-01 4.081678E+04 1.124000E+04 5.919381E+04 1.397890E+02 7.902604E+01 0.000000E+00 4.800426E-99 0.000000E+00 5.897302E+04 5.794460E+04 2.178563E+04 1.558466E+02 0.000000E+00 0.000000E+00
8.950000E-01 4.076294E+04 1.124958E+04 5.910615E+04 1.397890E+02 7.910934E+01 0.000000E+00 1.765978E-99 0.000000E+00 5.888573E+04 5.786204E+04 2.182205E+04 1.561071E+02 0.000000E+00 0.000000E+00
8.960000E-01 4.070960E+04 1.125950E+04 5.901861E+04 1.397890E+02 7.919264E+01 0.000000E+00 0.000000E+00 0.000000E+00 5.879857E+04 5.777971E+04 2.185918E+04 1.563727E+02 0.000000E+00 0.000000E+00
8.970000E-01 4.065676E+04 1.126968E+04 5.893121E+04 1.397890E+02 7.927594E+01 0.000000E+00 0.000000E+00 0.000000E+00 5.871154E+04 5.769759E+04 2.189693E+04 1.566428E+02 0.000000E+00 0.000000E+00
8.980000E-01 4.060438E+04 1.127993E+04 5.884394E+04 1.397890E+02 7.935924E+01 0.000000E+00 0.000000E+00 0.000000E+00 5.862465E+04 5.761566E+04 2.193512E+04 1.569160E+02 0.000000E+00 0.000000E+00
8.990000E-01 4.055244E+04 1.129012E+04 5.875679E+04 1.397890E+02 7.944254E+01 0.000000E+00 0.000000E+00 0.000000E+00 5.853789E+04 5.753388E+04 2.197363E+04 1.571914E+02 0.000000E+00 0.000000E+00
9.000000E-01 4.050091E+04 1.130015E+04 5.866978E+04 1.397890E+02 7.952584E+01 0.000000E+00 0.000000E+00 0.000000E+00 5.845127E+04 5.745224E+04 2.201233E+04 1.574683E+02 0.000000E+00 0.000000E+00
9.010000E-01 4.044976E+04 1.130989E+04 5.858290E+04 1.397890E+02 7.960914E+01 0.000000E+00 0.000000E+00 0.000000E+00 5.836478E+04 5.737072E+04 2.205109E+04 1.577456E+02 0.000000E+00 0.000000E+00
9.020000E-01 4.039894E+04 1.131919E+04 5.849615E+04 1.397890E+02 7.969244E+01 0.000000E+00 0.000000E+00 0.000000E+00 5.827842E+04 5.728927E+04 2.208977E+04 1.580223E+02 0.000000E+00 0.000000E+00
9.030000E-01 4.034843E+04 1.132793E+04 5.840952E+04 1.397890E+02 7.977574E+01 0.000000E+00 0.000000E+00 0.000000E+00 5.819219E+04 5.720789E+04 2.212823E+04 1.582974E+02 0.000000E+00 0.000000E+00
9.040000E-01 4.029817E+04 1.133599E+04 5.832303E+04 1.397890E+02 7.985904E+01 0.000000E+00 0.000000E+00 0.000000E+00 5.810610E+04 5.712653E+04 2.216634E+04 1.585701E+02 0.000000E+00 0.000000E+00
9.050000E-01 4.024814E+04 1.134325E+04 5.823666E+04 1.397890E+02 7.994234E+01 0.000000E+00 0.000000E+00 0.000000E+00 5.802014E+04 5.704519E+04 2.220397E+04 1.588393E+02 0.000000E+00 0.000000E+00
9.060000E-01 4.019828E+04 1.134951E+04 5.815042E+04 1.397890E+02 8.002564E+01 0.000000E+00 0.000000E+00 0.000000E+00 5.793431E+04 5.696384E+04 2.224090E+04 1.591034E+02 0.000000E+00 0.000000E+00
9.070000E-01 4.014856E+04 1.135469E+04 5.806432E+04 1.397890E+02 8.010894E+01 0.000000E+00 0.000000E+00 0.000000E+00 5.784861E+04 5.688244E+04 2.227704E+04 1.593620E+02 0.000000E+00 0.000000E+00
9.080000E-01 4.009892E+04 1.135872E+04 5.797834E+04 1.397890E+02 8.019224E+01 0.000000E+00 0.000000E+00 0.000000E+00 5.776304E+04 5.680099E+04 2.231229E+04 1.596141E+02 0.000000E+00 0.000000E+00
9.090000E-01 4.004932E+04 1.136147E+04 5.789249E+04 1.397890E+02 8.027554E+01 0.000000E+00 0.000000E+00 0.000000E+00 5.767760E+04 5.671946E+04 2.234651E+04 1.598589E+02 0.000000E+00 0.000000E+00
9.100000E-01 3.999970E+04 1.136283E+04 5.780676E+04 1.397890E+02 8.035884E+01 0.000000E+00 0.000000E+00 0.000000E+00 5.759229E+04 5.663783E+04 2.237956E+04 1.600953E+02 0.000000E+00 0.000000E+00
9.110000E-01 3.995003E+04 1.136255E+04 5.772117E+04 1.397890E+02 8.044214E+01 0.000000E+00 0.000000E+00 0.000000E+00 5.750711E+04 5.655607E+04 2.241116E+04 1.603214E+02 0.000000E+00 0.000000E+00
9.120000E-01 3.990025E+04 1.136068E+04 5.763570E+04 1.397890E+02 8.052544E+01 0.000000E+00 0.000000E+00 0.000000E+00 5.742206E+04 5.647419E+04 2.244136E+04 1.605374E+02 0.000000E+00 0.000000E+00
9.130000E-01 3.985032E+04 1.135716E+04 5.755037E+04 1.397890E+02 8.060874E+01 0.000000E+00 0.000000E+00 0.000000E+00 5.733713E+04 5.639215E+04 2.247005E+04 1.607426E+02 0.000000E+00 0.000000E+00
9.140000E-01 3.980018E+04 1.135189E+04 5.746516E+04 1.397890E+02 8.069204E+01 0.000000E+00 0.000000E+00 0.000000E+00 5.725233E+04 5.630994E+04 2.249711E+04 1.609363E+02 0.000000E+00 0.000000E+00
9.150000E-01 3.974979E+04 1.134470E+04 5.738007E+04 1.397890E+02 8.077534E+01 0.000000E+00 0.000000E+00 0.000000E+00 5.716766E+04 5.622755E+04 2.252234E+04 1.611168E+02 0.000000E+00 0.000000E+00
9.160000E-01 3.969911E+04 1.133548E+04 5.729512E+04 1.397890E+02 8.085864E+01 0.000000E+00 0.000000E+00 0.000000E+00 5.708312E+04 5.614497E+04 2.254560E+04 1.612831E+02 0.000000E+00 0.000000E+00
9.170000E-01 3.964808E+04 1.132431E+04 5.721029E+04 1.397890E+02 8.094194E+01 0.000000E+00 0.000000E+00 0.000000E+00 5.699870E+04 5.606218E+04 2.256695E+04 1.614358E+02 0.000000E+00 0.000000E+00
9.180000E-01 3.959667E+04 1.131116E+04 5.712558E+04 1.397890E+02 8.102524E+01 0.000000E+00 0.000000E+00 0.000000E+00 5.691440E+04 5.597919E+04 2.258630E+04 1.615743E+02 0.000000E+00 0.000000E+00
9.190000E-01 3.954484E+04 1.129599E+04 5.704101E+04 1.397890E+02 8.110854E+01 0.000000E+00 0.000000E+00 0.000000E+00 5.683023E+04 5.589598E+04 2.260360E+04 1.616981E+02 0.000000E+00 0.000000E+00
9.200000E-01 3.949253E+04 1.127853E+04 5.695656E+04 1.397890E+02 8.119184E+01 0.000000E+00 0.000000E+00 0.000000E+00 5.674618E+04 5.581255E+04 2.261856E+04 1.618050E+02 0.000000E+00 0.000000E+00
9.210000E-01 3.943972E+04 1.125890E+04 5.687224E+04 1.397890E+02 8.127514E+01 0.000000E+00 0.000000E+00 0.000000E+00 5.666226E+04 5.572889E+04 2.263124E+04 1.618958E+02 0.000000E+00 0.000000E+00
9.220000E-01 3.938638E+04 1.123719E+04 5.678804E+04 1.397890E+02 8.135844E+01 0.000000E+00 0.000000E+00 0.000000E+00 5.657845E+04 5.564501E+04 2.264170E+04 1.619706E+02 0.000000E+00 0.000000E+00
9.230000E-01 3.933245E+04 1.121338E+04 5.670397E+04 1.397890E+02 8.144174E+01 0.000000E+00 0.000000E+00 0.000000E+00 5.649477E+04 5.556091E+04 2.264990E+04 1.620293E+02 0.000000E+00 0.000000E+00
9.240000E-01 3.927793E+04 1.118750E+04 5.662002E+04 1.397890E+02 8.152504E+01 0.000000E+00 0.000000E+00 0.000000E+00 5.641121E+04 5.547659E+04 2.265583E+04 1.620717E+02 0.000000E+00 0.000000E+00
9.250000E-01 3.922277E+04 1.115921E+04 5.653620E+04 1.397890E+02 8.160834E+01 0.000000E+00 0.000000E+00 0.000000E+00 5.632777E+04 5.539205E+04 2.265912E+04 1.620952E+02 0.000000E+00 0.000000E+00
9.260000E-01 3.916696E+04 1.112888E+04 5.645250E+04 1.397890E+02 8.169164E+01 0.000000E+00 0.000000E+00 0.000000E+00 5.624445E+04 5.530730E+04 2.266012E+04 1.621023E+02 0.000000E+00 0.000000E+00
9.270000E-01 3.911047E+04 1.109656E+04 5.636893E+04 1.397890E+02 8.177494E+01 0.000000E+00 0.000000E+00 0.000000E+00 5.616124E+04 5.522235E+04 2.265881E+04 1.620930E+02 0.000000E+00 0.000000E+00
9.280000E-01 3.905329E+04 1.106228E+04 5.628549E+04 1.397890E+02 8.185824E+01 0.000000E+00 0.000000E+00 0.000000E+00 5.607815E+04 5.513720E+04 2.265524E+04 1.620674E+02 0.000000E+00 0.000000E+00
9.290000E-01 3.899540E+04 1.102602E+04 5.620216E+04 1.397890E+02 8.194154E+01 0.000000E+00 0.000000E+00 0.000000E+00 5.599519E+04 5.505188E+04 2.264931E+04 1.620250E+02 0.000000E+00 0.000000E+00
9.300000E-01 3.893679E+04 1.098769E+04 5.611897E+04 1.397890E+02 8.202484E+01 0.000000E+00 0.000000E+00 0.000000E+00 5.591233E+04 5.496640E+04 2.264094E+04 1.619651E+02 0.000000E+00 0.000000E+00
9.310000E-01 3.887746E+04 1.094760E+04 5.603589E+04 1.397890E+02 8.210814E+01 0.000000E+00 0.000000E+00 0.000000E+00 5.582960E+04 5.488076E+04 2.263040E+04 1.618897E+02 0.000000E+00 0.000000E+00
9.320000E-01 3.881740E+04 1.090584E+04 5.595294E+04 1.397890E+02 8.219144E+01 0.000000E+00 0.000000E+00 0.000000E+00 5.574698E+04 5.479499E+04 2.261775E+04 1.617993E+02 0.000000E+00 0.000000E+00
9.330000E-01 3.875661E+04 1.086250E+04 5.587011E+04 1.397890E+02 8.227474E+01 0.000000E+00 0.000000E+00 0.000000E+00 5.566447E+04 5.470910E+04 2.260305E+04 1.616941E+02 0.000000E+00 0.000000E+00
9.340000E-01 3.869509E+04 1.081751E+04 5.578740E+04 1.397890E+02 8.235804E+01 0.000000E+00 0.000000E+00 0.000000E+00 5.558208E+04 5.462312E+04 2.258621E+04 1.615737E+02 0.000000E+00 0.000000E+00
9.350000E-01 3.863286E+04 1.077101E+04 5.570482E+04 1.397890E+02 8.244134E+01 0.000000E+00 0.000000E+00 0.000000E+00 5.549981E+04 5.453706E+04 2.256737E+04 1.614389E+02 0.000000E+00 0.000000E+00
9.360000E-01 3.856993E+04 1.072326E+04 5.562236E+04 1.397890E+02 8.252464E+01 0.000000E+00 0.000000E+00 0.000000E+00 5.541764E+04 5.445094E+04 2.254674E+04 1.612913E+02 0.000000E+00 0.000000E+00
9.370000E-01 3.850631E+04 1.067436E+04 5.554002E+04 1.397890E+02 8.260794E+01 0.000000E+00 0.000000E+00 0.000000E+00 5.533559E+04 5.436479E+04 2.252442E+04 1.611316E+02 0.000000E+00 0.000000E+00
9.380000E-01 3.844201E+04 1.062442E+04 5.545780E+04 1.397890E+02 8.269124E+01 0.000000E+00 0.000000E+00 0.000000E+00 5.525366E+04 5.427864E+04 2.250050E+04 1.609605E+02 0.000000E+00 0.000000E+00
9.390000E-01 3.837707E+04 1.057341E+04 5.537571E+04 1.397890E+02 8.277454E+01 0.000000E+00 0.000000E+00 0.000000E+00 5.517184E+04 5.419250E+04 2.247493E+04 1.607776E+02 0.000000E+00 0.000000E+00
9.400000E-01 3.831151E+04 1.052161E+04 5.529373E+04 1.397890E+02 8.285784E+01 0.000000E+00 0.000000E+00 0.000000E+00 5.509013E+04 5.410640E+04 2.244799E+04 1.605849E+02 0.000000E+00 0.000000E+00
9.410000E-01 3.824536E+04 1.046920E+04 5.521188E+04 1.397890E+02 8.294114E+01 0.000000E+00 0.000000E+00 0.000000E+00 5.500853E+04 5.402036E+04 2.241984E+04 1.603835E+02 0.000000E+00 0.000000E+00
9.420000E-01 3.817865E+04 1.041630E+04 5.513014E+04 1.397890E+02 8.302444E+01 0.000000E+00 0.000000E+00 0.000000E+00 5.492704E+04 5.393442E+04 2.239060E+04 1.601743E+02 0.000000E+00 0.000000E+00
9.430000E-01 3.811141E+04 1.036304E+04 5.504853E+04 1.397890E+02 8.310774E+01 0.000000E+00 0.000000E+00 0.000000E+00 5.484567E+04 5.384860E+04 2.236038E+04 1.599582E+02 0.000000E+00 0.000000E+00
9.440000E-01 3.804369E+04 1.030949E+04 5.496704E+04 1.397890E+02 8.319104E+01 0.000000E+00 0.000000E+00 0.000000E+00 5.476441E+04 5.376292E+04 2.232927E+04 1.597355E+02 0.000000E+00 0.000000E+00
9.450000E-01 3.797552E+04 1.025590E+04 5.488566E+04 1.397890E+02 8.327434E+01 0.000000E+00 0.000000E+00 0.000000E+00 5.468326E+04 5.367741E+04 2.229750E+04 1.595083E+02 0.000000E+00 0.000000E+00
9.460000E-01 3.790696E+04 1.020241E+04 5.480441E+04 1.397890E+02 8.335764E+01 0.000000E+00 0.000000E+00 0.000000E+00 5.460222E+04 5.359210E+04 2.226523E+04 1.592774E+02 0.000000E+00 0.000000E+00
9.470000E-01 3.783804E+04 1.014917E+04 5.472328E+04 1.397890E+02 8.344094E+01 0.000000E+00 0.000000E+00 0.000000E+00 5.452129E+04 5.350702E+04 2.223259E+04 1.590440E+02 0.000000E+00 0.000000E+00
9.480000E-01 3.776882E+04 1.009631E+04 5.464226E+04 1.397890E+02 8.352424E+01 0.000000E+00 0.000000E+00 0.000000E+00 5.444048E+04 5.342218E+04 2.219974E+04 1.588090E+02 0.000000E+00 0.000000E+00
9.490000E-01 3.769935E+04 1.004399E+04 5.456136E+04 1.397890E+02 8.360754E+01 0.000000E+00 0.000000E+00 0.000000E+00 5.435977E+04 5.333762E+04 2.216683E+04 1.585736E+02 0.000000E+00 0.000000E+00
9.500000E-01 3.762967E+04 9.992357E+03 5.448058E+04 1.397890E+02 8.369084E+01 0.000000E+00 0.000000E+00 0.000000E+00 5.427918E+04 5.325336E+04 2.213404E+04 1.583390E+02 0.000000E+00 0.000000E+00
9.510000E-01 3.755984E+04 9.941549E+03 5.439992E+04 1.397890E+02 8.377414E+01 0.000000E+00 0.000000E+00 0.000000E+00 5.419870E+04 5.316942E+04 2.210150E+04 1.581062E+02 0.000000E+00 0.000000E+00
9.520000E-01 3.748992E+04 9.891692E+03 5.431938E+04 1.397890E+02 8.385744E+01 0.000000E+00 0.000000E+00 0.000000E+00 5.411834E+04 5.308582E+04 2.206936E+04 1.578763E+02 0.000000E+00 0.000000E+00
9.530000E-01 3.741996E+04 9.842982E+03 5.423895E+04 1.397890E+02 8.394074E+01 0.000000E+00 0.000000E+00 0.000000E+00 5.403808E+04 5.300260E+04 2.203783E+04 1.576507E+02 0.000000E+00 0.000000E+00
9.540000E-01 3.735002E+04 9.795525E+03 5.415865E+04 1.397890E+02 8.402404E+01 0.000000E+00 0.000000E+00 0.000000E+00 5.395794E+04 5.291976E+04 2.200704E+04 1.574304E+02 0.000000E+00 0.000000E+00
9.550000E-01 3.728016E+04 9.749411E+03 5.407845E+04 1.397890E+02 8.410734E+01 0.000000E+00 0.000000E+00 0.000000E+00 5.387791E+04 5.283734E+04 2.197709E+04 1.572162E+02 0.000000E+00 0.000000E+00
9.560000E-01 3.721042E+04 9.704748E+03 5.399838E+04 1.397890E+02 8.419064E+01 0.000000E+00 0.000000E+00 0.000000E+00 5.379800E+04 5.275533E+04 2.194813E+04 1.570090E+02 0.000000E+00 0.000000E+00
9.570000E-01 3.714088E+04 9.661639E+03 5.391842E+04 1.397890E+02 8.427394E+01 0.000000E+00 0.000000E+00 0.000000E+00 5.371819E+04 5.267378E+04 2.192027E+04 1.568097E+02 0.000000E+00 0.000000E+00
9.580000E-01 3.707158E+04 9.620378E+03 5.383858E+04 1.397890E+02 8.435724E+01 0.000000E+00 0.000000E+00 0.000000E+00 5.363851E+04 5.259268E+04 2.189384E+04 1.566207E+02 0.000000E+00 0.000000E+00
9.590000E-01 3.700258E+04 9.580882E+03 5.375886E+04 1.397890E+02 8.444054E+01 0.000000E+00 0.000000E+00 0.000000E+00 5.355893E+04 5.251205E+04 2.186878E+04 1.564414E+02 0.000000E+00 0.000000E+00
9.600000E-01 3.693393E+04 9.543234E+03 5.367925E+04 1.397890E+02 8.452384E+01 0.000000E+00 0.000000E+00 0.000000E+00 5.347947E+04 5.243191E+04 2.184520E+04 1.562727E+02 0.000000E+00 0.000000E+00
9.610000E-01 3.686569E+04 9.507501E+03 5.359976E+04 1.397890E+02 8.460714E+01 0.000000E+00 0.000000E+00 0.000000E+00 5.340013E+04 5.235227E+04 2.182321E+04 1.561154E+02 0.000000E+00 0.000000E+00
9.620000E-01 3.679792E+04 9.473827E+03 5.352038E+04 1.397890E+02 8.469044E+01 0.000000E+00 0.000000E+00 0.000000E+00 5.332090E+04 5.227312E+04 2.180296E+04 1.559706E+02 0.000000E+00 0.000000E+00
9.630000E-01 3.673065E+04 9.442395E+03 5.344112E+04 1.397890E+02 8.477374E+01 0.000000E+00 0.000000E+00 0.000000E+00 5.324178E+04 5.219450E+04 2.178469E+04 1.558399E+02 0.000000E+00 0.000000E+00
9.640000E-01 3.666395E+04 9.413067E+03 5.336198E+04 1.397890E+02 8.485704E+01 0.000000E+00 0.000000E+00 0.000000E+00 5.316278E+04 5.211638E+04 2.176829E+04 1.557225E+02 0.000000E+00 0.000000E+00
9.650000E-01 3.659785E+04 9.385883E+03 5.328295E+04 1.397890E+02 8.494034E+01 0.000000E+00 0.000000E+00 0.000000E+00 5.308390E+04 5.203879E+04 2.175382E+04 1.556190E+02 0.000000E+00 0.000000E+00
9.660000E-01 3.653240E+04 9.360869E+03 5.320403E+04 1.397890E+02 8.502364E+01 0.000000E+00 0.000000E+00 0.000000E+00 5.300514E+04 5.196172E+04 2.174135E+04 1.555298E+02 0.000000E+00 0.000000E+00
9.670000E-01 3.646764E+04 9.338224E+03 5.312523E+04 1.397890E+02 8.510694E+01 0.000000E+00 0.000000E+00 0.000000E+00 5.292649E+04 5.188517E+04 2.173111E+04 1.554565E+02 0.000000E+00 0.000000E+00
9.680000E-01 3.640361E+04 9.317926E+03 5.304655E+04 1.397890E+02 8.519024E+01 0.000000E+00 0.000000E+00 0.000000E+00 5.284796E+04 5.180913E+04 2.172311E+04 1.553993E+02 0.000000E+00 0.000000E+00
9.690000E-01 3.634035E+04 9.299837E+03 5.296798E+04 1.397890E+02 8.527354E+01 0.000000E+00 0.000000E+00 0.000000E+00 5.276955E+04 5.173362E+04 2.171725E+04 1.553574E+02 0.000000E+00 0.000000E+00
9.700000E-01 3.627789E+04 9.283953E+03 5.288952E+04 1.397890E+02 8.535684E+01 0.000000E+00 0.000000E+00 0.000000E+00 5.269125E+04 5.165861E+04 2.171356E+04 1.553310E+02 0.000000E+00 0.000000E+00
9.710000E-01 3.621625E+04 9.270253E+03 5.281118E+04 1.397890E+02 8.544014E+01 0.000000E+00 0.000000E+00 0.000000E+00 5.261308E+04 5.158410E+04 2.171206E+04 1.553203E+02 0.000000E+00 0.000000E+00
9.720000E-01 3.615547E+04 9.258994E+03 5.273295E+04 1.397890E+02 8.552344E+01 0.000000E+00 0.000000E+00 0.000000E+00 5.253502E+04 5.151008E+04 2.171303E+04 1.553272E+02 0.000000E+00 0.000000E+00
9.730000E-01 3.609556E+04 9.249907E+03 5.265484E+04 1.397890E+02 8.560674E+01 0.000000E+00 0.000000E+00 0.000000E+00 5.245709E+04 5.143654E+04 2.171623E+04 1.553501E+02 0.000000E+00 0.000000E+00
9.740000E-01 3.603656E+04 9.242898E+03 5.257684E+04 1.397890E+02 8.569004E+01 0.000000E+00 0.000000E+00 0.000000E+00 5.237927E+04 5.136347E+04 2.172161E+04 1.553886E+02 0.000000E+00 0.000000E+00
9.750000E-01 3.597846E+04 9.237920E+03 5.249896E+04 1.397890E+02 8.577334E+01 0.000000E+00 0.000000E+00 0.000000E+00 5.230157E+04 5.129085E+04 2.172914E+04 1.554425E+02 0.000000E+00 0.000000E+00
9.760000E-01 3.592128E+04 9.234956E+03 5.242119E+04 1.397890E+02 8.585664E+01 0.000000E+00 0.000000E+00 0.000000E+00 5.222400E+04 5.121867E+04 2.173885E+04 1.555119E+02 0.000000E+00 0.000000E+00
9.770000E-01 3.586504E+04 9.234149E+03 5.234354E+04 1.397890E+02 8.593994E+01 0.000000E+00 0.000000E+00 0.000000E+00 5.214654E+04 5.114690E+04 2.175090E+04 1.555981E+02 0.000000E+00 0.000000E+00
9.780000E-01 3.580973E+04 9.235161E+03 5.226599E+04 1.397890E+02 8.602324E+01 0.000000E+00 0.000000E+00 0.000000E+00 5.206921E+04 5.107554E+04 2.176498E+04 1.556989E+02 0.000000E+00 0.000000E+00
9.790000E-01 3.575536E+04 9.237904E+03 5.218857E+04 1.397890E+02 8.610654E+01 0.000000E+00 0.000000E+00 0.000000E+00 5.199199E+04 5.100456E+04 2.178104E+04 1.558137E+02 0.000000E+00 0.000000E+00
9.800000E-01 3.570192E+04 9.242298E+03 5.211125E+04 1.397890E+02 8.618984E+01 0.000000E+00 0.000000E+00 0.000000E+00 5.191490E+04 5.093394E+04 2.179901E+04 1.559423E+02 0.000000E+00 0.000000E+00
9.810000E-01 3.564941E+04 9.248362E+03 5.203405E+04 1.397890E+02 8.627314E+01 0.000000E+00 0.000000E+00 0.000000E+00 5.183793E+04 5.086365E+04 2.181894E+04 1.560849E+02 0.000000E+00 0.000000E+00
9.820000E-01 3.559781E+04 9.256017E+03 5.195696E+04 1.397890E+02 8.635644E+01 0.000000E+00 0.000000E+00 0.000000E+00 5.176108E+04 5.079369E+04 2.184078E+04 1.562411E+02 0.000000E+00 0.000000E+00
9.830000E-01 3.554712E+04 9.265009E+03 5.187999E+04 1.397890E+02 8.643974E+01 0.000000E+00 0.000000E+00 0.000000E+00 5.168435E+04 5.072401E+04 2.186428E+04 1.564092E+02 0.000000E+00 0.000000E+00
9.840000E-01 3.549731E+04 9.275230E+03 5.180313E+04 1.397890E+02 8.652304E+01 0.000000E+00 0.000000E+00 0.000000E+00 5.160774E+04 5.065460E+04 2.188936E+04 1.565886E+02 0.000000E+00 0.000000E+00
9.850000E-01 3.544836E+04 9.286575E+03 5.172638E+04 1.397890E+02 8.660634E+01 0.000000E+00 0.000000E+00 0.000000E+00 5.153126E+04 5.058543E+04 2.191593E+04 1.567787E+02 0.000000E+00 0.000000E+00
9.860000E-01 3.540026E+04 9.299070E+03 5.164975E+04 1.397890E+02 8.668964E+01 0.000000E+00 0.000000E+00 0.000000E+00 5.145489E+04 5.051648E+04 2.194403E+04 1.569797E+02 0.000000E+00 0.000000E+00
9.870000E-01 3.535297E+04 9.312493E+03 5.157323E+04 1.397890E+02 8.677294E+01 0.000000E+00 0.000000E+00 0.000000E+00 5.137865E+04 5.044772E+04 2.197345E+04 1.571902E+02 0.000000E+00 0.000000E+00
9.880000E-01 3.530646E+04 9.326675E+03 5.149683E+04 1.397890E+02 8.685624E+01 0.000000E+00 0.000000E+00 0.000000E+00 5.130253E+04 5.037912E+04 2.200404E+04 1.574090E+02 0.000000E+00 0.000000E+00
9.890000E-01 3.526071E+04 9.341500E+03 5.142053E+04 1.397890E+02 8.693954E+01 0.000000E+00 0.000000E+00 0.000000E+00 5.122653E+04 5.031067E+04 2.203568E+04 1.576353E+02 0.000000E+00 0.000000E+00
9.900000E-01 3.521567E+04 9.356856E+03 5.134435E+04 1.397890E+02 8.702284E+01 0.000000E+00 0.000000E+00 0.000000E+00 5.115065E+04 5.024233E+04 2.206827E+04 1.578685E+02 0.000000E+00 0.000000E+00
9.910000E-01 3.517132E+04 9.372737E+03 5.126829E+04 1.397890E+02 8.710614E+01 0.000000E+00 0.000000E+00 0.000000E+00 5.107489E+04 5.017409E+04 2.210182E+04 1.581085E+02 0.000000E+00 0.000000E+00
9.920000E-01 3.512761E+04 9.388896E+03 5.119233E+04 1.397890E+02 8.718944E+01 0.000000E+00 0.000000E+00 0.000000E+00 5.099925E+04 5.010591E+04 2.213607E+04 1.583535E+02 0.000000E+00 0.000000E+00
9.930000E-01 3.508450E+04 9.405224E+03 5.111649E+04 1.397890E+02 8.727274E+01 0.000000E+00 0.000000E+00 0.000000E+00 5.092373E+04 5.003778E+04 2.217093E+04 1.586028E+02 0.000000E+00 0.000000E+00
9.940000E-01 3.504196E+04 9.421614E+03 5.104076E+04 1.397890E+02 8.735604E+01 0.000000E+00 0.000000E+00 0.000000E+00 5.084833E+04 4.996966E+04 2.220627E+04 1.588557E+02 0.000000E+00 0.000000E+00
9.950000E-01 3.499993E+04 9.437978E+03 5.096515E+04 1.397890E+02 8.743934E+01 0.000000E+00 0.000000E+00 0.000000E+00 5.077306E+04 4.990155E+04 2.224202E+04 1.591114E+02 0.000000E+00 0.000000E+00
9.960000E-01 3.495838E+04 9.454218E+03 5.088964E+04 1.397890E+02 8.752264E+01 0.000000E+00 0.000000E+00 0.000000E+00 5.069790E+04 4.983341E+04 2.227807E+04 1.593693E+02 0.000000E+00 0.000000E+00
9.970000E-01 3.491725E+04 9.470203E+03 5.081425E+04 1.397890E+02 8.760594E+01 0.000000E+00 0.000000E+00 0.000000E+00 5.062285E+04 4.976523E+04 2.231429E+04 1.596284E+02 0.000000E+00 0.000000E+00
9.980000E-01 3.487652E+04 9.485848E+03 5.073898E+04 1.397890E+02 8.768924E+01 0.000000E+00 0.000000E+00 0.000000E+00 5.054793E+04 4.969698E+04 2.235058E+04 1.598880E+02 0.000000E+00 0.000000E+00
9.990000E-01 3.483612E+04 9.501070E+03 5.066381E+04 1.397890E+02 8.777254E+01 0.000000E+00 0.000000E+00 0.000000E+00 5.047313E+04 4.962866E+04 2.238686E+04 1.601475E+02 0.000000E+00 0.000000E+00
1.000000E+00 3.479602E+04 9.515780E+03 5.058876E+04 1.397890E+02 8.785584E+01 0.000000E+00 0.000000E+00 0.000000E+00 5.039844E+04 4.956024E+04 2.242302E+04 1.604062E+02 0.000000E+00 0.000000E+00
1.001000E+00 3.475973E+04 9.765171E+03 5.051382E+04 1.397890E+02 8.793914E+01 0.000000E+00 0.000000E+00 0.000000E+00 5.032387E+04 4.949495E+04 2.969518E+04 2.124287E+02 0.000000E+00 0.000000E+00
1.002000E+00 3.473103E+04 1.003900E+04 5.043899E+04 1.397890E+02 8.802244E+01 0.000000E+00 0.000000E+00 0.000000E+00 5.024944E+04 4.943590E+04 2.999708E+04 2.145884E+02 0.000000E+00 0.000000E+00
1.003000E+00 3.471039E+04 1.033772E+04 5.036428E+04 1.397890E+02 8.810574E+01 0.000000E+00 0.000000E+00 0.000000E+00 5.017514E+04 4.938286E+04 3.032865E+04 2.169603E+02 0.000000E+00 0.000000E+00
1.004000E+00 3.469823E+04 1.066186E+04 5.028967E+04 1.397890E+02 8.818904E+01 0.000000E+00 0.000000E+00 0.000000E+00 5.010099E+04 4.933562E+04 3.069076E+04 2.195507E+02 0.000000E+00 0.000000E+00
1.005000E+00 3.469496E+04 1.101318E+04 5.021518E+04 1.397890E+02 8.827234E+01 0.000000E+00 0.000000E+00 0.000000E+00 5.002699E+04 4.929399E+04 3.108559E+04 2.223751E+02 0.000000E+00 0.000000E+00
1.006000E+00 3.470097E+04 1.139420E+04 5.014081E+04 1.397890E+02 8.835564E+01 0.000000E+00 0.000000E+00 0.000000E+00 4.995316E+04 4.925780E+04 3.151611E+04 2.254550E+02 0.000000E+00 0.000000E+00
1.007000E+00 3.471662E+04 1.180195E+04 5.006654E+04 1.397890E+02 8.843894E+01 0.000000E+00 0.000000E+00 0.000000E+00 4.987950E+04 4.922688E+04 3.197970E+04 2.287713E+02 0.000000E+00 0.000000E+00
1.008000E+00 3.474222E+04 1.223663E+04 4.999240E+04 1.397890E+02 8.852224E+01 0.000000E+00 0.000000E+00 0.000000E+00 4.980601E+04 4.920106E+04 3.247703E+04 2.323290E+02 0.000000E+00 0.000000E+00
1.009000E+00 3.477807E+04 1.269853E+04 4.991836E+04 1.397890E+02 8.860554E+01 0.000000E+00 0.000000E+00 0.000000E+00 4.973271E+04 4.918015E+04 3.300875E+04 2.361327E+02 0.000000E+00 0.000000E+00
1.010000E+00 3.482445E+04 1.319080E+04 4.984445E+04 1.397890E+02 8.868884E+01 0.000000E+00 0.000000E+00 0.000000E+00 4.965960E+04 4.916400E+04 3.357846E+04 2.402082E+02 0.000000E+00 0.000000E+00
1.011000E+00 3.488163E+04 1.371286E+04 4.977065E+04 1.397890E+02 8.877214E+01 0.000000E+00 0.000000E+00 0.000000E+00 4.958669E+04 4.915245E+04 3.418605E+04 2.445547E+02 0.000000E+00 0.000000E+00
1.012000E+00 3.494984E+04 1.426258E+04 4.969696E+04 1.397890E+02 8.885544E+01 0.000000E+00 0.000000E+00 0.000000E+00 4.951398E+04 4.914535E+04 3.482975E+04 2.491595E+02 0.000000E+00 0.000000E+00
1.013000E+00 3.502928E+04 1.483988E+04 4.962340E+04 1.397890E+02 8.893874E+01 0.000000E+00 0.000000E+00 0.000000E+00 4.944147E+04 4.914252E+04 3.550997E+04 2.540256E+02 0.000000E+00 0.000000E+00
1.014000E+00 3.512012E+04 1.544478E+04 4.954996E+04 1.397890E+02 8.902204E+01 0.000000E+00 0.000000E+00 0.000000E+00 4.936918E+04 4.914380E+04 3.622707E+04 2.591555E+02 0.000000E+00 0.000000E+00
1.015000E+00 3.522252E+04 1.608189E+04 4.947663E+04 1.397890E+02 8.910534E+01 0.000000E+00 0.000000E+00 0.000000E+00 4.929711E+04 4.914903E+04 3.698614E+04 2.645856E+02 0.000000E+00 0.000000E+00
1.016000E+00 3.533663E+04 1.674706E+04 4.940343E+04 1.397890E+02 8.918864E+01 0.000000E+00 0.000000E+00 0.000000E+00 4.922527E+04 4.915807E+04 3.778348E+04 2.702894E+02 0.000000E+00 0.000000E+00
1.017000E+00 3.546256E+04 1.743932E+04 4.933035E+04 1.397890E+02 8.927194E+01 0.000000E+00 0.000000E+00 0.000000E+00 4.915365E+04 4.917074E+04 3.861846E+04 2.762626E+02 0.000000E+00 0.000000E+00
1.018000E+00 3.560038E+04 1.815829E+04 4.925740E+04 1.397890E+02 8.935524E+01 0.000000E+00 0.000000E+00 0.000000E+00 4.908226E+04 4.918686E+04 3.949120E+04 2.825059E+02 0.000000E+00 0.000000E+00
1.019000E+00 3.575015E+04 1.890442E+04 4.918457E+04 1.397890E+02 8.943854E+01 0.000000E+00 0.000000E+00 0.000000E+00 4.901111E+04 4.920627E+04 4.040254E+04 2.890253E+02 0.000000E+00 0.000000E+00
1.020000E+00 3.591191E+04 1.968142E+04 4.911187E+04 1.397890E+02 8.952184E+01 0.000000E+00 0.000000E+00 0.000000E+00 4.894021E+04 4.922880E+04 4.135648E+04 2.958494E+02 0.000000E+00 0.000000E+00
1.021000E+00 3.608569E+04 2.048385E+04 4.903930E+04 1.397890E+02 8.960514E+01 0.000000E+00 0.000000E+00 0.000000E+00 4.886955E+04 4.925428E+04 4.234809E+04 3.029430E+02 0.000000E+00 0.000000E+00
1.022000E+00 3.627145E+04 2.131124E+04 4.896685E+04 1.397890E+02 8.968844E+01 0.000000E+00 0.000000E+00 0.000000E+00 4.879913E+04 4.928253E+04 4.337722E+04 3.103051E+02 0.000000E+00 0.000000E+00
1.023000E+00 3.646916E+04 2.216293E+04 4.889454E+04 1.397890E+02 8.977174E+01 0.000000E+00 0.000000E+00 0.000000E+00 4.872897E+04 4.931336E+04 4.444365E+04 3.179339E+02 0.000000E+00 0.000000E+00
1.024000E+00 3.667875E+04 2.304062E+04 4.882236E+04 1.397890E+02 8.985504E+01 0.000000E+00 0.000000E+00 0.000000E+00 4.865906E+04 4.934658E+04 4.554943E+04 3.258442E+02 0.000000E+00 0.000000E+00
1.025000E+00 3.690014E+04 2.394442E+04 4.875031E+04 1.397890E+02 8.993834E+01 0.000000E+00 0.000000E+00 0.000000E+00 4.858941E+04 4.938202E+04 4.669492E+04 3.340387E+02 0.000000E+00 0.000000E+00
1.026000E+00 3.713322E+04 2.487031E+04 4.867840E+04 1.397890E+02 9.002164E+01 0.000000E+00 0.000000E+00 0.000000E+00 4.852002E+04 4.941948E+04 4.787657E+04 3.424918E+02 0.000000E+00 0.000000E+00
1.027000E+00 3.737789E+04 2.581755E+04 4.860664E+04 1.397890E+02 9.010494E+01 -1.419494E-02 0.000000E+00 -1.419494E-02 4.845312E+04 4.946085E+04 4.909389E+04 3.512000E+02 1.000000E+00 0.000000E+00
1.028000E+00 3.763434E+04 2.678520E+04 4.853513E+04 1.397889E+02 9.018824E+01 -1.216040E-01 0.000000E+00 -1.216040E-01 4.840035E+04 4.951682E+04 5.034631E+04 3.601596E+02 1.000000E+00 0.000000E+00
1.029000E+00 3.790308E+04 2.777593E+04 4.846408E+04 1.397887E+02 9.027154E+01 -3.336148E-01 0.000000E+00 -3.336148E-01 4.836494E+04 4.959037E+04 5.163680E+04 3.693918E+02 1.000000E+00 0.000000E+00
1.030000E+00 3.818457E+04 2.878654E+04 4.839369E+04 1.397882E+02 9.035484E+01 -6.551276E-01 0.000000E+00 -6.551276E-01 4.834650E+04 4.968103E+04 5.296233E+04 3.788756E+02 1.000000E+00 0.000000E+00
1.031000E+00 3.847924E+04 2.981442E+04 4.832419E+04 1.397873E+02 9.043814E+01 -1.084710E+00 0.000000E+00 -1.084710E+00 4.834613E+04 4.978983E+04 5.432067E+04 3.885951E+02 1.000000E+00 0.000000E+00
1.032000E+00 3.878745E+04 3.085849E+04 4.825579E+04 1.397860E+02 9.052144E+01 -1.625205E+00 0.000000E+00 -1.625205E+00 4.836375E+04 4.991668E+04 5.571097E+04 3.985448E+02 1.000000E+00 0.000000E+00
1.033000E+00 3.910952E+04 3.191776E+04 4.818870E+04 1.397840E+02 9.060474E+01 -2.276519E+00 0.000000E+00 -2.276519E+00 4.839993E+04 5.006206E+04 5.713234E+04 4.087186E+02 1.000000E+00 0.000000E+00
1.034000E+00 3.944574E+04 3.299532E+04 4.812316E+04 1.397814E+02 9.068804E+01 -3.040346E+00 0.000000E+00 -3.040346E+00 4.845493E+04 5.022616E+04 5.858823E+04 4.191418E+02 1.000000E+00 0.000000E+00
1.035000E+00 3.979635E+04 3.408546E+04 4.805937E+04 1.397779E+02 9.077134E+01 -3.917046E+00 0.000000E+00 -3.917046E+00 4.852916E+04 5.040931E+04 6.007297E+04 4.297743E+02 1.000000E+00 0.000000E+00
1.036000E+00 4.016151E+04 3.518688E+04 4.799757E+04 1.397735E+02 9.085464E+01 -4.907592E+00 0.000000E+00 -4.907592E+00 4.862293E+04 5.061166E+04 6.158549E+04 4.406091E+02 1.000000E+00 0.000000E+00
1.037000E+00 4.054137E+04 3.629832E+04 4.793798E+04 1.397681E+02 9.093794E+01 -6.012352E+00 0.000000E+00 -6.012352E+00 4.873656E+04 5.083339E+04 6.312467E+04 4.516387E+02 1.000000E+00 0.000000E+00
1.038000E+00 4.093603E+04 3.741964E+04 4.788083E+04 1.397615E+02 9.102124E+01 -7.231876E+00 0.000000E+00 -7.231876E+00 4.887034E+04 5.107462E+04 6.469039E+04 4.628629E+02 1.000000E+00 0.000000E+00
1.039000E+00 4.134553E+04 3.855085E+04 4.782633E+04 1.397536E+02 9.110454E+01 -8.566428E+00 0.000000E+00 -8.566428E+00 4.902455E+04 5.133547E+04 6.628284E+04 4.742837E+02 1.000000E+00 0.000000E+00
1.040000E+00 4.176989E+04 3.968791E+04 4.777472E+04 1.397443E+02 9.118784E+01 -1.001624E+01 0.000000E+00 -1.001624E+01 4.919944E+04 5.161599E+04 6.789800E+04 4.858731E+02 1.000000E+00 0.000000E+00
1.041000E+00 4.220908E+04 4.082942E+04 4.772621E+04 1.397335E+02 9.127114E+01 -1.158131E+01 0.000000E+00 -1.158131E+01 4.939524E+04 5.191620E+04 6.953454E+04 4.976225E+02 1.000000E+00 0.000000E+00
1.042000E+00 4.266301E+04 4.197403E+04 4.768104E+04 1.397211E+02 9.135444E+01 -1.326156E+01 0.000000E+00 -1.326156E+01 4.961216E+04 5.223610E+04 7.119112E+04 5.095231E+02 1.000000E+00 0.000000E+00
1.043000E+00 4.313157E+04 4.312199E+04 4.763944E+04 1.397069E+02 9.143774E+01 -1.505677E+01 0.000000E+00 -1.505677E+01 4.985039E+04 5.257566E+04 7.286793E+04 5.215771E+02 1.000000E+00 0.000000E+00
1.044000E+00 4.361463E+04 4.427121E+04 4.760161E+04 1.396909E+02 9.152104E+01 -1.696660E+01 0.000000E+00 -1.696660E+01 5.011010E+04 5.293483E+04 7.456291E+04 5.337705E+02 1.000000E+00 0.000000E+00
1.045000E+00 4.411199E+04 4.541903E+04 4.756779E+04 1.396730E+02 9.160434E+01 -1.899055E+01 0.000000E+00 -1.899055E+01 5.039144E+04 5.331351E+04 7.627334E+04 5.460852E+02 1.000000E+00 0.000000E+00
1.046000E+00 4.462343E+04 4.656409E+04 4.753819E+04 1.396529E+02 9.168764E+01 -2.112798E+01 0.000000E+00 -2.112798E+01 5.069451E+04 5.371161E+04 7.799774E+04 5.585114E+02 1.000000E+00 0.000000E+00
1.047000E+00 4.514868E+04 4.770499E+04 4.751304E+04 1.396307E+02 9.177094E+01 -2.337810E+01 0.000000E+00 -2.337810E+01 5.101943E+04 5.412897E+04 7.973464E+04 5.710396E+02 1.000000E+00 0.000000E+00
1.048000E+00 4.568747E+04 4.884182E+04 4.749256E+04 1.396061E+02 9.185424E+01 -2.574001E+01 0.000000E+00 -2.574001E+01 5.136626E+04 5.456544E+04 8.148398E+04 5.836705E+02 1.000000E+00 0.000000E+00
1.049000E+00 4.623947E+04 4.997163E+04 4.747694E+04 1.395792E+02 9.193754E+01 -2.821268E+01 0.000000E+00 -2.821268E+01 5.173506E+04 5.502086E+04 8.324267E+04 5.963832E+02 1.000000E+00 0.000000E+00
1.050000E+00 4.680435E+04 5.109278E+04 4.746642E+04 1.395497E+02 9.202084E+01 -3.079491E+01 0.000000E+00 -3.079491E+01 5.212585E+04 5.549501E+04 8.500891E+04 6.091660E+02 1.000000E+00 0.000000E+00
1.051000E+00 4.738172E+04 5.220394E+04 4.746120E+04 1.395175E+02 9.210414E+01 -3.348538E+01 0.000000E+00 -3.348538E+01 5.253864E+04 5.598767E+04 8.678115E+04 6.220089E+02 1.000000E+00 0.000000E+00
1.052000E+00 4.797118E+04 5.330387E+04 4.746148E+04 1.394827E+02 9.218744E+01 -3.628264E+01 0.000000E+00 -3.628264E+01 5.297341E+04 5.649861E+04 8.855795E+04 6.349030E+02 1.000000E+00 0.000000E+00
1.053000E+00 4.857231E+04 5.439166E+04 4.746747E+04 1.394449E+02 9.227074E+01 -3.918512E+01 0.000000E+00 -3.918512E+01 5.343010E+04 5.702758E+04 9.033815E+04 6.478410E+02 1.000000E+00 0.000000E+00
1.054000E+00 4.918467E+04 5.546515E+04 4.747936E+04 1.394043E+02 9.235404E+01 -4.219109E+01 0.000000E+00 -4.219109E+01 5.390866E+04 5.757430E+04 9.211933E+04 6.608072E+02 1.000000E+00 0.000000E+00
1.055000E+00 4.980779E+04 5.652309E+04 4.749736E+04 1.393605E+02 9.243734E+01 -4.529873E+01 0.000000E+00 -4.529873E+01 5.440899E+04 5.813848E+04 9.389997E+04 6.737918E+02 1.000000E+00 0.000000E+00
1.056000E+00 5.044119E+04 5.756426E+04 4.752165E+04 1.393136E+02 9.252064E+01 -4.850606E+01 0.000000E+00 -4.850606E+01 5.493098E+04 5.871984E+04 9.567853E+04 6.867852E+02 1.000000E+00 0.000000E+00
1.057000E+00 5.108436E+04 5.858737E+04 4.755242E+04 1.392635E+02 9.260394E+01 -5.181102E+01 0.000000E+00 -5.181102E+01 5.547448E+04 5.931804E+04 9.745340E+04 6.997772E+02 1.000000E+00 0.000000E+00
1.058000E+00 5.173679E+04 5.959099E+04 4.758986E+04 1.392100E+02 9.268724E+01 -5.521139E+01 0.000000E+00 -5.521139E+01 5.603934E+04 5.993277E+04 9.922282E+04 7.127566E+02 1.000000E+00 0.000000E+00
1.059000E+00 5.239795E+04 6.057405E+04 4.763413E+04 1.391530E+02 9.277054E+01 -5.870486E+01 0.000000E+00 -5.870486E+01 5.662538E+04 6.056369E+04 1.009853E+05 7.257143E+02 1.000000E+00 0.000000E+00
1.060000E+00 5.306731E+04 6.153548E+04 4.768542E+04 1.390925E+02 9.285384E+01 -6.228902E+01 0.000000E+00 -6.228902E+01 5.723238E+04 6.121044E+04 1.027395E+05 7.386416E+02 1.000000E+00 0.000000E+00
1.061000E+00 5.374431E+04 6.247424E+04 4.774389E+04 1.390284E+02 9.293714E+01 -6.596135E+01 0.000000E+00 -6.596135E+01 5.786012E+04 6.187269E+04 1.044840E+05 7.515295E+02 1.000000E+00 0.000000E+00
1.062000E+00 5.442841E+04 6.338854E+04 4.780971E+04 1.389606E+02 9.302044E+01 -6.971921E+01 0.000000E+00 -6.971921E+01 5.850837E+04 6.255005E+04 1.062164E+05 7.643635E+02 1.000000E+00 0.000000E+00
1.063000E+00 5.511903E+04 6.427771E+04 4.788302E+04 1.388889E+02 9.310374E+01 -7.355988E+01 0.000000E+00 -7.355988E+01 5.917684E+04 6.324216E+04 1.079358E+05 7.771371E+02 1.000000E+00 0.000000E+00
1.064000E+00 5.581561E+04 6.514113E+04 4.796398E+04 1.388134E+02 9.318704E+01 -7.748054E+01 0.000000E+00 -7.748054E+01 5.986525E+04 6.394864E+04 1.096410E+05 7.898445E+02 1.000000E+00 0.000000E+00
1.065000E+00 5.651758E+04 6.597804E+04 4.805273E+04 1.387340E+02 9.327034E+01 -8.147831E+01 0.000000E+00 -8.147831E+01 6.057329E+04 6.466909E+04 1.113309E+05 8.024778E+02 1.000000E+00 0.000000E+00
1.066000E+00 5.722439E+04 6.678762E+04 4.814942E+04 1.386505E+02 9.335364E+01 -8.555020E+01 0.000000E+00 -8.555020E+01 6.130064E+04 6.540313E+04 1.130042E+05 8.150297E+02 1.000000E+00 0.000000E+00
1.067000E+00 5.793545E+04 6.756726E+04 4.825418E+04 1.385628E+02 9.343694E+01 -8.969317E+01 0.000000E+00 -8.969317E+01 6.204696E+04 6.615037E+04 1.146578E+05 8.274788E+02 1.000000E+00 0.000000E+00
1.068000E+00 5.865020E+04 6.831802E+04 4.836712E+04 1.384710E+02 9.352024E+01 -9.390408E+01 0.000000E+00 -9.390408E+01 6.281188E+04 6.691040E+04 1.162922E+05 8.398308E+02 1.000000E+00 0.000000E+00
1.069000E+00 5.936808E+04 6.903931E+04 4.848837E+04 1.383750E+02 9.360354E+01 -9.817977E+01 0.000000E+00 -9.817977E+01 6.359503E+04 6.768282E+04 1.179065E+05 8.520793E+02 1.000000E+00 0.000000E+00
1.070000E+00 6.008855E+04 6.973064E+04 4.861805E+04 1.382747E+02 9.368684E+01 -1.025170E+02 0.000000E+00 -1.025170E+02 6.439602E+04 6.846723E+04 1.194995E+05 8.642182E+02 1.000000E+00 0.000000E+00
1.071000E+00 6.081105E+04 7.039083E+04 4.875626E+04 1.381700E+02 9.377014E+01 -1.069125E+02 0.000000E+00 -1.069125E+02 6.521444E+04 6.926323E+04 1.210696E+05 8.762366E+02 1.000000E+00 0.000000E+00
1.072000E+00 6.153503E+04 7.101827E+04 4.890309E+04 1.380608E+02 9.385344E+01 -1.113628E+02 0.000000E+00 -1.113628E+02 6.604988E+04 7.007041E+04 1.226147E+05 8.881207E+02 1.000000E+00 0.000000E+00
1.073000E+00 6.225998E+04 7.161441E+04 4.905865E+04 1.379472E+02 9.393674E+01 -1.158647E+02 0.000000E+00 -1.158647E+02 6.690190E+04 7.088836E+04 1.241356E+05 8.998779E+02 1.000000E+00 0.000000E+00
1.074000E+00 6.298538E+04 7.217894E+04 4.922301E+04 1.378291E+02 9.402004E+01 -1.204148E+02 0.000000E+00 -1.204148E+02 6.777005E+04 7.171667E+04 1.256317E+05 9.115036E+02 1.000000E+00 0.000000E+00
1.075000E+00 6.371072E+04 7.271170E+04 4.939625E+04 1.377064E+02 9.410334E+01 -1.250095E+02 0.000000E+00 -1.250095E+02 6.865390E+04 7.255496E+04 1.271021E+05 9.229938E+02 1.000000E+00 0.000000E+00
1.076000E+00 6.443551E+04 7.321087E+04 4.957846E+04 1.375790E+02 9.418664E+01 -1.296455E+02 0.000000E+00 -1.296455E+02 6.955296E+04 7.340283E+04 1.285446E+05 9.343325E+02 1.000000E+00 0.000000E+00
1.077000E+00 6.515928E+04 7.367667E+04 4.976968E+04 1.374471E+02 9.426994E+01 -1.343193E+02 0.000000E+00 -1.343193E+02 7.046677E+04 7.425986E+04 1.299588E+05 9.455187E+02 1.000000E+00 0.000000E+00
1.078000E+00 6.588155E+04 7.411039E+04 4.996998E+04 1.373104E+02 9.435324E+01 -1.390274E+02 0.000000E+00 -1.390274E+02 7.139484E+04 7.512568E+04 1.313454E+05 9.565584E+02 1.000000E+00 0.000000E+00
1.079000E+00 6.660190E+04 7.451202E+04 5.017941E+04 1.371690E+02 9.443654E+01 -1.437664E+02 0.000000E+00 -1.437664E+02 7.233669E+04 7.599989E+04 1.327041E+05 9.674493E+02 1.000000E+00 0.000000E+00
1.080000E+00 6.731990E+04 7.488174E+04 5.039801E+04 1.370229E+02 9.451984E+01 -1.485327E+02 0.000000E+00 -1.485327E+02 7.329183E+04 7.688211E+04 1.340343E+05 9.781890E+02 1.000000E+00 0.000000E+00
1.081000E+00 6.803514E+04 7.521698E+04 5.062582E+04 1.368719E+02 9.460314E+01 -1.533230E+02 0.000000E+00 -1.533230E+02 7.425975E+04 7.777197E+04 1.353330E+05 9.887563E+02 1.000000E+00 0.000000E+00
1.082000E+00 6.874723E+04 7.552017E+04 5.086287E+04 1.367162E+02 9.468644E+01 -1.581338E+02 0.000000E+00 -1.581338E+02 7.523995E+04 7.866907E+04 1.366022E+05 9.991658E+02 1.000000E+00 0.000000E+00
1.083000E+00 6.945579E+04 7.579211E+04 5.110918E+04 1.365557E+02 9.476974E+01 -1.629617E+02 0.000000E+00 -1.629617E+02 7.623193E+04 7.957307E+04 1.378420E+05 1.009420E+03 1.000000E+00 0.000000E+00
1.084000E+00 7.016050E+04 7.603307E+04 5.136476E+04 1.363903E+02 9.485304E+01 -1.678033E+02 0.000000E+00 -1.678033E+02 7.723518E+04 8.048360E+04 1.390524E+05 1.019518E+03 1.000000E+00 0.000000E+00
1.085000E+00 7.086102E+04 7.624307E+04 5.162963E+04 1.362201E+02 9.493634E+01 -1.726553E+02 0.000000E+00 -1.726553E+02 7.824919E+04 8.140032E+04 1.402328E+05 1.029458E+03 1.000000E+00 0.000000E+00
1.086000E+00 7.155704E+04 7.642026E+04 5.190379E+04 1.360450E+02 9.501964E+01 -1.775143E+02 0.000000E+00 -1.775143E+02 7.927345E+04 8.232287E+04 1.413808E+05 1.039221E+03 1.000000E+00 0.000000E+00
1.087000E+00 7.224828E+04 7.656786E+04 5.218723E+04 1.358650E+02 9.510294E+01 -1.823771E+02 0.000000E+00 -1.823771E+02 8.030744E+04 8.325090E+04 1.424992E+05 1.048830E+03 1.000000E+00 0.000000E+00
1.088000E+00 7.293448E+04 7.668646E+04 5.247994E+04 1.356802E+02 9.518624E+01 -1.872405E+02 0.000000E+00 -1.872405E+02 8.135066E+04 8.418409E+04 1.435882E+05 1.058284E+03 1.000000E+00 0.000000E+00
1.089000E+00 7.361541E+04 7.677659E+04 5.278191E+04 1.354905E+02 9.526954E+01 -1.921013E+02 0.000000E+00 -1.921013E+02 8.240261E+04 8.512213E+04 1.446478E+05 1.067586E+03 1.000000E+00 0.000000E+00
1.090000E+00 7.429084E+04 7.683763E+04 5.309311E+04 1.352960E+02 9.535284E+01 -1.969564E+02 0.000000E+00 -1.969564E+02 8.346278E+04 8.606469E+04 1.456769E+05 1.076727E+03 1.000000E+00 0.000000E+00
1.091000E+00 7.496057E+04 7.686987E+04 5.341351E+04 1.350966E+02 9.543614E+01 -2.018028E+02 0.000000E+00 -2.018028E+02 8.453067E+04 8.701146E+04 1.466754E+05 1.085707E+03 1.000000E+00 0.000000E+00
1.092000E+00 7.562443E+04 7.687573E+04 5.374309E+04 1.348924E+02 9.551944E+01 -2.066374E+02 0.000000E+00 -2.066374E+02 8.560579E+04 8.796215E+04 1.476453E+05 1.094541E+03 1.000000E+00 0.000000E+00
1.093000E+00 7.628228E+04 7.685599E+04 5.408179E+04 1.346834E+02 9.560274E+01 -2.114574E+02 0.000000E+00 -2.114574E+02 8.668765E+04 8.891647E+04 1.485869E+05 1.103231E+03 1.000000E+00 0.000000E+00
1.094000E+00 7.693398E+04 7.681137E+04 5.442957E+04 1.344695E+02 9.568604E+01 -2.162600E+02 0.000000E+00 -2.162600E+02 8.777576E+04 8.987414E+04 1.495006E+05 1.111781E+03 1.000000E+00 0.000000E+00
1.095000E+00 7.757943E+04 7.674078E+04 5.478638E+04 1.342509E+02 9.576934E+01 -2.210424E+02 0.000000E+00 -2.210424E+02 8.886965E+04 9.083488E+04 1.503849E+05 1.120178E+03 1.000000E+00 0.000000E+00
1.096000E+00 7.821853E+04 7.664629E+04 5.515216E+04 1.340274E+02 9.585264E+01 -2.258019E+02 0.000000E+00 -2.258019E+02 8.996884E+04 9.179843E+04 1.512415E+05 1.128437E+03 1.000000E+00 0.000000E+00
1.097000E+00 7.885121E+04 7.652950E+04 5.552684E+04 1.337993E+02 9.593594E+01 -2.305359E+02 0.000000E+00 -2.305359E+02 9.107288E+04 9.276453E+04 1.520717E+05 1.136566E+03 1.000000E+00 0.000000E+00
1.098000E+00 7.947743E+04 7.639131E+04 5.591037E+04 1.335664E+02 9.601924E+01 -2.352419E+02 0.000000E+00 -2.352419E+02 9.218131E+04 9.373293E+04 1.528759E+05 1.144569E+03 1.000000E+00 0.000000E+00
1.099000E+00 8.009716E+04 7.623254E+04 5.630266E+04 1.333288E+02 9.610254E+01 -2.399175E+02 0.000000E+00 -2.399175E+02 9.329369E+04 9.470340E+04 1.536548E+05 1.152450E+03 1.000000E+00 0.000000E+00
1.100000E+00 8.071040E+04 7.605188E+04 5.670365E+04 1.330865E+02 9.618584E+01 -2.445604E+02 0.000000E+00 -2.445604E+02 9.440957E+04 9.567572E+04 1.544066E+05 1.160197E+03 1.000000E+00 0.000000E+00
1.101000E+00 8.131713E+04 7.585260E+04 5.711324E+04 1.328397E+02 9.626914E+01 -2.491682E+02 0.000000E+00 -2.491682E+02 9.552854E+04 9.664965E+04 1.551344E+05 1.167832E+03 1.000000E+00 0.000000E+00
1.102000E+00 8.191740E+04 7.563558E+04 5.753136E+04 1.325882E+02 9.635244E+01 -2.537389E+02 0.000000E+00 -2.537389E+02 9.665016E+04 9.762497E+04 1.558387E+05 1.175359E+03 1.000000E+00 0.000000E+00
1.103000E+00 8.251125E+04 7.540175E+04 5.795791E+04 1.323322E+02 9.643574E+01 -2.582704E+02 0.000000E+00 -2.582704E+02 9.777405E+04 9.860147E+04 1.565203E+05 1.182783E+03 1.000000E+00 0.000000E+00
1.104000E+00 8.309872E+04 7.515149E+04 5.839280E+04 1.320717E+02 9.651904E+01 -2.627607E+02 0.000000E+00 -2.627607E+02 9.889980E+04 9.957897E+04 1.571792E+05 1.190105E+03 1.000000E+00 0.000000E+00
1.105000E+00 8.367989E+04 7.488500E+04 5.883594E+04 1.318067E+02 9.660234E+01 -2.672079E+02 0.000000E+00 -2.672079E+02 1.000270E+05 1.005573E+05 1.578154E+05 1.197325E+03 1.000000E+00 0.000000E+00
1.106000E+00 8.425485E+04 7.460457E+04 5.928721E+04 1.315373E+02 9.668564E+01 -2.716102E+02 0.000000E+00 -2.716102E+02 1.011553E+05 1.015362E+05 1.584311E+05 1.204457E+03 1.000000E+00 0.000000E+00
1.107000E+00 8.482369E+04 7.431106E+04 5.974653E+04 1.312635E+02 9.676894E+01 -2.759659E+02 0.000000E+00 -2.759659E+02 1.022844E+05 1.025155E+05 1.590268E+05 1.211508E+03 1.000000E+00 0.000000E+00
1.108000E+00 8.538652E+04 7.400536E+04 6.021377E+04 1.309854E+02 9.685224E+01 -2.802735E+02 0.000000E+00 -2.802735E+02 1.034138E+05 1.034951E+05 1.596032E+05 1.218481E+03 1.000000E+00 0.000000E+00
1.109000E+00 8.594346E+04 7.368759E+04 6.068883E+04 1.307030E+02 9.693554E+01 -2.845313E+02 0.000000E+00 -2.845313E+02 1.045433E+05 1.044748E+05 1.601603E+05 1.225376E+03 1.000000E+00 0.000000E+00
1.110000E+00 8.649465E+04 7.335890E+04 6.117160E+04 1.304163E+02 9.701884E+01 -2.887381E+02 0.000000E+00 -2.887381E+02 1.056724E+05 1.054543E+05 1.606992E+05 1.232201E+03 1.000000E+00 0.000000E+00
1.111000E+00 8.704022E+04 7.302073E+04 6.166196E+04 1.301255E+02 9.710214E+01 -2.928925E+02 0.000000E+00 -2.928925E+02 1.068010E+05 1.064337E+05 1.612210E+05 1.238965E+03 1.000000E+00 0.000000E+00
1.112000E+00 8.758032E+04 7.267388E+04 6.215980E+04 1.298306E+02 9.718544E+01 -2.969931E+02 0.000000E+00 -2.969931E+02 1.079287E+05 1.074127E+05 1.617264E+05 1.245673E+03 1.000000E+00 0.000000E+00
1.113000E+00 8.811510E+04 7.231915E+04 6.266499E+04 1.295315E+02 9.726874E+01 -3.010388E+02 0.000000E+00 -3.010388E+02 1.090552E+05 1.083912E+05 1.622162E+05 1.252330E+03 1.000000E+00 0.000000E+00
1.114000E+00 8.864472E+04 7.195660E+04 6.317741E+04 1.292285E+02 9.735204E+01 -3.050285E+02 0.000000E+00 -3.050285E+02 1.101801E+05 1.093690E+05 1.626903E+05 1.258935E+03 1.000000E+00 0.000000E+00
1.115000E+00 8.916935E+04 7.158769E+04 6.369694E+04 1.289215E+02 9.743534E+01 -3.089612E+02 0.000000E+00 -3.089612E+02 1.113033E+05 1.103460E+05 1.631501E+05 1.265500E+03 1.000000E+00 0.000000E+00
1.116000E+00 8.968914E+04 7.121327E+04 6.422345E+04 1.286106E+02 9.751864E+01 -3.128359E+02 0.000000E+00 -3.128359E+02 1.124244E+05 1.113220E+05 1.635963E+05 1.272028E+03 1.000000E+00 0.000000E+00
1.117000E+00 9.020429E+04 7.083401E+04 6.475681E+04 1.282959E+02 9.760194E+01 -3.166519E+02 0.000000E+00 -3.166519E+02 1.135432E+05 1.122970E+05 1.640295E+05 1.278526E+03 1.000000E+00 0.000000E+00
1.118000E+00 9.071494E+04 7.045051E+04 6.529690E+04 1.279773E+02 9.768524E+01 -3.204083E+02 0.000000E+00 -3.204083E+02 1.146595E+05 1.132707E+05 1.644503E+05 1.284996E+03 1.000000E+00 0.000000E+00
1.119000E+00 9.122128E+04 7.006318E+04 6.584359E+04 1.276551E+02 9.776854E+01 -3.241045E+02 0.000000E+00 -3.241045E+02 1.157730E+05 1.142431E+05 1.648591E+05 1.291442E+03 1.000000E+00 0.000000E+00
1.120000E+00 9.172348E+04 6.967302E+04 6.639674E+04 1.273291E+02 9.785184E+01 -3.277398E+02 0.000000E+00 -3.277398E+02 1.168835E+05 1.152140E+05 1.652567E+05 1.297870E+03 1.000000E+00 0.000000E+00
1.121000E+00 9.222171E+04 6.928058E+04 6.695623E+04 1.269996E+02 9.793514E+01 -3.313136E+02 0.000000E+00 -3.313136E+02 1.179908E+05 1.161833E+05 1.656438E+05 1.304286E+03 1.000000E+00 0.000000E+00
1.122000E+00 9.271614E+04 6.888641E+04 6.752191E+04 1.266665E+02 9.801844E+01 -3.348254E+02 0.000000E+00 -3.348254E+02 1.190946E+05 1.171508E+05 1.660208E+05 1.310692E+03 1.000000E+00 0.000000E+00
1.123000E+00 9.320693E+04 6.849097E+04 6.809367E+04 1.263300E+02 9.810174E+01 -3.382748E+02 0.000000E+00 -3.382748E+02 1.201949E+05 1.181165E+05 1.663883E+05 1.317093E+03 1.000000E+00 0.000000E+00
1.124000E+00 9.369424E+04 6.809480E+04 6.867135E+04 1.259900E+02 9.818504E+01 -3.416614E+02 0.000000E+00 -3.416614E+02 1.212912E+05 1.190801E+05 1.667467E+05 1.323491E+03 1.000000E+00 0.000000E+00
1.125000E+00 9.417824E+04 6.769839E+04 6.925484E+04 1.256467E+02 9.826834E+01 -3.449848E+02 0.000000E+00 -3.449848E+02 1.223836E+05 1.200416E+05 1.670965E+05 1.329892E+03 1.000000E+00 0.000000E+00
1.126000E+00 9.465907E+04 6.730211E+04 6.984398E+04 1.253001E+02 9.835164E+01 -3.482449E+02 0.000000E+00 -3.482449E+02 1.234718E+05 1.210009E+05 1.674381E+05 1.336297E+03 1.000000E+00 0.000000E+00
1.127000E+00 9.513688E+04 6.690634E+04 7.043866E+04 1.249502E+02 9.843494E+01 -3.514412E+02 0.000000E+00 -3.514412E+02 1.245557E+05 1.219578E+05 1.677720E+05 1.342711E+03 1.000000E+00 0.000000E+00
1.128000E+00 9.561181E+04 6.651157E+04 7.103873E+04 1.245972E+02 9.851824E+01 -3.545737E+02 0.000000E+00 -3.545737E+02 1.256351E+05 1.229122E+05 1.680986E+05 1.349136E+03 1.000000E+00 0.000000E+00
1.129000E+00 9.608399E+04 6.611806E+04 7.164405E+04 1.242411E+02 9.860154E+01 -3.576422E+02 0.000000E+00 -3.576422E+02 1.267098E+05 1.238639E+05 1.684182E+05 1.355576E+03 1.000000E+00 0.000000E+00
1.130000E+00 9.655355E+04 6.572602E+04 7.225450E+04 1.238819E+02 9.868484E+01 -3.606466E+02 0.000000E+00 -3.606466E+02 1.277796E+05 1.248128E+05 1.687311E+05 1.362031E+03 1.000000E+00 0.000000E+00
1.131000E+00 9.702060E+04 6.533566E+04 7.286993E+04 1.235198E+02 9.876814E+01 -3.635869E+02 0.000000E+00 -3.635869E+02 1.288446E+05 1.257589E+05 1.690375E+05 1.368505E+03 1.000000E+00 0.000000E+00
1.132000E+00 9.748525E+04 6.494720E+04 7.349021E+04 1.231548E+02 9.885144E+01 -3.664629E+02 0.000000E+00 -3.664629E+02 1.299044E+05 1.267018E+05 1.693376E+05 1.374998E+03 1.000000E+00 0.000000E+00
1.133000E+00 9.794760E+04 6.456122E+04 7.411521E+04 1.227869E+02 9.893474E+01 -3.692747E+02 0.000000E+00 -3.692747E+02 1.309590E+05 1.276416E+05 1.696322E+05 1.381517E+03 1.000000E+00 0.000000E+00
1.134000E+00 9.840773E+04 6.417750E+04 7.474479E+04 1.224163E+02 9.901804E+01 -3.720223E+02 0.000000E+00 -3.720223E+02 1.320083E+05 1.285780E+05 1.699209E+05 1.388059E+03 1.000000E+00 0.000000E+00
1.135000E+00 9.886574E+04 6.379613E+04 7.537882E+04 1.220429E+02 9.910134E+01 -3.747057E+02 0.000000E+00 -3.747057E+02 1.330521E+05 1.295110E+05 1.702041E+05 1.394625E+03 1.000000E+00 0.000000E+00
1.136000E+00 9.932168E+04 6.341721E+04 7.601716E+04 1.216669E+02 9.918464E+01 -3.773251E+02 0.000000E+00 -3.773251E+02 1.340903E+05 1.304404E+05 1.704817E+05 1.401217E+03 1.000000E+00 0.000000E+00
1.137000E+00 9.977561E+04 6.304094E+04 7.665967E+04 1.212883E+02 9.926794E+01 -3.798805E+02 0.000000E+00 -3.798805E+02 1.351227E+05 1.313659E+05 1.707541E+05 1.407837E+03 1.000000E+00 0.000000E+00
1.138000E+00 1.002276E+05 6.266758E+04 7.730623E+04 1.209071E+02 9.935124E+01 -3.823719E+02 0.000000E+00 -3.823719E+02 1.361494E+05 1.322876E+05 1.710215E+05 1.414487E+03 1.000000E+00 0.000000E+00
1.139000E+00 1.006777E+05 6.229679E+04 7.795670E+04 1.205235E+02 9.943454E+01 -3.847997E+02 0.000000E+00 -3.847997E+02 1.371700E+05 1.332052E+05 1.712837E+05 1.421164E+03 1.000000E+00 0.000000E+00
1.140000E+00 1.011258E+05 6.192857E+04 7.861095E+04 1.201376E+02 9.951784E+01 -3.871638E+02 0.000000E+00 -3.871638E+02 1.381847E+05 1.341186E+05 1.715408E+05 1.427870E+03 1.000000E+00 0.000000E+00
1.141000E+00 1.015722E+05 6.156290E+04 7.926885E+04 1.197492E+02 9.960114E+01 -3.894644E+02 0.000000E+00 -3.894644E+02 1.391932E+05 1.350276E+05 1.717927E+05 1.434604E+03 1.000000E+00 0.000000E+00
1.142000E+00 1.020166E+05 6.120001E+04 7.993026E+04 1.193586E+02 9.968444E+01 -3.917017E+02 0.000000E+00 -3.917017E+02 1.401954E+05 1.359321E+05 1.720397E+05 1.441368E+03 1.000000E+00 0.000000E+00
1.143000E+00 1.024592E+05 6.083976E+04 8.059506E+04 1.189658E+02 9.976774E+01 -3.938758E+02 0.000000E+00 -3.938758E+02 1.411912E+05 1.368319E+05 1.722818E+05 1.448162E+03 1.000000E+00 0.000000E+00
1.144000E+00 1.028999E+05 6.048187E+04 8.126311E+04 1.185709E+02 9.985104E+01 -3.959870E+02 0.000000E+00 -3.959870E+02 1.421806E+05 1.377269E+05 1.725187E+05 1.454984E+03 1.000000E+00 0.000000E+00
1.145000E+00 1.033388E+05 6.012624E+04 8.193428E+04 1.181739E+02 9.993434E+01 -3.980353E+02 0.000000E+00 -3.980353E+02 1.431634E+05 1.386169E+05 1.727504E+05 1.461832E+03 1.000000E+00 0.000000E+00
1.146000E+00 1.037757E+05 5.977278E+04 8.260845E+04 1.177749E+02 1.000176E+02 -4.000210E+02 0.000000E+00 -4.000210E+02 1.441396E+05 1.395018E+05 1.729768E+05 1.468707E+03 1.000000E+00 0.000000E+00
1.147000E+00 1.042107E+05 5.942174E+04 8.328548E+04 1.173739E+02 1.001009E+02 -4.019443E+02 0.000000E+00 -4.019443E+02 1.451090E+05 1.403813E+05 1.731982E+05 1.475611E+03 1.000000E+00 0.000000E+00
1.148000E+00 1.046436E+05 5.907266E+04 8.396526E+04 1.169710E+02 1.001842E+02 -4.038053E+02 0.000000E+00 -4.038053E+02 1.460715E+05 1.412554E+05 1.734142E+05 1.482540E+03 1.000000E+00 0.000000E+00
1.149000E+00 1.050746E+05 5.872537E+04 8.464764E+04 1.165663E+02 1.002675E+02 -4.056042E+02 0.000000E+00 -4.056042E+02 1.470270E+05 1.421239E+05 1.736246E+05 1.489492E+03 1.000000E+00 0.000000E+00
1.150000E+00 1.055034E+05 5.837972E+04 8.533251E+04 1.161598E+02 1.003508E+02 -4.073413E+02 0.000000E+00 -4.073413E+02 1.479755E+05 1.429866E+05 1.738294E+05 1.496467E+03 1.000000E+00 0.000000E+00
1.151000E+00 1.059300E+05 5.803563E+04 8.601973E+04 1.157516E+02 1.004341E+02 -4.090166E+02 0.000000E+00 -4.090166E+02 1.489168E+05 1.438433E+05 1.740285E+05 1.503465E+03 1.000000E+00 0.000000E+00
1.152000E+00 1.063543E+05 5.769318E+04 8.670918E+04 1.153418E+02 1.005174E+02 -4.106304E+02 0.000000E+00 -4.106304E+02 1.498509E+05 1.446940E+05 1.742220E+05 1.510484E+03 1.000000E+00 0.000000E+00
1.153000E+00 1.067763E+05 5.735192E+04 8.740074E+04 1.149304E+02 1.006007E+02 -4.121828E+02 0.000000E+00 -4.121828E+02 1.507776E+05 1.455384E+05 1.744095E+05 1.517523E+03 1.000000E+00 0.000000E+00
1.154000E+00 1.071959E+05 5.701171E+04 8.809429E+04 1.145175E+02 1.006840E+02 -4.136740E+02 0.000000E+00 -4.136740E+02 1.516969E+05 1.463764E+05 1.745909E+05 1.524579E+03 1.000000E+00 0.000000E+00
1.155000E+00 1.076129E+05 5.667242E+04 8.878968E+04 1.141031E+02 1.007673E+02 -4.151042E+02 0.000000E+00 -4.151042E+02 1.526086E+05 1.472078E+05 1.747660E+05 1.531651E+03 1.000000E+00 0.000000E+00
1.156000E+00 1.080274E+05 5.633400E+04 8.948681E+04 1.136873E+02 1.008506E+02 -4.164736E+02 0.000000E+00 -4.164736E+02 1.535127E+05 1.480326E+05 1.749349E+05 1.538738E+03 1.000000E+00 0.000000E+00
1.157000E+00 1.084391E+05 5.599633E+04 9.018555E+04 1.132701E+02 1.009339E+02 -4.177822E+02 0.000000E+00 -4.177822E+02 1.544090E+05 1.488504E+05 1.750975E+05 1.545840E+03 1.000000E+00 0.000000E+00
1.158000E+00 1.088480E+05 5.565913E+04 9.088578E+04 1.128517E+02 1.010172E+02 -4.190304E+02 0.000000E+00 -4.190304E+02 1.552975E+05 1.496613E+05 1.752535E+05 1.552954E+03 1.000000E+00 0.000000E+00
1.159000E+00 1.092539E+05 5.532228E+04 9.158737E+04 1.124321E+02 1.011005E+02 -4.202182E+02 0.000000E+00 -4.202182E+02 1.561780E+05 1.504650E+05 1.754028E+05 1.560077E+03 1.000000E+00 0.000000E+00
1.160000E+00 1.096568E+05 5.498568E+04 9.229020E+04 1.120113E+02 1.011838E+02 -4.213459E+02 0.000000E+00 -4.213459E+02 1.570506E+05 1.512614E+05 1.755452E+05 1.567210E+03 1.000000E+00 0.000000E+00
1.161000E+00 1.100565E+05 5.464929E+04 9.299416E+04 1.115894E+02 1.012671E+02 -4.224135E+02 0.000000E+00 -4.224135E+02 1.579150E+05 1.520504E+05 1.756809E+05 1.574351E+03 1.000000E+00 0.000000E+00
1.162000E+00 1.104530E+05 5.431294E+04 9.369911E+04 1.111665E+02 1.013504E+02 -4.234212E+02 0.000000E+00 -4.234212E+02 1.587712E+05 1.528318E+05 1.758096E+05 1.581498E+03 1.000000E+00 0.000000E+00
1.163000E+00 1.108461E+05 5.397650E+04 9.440495E+04 1.107426E+02 1.014337E+02 -4.243693E+02 0.000000E+00 -4.243693E+02 1.596190E+05 1.536056E+05 1.759312E+05 1.588650E+03 1.000000E+00 0.000000E+00
1.164000E+00 1.112357E+05 5.363990E+04 9.511154E+04 1.103178E+02 1.015170E+02 -4.252577E+02 0.000000E+00 -4.252577E+02 1.604585E+05 1.543714E+05 1.760457E+05 1.595805E+03 1.000000E+00 0.000000E+00
1.165000E+00 1.116216E+05 5.330307E+04 9.581878E+04 1.098921E+02 1.016003E+02 -4.260868E+02 0.000000E+00 -4.260868E+02 1.612894E+05 1.551294E+05 1.761530E+05 1.602963E+03 1.000000E+00 0.000000E+00
1.166000E+00 1.120039E+05 5.296596E+04 9.652655E+04 1.094656E+02 1.016836E+02 -4.268567E+02 0.000000E+00 -4.268567E+02 1.621118E+05 1.558792E+05 1.762530E+05 1.610122E+03 1.000000E+00 0.000000E+00
1.167000E+00 1.123823E+05 5.262849E+04 9.723471E+04 1.090384E+02 1.017669E+02 -4.275676E+02 0.000000E+00 -4.275676E+02 1.629255E+05 1.566209E+05 1.763457E+05 1.617281E+03 1.000000E+00 0.000000E+00
1.168000E+00 1.127567E+05 5.229063E+04 9.794317E+04 1.086105E+02 1.018502E+02 -4.282195E+02 0.000000E+00 -4.282195E+02 1.637303E+05 1.573543E+05 1.764311E+05 1.624438E+03 1.000000E+00 0.000000E+00
1.169000E+00 1.131271E+05 5.195235E+04 9.865179E+04 1.081820E+02 1.019335E+02 -4.288128E+02 0.000000E+00 -4.288128E+02 1.645263E+05 1.580793E+05 1.765091E+05 1.631594E+03 1.000000E+00 0.000000E+00
1.170000E+00 1.134933E+05 5.161364E+04 9.936047E+04 1.077529E+02 1.020168E+02 -4.293475E+02 0.000000E+00 -4.293475E+02 1.653134E+05 1.587957E+05 1.765798E+05 1.638747E+03 1.000000E+00 0.000000E+00
1.171000E+00 1.138553E+05 5.127446E+04 1.000691E+05 1.073233E+02 1.021001E+02 -4.298239E+02 0.000000E+00 -4.298239E+02 1.660914E+05 1.595036E+05 1.766430E+05 1.645896E+03 1.000000E+00 0.000000E+00
1.172000E+00 1.142129E+05 5.093486E+04 1.007775E+05 1.068933E+02 1.021834E+02 -4.302422E+02 0.000000E+00 -4.302422E+02 1.668603E+05 1.602028E+05 1.766990E+05 1.653041E+03 1.000000E+00 0.000000E+00
1.173000E+00 1.145660E+05 5.059486E+04 1.014857E+05 1.064629E+02 1.022667E+02 -4.306025E+02 0.000000E+00 -4.306025E+02 1.676199E+05 1.608931E+05 1.767476E+05 1.660181E+03 1.000000E+00 0.000000E+00
1.174000E+00 1.149146E+05 5.025451E+04 1.021934E+05 1.060321E+02 1.023500E+02 -4.309052E+02 0.000000E+00 -4.309052E+02 1.683703E+05 1.615747E+05 1.767890E+05 1.667316E+03 1.000000E+00 0.000000E+00
1.175000E+00 1.152586E+05 4.991381E+04 1.029006E+05 1.056011E+02 1.024333E+02 -4.311503E+02 0.000000E+00 -4.311503E+02 1.691113E+05 1.622473E+05 1.768232E+05 1.674445E+03 1.000000E+00 0.000000E+00
1.176000E+00 1.155979E+05 4.957281E+04 1.036072E+05 1.051698E+02 1.025166E+02 -4.313382E+02 0.000000E+00 -4.313382E+02 1.698428E+05 1.629109E+05 1.768502E+05 1.681568E+03 1.000000E+00 0.000000E+00
1.177000E+00 1.159323E+05 4.923165E+04 1.043130E+05 1.047384E+02 1.025999E+02 -4.314691E+02 0.000000E+00 -4.314691E+02 1.705648E+05 1.635654E+05 1.768702E+05 1.688685E+03 1.000000E+00 0.000000E+00
1.178000E+00 1.162619E+05 4.889038E+04 1.050180E+05 1.043069E+02 1.026832E+02 -4.315433E+02 0.000000E+00 -4.315433E+02 1.712772E+05 1.642108E+05 1.768832E+05 1.695796E+03 1.000000E+00 0.000000E+00
1.179000E+00 1.165866E+05 4.854911E+04 1.057220E+05 1.038753E+02 1.027665E+02 -4.315611E+02 0.000000E+00 -4.315611E+02 1.719800E+05 1.648471E+05 1.768895E+05 1.702902E+03 1.000000E+00 0.000000E+00
1.180000E+00 1.169063E+05 4.820787E+04 1.064249E+05 1.034438E+02 1.028498E+02 -4.315226E+02 0.000000E+00 -4.315226E+02 1.726730E+05 1.654741E+05 1.768890E+05 1.710001E+03 1.000000E+00 0.000000E+00
1.181000E+00 1.172210E+05 4.786682E+04 1.071266E+05 1.030123E+02 1.029331E+02 -4.314284E+02 0.000000E+00 -4.314284E+02 1.733562E+05 1.660919E+05 1.768818E+05 1.717094E+03 1.000000E+00 0.000000E+00
1.182000E+00 1.175305E+05 4.752610E+04 1.078271E+05 1.025810E+02 1.030164E+02 -4.312785E+02 0.000000E+00 -4.312785E+02 1.740296E+05 1.667003E+05 1.768683E+05 1.724183E+03 1.000000E+00 0.000000E+00
1.183000E+00 1.178350E+05 4.718583E+04 1.085261E+05 1.021498E+02 1.030997E+02 -4.310735E+02 0.000000E+00 -4.310735E+02 1.746931E+05 1.672995E+05 1.768485E+05 1.731267E+03 1.000000E+00 0.000000E+00
1.184000E+00 1.181343E+05 4.684613E+04 1.092236E+05 1.017188E+02 1.031830E+02 -4.308137E+02 0.000000E+00 -4.308137E+02 1.753466E+05 1.678892E+05 1.768226E+05 1.738347E+03 1.000000E+00 0.000000E+00
1.185000E+00 1.184284E+05 4.650712E+04 1.099195E+05 1.012882E+02 1.032663E+02 -4.304993E+02 0.000000E+00 -4.304993E+02 1.759901E+05 1.684697E+05 1.767907E+05 1.745423E+03 1.000000E+00 0.000000E+00
1.186000E+00 1.187173E+05 4.616897E+04 1.106137E+05 1.008578E+02 1.033496E+02 -4.301309E+02 0.000000E+00 -4.301309E+02 1.766236E+05 1.690407E+05 1.767530E+05 1.752496E+03 1.000000E+00 0.000000E+00
1.187000E+00 1.190009E+05 4.583184E+04 1.113060E+05 1.004279E+02 1.034329E+02 -4.297089E+02 0.000000E+00 -4.297089E+02 1.772469E+05 1.696023E+05 1.767097E+05 1.759567E+03 1.000000E+00 0.000000E+00
1.188000E+00 1.192793E+05 4.549586E+04 1.119964E+05 9.999845E+01 1.035162E+02 -4.292336E+02 0.000000E+00 -4.292336E+02 1.778601E+05 1.701545E+05 1.766610E+05 1.766638E+03 1.000000E+00 0.000000E+00
1.189000E+00 1.195524E+05 4.516120E+04 1.126847E+05 9.956947E+01 1.035995E+02 -4.287054E+02 0.000000E+00 -4.287054E+02 1.784632E+05 1.706973E+05 1.766071E+05 1.773708E+03 1.000000E+00 0.000000E+00
1.190000E+00 1.198203E+05 4.482802E+04 1.133710E+05 9.914106E+01 1.036828E+02 -4.281250E+02 0.000000E+00 -4.281250E+02 1.790561E+05 1.712307E+05 1.765483E+05 1.780778E+03 1.000000E+00 0.000000E+00
1.191000E+00 1.200829E+05 4.449647E+04 1.140549E+05 9.871324E+01 1.037661E+02 -4.274927E+02 0.000000E+00 -4.274927E+02 1.796387E+05 1.717547E+05 1.764846E+05 1.787851E+03 1.000000E+00 0.000000E+00
1.192000E+00 1.203402E+05 4.416670E+04 1.147366E+05 9.828609E+01 1.038494E+02 -4.268090E+02 0.000000E+00 -4.268090E+02 1.802111E+05 1.722694E+05 1.764163E+05 1.794926E+03 1.000000E+00 0.000000E+00
1.193000E+00 1.205924E+05 4.383887E+04 1.154158E+05 9.785964E+01 1.039327E+02 -4.260745E+02 0.000000E+00 -4.260745E+02 1.807732E+05 1.727746E+05 1.763436E+05 1.802005E+03 1.000000E+00 0.000000E+00
1.194000E+00 1.208393E+05 4.351317E+04 1.160925E+05 9.743396E+01 1.040160E+02 -4.252896E+02 0.000000E+00 -4.252896E+02 1.813251E+05 1.732705E+05 1.762668E+05 1.809090E+03 1.000000E+00 0.000000E+00
1.195000E+00 1.210810E+05 4.318974E+04 1.167665E+05 9.700908E+01 1.040993E+02 -4.244551E+02 0.000000E+00 -4.244551E+02 1.818666E+05 1.737571E+05 1.761860E+05 1.816180E+03 1.000000E+00 0.000000E+00
1.196000E+00 1.213175E+05 4.286870E+04 1.174378E+05 9.658506E+01 1.041826E+02 -4.235713E+02 0.000000E+00 -4.235713E+02 1.823979E+05 1.742344E+05 1.761014E+05 1.823278E+03 1.000000E+00 0.000000E+00
1.197000E+00 1.215489E+05 4.255018E+04 1.181063E+05 9.616195E+01 1.042659E+02 -4.226389E+02 0.000000E+00 -4.226389E+02 1.829189E+05 1.747025E+05 1.760133E+05 1.830384E+03 1.000000E+00 0.000000E+00
1.198000E+00 1.217751E+05 4.223433E+04 1.187719E+05 9.573980E+01 1.043492E+02 -4.216585E+02 0.000000E+00 -4.216585E+02 1.834296E+05 1.751612E+05 1.759217E+05 1.837498E+03 1.000000E+00 0.000000E+00
1.199000E+00 1.219963E+05 4.192142E+04 1.194345E+05 9.531865E+01 1.044325E+02 -4.206308E+02 0.000000E+00 -4.206308E+02 1.839300E+05 1.756108E+05 1.758271E+05 1.844625E+03 1.000000E+00 0.000000E+00
1.200000E+00 1.222125E+05 4.161144E+04 1.200941E+05 9.489856E+01 1.045158E+02 -4.195563E+02 0.000000E+00 -4.195563E+02 1.844201E+05 1.760513E+05 1.757296E+05 1.851762E+03 1.000000E+00 0.000000E+00
1.201000E+00 1.224237E+05 4.130450E+04 1.207504E+05 9.447956E+01 1.045991E+02 -4.184356E+02 0.000000E+00 -4.184356E+02 1.848999E+05 1.764826E+05 1.756292E+05 1.858912E+03 1.000000E+00 0.000000E+00
1.202000E+00 1.226299E+05 4.100072E+04 1.214035E+05 9.406170E+01 1.046824E+02 -4.172695E+02 0.000000E+00 -4.172695E+02 1.853695E+05 1.769048E+05 1.755262E+05 1.866076E+03 1.000000E+00 0.000000E+00
1.203000E+00 1.228312E+05 4.070025E+04 1.220532E+05 9.364503E+01 1.047657E+02 -4.160587E+02 0.000000E+00 -4.160587E+02 1.858289E+05 1.773179E+05 1.754209E+05 1.873253E+03 1.000000E+00 0.000000E+00
1.204000E+00 1.230276E+05 4.040329E+04 1.226995E+05 9.322960E+01 1.048490E+02 -4.148037E+02 0.000000E+00 -4.148037E+02 1.862780E+05 1.777221E+05 1.753134E+05 1.880448E+03 1.000000E+00 0.000000E+00
1.205000E+00 1.232192E+05 4.010978E+04 1.233423E+05 9.281544E+01 1.049323E+02 -4.135053E+02 0.000000E+00 -4.135053E+02 1.867170E+05 1.781173E+05 1.752038E+05 1.887658E+03 1.000000E+00 0.000000E+00
1.206000E+00 1.234061E+05 3.981979E+04 1.239815E+05 9.240260E+01 1.050156E+02 -4.121642E+02 0.000000E+00 -4.121642E+02 1.871458E+05 1.785036E+05 1.750922E+05 1.894884E+03 1.000000E+00 0.000000E+00
1.207000E+00 1.235882E+05 3.953339E+04 1.246170E+05 9.199113E+01 1.050989E+02 -4.107812E+02 0.000000E+00 -4.107812E+02 1.875645E+05 1.788810E+05 1.749788E+05 1.902127E+03 1.000000E+00 0.000000E+00
1.208000E+00 1.237657E+05 3.925078E+04 1.252488E+05 9.158105E+01 1.051822E+02 -4.093568E+02 0.000000E+00 -4.093568E+02 1.879731E+05 1.792497E+05 1.748639E+05 1.909390E+03 1.000000E+00 0.000000E+00
1.209000E+00 1.239386E+05 3.897198E+04 1.258767E+05 9.117243E+01 1.052655E+02 -4.078919E+02 0.000000E+00 -4.078919E+02 1.883716E+05 1.796095E+05 1.747476E+05 1.916671E+03 1.000000E+00 0.000000E+00
1.210000E+00 1.241069E+05 3.869693E+04 1.265008E+05 9.076528E+01 1.053488E+02 -4.063873E+02 0.000000E+00 -4.063873E+02 1.887601E+05 1.799607E+05 1.746298E+05 1.923972E+03 1.000000E+00 0.000000E+00
1.211000E+00 1.242707E+05 3.842565E+04 1.271209E+05 9.035966E+01 1.054321E+02 -4.048435E+02 0.000000E+00 -4.048435E+02 1.891387E+05 1.803031E+05 1.745107E+05 1.931290E+03 1.000000E+00 0.000000E+00
1.212000E+00 1.244300E+05 3.815817E+04 1.277369E+05 8.995561E+01 1.055154E+02 -4.032614E+02 0.000000E+00 -4.032614E+02 1.895073E+05 1.806370E+05 1.743904E+05 1.938628E+03 1.000000E+00 0.000000E+00
1.213000E+00 1.245849E+05 3.789471E+04 1.283488E+05 8.955315E+01 1.055987E+02 -4.016418E+02 0.000000E+00 -4.016418E+02 1.898660E+05 1.809623E+05 1.742693E+05 1.945987E+03 1.000000E+00 0.000000E+00
1.214000E+00 1.247355E+05 3.763511E+04 1.289566E+05 8.915234E+01 1.056820E+02 -3.999853E+02 0.000000E+00 -3.999853E+02 1.902150E+05 1.812791E+05 1.741471E+05 1.953365E+03 1.000000E+00 0.000000E+00
1.215000E+00 1.248817E+05 3.737930E+04 1.295601E+05 8.875320E+01 1.057653E+02 -3.982928E+02 0.000000E+00 -3.982928E+02 1.905541E+05 1.815873E+05 1.740239E+05 1.960762E+03 1.000000E+00 0.000000E+00
1.216000E+00 1.250236E+05 3.712729E+04 1.301593E+05 8.835576E+01 1.058486E+02 -3.965650E+02 0.000000E+00 -3.965650E+02 1.908835E+05 1.818872E+05 1.738999E+05 1.968178E+03 1.000000E+00 0.000000E+00
1.217000E+00 1.251613E+05 3.687908E+04 1.307541E+05 8.796008E+01 1.059319E+02 -3.948026E+02 0.000000E+00 -3.948026E+02 1.912032E+05 1.821787E+05 1.737750E+05 1.975612E+03 1.000000E+00 0.000000E+00
1.218000E+00 1.252948E+05 3.663479E+04 1.313445E+05 8.756617E+01 1.060152E+02 -3.930063E+02 0.000000E+00 -3.930063E+02 1.915133E+05 1.824619E+05 1.736495E+05 1.983066E+03 1.000000E+00 0.000000E+00
1.219000E+00 1.254242E+05 3.639419E+04 1.319304E+05 8.717408E+01 1.060985E+02 -3.911770E+02 0.000000E+00 -3.911770E+02 1.918139E+05 1.827368E+05 1.735233E+05 1.990538E+03 1.000000E+00 0.000000E+00
1.220000E+00 1.255494E+05 3.615723E+04 1.325118E+05 8.678383E+01 1.061818E+02 -3.893154E+02 0.000000E+00 -3.893154E+02 1.921049E+05 1.830034E+05 1.733963E+05 1.998025E+03 1.000000E+00 0.000000E+00
1.221000E+00 1.256705E+05 3.592386E+04 1.330885E+05 8.639546E+01 1.062651E+02 -3.874222E+02 0.000000E+00 -3.874222E+02 1.923865E+05 1.832619E+05 1.732686E+05 2.005529E+03 1.000000E+00 0.000000E+00
1.222000E+00 1.257876E+05 3.569408E+04 1.336606E+05 8.600899E+01 1.063484E+02 -3.854982E+02 0.000000E+00 -3.854982E+02 1.926587E+05 1.835122E+05 1.731403E+05 2.013048E+03 1.000000E+00 0.000000E+00
1.223000E+00 1.259006E+05 3.546786E+04 1.342279E+05 8.562447E+01 1.064317E+02 -3.835441E+02 0.000000E+00 -3.835441E+02 1.929216E+05 1.837544E+05 1.730113E+05 2.020583E+03 1.000000E+00 0.000000E+00
1.224000E+00 1.260097E+05 3.524500E+04 1.347905E+05 8.524192E+01 1.065150E+02 -3.815605E+02 0.000000E+00 -3.815605E+02 1.931752E+05 1.839885E+05 1.728817E+05 2.028130E+03 1.000000E+00 0.000000E+00
1.225000E+00 1.261148E+05 3.502543E+04 1.353483E+05 8.486136E+01 1.065983E+02 -3.795484E+02 0.000000E+00 -3.795484E+02 1.934196E+05 1.842146E+05 1.727513E+05 2.035689E+03 1.000000E+00 0.000000E+00
1.226000E+00 1.262159E+05 3.480908E+04 1.359012E+05 8.448283E+01 1.066816E+02 -3.775082E+02 0.000000E+00 -3.775082E+02 1.936548E+05 1.844327E+05 1.726202E+05 2.043258E+03 1.000000E+00 0.000000E+00
1.227000E+00 1.263130E+05 3.459592E+04 1.364492E+05 8.410635E+01 1.067649E+02 -3.754408E+02 0.000000E+00 -3.754408E+02 1.938810E+05 1.846429E+05 1.724884E+05 2.050837E+03 1.000000E+00 0.000000E+00
1.228000E+00 1.264063E+05 3.438581E+04 1.369922E+05 8.373196E+01 1.068482E+02 -3.733469E+02 0.000000E+00 -3.733469E+02 1.940981E+05 1.848452E+05 1.723558E+05 2.058423E+03 1.000000E+00 0.000000E+00
1.229000E+00 1.264956E+05 3.417861E+04 1.375302E+05 8.335967E+01 1.069315E+02 -3.712271E+02 0.000000E+00 -3.712271E+02 1.943062E+05 1.850396E+05 1.722224E+05 2.066016E+03 1.000000E+00 0.000000E+00
1.230000E+00 1.265810E+05 3.397425E+04 1.380632E+05 8.298951E+01 1.070148E+02 -3.690821E+02 0.000000E+00 -3.690821E+02 1.945055E+05 1.852262E+05 1.720882E+05 2.073614E+03 1.000000E+00 0.000000E+00
1.231000E+00 1.266626E+05 3.377263E+04 1.385911E+05 8.262151E+01 1.070981E+02 -3.669126E+02 0.000000E+00 -3.669126E+02 1.946959E+05 1.854050E+05 1.719530E+05 2.081214E+03 1.000000E+00 0.000000E+00
1.232000E+00 1.267403E+05 3.357364E+04 1.391138E+05 8.225569E+01 1.071814E+02 -3.647193E+02 0.000000E+00 -3.647193E+02 1.948776E+05 1.855761E+05 1.718170E+05 2.088815E+03 1.000000E+00 0.000000E+00
1.233000E+00 1.268141E+05 3.337718E+04 1.396314E+05 8.189208E+01 1.072647E+02 -3.625028E+02 0.000000E+00 -3.625028E+02 1.950505E+05 1.857394E+05 1.716799E+05 2.096416E+03 1.000000E+00 0.000000E+00
1.234000E+00 1.268840E+05 3.318313E+04 1.401438E+05 8.153069E+01 1.073480E+02 -3.602637E+02 0.000000E+00 -3.602637E+02 1.952148E+05 1.858951E+05 1.715418E+05 2.104015E+03 1.000000E+00 0.000000E+00
1.235000E+00 1.269501E+05 3.299142E+04 1.406509E+05 8.117156E+01 1.074313E+02 -3.580027E+02 0.000000E+00 -3.580027E+02 1.953705E+05 1.860431E+05 1.714026E+05 2.111609E+03 1.000000E+00 0.000000E+00
1.236000E+00 1.270123E+05 3.280192E+04 1.411527E+05 8.081470E+01 1.075146E+02 -3.557204E+02 0.000000E+00 -3.557204E+02 1.955176E+05 1.861835E+05 1.712623E+05 2.119198E+03 1.000000E+00 0.000000E+00
1.237000E+00 1.270706E+05 3.261449E+04 1.416493E+05 8.046013E+01 1.075979E+02 -3.534175E+02 0.000000E+00 -3.534175E+02 1.956563E+05 1.863164E+05 1.711208E+05 2.126777E+03 1.000000E+00 0.000000E+00
1.238000E+00 1.271251E+05 3.242909E+04 1.421404E+05 8.010787E+01 1.076812E+02 -3.510944E+02 0.000000E+00 -3.510944E+02 1.957865E+05 1.864417E+05 1.709780E+05 2.134347E+03 1.000000E+00 0.000000E+00
1.239000E+00 1.271756E+05 3.224563E+04 1.426262E+05 7.975794E+01 1.077645E+02 -3.487519E+02 0.000000E+00 -3.487519E+02 1.959084E+05 1.865595E+05 1.708340E+05 2.141905E+03 1.000000E+00 0.000000E+00
1.240000E+00 1.272224E+05 3.206405E+04 1.431066E+05 7.941037E+01 1.078478E+02 -3.463905E+02 0.000000E+00 -3.463905E+02 1.960221E+05 1.866698E+05 1.706886E+05 2.149450E+03 1.000000E+00 0.000000E+00
1.241000E+00 1.272652E+05 3.188416E+04 1.435816E+05 7.906517E+01 1.079311E+02 -3.440108E+02 0.000000E+00 -3.440108E+02 1.961275E+05 1.867728E+05 1.705419E+05 2.156979E+03 1.000000E+00 0.000000E+00
1.242000E+00 1.273042E+05 3.170589E+04 1.440511E+05 7.872236E+01 1.080144E+02 -3.416133E+02 0.000000E+00 -3.416133E+02 1.962247E+05 1.868683E+05 1.703937E+05 2.164489E+03 1.000000E+00 0.000000E+00
1.243000E+00 1.273392E+05 3.152925E+04 1.445151E+05 7.838195E+01 1.080977E+02 -3.391986E+02 0.000000E+00 -3.391986E+02 1.963138E+05 1.869565E+05 1.702441E+05 2.171981E+03 1.000000E+00 0.000000E+00
1.244000E+00 1.273704E+05 3.135418E+04 1.449736E+05 7.804396E+01 1.081810E+02 -3.367673E+02 0.000000E+00 -3.367673E+02 1.963949E+05 1.870374E+05 1.700931E+05 2.179452E+03 1.000000E+00 0.000000E+00
1.245000E+00 1.273977E+05 3.118063E+04 1.454265E+05 7.770842E+01 1.082643E+02 -3.343199E+02 0.000000E+00 -3.343199E+02 1.964680E+05 1.871110E+05 1.699406E+05 2.186901E+03 1.000000E+00 0.000000E+00
1.246000E+00 1.274211E+05 3.100831E+04 1.458739E+05 7.737533E+01 1.083476E+02 -3.318569E+02 0.000000E+00 -3.318569E+02 1.965331E+05 1.871774E+05 1.697865E+05 2.194323E+03 1.000000E+00 0.000000E+00
1.247000E+00 1.274406E+05 3.083736E+04 1.463157E+05 7.704471E+01 1.084309E+02 -3.293789E+02 0.000000E+00 -3.293789E+02 1.965904E+05 1.872366E+05 1.696308E+05 2.201719E+03 1.000000E+00 0.000000E+00
1.248000E+00 1.274562E+05 3.066777E+04 1.467519E+05 7.671658E+01 1.085142E+02 -3.268864E+02 0.000000E+00 -3.268864E+02 1.966398E+05 1.872887E+05 1.694737E+05 2.209088E+03 1.000000E+00 0.000000E+00
1.249000E+00 1.274678E+05 3.049954E+04 1.471825E+05 7.639094E+01 1.085975E+02 -3.243798E+02 0.000000E+00 -3.243798E+02 1.966815E+05 1.873337E+05 1.693151E+05 2.216429E+03 1.000000E+00 0.000000E+00
1.250000E+00 1.274756E+05 3.033257E+04 1.476074E+05 7.606782E+01 1.086808E+02 -3.218599E+02 0.000000E+00 -3.218599E+02 1.967156E+05 1.873716E+05 1.691550E+05 2.223740E+03 1.000000E+00 0.000000E+00
1.251000E+00 1.274795E+05 3.016661E+04 1.480267E+05 7.574723E+01 1.087641E+02 -3.193269E+02 0.000000E+00 -3.193269E+02 1.967419E+05 1.874026E+05 1.689932E+05 2.231015E+03 1.000000E+00 0.000000E+00
1.252000E+00 1.274794E+05 3.000193E+04 1.484403E+05 7.542917E+01 1.088474E+02 -3.167816E+02 0.000000E+00 -3.167816E+02 1.967607E+05 1.874266E+05 1.688300E+05 2.238258E+03 1.000000E+00 0.000000E+00
1.253000E+00 1.274755E+05 2.983853E+04 1.488482E+05 7.511367E+01 1.089307E+02 -3.142243E+02 0.000000E+00 -3.142243E+02 1.967720E+05 1.874437E+05 1.686654E+05 2.245468E+03 1.000000E+00 0.000000E+00
1.254000E+00 1.274677E+05 2.967642E+04 1.492503E+05 7.480073E+01 1.090140E+02 -3.116556E+02 0.000000E+00 -3.116556E+02 1.967758E+05 1.874540E+05 1.684994E+05 2.252644E+03 1.000000E+00 0.000000E+00
1.255000E+00 1.274560E+05 2.951544E+04 1.496468E+05 7.449036E+01 1.090973E+02 -3.090759E+02 0.000000E+00 -3.090759E+02 1.967723E+05 1.874575E+05 1.683320E+05 2.259782E+03 1.000000E+00 0.000000E+00
1.256000E+00 1.274405E+05 2.935555E+04 1.500375E+05 7.418258E+01 1.091806E+02 -3.064857E+02 0.000000E+00 -3.064857E+02 1.967615E+05 1.874543E+05 1.681631E+05 2.266881E+03 1.000000E+00 0.000000E+00
1.257000E+00 1.274211E+05 2.919699E+04 1.504225E+05 7.387739E+01 1.092639E+02 -3.038855E+02 0.000000E+00 -3.038855E+02 1.967435E+05 1.874445E+05 1.679930E+05 2.273943E+03 1.000000E+00 0.000000E+00
1.258000E+00 1.273979E+05 2.903980E+04 1.508017E+05 7.357481E+01 1.093472E+02 -3.012758E+02 0.000000E+00 -3.012758E+02 1.967181E+05 1.874280E+05 1.678218E+05 2.280968E+03 1.000000E+00 0.000000E+00
1.259000E+00 1.273709E+05 2.888402E+04 1.511751E+05 7.327484E+01 1.094305E+02 -2.986571E+02 0.000000E+00 -2.986571E+02 1.966857E+05 1.874050E+05 1.676495E+05 2.287955E+03 1.000000E+00 0.000000E+00
1.260000E+00 1.273401E+05 2.872938E+04 1.515428E+05 7.297750E+01 1.095138E+02 -2.960299E+02 0.000000E+00 -2.960299E+02 1.966462E+05 1.873755E+05 1.674760E+05 2.294899E+03 1.000000E+00 0.000000E+00
1.261000E+00 1.273056E+05 2.857611E+04 1.519047E+05 7.268279E+01 1.095971E+02 -2.933947E+02 0.000000E+00 -2.933947E+02 1.965997E+05 1.873397E+05 1.673014E+05 2.301803E+03 1.000000E+00 0.000000E+00
1.262000E+00 1.272673E+05 2.842438E+04 1.522607E+05 7.239071E+01 1.096804E+02 -2.907519E+02 0.000000E+00 -2.907519E+02 1.965463E+05 1.872975E+05 1.671261E+05 2.308668E+03 1.000000E+00 0.000000E+00
1.263000E+00 1.272253E+05 2.827426E+04 1.526110E+05 7.210128E+01 1.097637E+02 -2.881022E+02 0.000000E+00 -2.881022E+02 1.964861E+05 1.872490E+05 1.669500E+05 2.315493E+03 1.000000E+00 0.000000E+00
1.264000E+00 1.271796E+05 2.812579E+04 1.529555E+05 7.181451E+01 1.098470E+02 -2.854460E+02 0.000000E+00 -2.854460E+02 1.964190E+05 1.871944E+05 1.667734E+05 2.322280E+03 1.000000E+00 0.000000E+00
1.265000E+00 1.271303E+05 2.797863E+04 1.532942E+05 7.153039E+01 1.099303E+02 -2.827837E+02 0.000000E+00 -2.827837E+02 1.963453E+05 1.871337E+05 1.665958E+05 2.329021E+03 1.000000E+00 0.000000E+00
1.266000E+00 1.270775E+05 2.783325E+04 1.536271E+05 7.124894E+01 1.100136E+02 -2.801159E+02 0.000000E+00 -2.801159E+02 1.962649E+05 1.870670E+05 1.664178E+05 2.335723E+03 1.000000E+00 0.000000E+00
1.267000E+00 1.270211E+05 2.768973E+04 1.539541E+05 7.097016E+01 1.100969E+02 -2.774431E+02 0.000000E+00 -2.774431E+02 1.961779E+05 1.869943E+05 1.662395E+05 2.342386E+03 1.000000E+00 0.000000E+00
1.268000E+00 1.269612E+05 2.754814E+04 1.542754E+05 7.069406E+01 1.101802E+02 -2.747658E+02 0.000000E+00 -2.747658E+02 1.960845E+05 1.869158E+05 1.660611E+05 2.349010E+03 1.000000E+00 0.000000E+00
1.269000E+00 1.268978E+05 2.740842E+04 1.545908E+05 7.042063E+01 1.102635E+02 -2.720845E+02 0.000000E+00 -2.720845E+02 1.959847E+05 1.868316E+05 1.658824E+05 2.355594E+03 1.000000E+00 0.000000E+00
1.270000E+00 1.268310E+05 2.727048E+04 1.549004E+05 7.014989E+01 1.103468E+02 -2.693997E+02 0.000000E+00 -2.693997E+02 1.958786E+05 1.867416E+05 1.657036E+05 2.362136E+03 1.000000E+00 0.000000E+00
1.271000E+00 1.267609E+05 2.713467E+04 1.552042E+05 6.988184E+01 1.104301E+02 -2.667119E+02 0.000000E+00 -2.667119E+02 1.957662E+05 1.866461E+05 1.655249E+05 2.368640E+03 1.000000E+00 0.000000E+00
1.272000E+00 1.266875E+05 2.700107E+04 1.555022E+05 6.961647E+01 1.105134E+02 -2.640217E+02 0.000000E+00 -2.640217E+02 1.956476E+05 1.865450E+05 1.653465E+05 2.375106E+03 1.000000E+00 0.000000E+00
1.273000E+00 1.266109E+05 2.686973E+04 1.557944E+05 6.935379E+01 1.105967E+02 -2.613295E+02 0.000000E+00 -2.613295E+02 1.955230E+05 1.864386E+05 1.651684E+05 2.381534E+03 1.000000E+00 0.000000E+00
1.274000E+00 1.265311E+05 2.674051E+04 1.560809E+05 6.909381E+01 1.106800E+02 -2.586359E+02 0.000000E+00 -2.586359E+02 1.953924E+05 1.863268E+05 1.649907E+05 2.387923E+03 1.000000E+00 0.000000E+00
1.275000E+00 1.264482E+05 2.661352E+04 1.563615E+05 6.883652E+01 1.107633E+02 -2.559414E+02 0.000000E+00 -2.559414E+02 1.952559E+05 1.862098E+05 1.648134E+05 2.394273E+03 1.000000E+00 0.000000E+00
1.276000E+00 1.263622E+05 2.648898E+04 1.566363E+05 6.858193E+01 1.108466E+02 -2.532464E+02 0.000000E+00 -2.532464E+02 1.951136E+05 1.860877E+05 1.646369E+05 2.400587E+03 1.000000E+00 0.000000E+00
1.277000E+00 1.262733E+05 2.636693E+04 1.569054E+05 6.833003E+01 1.109299E+02 -2.505515E+02 0.000000E+00 -2.505515E+02 1.949655E+05 1.859605E+05 1.644612E+05 2.406865E+03 1.000000E+00 0.000000E+00
1.278000E+00 1.261814E+05 2.624743E+04 1.571687E+05 6.808082E+01 1.110132E+02 -2.478574E+02 0.000000E+00 -2.478574E+02 1.948118E+05 1.858284E+05 1.642864E+05 2.413108E+03 1.000000E+00 0.000000E+00
1.279000E+00 1.260867E+05 2.613020E+04 1.574263E+05 6.783431E+01 1.110965E+02 -2.451644E+02 0.000000E+00 -2.451644E+02 1.946526E+05 1.856914E+05 1.641123E+05 2.419310E+03 1.000000E+00 0.000000E+00
1.280000E+00 1.259891E+05 2.601553E+04 1.576781E+05 6.759049E+01 1.111798E+02 -2.424731E+02 0.000000E+00 -2.424731E+02 1.944879E+05 1.855496E+05 1.639392E+05 2.425477E+03 1.000000E+00 0.000000E+00
1.281000E+00 1.258889E+05 2.590351E+04 1.579241E+05 6.734937E+01 1.112631E+02 -2.397840E+02 0.000000E+00 -2.397840E+02 1.943179E+05 1.854032E+05 1.637673E+05 2.431609E+03 1.000000E+00 0.000000E+00
1.282000E+00 1.257860E+05 2.579412E+04 1.581645E+05 6.711093E+01 1.113464E+02 -2.370977E+02 0.000000E+00 -2.370977E+02 1.941425E+05 1.852522E+05 1.635967E+05 2.437705E+03 1.000000E+00 0.000000E+00
1.283000E+00 1.256805E+05 2.568735E+04 1.583992E+05 6.687517E+01 1.114297E+02 -2.344146E+02 0.000000E+00 -2.344146E+02 1.939620E+05 1.850968E+05 1.634272E+05 2.443766E+03 1.000000E+00 0.000000E+00
1.284000E+00 1.255724E+05 2.558293E+04 1.586281E+05 6.664209E+01 1.115130E+02 -2.317354E+02 0.000000E+00 -2.317354E+02 1.937765E+05 1.849369E+05 1.632589E+05 2.449786E+03 1.000000E+00 0.000000E+00
1.285000E+00 1.254619E+05 2.548114E+04 1.588515E+05 6.641170E+01 1.115963E+02 -2.290603E+02 0.000000E+00 -2.290603E+02 1.935859E+05 1.847727E+05 1.630919E+05 2.455770E+03 1.000000E+00 0.000000E+00
1.286000E+00 1.253490E+05 2.538197E+04 1.590691E+05 6.618397E+01 1.116796E+02 -2.263901E+02 0.000000E+00 -2.263901E+02 1.933905E+05 1.846043E+05 1.629263E+05 2.461718E+03 1.000000E+00 0.000000E+00
1.287000E+00 1.252338E+05 2.528537E+04 1.592811E+05 6.595891E+01 1.117629E+02 -2.237251E+02 0.000000E+00 -2.237251E+02 1.931902E+05 1.844318E+05 1.627621E+05 2.467629E+03 1.000000E+00 0.000000E+00
1.288000E+00 1.251162E+05 2.519114E+04 1.594875E+05 6.573652E+01 1.118462E+02 -2.210659E+02 0.000000E+00 -2.210659E+02 1.929853E+05 1.842552E+05 1.625992E+05 2.473498E+03 1.000000E+00 0.000000E+00
1.289000E+00 1.249965E+05 2.509915E+04 1.596883E+05 6.551678E+01 1.119295E+02 -2.184130E+02 0.000000E+00 -2.184130E+02 1.927758E+05 1.840747E+05 1.624374E+05 2.479326E+03 1.000000E+00 0.000000E+00
1.290000E+00 1.248746E+05 2.500955E+04 1.598836E+05 6.529969E+01 1.120128E+02 -2.157667E+02 0.000000E+00 -2.157667E+02 1.925617E+05 1.838903E+05 1.622771E+05 2.485113E+03 1.000000E+00 0.000000E+00
1.291000E+00 1.247505E+05 2.492226E+04 1.600733E+05 6.508524E+01 1.120961E+02 -2.131276E+02 0.000000E+00 -2.131276E+02 1.923432E+05 1.837020E+05 1.621181E+05 2.490857E+03 1.000000E+00 0.000000E+00
1.292000E+00 1.246244E+05 2.483717E+04 1.602574E+05 6.487343E+01 1.121794E+02 -2.104961E+02 0.000000E+00 -2.104961E+02 1.921204E+05 1.835101E+05 1.619603E+05 2.496558E+03 1.000000E+00 0.000000E+00
1.293000E+00 1.244962E+05 2.475386E+04 1.604361E+05 6.466425E+01 1.122627E+02 -2.078726E+02 0.000000E+00 -2.078726E+02 1.918934E+05 1.833144E+05 1.618035E+05 2.502209E+03 1.000000E+00 0.000000E+00
1.294000E+00 1.243661E+05 2.467237E+04 1.606093E+05 6.445769E+01 1.123460E+02 -2.052576E+02 0.000000E+00 -2.052576E+02 1.916622E+05 1.831152E+05 1.616476E+05 2.507809E+03 1.000000E+00 0.000000E+00
1.295000E+00 1.242340E+05 2.459269E+04 1.607770E+05 6.425373E+01 1.124293E+02 -2.026515E+02 0.000000E+00 -2.026515E+02 1.914269E+05 1.829124E+05 1.614927E+05 2.513359E+03 1.000000E+00 0.000000E+00
1.296000E+00 1.241000E+05 2.451467E+04 1.609393E+05 6.405238E+01 1.125126E+02 -2.000546E+02 0.000000E+00 -2.000546E+02 1.911877E+05 1.827061E+05 1.613387E+05 2.518856E+03 1.000000E+00 0.000000E+00
1.297000E+00 1.239640E+05 2.443815E+04 1.610962E+05 6.385362E+01 1.125959E+02 -1.974672E+02 0.000000E+00 -1.974672E+02 1.909446E+05 1.824963E+05 1.611855E+05 2.524297E+03 1.000000E+00 0.000000E+00
1.298000E+00 1.238263E+05 2.436237E+04 1.612477E+05 6.365744E+01 1.126792E+02 -1.948899E+02 0.000000E+00 -1.948899E+02 1.906977E+05 1.822832E+05 1.610323E+05 2.529669E+03 1.000000E+00 0.000000E+00
1.299000E+00 1.236866E+05 2.428767E+04 1.613939E+05 6.346384E+01 1.127625E+02 -1.923228E+02 0.000000E+00 -1.923228E+02 1.904470E+05 1.820668E+05 1.608794E+05 2.534978E+03 1.000000E+00 0.000000E+00
1.300000E+00 1.235451E+05 2.421385E+04 1.615347E+05 6.327279E+01 1.128458E+02 -1.897663E+02 0.000000E+00 -1.897663E+02 1.901927E+05 1.818470E+05 1.607268E+05 2.540220E+03 1.000000E+00 0.000000E+00
1.301000E+00 1.234018E+05 2.414070E+04 1.616703E+05 6.308430E+01 1.129291E+02 -1.872206E+02 0.000000E+00 -1.872206E+02 1.899348E+05 1.816240E+05 1.605742E+05 2.545391E+03 1.000000E+00 0.000000E+00
1.302000E+00 1.232566E+05 2.406777E+04 1.618006E+05 6.289835E+01 1.130124E+02 -1.846860E+02 0.000000E+00 -1.846860E+02 1.896733E+05 1.813977E+05 1.604212E+05 2.550483E+03 1.000000E+00 0.000000E+00
1.303000E+00 1.231095E+05 2.399445E+04 1.619257E+05 6.271492E+01 1.130957E+02 -1.821628E+02 0.000000E+00 -1.821628E+02 1.894085E+05 1.811682E+05 1.602672E+05 2.555487E+03 1.000000E+00 0.000000E+00
1.304000E+00 1.229606E+05 2.392100E+04 1.620456E+05 6.253402E+01 1.131790E+02 -1.796511E+02 0.000000E+00 -1.796511E+02 1.891402E+05 1.809356E+05 1.601124E+05 2.560404E+03 1.000000E+00 0.000000E+00
1.305000E+00 1.228098E+05 2.384715E+04 1.621603E+05 6.235562E+01 1.132623E+02 -1.771512E+02 0.000000E+00 -1.771512E+02 1.888686E+05 1.806997E+05 1.599565E+05 2.565231E+03 1.000000E+00 0.000000E+00
1.306000E+00 1.226571E+05 2.377264E+04 1.622699E+05 6.217971E+01 1.133456E+02 -1.746631E+02 0.000000E+00 -1.746631E+02 1.885937E+05 1.804606E+05 1.597994E+05 2.569961E+03 1.000000E+00 0.000000E+00
1.307000E+00 1.225024E+05 2.369659E+04 1.623744E+05 6.200629E+01 1.134289E+02 -1.721870E+02 0.000000E+00 -1.721870E+02 1.883156E+05 1.802184E+05 1.596401E+05 2.574580E+03 1.000000E+00 0.000000E+00
1.308000E+00 1.223457E+05 2.361878E+04 1.624738E+05 6.183533E+01 1.135122E+02 -1.697229E+02 0.000000E+00 -1.697229E+02 1.880343E+05 1.799730E+05 1.594784E+05 2.579083E+03 1.000000E+00 0.000000E+00
1.309000E+00 1.221870E+05 2.353932E+04 1.625682E+05 6.166684E+01 1.135955E+02 -1.672710E+02 0.000000E+00 -1.672710E+02 1.877498E+05 1.797243E+05 1.593144E+05 2.583470E+03 1.000000E+00 0.000000E+00
1.310000E+00 1.220262E+05 2.345788E+04 1.626575E+05 6.150079E+01 1.136788E+02 -1.648312E+02 0.000000E+00 -1.648312E+02 1.874623E+05 1.794725E+05 1.591477E+05 2.587735E+03 1.000000E+00 0.000000E+00
1.311000E+00 1.218632E+05 2.337414E+04 1.627419E+05 6.133717E+01 1.137621E+02 -1.624035E+02 0.000000E+00 -1.624035E+02 1.871716E+05 1.792174E+05 1.589780E+05 2.591870E+03 1.000000E+00 0.000000E+00
1.312000E+00 1.216980E+05 2.328665E+04 1.628214E+05 6.117597E+01 1.138454E+02 -1.599879E+02 0.000000E+00 -1.599879E+02 1.868779E+05 1.789590E+05 1.588037E+05 2.595851E+03 1.000000E+00 0.000000E+00
1.313000E+00 1.215305E+05 2.319588E+04 1.628959E+05 6.101719E+01 1.139287E+02 -1.575842E+02 0.000000E+00 -1.575842E+02 1.865812E+05 1.786973E+05 1.586254E+05 2.599684E+03 1.000000E+00 0.000000E+00
1.314000E+00 1.213605E+05 2.310170E+04 1.629656E+05 6.086080E+01 1.140120E+02 -1.551925E+02 0.000000E+00 -1.551925E+02 1.862814E+05 1.784322E+05 1.584428E+05 2.603363E+03 1.000000E+00 0.000000E+00
1.315000E+00 1.211881E+05 2.300372E+04 1.630304E+05 6.070680E+01 1.140953E+02 -1.528124E+02 0.000000E+00 -1.528124E+02 1.859786E+05 1.781637E+05 1.582555E+05 2.606882E+03 1.000000E+00 0.000000E+00
1.316000E+00 1.210131E+05 2.290139E+04 1.630903E+05 6.055517E+01 1.141786E+02 -1.504439E+02 0.000000E+00 -1.504439E+02 1.856727E+05 1.778918E+05 1.580628E+05 2.610228E+03 1.000000E+00 0.000000E+00
1.317000E+00 1.208353E+05 2.279311E+04 1.631455E+05 6.040591E+01 1.142619E+02 -1.480866E+02 0.000000E+00 -1.480866E+02 1.853639E+05 1.776163E+05 1.578632E+05 2.613373E+03 1.000000E+00 0.000000E+00
1.318000E+00 1.206548E+05 2.267984E+04 1.631959E+05 6.025900E+01 1.143452E+02 -1.457404E+02 0.000000E+00 -1.457404E+02 1.850519E+05 1.773372E+05 1.576575E+05 2.616331E+03 1.000000E+00 0.000000E+00
1.319000E+00 1.204713E+05 2.256124E+04 1.632416E+05 6.011442E+01 1.144285E+02 -1.434049E+02 0.000000E+00 -1.434049E+02 1.847370E+05 1.770545E+05 1.574452E+05 2.619092E+03 1.000000E+00 0.000000E+00
1.320000E+00 1.202848E+05 2.243692E+04 1.632826E+05 5.997218E+01 1.145118E+02 -1.410798E+02 0.000000E+00 -1.410798E+02 1.844189E+05 1.767679E+05 1.572260E+05 2.621648E+03 1.000000E+00 0.000000E+00
1.321000E+00 1.200951E+05 2.230568E+04 1.633189E+05 5.983226E+01 1.145951E+02 -1.387647E+02 0.000000E+00 -1.387647E+02 1.840977E+05 1.764776E+05 1.569984E+05 2.623976E+03 1.000000E+00 0.000000E+00
1.322000E+00 1.199020E+05 2.216678E+04 1.633505E+05 5.969465E+01 1.146784E+02 -1.364591E+02 0.000000E+00 -1.364591E+02 1.837734E+05 1.761833E+05 1.567618E+05 2.626061E+03 1.000000E+00 0.000000E+00
1.323000E+00 1.197055E+05 2.202095E+04 1.633776E+05 5.955934E+01 1.147617E+02 -1.341627E+02 0.000000E+00 -1.341627E+02 1.834458E+05 1.758849E+05 1.565166E+05 2.627911E+03 1.000000E+00 0.000000E+00
1.324000E+00 1.195053E+05 2.186786E+04 1.634000E+05 5.942632E+01 1.148450E+02 -1.318750E+02 0.000000E+00 -1.318750E+02 1.831150E+05 1.755824E+05 1.562626E+05 2.629518E+03 1.000000E+00 0.000000E+00
1.325000E+00 1.193014E+05 2.170713E+04 1.634178E+05 5.929559E+01 1.149283E+02 -1.295953E+02 0.000000E+00 -1.295953E+02 1.827809E+05 1.752757E+05 1.559990E+05 2.630871E+03 1.000000E+00 0.000000E+00
1.326000E+00 1.190935E+05 2.153673E+04 1.634311E+05 5.916713E+01 1.150116E+02 -1.273232E+02 0.000000E+00 -1.273232E+02 1.824434E+05 1.749645E+05 1.557239E+05 2.631934E+03 1.000000E+00 0.000000E+00
1.327000E+00 1.188815E+05 2.135724E+04 1.634398E+05 5.904094E+01 1.150949E+02 -1.250581E+02 0.000000E+00 -1.250581E+02 1.821025E+05 1.746489E+05 1.554377E+05 2.632711E+03 1.000000E+00 0.000000E+00
1.328000E+00 1.186652E+05 2.116896E+04 1.634441E+05 5.891701E+01 1.151782E+02 -1.227993E+02 0.000000E+00 -1.227993E+02 1.817580E+05 1.743287E+05 1.551405E+05 2.633205E+03 1.000000E+00 0.000000E+00
1.329000E+00 1.184444E+05 2.097162E+04 1.634438E+05 5.879534E+01 1.152615E+02 -1.205461E+02 0.000000E+00 -1.205461E+02 1.814099E+05 1.740038E+05 1.548320E+05 2.633406E+03 1.000000E+00 0.000000E+00
1.330000E+00 1.182191E+05 2.076487E+04 1.634390E+05 5.867591E+01 1.153448E+02 -1.182980E+02 0.000000E+00 -1.182980E+02 1.810581E+05 1.736739E+05 1.545116E+05 2.633305E+03 1.000000E+00 0.000000E+00
1.331000E+00 1.179889E+05 2.054566E+04 1.634298E+05 5.855874E+01 1.154281E+02 -1.160540E+02 0.000000E+00 -1.160540E+02 1.807025E+05 1.733391E+05 1.541761E+05 2.632845E+03 1.000000E+00 0.000000E+00
1.332000E+00 1.177537E+05 2.031635E+04 1.634162E+05 5.844381E+01 1.155114E+02 -1.138136E+02 0.000000E+00 -1.138136E+02 1.803430E+05 1.729991E+05 1.538278E+05 2.632063E+03 1.000000E+00 0.000000E+00
1.333000E+00 1.175133E+05 2.007666E+04 1.633981E+05 5.833111E+01 1.155947E+02 -1.115758E+02 0.000000E+00 -1.115758E+02 1.799794E+05 1.726539E+05 1.534662E+05 2.630949E+03 1.000000E+00 0.000000E+00
1.334000E+00 1.172676E+05 1.982637E+04 1.633755E+05 5.822065E+01 1.156780E+02 -1.093399E+02 0.000000E+00 -1.093399E+02 1.796117E+05 1.723032E+05 1.530909E+05 2.629495E+03 1.000000E+00 0.000000E+00
1.335000E+00 1.170164E+05 1.956432E+04 1.633486E+05 5.811243E+01 1.157613E+02 -1.071050E+02 0.000000E+00 -1.071050E+02 1.792398E+05 1.719469E+05 1.527006E+05 2.627676E+03 1.000000E+00 0.000000E+00
1.336000E+00 1.167594E+05 1.928887E+04 1.633172E+05 5.800644E+01 1.158446E+02 -1.048704E+02 0.000000E+00 -1.048704E+02 1.788635E+05 1.715849E+05 1.522936E+05 2.625460E+03 1.000000E+00 0.000000E+00
1.337000E+00 1.164964E+05 1.900205E+04 1.632815E+05 5.790269E+01 1.159279E+02 -1.026349E+02 0.000000E+00 -1.026349E+02 1.784827E+05 1.712170E+05 1.518716E+05 2.622876E+03 1.000000E+00 0.000000E+00
1.338000E+00 1.162274E+05 1.870360E+04 1.632413E+05 5.780117E+01 1.160112E+02 -1.003979E+02 0.000000E+00 -1.003979E+02 1.780972E+05 1.708431E+05 1.514342E+05 2.619916E+03 1.000000E+00 0.000000E+00
1.339000E+00 1.159520E+05 1.839342E+04 1.631968E+05 5.770189E+01 1.160945E+02 -9.815827E+01 0.000000E+00 -9.815827E+01 1.777069E+05 1.704630E+05 1.509812E+05 2.616572E+03 1.000000E+00 0.000000E+00
1.340000E+00 1.156702E+05 1.806936E+04 1.631478E+05 5.760486E+01 1.161778E+02 -9.591517E+01 0.000000E+00 -9.591517E+01 1.773117E+05 1.700765E+05 1.505101E+05 2.612803E+03 1.000000E+00 0.000000E+00
1.341000E+00 1.153817E+05 1.773169E+04 1.630944E+05 5.751006E+01 1.162611E+02 -9.366758E+01 0.000000E+00 -9.366758E+01 1.769114E+05 1.696836E+05 1.500212E+05 2.608608E+03 1.000000E+00 0.000000E+00
1.342000E+00 1.150863E+05 1.738181E+04 1.630367E+05 5.741752E+01 1.163444E+02 -9.141454E+01 0.000000E+00 -9.141454E+01 1.765058E+05 1.692840E+05 1.495156E+05 2.604006E+03 1.000000E+00 0.000000E+00
1.343000E+00 1.147839E+05 1.701957E+04 1.629745E+05 5.732724E+01 1.164277E+02 -8.915506E+01 0.000000E+00 -8.915506E+01 1.760948E+05 1.688776E+05 1.489930E+05 2.598991E+03 1.000000E+00 0.000000E+00
1.344000E+00 1.144743E+05 1.664496E+04 1.629079E+05 5.723922E+01 1.165110E+02 -8.688816E+01 0.000000E+00 -8.688816E+01 1.756783E+05 1.684642E+05 1.484531E+05 2.593556E+03 1.000000E+00 0.000000E+00
1.345000E+00 1.141574E+05 1.625477E+04 1.628369E+05 5.715346E+01 1.165943E+02 -8.461282E+01 0.000000E+00 -8.461282E+01 1.752560E+05 1.680437E+05 1.478927E+05 2.587641E+03 1.000000E+00 0.000000E+00
1.346000E+00 1.138329E+05 1.585152E+04 1.627615E+05 5.706999E+01 1.166776E+02 -8.232802E+01 0.000000E+00 -8.232802E+01 1.748278E+05 1.676160E+05 1.473139E+05 2.581285E+03 1.000000E+00 0.000000E+00
1.347000E+00 1.135007E+05 1.543578E+04 1.626816E+05 5.698881E+01 1.167609E+02 -8.003276E+01 0.000000E+00 -8.003276E+01 1.743935E+05 1.671808E+05 1.467173E+05 2.574493E+03 1.000000E+00 0.000000E+00
1.348000E+00 1.131606E+05 1.500752E+04 1.625972E+05 5.690993E+01 1.168442E+02 -7.772602E+01 0.000000E+00 -7.772602E+01 1.739530E+05 1.667381E+05 1.461026E+05 2.567260E+03 1.000000E+00 0.000000E+00
1.349000E+00 1.128125E+05 1.456631E+04 1.625083E+05 5.683336E+01 1.169275E+02 -7.540682E+01 0.000000E+00 -7.540682E+01 1.735060E+05 1.662877E+05 1.454691E+05 2.559572E+03 1.000000E+00 0.000000E+00
1.350000E+00 1.124563E+05 1.410947E+04 1.624150E+05 5.675912E+01 1.170108E+02 -7.307412E+01 0.000000E+00 -7.307412E+01 1.730525E+05 1.658294E+05 1.448140E+05 2.551378E+03 1.000000E+00 0.000000E+00
1.351000E+00 1.120918E+05 1.364032E+04 1.623171E+05 5.668722E+01 1.170941E+02 -7.072692E+01 0.000000E+00 -7.072692E+01 1.725922E+05 1.653631E+05 1.441405E+05 2.542733E+03 1.000000E+00 0.000000E+00
1.352000E+00 1.117188E+05 1.315903E+04 1.622146E+05 5.661767E+01 1.171774E+02 -6.836423E+01 0.000000E+00 -6.836423E+01 1.721249E+05 1.648888E+05 1.434485E+05 2.533634E+03 1.000000E+00 0.000000E+00
1.353000E+00 1.113373E+05 1.266569E+04 1.621076E+05 5.655050E+01 1.172607E+02 -6.598509E+01 0.000000E+00 -6.598509E+01 1.716505E+05 1.644061E+05 1.427379E+05 2.524079E+03 1.000000E+00 0.000000E+00
1.354000E+00 1.109472E+05 1.215888E+04 1.619960E+05 5.648571E+01 1.173440E+02 -6.358853E+01 0.000000E+00 -6.358853E+01 1.711688E+05 1.639152E+05 1.420072E+05 2.514038E+03 1.000000E+00 0.000000E+00
1.355000E+00 1.105483E+05 1.163824E+04 1.618798E+05 5.642332E+01 1.174273E+02 -6.117359E+01 0.000000E+00 -6.117359E+01 1.706796E+05 1.634157E+05 1.412558E+05 2.503501E+03 1.000000E+00 0.000000E+00
1.356000E+00 1.101405E+05 1.110614E+04 1.617589E+05 5.636337E+01 1.175106E+02 -5.873933E+01 0.000000E+00 -5.873933E+01 1.701828E+05 1.629076E+05 1.404860E+05 2.492505E+03 1.000000E+00 0.000000E+00
1.357000E+00 1.097238E+05 1.056289E+04 1.616333E+05 5.630585E+01 1.175939E+02 -5.628485E+01 0.000000E+00 -5.628485E+01 1.696781E+05 1.623907E+05 1.396978E+05 2.481052E+03 1.000000E+00 0.000000E+00
1.358000E+00 1.092981E+05 1.000870E+04 1.615030E+05 5.625080E+01 1.176772E+02 -5.380927E+01 0.000000E+00 -5.380927E+01 1.691654E+05 1.618651E+05 1.388913E+05 2.469144E+03 1.000000E+00 0.000000E+00
1.359000E+00 1.088633E+05 9.441209E+03 1.613679E+05 5.619824E+01 1.177605E+02 -5.131174E+01 0.000000E+00 -5.131174E+01 1.686446E+05 1.613305E+05 1.380640E+05 2.456732E+03 1.000000E+00 0.000000E+00
1.360000E+00 1.084193E+05 8.862359E+03 1.612280E+05 5.614819E+01 1.178438E+02 -4.879139E+01 0.000000E+00 -4.879139E+01 1.681154E+05 1.607869E+05 1.372177E+05 2.443850E+03 1.000000E+00 0.000000E+00
1.361000E+00 1.079661E+05 8.273544E+03 1.610832E+05 5.610066E+01 1.179271E+02 -4.624743E+01 0.000000E+00 -4.624743E+01 1.675777E+05 1.602341E+05 1.363537E+05 2.430519E+03 1.000000E+00 0.000000E+00
1.362000E+00 1.075037E+05 7.675169E+03 1.609336E+05 5.605570E+01 1.180104E+02 -4.367909E+01 0.000000E+00 -4.367909E+01 1.670313E+05 1.596722E+05 1.354722E+05 2.416743E+03 1.000000E+00 0.000000E+00
1.363000E+00 1.070320E+05 7.067548E+03 1.607790E+05 5.601331E+01 1.180937E+02 -4.108565E+01 0.000000E+00 -4.108565E+01 1.664762E+05 1.591010E+05 1.345734E+05 2.402526E+03 1.000000E+00 0.000000E+00
1.364000E+00 1.065510E+05 6.447533E+03 1.606195E+05 5.597354E+01 1.181770E+02 -3.846639E+01 0.000000E+00 -3.846639E+01 1.659120E+05 1.585205E+05 1.336540E+05 2.387808E+03 1.000000E+00 0.000000E+00
1.365000E+00 1.060608E+05 5.819184E+03 1.604550E+05 5.593639E+01 1.182603E+02 -3.582063E+01 0.000000E+00 -3.582063E+01 1.653388E+05 1.579306E+05 1.327180E+05 2.372660E+03 1.000000E+00 0.000000E+00
1.366000E+00 1.055612E+05 5.182906E+03 1.602854E+05 5.590190E+01 1.183436E+02 -3.314775E+01 0.000000E+00 -3.314775E+01 1.647562E+05 1.573312E+05 1.317657E+05 2.357088E+03 1.000000E+00 0.000000E+00
1.367000E+00 1.050524E+05 4.539189E+03 1.601107E+05 5.587010E+01 1.184269E+02 -3.044719E+01 0.000000E+00 -3.044719E+01 1.641643E+05 1.567224E+05 1.307974E+05 2.341098E+03 1.000000E+00 0.000000E+00
1.368000E+00 1.045344E+05 3.887508E+03 1.599308E+05 5.584102E+01 1.185102E+02 -2.771840E+01 0.000000E+00 -2.771840E+01 1.635629E+05 1.561040E+05 1.298126E+05 2.324681E+03 1.000000E+00 0.000000E+00
1.369000E+00 1.040071E+05 3.226958E+03 1.597457E+05 5.581468E+01 1.185935E+02 -2.496087E+01 0.000000E+00 -2.496087E+01 1.629517E+05 1.554760E+05 1.288102E+05 2.307819E+03 1.000000E+00 0.000000E+00
1.370000E+00 1.034707E+05 2.560507E+03 1.595554E+05 5.579111E+01 1.186768E+02 -2.217414E+01 0.000000E+00 -2.217414E+01 1.623309E+05 1.548385E+05 1.277931E+05 2.290564E+03 1.000000E+00 0.000000E+00
1.371000E+00 1.029252E+05 1.888611E+03 1.593597E+05 5.577034E+01 1.187601E+02 -1.935782E+01 0.000000E+00 -1.935782E+01 1.617001E+05 1.541913E+05 1.267618E+05 2.272925E+03 1.000000E+00 0.000000E+00
1.372000E+00 1.023707E+05 1.211822E+03 1.591587E+05 5.575240E+01 1.188434E+02 -1.651157E+01 0.000000E+00 -1.651157E+01 1.610593E+05 1.535346E+05 1.257167E+05 2.254911E+03 1.000000E+00 0.000000E+00
1.373000E+00 1.018072E+05 5.289545E+02 1.589523E+05 5.573732E+01 1.189267E+02 -1.363509E+01 0.000000E+00 -1.363509E+01 1.604085E+05 1.528682E+05 1.246565E+05 2.236500E+03 1.000000E+00 0.000000E+00
1.374000E+00 1.012350E+05 -1.589381E+02 1.587404E+05 5.572514E+01 1.190100E+02 -1.072809E+01 0.000000E+00 -1.072809E+01 1.597474E+05 1.521922E+05 1.235824E+05 2.217714E+03 1.000000E+00 0.000000E+00
1.375000E+00 1.006539E+05 -8.499801E+02 1.585230E+05 5.571588E+01 1.190933E+02 -7.790379E+00 0.000000E+00 -7.790379E+00 1.590761E+05 1.515066E+05 1.224961E+05 2.198585E+03 1.000000E+00 0.000000E+00
1.376000E+00 1.000643E+05 -1.543666E+03 1.583000E+05 5.570957E+01 1.191766E+02 -4.821823E+00 0.000000E+00 -4.821823E+00 1.583944E+05 1.508115E+05 1.213981E+05 2.179125E+03 1.000000E+00 0.000000E+00
1.377000E+00 9.946615E+04 -2.239407E+03 1.580714E+05 5.570624E+01 1.192599E+02 -1.822330E+00 0.000000E+00 -1.822330E+00 1.577024E+05 1.501068E+05 1.202890E+05 2.159345E+03 1.000000E+00 0.000000E+00
1.378000E+00 9.886384E+04 -2.939238E+03 1.578383E+05 5.570571E+01 1.193432E+02 4.084065E-03 0.000000E+00 4.084065E-03 1.571841E+05 1.495644E+05 1.191667E+05 2.139219E+03 0.000000E+00 0.000000E+00
1.379000E+00 9.826788E+04 -3.645458E+03 1.576037E+05 5.570571E+01 1.194265E+02 1.502444E-03 0.000000E+00 1.502444E-03 1.569458E+05 1.492852E+05 1.180290E+05 2.118795E+03 0.000000E+00 0.000000E+00
1.380000E+00 9.768397E+04 -4.357966E+03 1.573693E+05 5.570571E+01 1.195098E+02 5.527181E-04 0.000000E+00 5.527181E-04 1.567076E+05 1.490094E+05 1.168756E+05 2.098090E+03 0.000000E+00 0.000000E+00
1.381000E+00 9.711113E+04 -5.075928E+03 1.571353E+05 5.570571E+01 1.195931E+02 2.033336E-04 0.000000E+00 2.033336E-04 1.564698E+05 1.487366E+05 1.157073E+05 2.077118E+03 0.000000E+00 0.000000E+00
1.382000E+00 9.654856E+04 -5.798732E+03 1.569015E+05 5.570571E+01 1.196764E+02 7.480226E-05 0.000000E+00 7.480226E-05 1.562322E+05 1.484698E+05 1.145246E+05 2.055887E+03 0.000000E+00 0.000000E+00
1.383000E+00 9.599556E+04 -6.526836E+03 1.566680E+05 5.570571E+01 1.197597E+02 2.751821E-05 0.000000E+00 2.751821E-05 1.559950E+05 1.482073E+05 1.133270E+05 2.034387E+03 0.000000E+00 0.000000E+00
1.384000E+00 9.545149E+04 -7.257605E+03 1.564348E+05 5.570571E+01 1.198430E+02 1.012339E-05 0.000000E+00 1.012339E-05 1.557581E+05 1.479495E+05 1.121169E+05 2.012664E+03 0.000000E+00 0.000000E+00
1.385000E+00 9.491579E+04 -7.990162E+03 1.562019E+05 5.570571E+01 1.199263E+02 3.724185E-06 0.000000E+00 3.724185E-06 1.555216E+05 1.476954E+05 1.108951E+05 1.990732E+03 0.000000E+00 0.000000E+00
1.386000E+00 9.438791E+04 -8.723684E+03 1.559693E+05 5.570571E+01 1.200096E+02 1.370051E-06 0.000000E+00 1.370051E-06 1.552854E+05 1.474447E+05 1.096625E+05 1.968604E+03 0.000000E+00 0.000000E+00
1.387000E+00 9.386739E+04 -9.457895E+03 1.557370E+05 5.570571E+01 1.200929E+02 5.040137E-07 0.000000E+00 5.040137E-07 1.550495E+05 1.471969E+05 1.084192E+05 1.946286E+03 0.000000E+00 0.000000E+00
1.388000E+00 9.335376E+04 -1.019202E+04 1.555050E+05 5.570571E+01 1.201762E+02 1.854163E-07 0.000000E+00 1.854163E-07 1.548140E+05 1.469515E+05 1.071661E+05 1.923790E+03 0.000000E+00 0.000000E+00
1.389000E+00 9.284664E+04 -1.092440E+04 1.552732E+05 5.570571E+01 1.202595E+02 6.821083E-08 0.000000E+00 6.821083E-08 1.545789E+05 1.467082E+05 1.059047E+05 1.901146E+03 0.000000E+00 0.000000E+00
1.390000E+00 9.234565E+04 -1.165422E+04 1.550417E+05 5.570571E+01 1.203428E+02 2.509336E-08 0.000000E+00 2.509336E-08 1.543441E+05 1.464666E+05 1.046359E+05 1.878369E+03 0.000000E+00 0.000000E+00
1.391000E+00 9.185049E+04 -1.238069E+04 1.548106E+05 5.570571E+01 1.204261E+02 9.231333E-09 0.000000E+00 9.231333E-09 1.541096E+05 1.462266E+05 1.033604E+05 1.855473E+03 0.000000E+00 0.000000E+00
1.392000E+00 9.136087E+04 -1.310353E+04 1.545797E+05 5.570571E+01 1.205094E+02 3.396017E-09 0.000000E+00 3.396017E-09 1.538755E+05 1.459878E+05 1.020787E+05 1.832464E+03 0.000000E+00 0.000000E+00
1.393000E+00 9.087655E+04 -1.382149E+04 1.543491E+05 5.570571E+01 1.205927E+02 1.249325E-09 0.000000E+00 1.249325E-09 1.536417E+05 1.457502E+05 1.007920E+05 1.809365E+03 0.000000E+00 0.000000E+00
1.394000E+00 9.039733E+04 -1.453359E+04 1.541188E+05 5.570571E+01 1.206760E+02 4.596010E-10 0.000000E+00 4.596010E-10 1.534083E+05 1.455135E+05 9.950133E+04 1.786196E+03 0.000000E+00 0.000000E+00
1.395000E+00 8.992303E+04 -1.523908E+04 1.538887E+05 5.570571E+01 1.207593E+02 1.690778E-10 0.000000E+00 1.690778E-10 1.531752E+05 1.452777E+05 9.820756E+04 1.762971E+03 0.000000E+00 0.000000E+00
1.396000E+00 8.945351E+04 -1.593724E+04 1.536590E+05 5.570571E+01 1.208426E+02 6.220023E-11 0.000000E+00 6.220023E-11 1.529424E+05 1.450428E+05 9.691149E+04 1.739705E+03 0.000000E+00 0.000000E+00
1.397000E+00 8.898868E+04 -1.662749E+04 1.534296E+05 5.570571E+01 1.209259E+02 2.288219E-11 0.000000E+00 2.288219E-11 1.527100E+05 1.448087E+05 9.561380E+04 1.716409E+03 0.000000E+00 0.000000E+00
1.398000E+00 8.852846E+04 -1.730885E+04 1.532004E+05 5.570571E+01 1.210092E+02 8.417886E-12 0.000000E+00 8.417886E-12 1.524780E+05 1.445753E+05 9.431561E+04 1.693105E+03 0.000000E+00 0.000000E+00
1.399000E+00 8.807280E+04 -1.798065E+04 1.529716E+05 5.570571E+01 1.210925E+02 3.096767E-12 0.000000E+00 3.096767E-12 1.522462E+05 1.443428E+05 9.301770E+04 1.669806E+03 0.000000E+00 0.000000E+00
1.400000E+00 8.762167E+04 -1.864228E+04 1.527430E+05 5.570571E+01 1.211758E+02 1.139237E-12 0.000000E+00 1.139237E-12 1.520148E+05 1.441111E+05 9.172085E+04 1.646525E+03 0.000000E+00 0.000000E+00
1.401000E+00 8.717507E+04 -1.929300E+04 1.525147E+05 5.570571E+01 1.212591E+02 4.191018E-13 0.000000E+00 4.191018E-13 1.517838E+05 1.438802E+05 9.042592E+04 1.623279E+03 0.000000E+00 0.000000E+00
1.402000E+00 8.673304E+04 -1.993195E+04 1.522868E+05 5.570571E+01 1.213424E+02 1.541790E-13 0.000000E+00 1.541790E-13 1.515531E+05 1.436503E+05 8.913396E+04 1.600087E+03 0.000000E+00 0.000000E+00
1.403000E+00 8.629561E+04 -2.055879E+04 1.520591E+05 5.570571E+01 1.214257E+02 5.671927E-14 0.000000E+00 5.671927E-14 1.513227E+05 1.434213E+05 8.784549E+04 1.576957E+03 0.000000E+00 0.000000E+00
1.404000E+00 8.586285E+04 -2.117298E+04 1.518317E+05 5.570571E+01 1.215090E+02 2.086585E-14 0.000000E+00 2.086585E-14 1.510926E+05 1.431934E+05 8.656122E+04 1.553902E+03 0.000000E+00 0.000000E+00
1.405000E+00 8.543483E+04 -2.177402E+04 1.516046E+05 5.570571E+01 1.215923E+02 7.676118E-15 0.000000E+00 7.676118E-15 1.508629E+05 1.429667E+05 8.528185E+04 1.530935E+03 0.000000E+00 0.000000E+00
1.406000E+00 8.501163E+04 -2.236091E+04 1.513778E+05 5.570571E+01 1.216756E+02 2.823886E-15 0.000000E+00 2.823886E-15 1.506336E+05 1.427411E+05 8.400859E+04 1.508079E+03 0.000000E+00 0.000000E+00
1.407000E+00 8.459338E+04 -2.293318E+04 1.511512E+05 5.570571E+01 1.217589E+02 1.038850E-15 0.000000E+00 1.038850E-15 1.504046E+05 1.425167E+05 8.274211E+04 1.485343E+03 0.000000E+00 0.000000E+00
1.408000E+00 8.418017E+04 -2.349079E+04 1.509250E+05 5.570571E+01 1.218422E+02 3.821714E-16 0.000000E+00 3.821714E-16 1.501759E+05 1.422938E+05 8.148267E+04 1.462735E+03 0.000000E+00 0.000000E+00
1.409000E+00 8.377214E+04 -2.403335E+04 1.506991E+05 5.570571E+01 1.219255E+02 1.405930E-16 0.000000E+00 1.405930E-16 1.499475E+05 1.420723E+05 8.023090E+04 1.440263E+03 0.000000E+00 0.000000E+00
1.410000E+00 8.336940E+04 -2.456050E+04 1.504734E+05 5.570571E+01 1.220088E+02 5.172128E-17 0.000000E+00 5.172128E-17 1.497195E+05 1.418522E+05 7.898738E+04 1.417940E+03 0.000000E+00 0.000000E+00
1.411000E+00 8.297209E+04 -2.507071E+04 1.502481E+05 5.570571E+01 1.220921E+02 1.902719E-17 0.000000E+00 1.902719E-17 1.494919E+05 1.416338E+05 7.775389E+04 1.395797E+03 0.000000E+00 0.000000E+00
1.412000E+00 8.258036E+04 -2.556453E+04 1.500230E+05 5.570571E+01 1.221754E+02 6.999714E-18 0.000000E+00 6.999714E-18 1.492646E+05 1.414170E+05 7.653010E+04 1.373829E+03 0.000000E+00 0.000000E+00
1.413000E+00 8.219434E+04 -2.604190E+04 1.497983E+05 5.570571E+01 1.222587E+02 2.575051E-18 0.000000E+00 2.575051E-18 1.490376E+05 1.412018E+05 7.531636E+04 1.352040E+03 0.000000E+00 0.000000E+00
1.414000E+00 8.181417E+04 -2.650255E+04 1.495738E+05 5.570571E+01 1.223420E+02 9.473082E-19 0.000000E+00 9.473082E-19 1.488110E+05 1.409885E+05 7.411314E+04 1.330441E+03 0.000000E+00 0.000000E+00
1.415000E+00 8.144000E+04 -2.694605E+04 1.493496E+05 5.570571E+01 1.224253E+02 3.484952E-19 0.000000E+00 3.484952E-19 1.485847E+05 1.407770E+05 7.292117E+04 1.309043E+03 0.000000E+00 0.000000E+00
1.416000E+00 8.107195E+04 -2.737093E+04 1.491257E+05 5.570571E+01 1.225086E+02 1.282042E-19 0.000000E+00 1.282042E-19 1.483588E+05 1.405673E+05 7.174218E+04 1.287878E+03 0.000000E+00 0.000000E+00
1.417000E+00 8.071018E+04 -2.777843E+04 1.489022E+05 5.570571E+01 1.225919E+02 4.716370E-20 0.000000E+00 4.716370E-20 1.481332E+05 1.403596E+05 7.057516E+04 1.266929E+03 0.000000E+00 0.000000E+00
1.418000E+00 8.035481E+04 -2.816845E+04 1.486789E+05 5.570571E+01 1.226752E+02 1.735056E-20 0.000000E+00 1.735056E-20 1.479080E+05 1.401538E+05 6.942050E+04 1.246201E+03 0.000000E+00 0.000000E+00
1.419000E+00 8.000597E+04 -2.854089E+04 1.484559E+05 5.570571E+01 1.227585E+02 6.382913E-21 0.000000E+00 6.382913E-21 1.476832E+05 1.399499E+05 6.827856E+04 1.225701E+03 0.000000E+00 0.000000E+00
1.420000E+00 7.966378E+04 -2.889483E+04 1.482332E+05 5.570571E+01 1.228418E+02 2.348142E-21 0.000000E+00 2.348142E-21 1.474586E+05 1.397480E+05 6.715054E+04 1.205452E+03 0.000000E+00 0.000000E+00
1.421000E+00 7.932836E+04 -2.922989E+04 1.480108E+05 5.570571E+01 1.229251E+02 8.638333E-22 0.000000E+00 8.638333E-22 1.472345E+05 1.395482E+05 6.603708E+04 1.185463E+03 0.000000E+00 0.000000E+00
1.422000E+00 7.899982E+04 -2.954716E+04 1.477887E+05 5.570571E+01 1.230084E+02 3.177865E-22 0.000000E+00 3.177865E-22 1.470107E+05 1.393504E+05 6.493735E+04 1.165722E+03 0.000000E+00 0.000000E+00
1.423000E+00 7.867827E+04 -2.984670E+04 1.475669E+05 5.570571E+01 1.230917E+02 1.169071E-22 0.000000E+00 1.169071E-22 1.467873E+05 1.391545E+05 6.385160E+04 1.146231E+03 0.000000E+00 0.000000E+00
1.424000E+00 7.836379E+04 -3.012850E+04 1.473453E+05 5.570571E+01 1.231750E+02 4.300773E-23 0.000000E+00 4.300773E-23 1.465642E+05 1.389607E+05 6.278004E+04 1.126995E+03 0.000000E+00 0.000000E+00
1.425000E+00 7.805646E+04 -3.039112E+04 1.471241E+05 5.570571E+01 1.232583E+02 1.582166E-23 0.000000E+00 1.582166E-23 1.463415E+05 1.387689E+05 6.172445E+04 1.108045E+03 0.000000E+00 0.000000E+00
1.426000E+00 7.775638E+04 -3.063554E+04 1.469032E+05 5.570571E+01 1.233416E+02 5.820463E-24 0.000000E+00 5.820463E-24 1.461192E+05 1.385791E+05 6.068409E+04 1.089369E+03 0.000000E+00 0.000000E+00
1.427000E+00 7.746359E+04 -3.086246E+04 1.466826E+05 5.570571E+01 1.234249E+02 2.141229E-24 0.000000E+00 2.141229E-24 1.458972E+05 1.383913E+05 5.965850E+04 1.070958E+03 0.000000E+00 0.000000E+00
1.428000E+00 7.717816E+04 -3.107207E+04 1.464623E+05 5.570571E+01 1.235082E+02 7.877140E-25 0.000000E+00 7.877140E-25 1.456756E+05 1.382054E+05 5.864779E+04 1.052815E+03 0.000000E+00 0.000000E+00
1.429000E+00 7.690013E+04 -3.126448E+04 1.462423E+05 5.570571E+01 1.235915E+02 2.897838E-25 0.000000E+00 2.897838E-25 1.454544E+05 1.380214E+05 5.765207E+04 1.034940E+03 0.000000E+00 0.000000E+00
1.430000E+00 7.662954E+04 -3.143768E+04 1.460225E+05 5.570571E+01 1.236748E+02 1.066055E-25 0.000000E+00 1.066055E-25 1.452335E+05 1.378392E+05 5.667366E+04 1.017376E+03 0.000000E+00 0.000000E+00
1.431000E+00 7.636642E+04 -3.159409E+04 1.458031E+05 5.570571E+01 1.237581E+02 3.921797E-26 0.000000E+00 3.921797E-26 1.450130E+05 1.376589E+05 5.571037E+04 1.000084E+03 0.000000E+00 0.000000E+00
1.432000E+00 7.611078E+04 -3.173392E+04 1.455840E+05 5.570571E+01 1.238414E+02 1.442749E-26 0.000000E+00 1.442749E-26 1.447929E+05 1.374804E+05 5.476222E+04 9.830630E+02 0.000000E+00 0.000000E+00
1.433000E+00 7.586261E+04 -3.185744E+04 1.453652E+05 5.570571E+01 1.239247E+02 5.307575E-27 0.000000E+00 5.307575E-27 1.445732E+05 1.373036E+05 5.382922E+04 9.663143E+02 0.000000E+00 0.000000E+00
1.434000E+00 7.562193E+04 -3.196426E+04 1.451467E+05 5.570571E+01 1.240080E+02 1.952548E-27 0.000000E+00 1.952548E-27 1.443538E+05 1.371285E+05 5.291199E+04 9.498485E+02 0.000000E+00 0.000000E+00
1.435000E+00 7.538870E+04 -3.205369E+04 1.449285E+05 5.570571E+01 1.240913E+02 7.183022E-28 0.000000E+00 7.183022E-28 1.441348E+05 1.369550E+05 5.201144E+04 9.336823E+02 0.000000E+00 0.000000E+00
1.436000E+00 7.516291E+04 -3.212766E+04 1.447106E+05 5.570571E+01 1.241746E+02 2.642486E-28 0.000000E+00 2.642486E-28 1.439162E+05 1.367831E+05 5.112590E+04 9.177857E+02 0.000000E+00 0.000000E+00
1.437000E+00 7.494452E+04 -3.218646E+04 1.444930E+05 5.570571E+01 1.242579E+02 9.721163E-29 0.000000E+00 9.721163E-29 1.436980E+05 1.366128E+05 5.025530E+04 9.021571E+02 0.000000E+00 0.000000E+00
1.438000E+00 7.473348E+04 -3.223042E+04 1.442757E+05 5.570571E+01 1.243412E+02 3.576216E-29 0.000000E+00 3.576216E-29 1.434802E+05 1.364438E+05 4.939954E+04 8.867948E+02 0.000000E+00 0.000000E+00
1.439000E+00 7.452973E+04 -3.225863E+04 1.440587E+05 5.570571E+01 1.244245E+02 1.315616E-29 0.000000E+00 1.315616E-29 1.432627E+05 1.362762E+05 4.855974E+04 8.717192E+02 0.000000E+00 0.000000E+00
1.440000E+00 7.433322E+04 -3.227175E+04 1.438420E+05 5.570571E+01 1.245078E+02 4.839882E-30 0.000000E+00 4.839882E-30 1.430456E+05 1.361099E+05 4.773544E+04 8.569219E+02 0.000000E+00 0.000000E+00
1.441000E+00 7.414387E+04 -3.227110E+04 1.436256E+05 5.570571E+01 1.245911E+02 1.780493E-30 0.000000E+00 1.780493E-30 1.428290E+05 1.359449E+05 4.692556E+04 8.423832E+02 0.000000E+00 0.000000E+00
1.442000E+00 7.396159E+04 -3.225702E+04 1.434095E+05 5.570571E+01 1.246744E+02 6.550068E-31 0.000000E+00 6.550068E-31 1.426126E+05 1.357811E+05 4.612993E+04 8.281005E+02 0.000000E+00 0.000000E+00
1.443000E+00 7.378629E+04 -3.222990E+04 1.431938E+05 5.570571E+01 1.247577E+02 2.409635E-31 0.000000E+00 2.409635E-31 1.423967E+05 1.356183E+05 4.534838E+04 8.140706E+02 0.000000E+00 0.000000E+00
1.444000E+00 7.361787E+04 -3.218835E+04 1.429783E+05 5.570571E+01 1.248410E+02 8.864553E-32 0.000000E+00 8.864553E-32 1.421812E+05 1.354566E+05 4.458248E+04 8.003216E+02 0.000000E+00 0.000000E+00
1.445000E+00 7.345624E+04 -3.213424E+04 1.427631E+05 5.570571E+01 1.249243E+02 3.261087E-32 0.000000E+00 3.261087E-32 1.419660E+05 1.352958E+05 4.383054E+04 7.868230E+02 0.000000E+00 0.000000E+00
1.446000E+00 7.330127E+04 -3.206828E+04 1.425483E+05 5.570571E+01 1.250076E+02 1.199687E-32 0.000000E+00 1.199687E-32 1.417512E+05 1.351359E+05 4.309204E+04 7.735659E+02 0.000000E+00 0.000000E+00
1.447000E+00 7.315285E+04 -3.199082E+04 1.423338E+05 5.570571E+01 1.250909E+02 4.413401E-33 0.000000E+00 4.413401E-33 1.415368E+05 1.349769E+05 4.236678E+04 7.605464E+02 0.000000E+00 0.000000E+00
1.448000E+00 7.301084E+04 -3.190200E+04 1.421195E+05 5.570571E+01 1.251742E+02 1.623600E-33 0.000000E+00 1.623600E-33 1.413228E+05 1.348186E+05 4.165481E+04 7.477655E+02 0.000000E+00 0.000000E+00
1.449000E+00 7.287513E+04 -3.180088E+04 1.419056E+05 5.570571E+01 1.252575E+02 5.972889E-34 0.000000E+00 5.972889E-34 1.411092E+05 1.346609E+05 4.095722E+04 7.352427E+02 0.000000E+00 0.000000E+00
1.450000E+00 7.274557E+04 -3.168949E+04 1.416920E+05 5.570571E+01 1.253408E+02 2.197303E-34 0.000000E+00 2.197303E-34 1.408959E+05 1.345039E+05 4.027213E+04 7.229443E+02 0.000000E+00 0.000000E+00
1.451000E+00 7.262202E+04 -3.156822E+04 1.414787E+05 5.570571E+01 1.254241E+02 8.083426E-35 0.000000E+00 8.083426E-35 1.406831E+05 1.343474E+05 3.959930E+04 7.108660E+02 0.000000E+00 0.000000E+00
1.452000E+00 7.250433E+04 -3.143745E+04 1.412657E+05 5.570571E+01 1.255074E+02 2.973726E-35 0.000000E+00 2.973726E-35 1.404706E+05 1.341914E+05 3.893848E+04 6.990035E+02 0.000000E+00 0.000000E+00
1.453000E+00 7.239236E+04 -3.129683E+04 1.410531E+05 5.570571E+01 1.255907E+02 1.093973E-35 0.000000E+00 1.093973E-35 1.402585E+05 1.340358E+05 3.829018E+04 6.873655E+02 0.000000E+00 0.000000E+00
1.454000E+00 7.228595E+04 -3.114654E+04 1.408407E+05 5.570571E+01 1.256740E+02 4.024501E-36 0.000000E+00 4.024501E-36 1.400467E+05 1.338806E+05 3.765434E+04 6.759513E+02 0.000000E+00 0.000000E+00
1.455000E+00 7.218495E+04 -3.098792E+04 1.406287E+05 5.570571E+01 1.257573E+02 1.480531E-36 0.000000E+00 1.480531E-36 1.398354E+05 1.337256E+05 3.702973E+04 6.647385E+02 0.000000E+00 0.000000E+00
1.456000E+00 7.208921E+04 -3.082136E+04 1.404169E+05 5.570571E+01 1.258406E+02 5.446570E-37 0.000000E+00 5.446570E-37 1.396244E+05 1.335709E+05 3.641609E+04 6.537228E+02 0.000000E+00 0.000000E+00
1.457000E+00 7.199855E+04 -3.064719E+04 1.402055E+05 5.570571E+01 1.259239E+02 2.003681E-37 0.000000E+00 2.003681E-37 1.394138E+05 1.334164E+05 3.581319E+04 6.428998E+02 0.000000E+00 0.000000E+00
1.458000E+00 7.191282E+04 -3.046471E+04 1.399944E+05 5.570571E+01 1.260072E+02 7.371131E-38 0.000000E+00 7.371131E-38 1.392036E+05 1.332619E+05 3.522187E+04 6.322847E+02 0.000000E+00 0.000000E+00
1.459000E+00 7.183187E+04 -3.027493E+04 1.397836E+05 5.570571E+01 1.260905E+02 2.711687E-38 0.000000E+00 2.711687E-38 1.389938E+05 1.331076E+05 3.464118E+04 6.218605E+02 0.000000E+00 0.000000E+00
1.460000E+00 7.175552E+04 -3.007864E+04 1.395732E+05 5.570571E+01 1.261738E+02 9.975741E-39 0.000000E+00 9.975741E-39 1.387843E+05 1.329533E+05 3.407045E+04 6.116150E+02 0.000000E+00 0.000000E+00
1.461000E+00 7.168362E+04 -2.987616E+04 1.393630E+05 5.570571E+01 1.262571E+02 3.669870E-39 0.000000E+00 3.669870E-39 1.385752E+05 1.327990E+05 3.350944E+04 6.015441E+02 0.000000E+00 0.000000E+00
1.462000E+00 7.161600E+04 -2.966780E+04 1.391532E+05 5.570571E+01 1.263404E+02 1.350070E-39 0.000000E+00 1.350070E-39 1.383665E+05 1.326446E+05 3.295793E+04 5.916437E+02 0.000000E+00 0.000000E+00
1.463000E+00 7.155250E+04 -2.945253E+04 1.389436E+05 5.570571E+01 1.264237E+02 4.966629E-40 0.000000E+00 4.966629E-40 1.381581E+05 1.324901E+05 3.241705E+04 5.819340E+02 0.000000E+00 0.000000E+00
1.464000E+00 7.149298E+04 -2.923203E+04 1.387344E+05 5.570571E+01 1.265070E+02 1.827121E-40 0.000000E+00 1.827121E-40 1.379501E+05 1.323354E+05 3.188517E+04 5.723860E+02 0.000000E+00 0.000000E+00
1.465000E+00 7.143726E+04 -2.900657E+04 1.385255E+05 5.570571E+01 1.265903E+02 6.721601E-41 0.000000E+00 6.721601E-41 1.377425E+05 1.321806E+05 3.136209E+04 5.629960E+02 0.000000E+00 0.000000E+00
1.466000E+00 7.138519E+04 -2.877645E+04 1.383169E+05 5.570571E+01 1.266736E+02 2.472739E-41 0.000000E+00 2.472739E-41 1.375352E+05 1.320256E+05 3.084761E+04 5.537603E+02 0.000000E+00 0.000000E+00
1.467000E+00 7.133661E+04 -2.854156E+04 1.381087E+05 5.570571E+01 1.267569E+02 9.096698E-42 0.000000E+00 9.096698E-42 1.373283E+05 1.318704E+05 3.034188E+04 5.446817E+02 0.000000E+00 0.000000E+00
1.468000E+00 7.129139E+04 -2.830165E+04 1.379007E+05 5.570571E+01 1.268402E+02 3.346488E-42 0.000000E+00 3.346488E-42 1.371218E+05 1.317149E+05 2.984521E+04 5.357657E+02 0.000000E+00 0.000000E+00
1.469000E+00 7.124937E+04 -2.805787E+04 1.376931E+05 5.570571E+01 1.269235E+02 1.231104E-42 0.000000E+00 1.231104E-42 1.369157E+05 1.315591E+05 2.935653E+04 5.269932E+02 0.000000E+00 0.000000E+00
1.470000E+00 7.121041E+04 -2.781040E+04 1.374858E+05 5.570571E+01 1.270068E+02 4.528979E-43 0.000000E+00 4.528979E-43 1.367098E+05 1.314030E+05 2.887568E+04 5.183612E+02 0.000000E+00 0.000000E+00
1.471000E+00 7.117436E+04 -2.755949E+04 1.372788E+05 5.570571E+01 1.270901E+02 1.666118E-43 0.000000E+00 1.666118E-43 1.365044E+05 1.312466E+05 2.840249E+04 5.098667E+02 0.000000E+00 0.000000E+00
1.472000E+00 7.114108E+04 -2.730470E+04 1.370721E+05 5.570571E+01 1.271734E+02 6.129307E-44 0.000000E+00 6.129307E-44 1.362993E+05 1.310899E+05 2.793743E+04 5.015183E+02 0.000000E+00 0.000000E+00
1.473000E+00 7.111046E+04 -2.704639E+04 1.368657E+05 5.570571E+01 1.272567E+02 2.254846E-44 0.000000E+00 2.254846E-44 1.360946E+05 1.309328E+05 2.748019E+04 4.933101E+02 0.000000E+00 0.000000E+00
1.474000E+00 7.108235E+04 -2.678523E+04 1.366597E+05 5.570571E+01 1.273400E+02 8.295115E-45 0.000000E+00 8.295115E-45 1.358902E+05 1.307754E+05 2.703015E+04 4.852312E+02 0.000000E+00 0.000000E+00
1.475000E+00 7.105663E+04 -2.652137E+04 1.364539E+05 5.570571E+01 1.274233E+02 3.051602E-45 0.000000E+00 3.051602E-45 1.356862E+05 1.306176E+05 2.658718E+04 4.772792E+02 0.000000E+00 0.000000E+00
1.476000E+00 7.103319E+04 -2.625498E+04 1.362485E+05 5.570571E+01 1.275066E+02 1.122622E-45 0.000000E+00 1.122622E-45 1.354825E+05 1.304595E+05 2.615117E+04 4.694522E+02 0.000000E+00 0.000000E+00
1.477000E+00 7.101190E+04 -2.598533E+04 1.360434E+05 5.570571E+01 1.275899E+02 4.129894E-46 0.000000E+00 4.129894E-46 1.352792E+05 1.303010E+05 2.572287E+04 4.617636E+02 0.000000E+00 0.000000E+00
1.478000E+00 7.099265E+04 -2.571328E+04 1.358387E+05 5.570572E+01 1.276732E+02 1.519303E-46 -6.243466E-02 1.519303E-46 1.350762E+05 1.301421E+05 2.530145E+04 4.541984E+02 0.000000E+00 1.000000E+00
1.479000E+00 7.097535E+04 -2.543902E+04 1.356342E+05 5.570597E+01 1.277563E+02 5.589204E-47 -5.107443E-01 5.589204E-47 1.348735E+05 1.299829E+05 2.488677E+04 4.467524E+02 0.000000E+00 1.000000E+00
1.480000E+00 7.095990E+04 -2.516245E+04 1.354300E+05 5.570688E+01 1.278387E+02 2.056153E-47 -1.383472E+00 2.056153E-47 1.346713E+05 1.298233E+05 2.447895E+04 4.394241E+02 0.000000E+00 1.000000E+00
1.481000E+00 7.094620E+04 -2.488340E+04 1.352262E+05 5.570888E+01 1.279200E+02 7.564166E-48 -2.671283E+00 7.564166E-48 1.344693E+05 1.296634E+05 2.407819E+04 4.322146E+02 0.000000E+00 1.000000E+00
1.482000E+00 7.093418E+04 -2.460114E+04 1.350227E+05 5.571236E+01 1.279998E+02 2.782701E-48 -4.364620E+00 2.782701E-48 1.342677E+05 1.295032E+05 2.368527E+04 4.251350E+02 0.000000E+00 1.000000E+00
1.483000E+00 7.092379E+04 -2.431643E+04 1.348195E+05 5.571774E+01 1.280777E+02 1.023698E-48 -6.453857E+00 1.023698E-48 1.340664E+05 1.293427E+05 2.329945E+04 4.181693E+02 0.000000E+00 1.000000E+00
1.484000E+00 7.091495E+04 -2.402927E+04 1.346166E+05 5.572540E+01 1.281533E+02 3.765976E-49 -8.929326E+00 3.765976E-49 1.338655E+05 1.291820E+05 2.292079E+04 4.113167E+02 0.000000E+00 1.000000E+00
1.485000E+00 7.090761E+04 -2.373960E+04 1.344141E+05 5.573572E+01 1.282263E+02 1.385425E-49 -1.178126E+01 1.385425E-49 1.336649E+05 1.290210E+05 2.254936E+04 4.045763E+02 0.000000E+00 1.000000E+00
1.486000E+00 7.090172E+04 -2.344702E+04 1.342118E+05 5.574908E+01 1.282963E+02 5.096695E-50 -1.499980E+01 5.096695E-50 1.334647E+05 1.288598E+05 2.218561E+04 3.979548E+02 0.000000E+00 1.000000E+00
1.487000E+00 7.089724E+04 -2.315138E+04 1.340099E+05 5.576584E+01 1.283628E+02 1.874969E-50 -1.857489E+01 1.874969E-50 1.332648E+05 1.286985E+05 2.182974E+04 3.914536E+02 0.000000E+00 1.000000E+00
1.488000E+00 7.089415E+04 -2.285320E+04 1.338083E+05 5.578635E+01 1.284256E+02 6.897626E-51 -2.249651E+01 6.897626E-51 1.330652E+05 1.285370E+05 2.148126E+04 3.850630E+02 0.000000E+00 1.000000E+00
1.489000E+00 7.089240E+04 -2.255247E+04 1.336070E+05 5.581095E+01 1.284843E+02 2.537495E-51 -2.675458E+01 2.537495E-51 1.328660E+05 1.283754E+05 2.114022E+04 3.787826E+02 0.000000E+00 1.000000E+00
1.490000E+00 7.089196E+04 -2.224918E+04 1.334060E+05 5.583997E+01 1.285386E+02 9.334922E-52 -3.133898E+01 9.334922E-52 1.326671E+05 1.282138E+05 2.080665E+04 3.726122E+02 0.000000E+00 1.000000E+00
1.491000E+00 7.089282E+04 -2.194271E+04 1.332053E+05 5.587373E+01 1.285881E+02 3.434126E-52 -3.623949E+01 3.434126E-52 1.324685E+05 1.280521E+05 2.048125E+04 3.665631E+02 0.000000E+00 1.000000E+00
1.492000E+00 7.089495E+04 -2.163345E+04 1.330049E+05 5.591255E+01 1.286326E+02 1.263344E-52 -4.144578E+01 1.263344E-52 1.322702E+05 1.278904E+05 2.016365E+04 3.606283E+02 0.000000E+00 1.000000E+00
1.493000E+00 7.089834E+04 -2.132165E+04 1.328049E+05 5.595672E+01 1.286717E+02 4.647584E-53 -4.694758E+01 4.647584E-53 1.320723E+05 1.277287E+05 1.985362E+04 3.548031E+02 0.000000E+00 1.000000E+00
1.494000E+00 7.090296E+04 -2.100736E+04 1.326052E+05 5.600654E+01 1.287052E+02 1.709751E-53 -5.273460E+01 1.709751E-53 1.318747E+05 1.275671E+05 1.955117E+04 3.490874E+02 0.000000E+00 1.000000E+00
1.495000E+00 7.090880E+04 -2.069058E+04 1.324058E+05 5.606228E+01 1.287328E+02 6.289821E-54 -5.879653E+01 6.289821E-54 1.316775E+05 1.274055E+05 1.925634E+04 3.434812E+02 0.000000E+00 1.000000E+00
1.496000E+00 7.091586E+04 -2.037044E+04 1.322067E+05 5.612422E+01 1.287541E+02 2.313896E-54 -6.512294E+01 2.313896E-54 1.314805E+05 1.272440E+05 1.897005E+04 3.380011E+02 0.000000E+00 1.000000E+00
1.497000E+00 7.092411E+04 -2.004786E+04 1.320079E+05 5.619261E+01 1.287690E+02 8.512347E-55 -7.170341E+01 8.512347E-55 1.312839E+05 1.270826E+05 1.869138E+04 3.326306E+02 0.000000E+00 1.000000E+00
1.498000E+00 7.093355E+04 -1.972288E+04 1.318094E+05 5.626771E+01 1.287772E+02 3.131517E-55 -7.852758E+01 3.131517E-55 1.310877E+05 1.269213E+05 1.842036E+04 3.273700E+02 0.000000E+00 1.000000E+00
1.499000E+00 7.094418E+04 -1.939555E+04 1.316112E+05 5.634974E+01 1.287785E+02 1.152021E-55 -8.558509E+01 1.152021E-55 1.308917E+05 1.267602E+05 1.815698E+04 3.222193E+02 0.000000E+00 1.000000E+00
1.500000E+00 7.095597E+04 -1.906563E+04 1.314134E+05 5.643895E+01 1.287726E+02 4.238048E-56 -9.286558E+01 4.238048E-56 1.306961E+05 1.265992E+05 1.790150E+04 3.171834E+02 0.000000E+00 1.000000E+00
1.501000E+00 7.096892E+04 -1.873275E+04 1.312158E+05 5.653555E+01 1.287593E+02 1.559091E-56 -1.003586E+02 1.559091E-56 1.305008E+05 1.264384E+05 1.765431E+04 3.122692E+02 0.000000E+00 1.000000E+00
1.502000E+00 7.098302E+04 -1.839765E+04 1.310186E+05 5.663974E+01 1.287384E+02 5.735574E-57 -1.080538E+02 5.735574E-57 1.303058E+05 1.262778E+05 1.741475E+04 3.074652E+02 0.000000E+00 1.000000E+00
1.503000E+00 7.099827E+04 -1.806036E+04 1.308217E+05 5.675172E+01 1.287097E+02 2.110000E-57 -1.159408E+02 2.110000E-57 1.301112E+05 1.261174E+05 1.718280E+04 3.027714E+02 0.000000E+00 1.000000E+00
1.504000E+00 7.101465E+04 -1.772093E+04 1.306251E+05 5.687168E+01 1.286731E+02 7.762256E-58 -1.240094E+02 7.762256E-58 1.299169E+05 1.259572E+05 1.695844E+04 2.981877E+02 0.000000E+00 1.000000E+00
1.505000E+00 7.103216E+04 -1.737889E+04 1.304288E+05 5.699979E+01 1.286283E+02 2.855574E-58 -1.322493E+02 2.855574E-58 1.297229E+05 1.257972E+05 1.674218E+04 2.937235E+02 0.000000E+00 1.000000E+00
1.506000E+00 7.105078E+04 -1.703442E+04 1.302328E+05 5.713623E+01 1.285751E+02 1.050507E-58 -1.406502E+02 1.050507E-58 1.295292E+05 1.256375E+05 1.653387E+04 2.893763E+02 0.000000E+00 1.000000E+00
1.507000E+00 7.107050E+04 -1.668799E+04 1.300372E+05 5.728114E+01 1.285135E+02 3.864600E-59 -1.492019E+02 3.864600E-59 1.293358E+05 1.254779E+05 1.633308E+04 2.851389E+02 0.000000E+00 1.000000E+00
1.508000E+00 7.109131E+04 -1.633965E+04 1.298418E+05 5.743468E+01 1.284433E+02 1.421707E-59 -1.578944E+02 1.421707E-59 1.291428E+05 1.253186E+05 1.613977E+04 2.810110E+02 0.000000E+00 1.000000E+00
1.509000E+00 7.111320E+04 -1.598949E+04 1.296468E+05 5.759698E+01 1.283643E+02 5.230167E-60 -1.667175E+02 5.230167E-60 1.289501E+05 1.251596E+05 1.595391E+04 2.769922E+02 0.000000E+00 1.000000E+00
1.510000E+00 7.113616E+04 -1.563676E+04 1.294520E+05 5.776816E+01 1.282764E+02 1.924071E-60 -1.756612E+02 1.924071E-60 1.287577E+05 1.250007E+05 1.577626E+04 2.730961E+02 0.000000E+00 1.000000E+00
1.511000E+00 7.116017E+04 -1.528220E+04 1.292576E+05 5.794834E+01 1.281795E+02 7.078261E-61 -1.847155E+02 7.078261E-61 1.285656E+05 1.248421E+05 1.560610E+04 2.693106E+02 0.000000E+00 1.000000E+00
1.512000E+00 7.118521E+04 -1.492603E+04 1.290635E+05 5.813762E+01 1.280735E+02 2.603947E-61 -1.938707E+02 2.603947E-61 1.283738E+05 1.246838E+05 1.544325E+04 2.656326E+02 0.000000E+00 1.000000E+00
1.513000E+00 7.121127E+04 -1.456832E+04 1.288696E+05 5.833611E+01 1.279583E+02 9.579385E-62 -2.031168E+02 9.579385E-62 1.281824E+05 1.245256E+05 1.528766E+04 2.620617E+02 0.000000E+00 1.000000E+00
1.514000E+00 7.123833E+04 -1.420902E+04 1.286761E+05 5.854388E+01 1.278339E+02 3.524059E-62 -2.124442E+02 3.524059E-62 1.279913E+05 1.243677E+05 1.513940E+04 2.585993E+02 0.000000E+00 1.000000E+00
1.515000E+00 7.126637E+04 -1.384756E+04 1.284829E+05 5.876102E+01 1.277000E+02 1.296429E-62 -2.218433E+02 1.296429E-62 1.278005E+05 1.242100E+05 1.499907E+04 2.552555E+02 0.000000E+00 1.000000E+00
1.516000E+00 7.129537E+04 -1.348481E+04 1.282901E+05 5.898759E+01 1.275568E+02 4.769295E-63 -2.313046E+02 4.769295E-63 1.276100E+05 1.240526E+05 1.486582E+04 2.520160E+02 0.000000E+00 1.000000E+00
1.517000E+00 7.132531E+04 -1.312088E+04 1.280975E+05 5.922365E+01 1.274040E+02 1.754525E-63 -2.408185E+02 1.754525E-63 1.274198E+05 1.238953E+05 1.473956E+04 2.488796E+02 0.000000E+00 1.000000E+00
1.518000E+00 7.135617E+04 -1.275583E+04 1.279052E+05 5.946924E+01 1.272417E+02 6.454539E-64 -2.503760E+02 6.454539E-64 1.272300E+05 1.237383E+05 1.462023E+04 2.458453E+02 0.000000E+00 1.000000E+00
1.519000E+00 7.138791E+04 -1.238939E+04 1.277132E+05 5.972441E+01 1.270698E+02 2.374492E-64 -2.599677E+02 2.374492E-64 1.270404E+05 1.235814E+05 1.450814E+04 2.429182E+02 0.000000E+00 1.000000E+00
1.520000E+00 7.142051E+04 -1.202155E+04 1.275216E+05 5.998918E+01 1.268884E+02 8.735268E-65 -2.695847E+02 8.735268E-65 1.268512E+05 1.234247E+05 1.440332E+04 2.400987E+02 0.000000E+00 1.000000E+00
1.521000E+00 7.145395E+04 -1.165289E+04 1.273302E+05 6.026358E+01 1.266973E+02 3.213526E-65 -2.792178E+02 3.213526E-65 1.266623E+05 1.232682E+05 1.430518E+04 2.373769E+02 0.000000E+00 1.000000E+00
1.522000E+00 7.148820E+04 -1.128353E+04 1.271392E+05 6.054762E+01 1.264965E+02 1.182190E-65 -2.888584E+02 1.182190E-65 1.264737E+05 1.231119E+05 1.421362E+04 2.347512E+02 0.000000E+00 1.000000E+00
1.523000E+00 7.152323E+04 -1.091357E+04 1.269484E+05 6.084130E+01 1.262861E+02 4.349034E-66 -2.984978E+02 4.349034E-66 1.262854E+05 1.229557E+05 1.412857E+04 2.322200E+02 0.000000E+00 1.000000E+00
1.524000E+00 7.155900E+04 -1.054252E+04 1.267580E+05 6.114461E+01 1.260661E+02 1.599920E-66 -3.081275E+02 1.599920E-66 1.260975E+05 1.227997E+05 1.405050E+04 2.297912E+02 0.000000E+00 1.000000E+00
1.525000E+00 7.159548E+04 -1.017086E+04 1.265679E+05 6.145755E+01 1.258365E+02 5.885777E-67 -3.177391E+02 5.885777E-67 1.259098E+05 1.226438E+05 1.397895E+04 2.274570E+02 0.000000E+00 1.000000E+00
1.526000E+00 7.163264E+04 -9.798945E+03 1.263780E+05 6.178008E+01 1.255973E+02 2.165256E-67 -3.273244E+02 2.165256E-67 1.257225E+05 1.224880E+05 1.391357E+04 2.252113E+02 0.000000E+00 1.000000E+00
1.527000E+00 7.167044E+04 -9.426887E+03 1.261885E+05 6.211219E+01 1.253485E+02 7.965533E-68 -3.368752E+02 7.965533E-68 1.255354E+05 1.223324E+05 1.385426E+04 2.230522E+02 0.000000E+00 1.000000E+00
1.528000E+00 7.170884E+04 -9.054790E+03 1.259993E+05 6.245382E+01 1.250901E+02 2.930356E-68 -3.463839E+02 2.930356E-68 1.253487E+05 1.221768E+05 1.380090E+04 2.209777E+02 0.000000E+00 1.000000E+00
1.529000E+00 7.174780E+04 -8.682032E+03 1.258104E+05 6.280494E+01 1.248223E+02 1.078018E-68 -3.558425E+02 1.078018E-68 1.251623E+05 1.220214E+05 1.375413E+04 2.189976E+02 0.000000E+00 1.000000E+00
1.530000E+00 7.178729E+04 -8.309505E+03 1.256218E+05 6.316549E+01 1.245451E+02 3.965806E-69 -3.652436E+02 3.965806E-69 1.249762E+05 1.218660E+05 1.371305E+04 2.170971E+02 0.000000E+00 1.000000E+00
1.531000E+00 7.182727E+04 -7.937324E+03 1.254334E+05 6.353540E+01 1.242584E+02 1.458938E-69 -3.745798E+02 1.458938E-69 1.247904E+05 1.217106E+05 1.367753E+04 2.152741E+02 0.000000E+00 1.000000E+00
1.532000E+00 7.186768E+04 -7.565621E+03 1.252454E+05 6.391462E+01 1.239625E+02 5.367134E-70 -3.838440E+02 5.367134E-70 1.246049E+05 1.215553E+05 1.364744E+04 2.135262E+02 0.000000E+00 1.000000E+00
1.533000E+00 7.190848E+04 -7.194321E+03 1.250577E+05 6.430307E+01 1.236574E+02 1.974458E-70 -3.930291E+02 1.974458E-70 1.244198E+05 1.214001E+05 1.362286E+04 2.118539E+02 0.000000E+00 1.000000E+00
1.534000E+00 7.194964E+04 -6.823279E+03 1.248703E+05 6.470065E+01 1.233431E+02 7.263626E-71 -4.021284E+02 7.263626E-71 1.242349E+05 1.212448E+05 1.360390E+04 2.102590E+02 0.000000E+00 1.000000E+00
1.535000E+00 7.199109E+04 -6.453123E+03 1.246832E+05 6.510729E+01 1.230198E+02 2.672139E-71 -4.111352E+02 2.672139E-71 1.240503E+05 1.210896E+05 1.358993E+04 2.087314E+02 0.000000E+00 1.000000E+00
1.536000E+00 7.203280E+04 -6.083970E+03 1.244964E+05 6.552289E+01 1.226875E+02 9.830249E-72 -4.200432E+02 9.830249E-72 1.238660E+05 1.209343E+05 1.358083E+04 2.072685E+02 0.000000E+00 1.000000E+00
1.537000E+00 7.207472E+04 -5.715958E+03 1.243099E+05 6.594734E+01 1.223463E+02 3.616347E-72 -4.288462E+02 3.616347E-72 1.236821E+05 1.207790E+05 1.357643E+04 2.058678E+02 0.000000E+00 1.000000E+00
1.538000E+00 7.211679E+04 -5.348888E+03 1.241237E+05 6.638054E+01 1.219964E+02 1.330380E-72 -4.375382E+02 1.330380E-72 1.234984E+05 1.206236E+05 1.357693E+04 2.045317E+02 0.000000E+00 1.000000E+00
1.539000E+00 7.215896E+04 -4.982997E+03 1.239378E+05 6.682238E+01 1.216379E+02 4.894193E-73 -4.461135E+02 4.894193E-73 1.233151E+05 1.204682E+05 1.358205E+04 2.032560E+02 0.000000E+00 1.000000E+00
1.540000E+00 7.220119E+04 -4.618671E+03 1.237522E+05 6.727273E+01 1.212708E+02 1.800473E-73 -4.545665E+02 1.800473E-73 1.231320E+05 1.203128E+05 1.359139E+04 2.020342E+02 0.000000E+00 1.000000E+00
1.541000E+00 7.224341E+04 -4.256032E+03 1.235669E+05 6.773147E+01 1.208954E+02 6.623570E-74 -4.628918E+02 6.623570E-74 1.229493E+05 1.201572E+05 1.360481E+04 2.008639E+02 0.000000E+00 1.000000E+00
1.542000E+00 7.228558E+04 -3.895217E+03 1.233819E+05 6.819847E+01 1.205117E+02 2.436675E-74 -4.710845E+02 2.436675E-74 1.227668E+05 1.200015E+05 1.362214E+04 1.997426E+02 0.000000E+00 1.000000E+00
1.543000E+00 7.232764E+04 -3.535966E+03 1.231972E+05 6.867359E+01 1.201199E+02 8.964027E-75 -4.791395E+02 8.964027E-75 1.225846E+05 1.198457E+05 1.364361E+04 1.986733E+02 0.000000E+00 1.000000E+00
1.544000E+00 7.236953E+04 -3.178760E+03 1.230128E+05 6.915670E+01 1.197200E+02 3.297681E-75 -4.870522E+02 3.297681E-75 1.224028E+05 1.196898E+05 1.366871E+04 1.976483E+02 0.000000E+00 1.000000E+00
1.545000E+00 7.241120E+04 -2.823799E+03 1.228287E+05 6.964765E+01 1.193124E+02 1.213149E-75 -4.948183E+02 1.213149E-75 1.222212E+05 1.195337E+05 1.369720E+04 1.966643E+02 0.000000E+00 1.000000E+00
1.546000E+00 7.245260E+04 -2.471202E+03 1.226448E+05 7.014629E+01 1.188971E+02 4.462926E-76 -5.024334E+02 4.462926E-76 1.220400E+05 1.193775E+05 1.372894E+04 1.957187E+02 0.000000E+00 1.000000E+00
1.547000E+00 7.249366E+04 -2.121048E+03 1.224613E+05 7.065246E+01 1.184742E+02 1.641819E-76 -5.098935E+02 1.641819E-76 1.218590E+05 1.192211E+05 1.376381E+04 1.948100E+02 0.000000E+00 1.000000E+00
1.548000E+00 7.253433E+04 -1.773224E+03 1.222781E+05 7.116602E+01 1.180439E+02 6.039914E-77 -5.171950E+02 6.039914E-77 1.216783E+05 1.190645E+05 1.380188E+04 1.939391E+02 0.000000E+00 1.000000E+00
1.549000E+00 7.257455E+04 -1.428164E+03 1.220952E+05 7.168680E+01 1.176064E+02 2.221960E-77 -5.243343E+02 2.221960E-77 1.214979E+05 1.189077E+05 1.384266E+04 1.930992E+02 0.000000E+00 1.000000E+00
1.550000E+00 7.261427E+04 -1.085989E+03 1.219125E+05 7.221464E+01 1.171619E+02 8.174134E-78 -5.313080E+02 8.174134E-78 1.213178E+05 1.187507E+05 1.388602E+04 1.922881E+02 0.000000E+00 1.000000E+00
1.551000E+00 7.265342E+04 -7.468069E+02 1.217302E+05 7.274936E+01 1.167105E+02 3.007096E-78 -5.381130E+02 3.007096E-78 1.211380E+05 1.185935E+05 1.393178E+04 1.915038E+02 0.000000E+00 1.000000E+00
1.552000E+00 7.269196E+04 -4.106249E+02 1.215481E+05 7.329080E+01 1.162523E+02 1.106249E-78 -5.447465E+02 1.106249E-78 1.209585E+05 1.184360E+05 1.397989E+04 1.907455E+02 0.000000E+00 1.000000E+00
1.553000E+00 7.272983E+04 -7.753481E+01 1.213664E+05 7.383880E+01 1.157876E+02 4.069662E-79 -5.512058E+02 4.069662E-79 1.207792E+05 1.182783E+05 1.403022E+04 1.900115E+02 0.000000E+00 1.000000E+00
1.554000E+00 7.276696E+04 2.522144E+02 1.211849E+05 7.439316E+01 1.153166E+02 1.497145E-79 -5.574883E+02 1.497145E-79 1.206003E+05 1.181204E+05 1.408246E+04 1.892978E+02 0.000000E+00 1.000000E+00
1.555000E+00 7.280331E+04 5.785244E+02 1.210038E+05 7.495371E+01 1.148393E+02 5.507688E-80 -5.635919E+02 5.507688E-80 1.204216E+05 1.179622E+05 1.413647E+04 1.886027E+02 0.000000E+00 1.000000E+00
1.556000E+00 7.283882E+04 9.013069E+02 1.208229E+05 7.552028E+01 1.143561E+02 2.026165E-80 -5.695146E+02 2.026165E-80 1.202433E+05 1.178037E+05 1.419210E+04 1.879244E+02 0.000000E+00 1.000000E+00
1.557000E+00 7.287344E+04 1.220583E+03 1.206423E+05 7.609268E+01 1.138670E+02 7.453846E-81 -5.752543E+02 7.453846E-81 1.200652E+05 1.176449E+05 1.424933E+04 1.872628E+02 0.000000E+00 1.000000E+00
1.558000E+00 7.290711E+04 1.536186E+03 1.204620E+05 7.667073E+01 1.133722E+02 2.742117E-81 -5.808096E+02 2.742117E-81 1.198874E+05 1.174859E+05 1.430792E+04 1.866152E+02 0.000000E+00 1.000000E+00
1.559000E+00 7.293979E+04 1.847994E+03 1.202820E+05 7.725424E+01 1.128720E+02 1.008768E-81 -5.861789E+02 1.008768E-81 1.197098E+05 1.173266E+05 1.436770E+04 1.859795E+02 0.000000E+00 1.000000E+00
1.560000E+00 7.297143E+04 2.155937E+03 1.201023E+05 7.784302E+01 1.123665E+02 3.711051E-82 -5.913608E+02 3.711051E-82 1.195326E+05 1.171670E+05 1.442855E+04 1.853544E+02 0.000000E+00 1.000000E+00
1.561000E+00 7.300197E+04 2.459956E+03 1.199229E+05 7.843690E+01 1.118559E+02 1.365219E-82 -5.963544E+02 1.365219E-82 1.193556E+05 1.170071E+05 1.449033E+04 1.847387E+02 0.000000E+00 1.000000E+00
1.562000E+00 7.303138E+04 2.760079E+03 1.197437E+05 7.903567E+01 1.113405E+02 5.022362E-83 -6.011587E+02 5.022362E-83 1.191789E+05 1.168469E+05 1.455303E+04 1.841325E+02 0.000000E+00 1.000000E+00
1.563000E+00 7.305960E+04 3.056154E+03 1.195649E+05 7.963915E+01 1.108203E+02 1.847624E-83 -6.057727E+02 1.847624E-83 1.190025E+05 1.166864E+05 1.461643E+04 1.835332E+02 0.000000E+00 1.000000E+00
1.564000E+00 7.308660E+04 3.348141E+03 1.193863E+05 8.024715E+01 1.102956E+02 6.797028E-84 -6.101960E+02 6.797028E-84 1.188264E+05 1.165256E+05 1.468042E+04 1.829401E+02 0.000000E+00 1.000000E+00
1.565000E+00 7.311233E+04 3.636004E+03 1.192080E+05 8.085948E+01 1.097666E+02 2.500487E-84 -6.144280E+02 2.500487E-84 1.186505E+05 1.163645E+05 1.474492E+04 1.823524E+02 0.000000E+00 1.000000E+00
1.566000E+00 7.313676E+04 3.919733E+03 1.190301E+05 8.147594E+01 1.092334E+02 9.198777E-85 -6.184684E+02 9.198777E-85 1.184749E+05 1.162031E+05 1.480984E+04 1.817695E+02 0.000000E+00 1.000000E+00
1.567000E+00 7.315985E+04 4.199320E+03 1.188524E+05 8.209635E+01 1.086963E+02 3.384041E-85 -6.223170E+02 3.384041E-85 1.182996E+05 1.160415E+05 1.487512E+04 1.811909E+02 0.000000E+00 1.000000E+00
1.568000E+00 7.318157E+04 4.474716E+03 1.186749E+05 8.272051E+01 1.081554E+02 1.244919E-85 -6.259735E+02 1.244919E-85 1.181245E+05 1.158796E+05 1.494064E+04 1.806159E+02 0.000000E+00 1.000000E+00
1.569000E+00 7.320188E+04 4.745917E+03 1.184978E+05 8.334823E+01 1.076110E+02 4.579801E-86 -6.294382E+02 4.579801E-86 1.179498E+05 1.157174E+05 1.500634E+04 1.800439E+02 0.000000E+00 1.000000E+00
1.570000E+00 7.322077E+04 5.012925E+03 1.183210E+05 8.397933E+01 1.070632E+02 1.684815E-86 -6.327110E+02 1.684815E-86 1.177752E+05 1.155549E+05 1.507215E+04 1.794746E+02 0.000000E+00 1.000000E+00
1.571000E+00 7.323819E+04 5.275768E+03 1.181444E+05 8.461359E+01 1.065123E+02 6.198087E-87 -6.357921E+02 6.198087E-87 1.176010E+05 1.153922E+05 1.513805E+04 1.789081E+02 0.000000E+00 1.000000E+00
1.572000E+00 7.325414E+04 5.534457E+03 1.179681E+05 8.525085E+01 1.059583E+02 2.280149E-87 -6.386819E+02 2.280149E-87 1.174270E+05 1.152292E+05 1.520399E+04 1.783441E+02 0.000000E+00 1.000000E+00
1.573000E+00 7.326860E+04 5.789003E+03 1.177921E+05 8.589089E+01 1.054016E+02 8.388198E-88 -6.413808E+02 8.388198E-88 1.172533E+05 1.150661E+05 1.526990E+04 1.777825E+02 0.000000E+00 1.000000E+00
1.574000E+00 7.328153E+04 6.039440E+03 1.176164E+05 8.653354E+01 1.048422E+02 3.085846E-88 -6.438891E+02 3.085846E-88 1.170799E+05 1.149026E+05 1.533576E+04 1.772233E+02 0.000000E+00 1.000000E+00
1.575000E+00 7.329294E+04 6.285805E+03 1.174410E+05 8.717861E+01 1.042804E+02 1.135219E-88 -6.462074E+02 1.135219E-88 1.169067E+05 1.147390E+05 1.540155E+04 1.766667E+02 0.000000E+00 1.000000E+00
1.576000E+00 7.330281E+04 6.528174E+03 1.172658E+05 8.782590E+01 1.037164E+02 4.176238E-89 -6.483363E+02 4.176238E-89 1.167338E+05 1.145752E+05 1.546729E+04 1.761131E+02 0.000000E+00 1.000000E+00
1.577000E+00 7.331113E+04 6.766578E+03 1.170909E+05 8.847522E+01 1.031504E+02 1.536352E-89 -6.502763E+02 1.536352E-89 1.165611E+05 1.144112E+05 1.553295E+04 1.755627E+02 0.000000E+00 1.000000E+00
1.578000E+00 7.331791E+04 7.001069E+03 1.169163E+05 8.912639E+01 1.025826E+02 5.651924E-90 -6.520280E+02 5.651924E-90 1.163887E+05 1.142471E+05 1.559852E+04 1.750157E+02 0.000000E+00 1.000000E+00
1.579000E+00 7.332313E+04 7.231709E+03 1.167420E+05 8.977921E+01 1.020130E+02 2.079227E-90 -6.535922E+02 2.079227E-90 1.162166E+05 1.140828E+05 1.566400E+04 1.744724E+02 0.000000E+00 1.000000E+00
1.580000E+00 7.332679E+04 7.458574E+03 1.165680E+05 9.043351E+01 1.014420E+02 7.649047E-91 -6.549695E+02 7.649047E-91 1.160447E+05 1.139183E+05 1.572942E+04 1.739335E+02 0.000000E+00 1.000000E+00
1.581000E+00 7.332892E+04 7.681789E+03 1.163942E+05 9.108909E+01 1.008698E+02 2.813927E-91 -6.561607E+02 2.813927E-91 1.158731E+05 1.137538E+05 1.579484E+04 1.733999E+02 0.000000E+00 1.000000E+00
1.582000E+00 7.332950E+04 7.901382E+03 1.162207E+05 9.174577E+01 1.002964E+02 1.035186E-91 -6.571664E+02 1.035186E-91 1.157017E+05 1.135892E+05 1.586025E+04 1.728717E+02 0.000000E+00 1.000000E+00
1.583000E+00 7.332856E+04 8.117433E+03 1.160475E+05 9.240336E+01 9.972209E+01 3.808236E-92 -6.579874E+02 3.808236E-92 1.155306E+05 1.134245E+05 1.592566E+04 1.723493E+02 0.000000E+00 1.000000E+00
1.584000E+00 7.332609E+04 8.330027E+03 1.158746E+05 9.306168E+01 9.914706E+01 1.400972E-92 -6.586243E+02 1.400972E-92 1.153598E+05 1.132598E+05 1.599111E+04 1.718335E+02 0.000000E+00 1.000000E+00
1.585000E+00 7.332213E+04 8.539294E+03 1.157019E+05 9.372055E+01 9.857150E+01 5.153887E-93 -6.590779E+02 5.153887E-93 1.151892E+05 1.130950E+05 1.605669E+04 1.713252E+02 0.000000E+00 1.000000E+00
1.586000E+00 7.331669E+04 8.745353E+03 1.155295E+05 9.437978E+01 9.799557E+01 1.896009E-93 -6.593489E+02 1.896009E-93 1.150189E+05 1.129302E+05 1.612246E+04 1.708254E+02 0.000000E+00 1.000000E+00
1.587000E+00 7.330979E+04 8.948237E+03 1.153574E+05 9.503918E+01 9.741946E+01 6.975028E-94 -6.594380E+02 6.975028E-94 1.148488E+05 1.127655E+05 1.618841E+04 1.703341E+02 0.000000E+00 1.000000E+00
1.588000E+00 7.330145E+04 9.148036E+03 1.151856E+05 9.569859E+01 9.684335E+01 2.565969E-94 -6.593458E+02 2.565969E-94 1.146790E+05 1.126007E+05 1.625459E+04 1.698519E+02 0.000000E+00 1.000000E+00
1.589000E+00 7.329169E+04 9.344847E+03 1.150140E+05 9.635782E+01 9.626743E+01 9.439674E-95 -6.590729E+02 9.439674E-95 1.145094E+05 1.124361E+05 1.632104E+04 1.693795E+02 0.000000E+00 1.000000E+00
1.590000E+00 7.328055E+04 9.538872E+03 1.148427E+05 9.701668E+01 9.569187E+01 3.472662E-95 -6.586201E+02 3.472662E-95 1.143401E+05 1.122715E+05 1.638794E+04 1.689188E+02 0.000000E+00 1.000000E+00
1.591000E+00 7.326805E+04 9.730153E+03 1.146717E+05 9.767500E+01 9.511685E+01 1.277521E-95 -6.579878E+02 1.277521E-95 1.141710E+05 1.121070E+05 1.645527E+04 1.684696E+02 0.000000E+00 1.000000E+00
1.592000E+00 7.325423E+04 9.918737E+03 1.145009E+05 9.833259E+01 9.454255E+01 4.699737E-96 -6.571766E+02 4.699737E-96 1.140022E+05 1.119426E+05 1.652305E+04 1.680323E+02 0.000000E+00 1.000000E+00
1.593000E+00 7.323911E+04 1.010471E+04 1.143304E+05 9.898929E+01 9.396916E+01 1.728937E-96 -6.561872E+02 1.728937E-96 1.138336E+05 1.117784E+05 1.659133E+04 1.676074E+02 0.000000E+00 1.000000E+00
1.594000E+00 7.322273E+04 1.028817E+04 1.141602E+05 9.964491E+01 9.339684E+01 6.360402E-97 -6.550199E+02 6.360402E-97 1.136653E+05 1.116143E+05 1.666017E+04 1.671954E+02 0.000000E+00 1.000000E+00
1.595000E+00 7.320512E+04 1.046940E+04 1.139903E+05 1.002993E+02 9.282577E+01 2.339861E-97 -6.536754E+02 2.339861E-97 1.134973E+05 1.114504E+05 1.672981E+04 1.667989E+02 0.000000E+00 1.000000E+00
1.596000E+00 7.318632E+04 1.064829E+04 1.138206E+05 1.009522E+02 9.225615E+01 8.607868E-98 -6.521540E+02 8.607868E-98 1.133294E+05 1.112867E+05 1.680012E+04 1.664166E+02 0.000000E+00 1.000000E+00
1.597000E+00 7.316637E+04 1.082493E+04 1.136512E+05 1.016035E+02 9.168813E+01 3.166658E-98 -6.504563E+02 3.166658E-98 1.131619E+05 1.111232E+05 1.687114E+04 1.660487E+02 0.000000E+00 1.000000E+00
1.598000E+00 7.314530E+04 1.099937E+04 1.134820E+05 1.022531E+02 9.112189E+01 1.164948E-98 -6.485826E+02 1.164948E-98 1.129946E+05 1.109599E+05 1.694291E+04 1.656959E+02 0.000000E+00 1.000000E+00
1.599000E+00 7.312314E+04 1.117177E+04 1.133131E+05 1.029006E+02 9.055762E+01 4.285605E-99 -6.465335E+02 4.285605E-99 1.128275E+05 1.107968E+05 1.701554E+04 1.653590E+02 0.000000E+00 1.000000E+00
1.600000E+00 7.309993E+04 1.134229E+04 1.131445E+05 1.035461E+02 8.999548E+01 1.576586E-99 -6.443093E+02 1.576586E-99 1.126607E+05 1.106340E+05 1.708918E+04 1.650394E+02 0.000000E+00 1.000000E+00
1.601000E+00 7.307572E+04 1.151082E+04 1.129762E+05 1.041892E+02 8.943566E+01 0.000000E+00 -6.419104E+02 0.000000E+00 1.124941E+05 1.104715E+05 1.716368E+04 1.647357E+02 0.000000E+00 1.000000E+00
1.602000E+00 7.305052E+04 1.167742E+04 1.128081E+05 1.048298E+02 8.887832E+01 0.000000E+00 -6.393373E+02 0.000000E+00 1.123278E+05 1.103093E+05 1.723908E+04 1.644482E+02 0.000000E+00 1.000000E+00
1.603000E+00 7.302439E+04 1.184214E+04 1.126403E+05 1.054678E+02 8.832364E+01 0.000000E+00 -6.365904E+02 0.000000E+00 1.121617E+05 1.101473E+05 1.731538E+04 1.641770E+02 0.000000E+00 1.000000E+00
1.604000E+00 7.299735E+04 1.200515E+04 1.124727E+05 1.061029E+02 8.777180E+01 0.000000E+00 -6.336702E+02 0.000000E+00 1.119959E+05 1.099856E+05 1.739276E+04 1.639235E+02 0.000000E+00 1.000000E+00
1.605000E+00 7.296943E+04 1.216647E+04 1.123054E+05 1.067351E+02 8.722296E+01 0.000000E+00 -6.305770E+02 0.000000E+00 1.118303E+05 1.098243E+05 1.747119E+04 1.636874E+02 0.000000E+00 1.000000E+00
1.606000E+00 7.294067E+04 1.232599E+04 1.121384E+05 1.073640E+02 8.667730E+01 0.000000E+00 -6.273114E+02 0.000000E+00 1.116650E+05 1.096632E+05 1.755055E+04 1.634677E+02 0.000000E+00 1.000000E+00
1.607000E+00 7.291109E+04 1.248375E+04 1.119716E+05 1.079897E+02 8.613499E+01 0.000000E+00 -6.238740E+02 0.000000E+00 1.114999E+05 1.095025E+05 1.763084E+04 1.632642E+02 0.000000E+00 1.000000E+00
1.608000E+00 7.288073E+04 1.263976E+04 1.118051E+05 1.086117E+02 8.559621E+01 0.000000E+00 -6.202652E+02 0.000000E+00 1.113351E+05 1.093421E+05 1.771205E+04 1.630768E+02 0.000000E+00 1.000000E+00
1.609000E+00 7.284961E+04 1.279422E+04 1.116388E+05 1.092301E+02 8.506112E+01 0.000000E+00 -6.164858E+02 0.000000E+00 1.111705E+05 1.091819E+05 1.779437E+04 1.629072E+02 0.000000E+00 1.000000E+00
1.610000E+00 7.281776E+04 1.294697E+04 1.114728E+05 1.098447E+02 8.452989E+01 0.000000E+00 -6.125363E+02 0.000000E+00 1.110061E+05 1.090222E+05 1.787759E+04 1.627534E+02 0.000000E+00 1.000000E+00
1.611000E+00 7.278519E+04 1.309794E+04 1.113071E+05 1.104551E+02 8.400270E+01 0.000000E+00 -6.084175E+02 0.000000E+00 1.108420E+05 1.088627E+05 1.796163E+04 1.626147E+02 0.000000E+00 1.000000E+00
1.612000E+00 7.275192E+04 1.324712E+04 1.111416E+05 1.110614E+02 8.347972E+01 0.000000E+00 -6.041303E+02 0.000000E+00 1.106782E+05 1.087035E+05 1.804645E+04 1.624907E+02 0.000000E+00 1.000000E+00
1.613000E+00 7.271798E+04 1.339451E+04 1.109764E+05 1.116633E+02 8.296110E+01 0.000000E+00 -5.996755E+02 0.000000E+00 1.105146E+05 1.085446E+05 1.813204E+04 1.623813E+02 0.000000E+00 1.000000E+00
1.614000E+00 7.268337E+04 1.354024E+04 1.108114E+05 1.122607E+02 8.244702E+01 0.000000E+00 -5.950541E+02 0.000000E+00 1.103512E+05 1.083861E+05 1.821848E+04 1.622872E+02 0.000000E+00 1.000000E+00
1.615000E+00 7.264812E+04 1.368408E+04 1.106467E+05 1.128534E+02 8.193765E+01 0.000000E+00 -5.902672E+02 0.000000E+00 1.101881E+05 1.082278E+05 1.830551E+04 1.622061E+02 0.000000E+00 1.000000E+00
1.616000E+00 7.261222E+04 1.382596E+04 1.104823E+05 1.134412E+02 8.143314E+01 0.000000E+00 -5.853160E+02 0.000000E+00 1.100252E+05 1.080698E+05 1.839306E+04 1.621374E+02 0.000000E+00 1.000000E+00
1.617000E+00 7.257568E+04 1.396584E+04 1.103181E+05 1.140240E+02 8.093367E+01 0.000000E+00 -5.802017E+02 0.000000E+00 1.098626E+05 1.079121E+05 1.848105E+04 1.620803E+02 0.000000E+00 1.000000E+00
1.618000E+00 7.253851E+04 1.410374E+04 1.101541E+05 1.146016E+02 8.043939E+01 0.000000E+00 -5.749258E+02 0.000000E+00 1.097002E+05 1.077546E+05 1.856945E+04 1.620349E+02 0.000000E+00 1.000000E+00
1.619000E+00 7.250070E+04 1.423959E+04 1.099905E+05 1.151738E+02 7.995047E+01 0.000000E+00 -5.694897E+02 0.000000E+00 1.095380E+05 1.075974E+05 1.865819E+04 1.620003E+02 0.000000E+00 1.000000E+00
1.620000E+00 7.246227E+04 1.437324E+04 1.098270E+05 1.157405E+02 7.946706E+01 0.000000E+00 -5.638953E+02 0.000000E+00 1.093761E+05 1.074404E+05 1.874706E+04 1.619749E+02 0.000000E+00 1.000000E+00
1.621000E+00 7.242319E+04 1.450460E+04 1.096638E+05 1.163015E+02 7.898933E+01 0.000000E+00 -5.581442E+02 0.000000E+00 1.092145E+05 1.072837E+05 1.883595E+04 1.619579E+02 0.000000E+00 1.000000E+00
1.622000E+00 7.238346E+04 1.463360E+04 1.095009E+05 1.168567E+02 7.851743E+01 0.000000E+00 -5.522384E+02 0.000000E+00 1.090531E+05 1.071271E+05 1.892475E+04 1.619483E+02 0.000000E+00 1.000000E+00
1.623000E+00 7.234307E+04 1.476022E+04 1.093383E+05 1.174059E+02 7.805151E+01 0.000000E+00 -5.461799E+02 0.000000E+00 1.088919E+05 1.069707E+05 1.901341E+04 1.619459E+02 0.000000E+00 1.000000E+00
1.624000E+00 7.230200E+04 1.488432E+04 1.091758E+05 1.179490E+02 7.759172E+01 0.000000E+00 -5.399711E+02 0.000000E+00 1.087310E+05 1.068145E+05 1.910175E+04 1.619492E+02 0.000000E+00 1.000000E+00
1.625000E+00 7.226025E+04 1.500579E+04 1.090137E+05 1.184858E+02 7.713821E+01 0.000000E+00 -5.336142E+02 0.000000E+00 1.085703E+05 1.066585E+05 1.918962E+04 1.619570E+02 0.000000E+00 1.000000E+00
1.626000E+00 7.221779E+04 1.512452E+04 1.088518E+05 1.190162E+02 7.669114E+01 0.000000E+00 -5.271119E+02 0.000000E+00 1.084098E+05 1.065025E+05 1.927687E+04 1.619684E+02 0.000000E+00 1.000000E+00
1.627000E+00 7.217460E+04 1.524045E+04 1.086901E+05 1.195400E+02 7.625064E+01 0.000000E+00 -5.204668E+02 0.000000E+00 1.082496E+05 1.063467E+05 1.936338E+04 1.619824E+02 0.000000E+00 1.000000E+00
1.628000E+00 7.213065E+04 1.535347E+04 1.085287E+05 1.200571E+02 7.581685E+01 0.000000E+00 -5.136817E+02 0.000000E+00 1.080896E+05 1.061910E+05 1.944904E+04 1.619982E+02 0.000000E+00 1.000000E+00
1.629000E+00 7.208593E+04 1.546348E+04 1.083675E+05 1.205673E+02 7.538992E+01 0.000000E+00 -5.067596E+02 0.000000E+00 1.079299E+05 1.060353E+05 1.953366E+04 1.620145E+02 0.000000E+00 1.000000E+00
1.630000E+00 7.204040E+04 1.557038E+04 1.082066E+05 1.210706E+02 7.496998E+01 0.000000E+00 -4.997038E+02 0.000000E+00 1.077704E+05 1.058798E+05 1.961711E+04 1.620303E+02 0.000000E+00 1.000000E+00
1.631000E+00 7.199404E+04 1.567408E+04 1.080459E+05 1.215667E+02 7.455716E+01 0.000000E+00 -4.925175E+02 0.000000E+00 1.076111E+05 1.057242E+05 1.969925E+04 1.620448E+02 0.000000E+00 1.000000E+00
1.632000E+00 7.194681E+04 1.577448E+04 1.078855E+05 1.220556E+02 7.415158E+01 0.000000E+00 -4.852042E+02 0.000000E+00 1.074521E+05 1.055687E+05 1.977994E+04 1.620569E+02 0.000000E+00 1.000000E+00
1.633000E+00 7.189869E+04 1.587147E+04 1.077254E+05 1.225371E+02 7.375339E+01 0.000000E+00 -4.777675E+02 0.000000E+00 1.072933E+05 1.054132E+05 1.985901E+04 1.620653E+02 0.000000E+00 1.000000E+00
1.634000E+00 7.184964E+04 1.596499E+04 1.075654E+05 1.230111E+02 7.336269E+01 0.000000E+00 -4.702111E+02 0.000000E+00 1.071348E+05 1.052576E+05 1.993635E+04 1.620696E+02 0.000000E+00 1.000000E+00
1.635000E+00 7.179962E+04 1.605498E+04 1.074058E+05 1.234774E+02 7.297960E+01 0.000000E+00 -4.625390E+02 0.000000E+00 1.069765E+05 1.051021E+05 2.001183E+04 1.620688E+02 0.000000E+00 1.000000E+00
1.636000E+00 7.174862E+04 1.614136E+04 1.072463E+05 1.239361E+02 7.260425E+01 0.000000E+00 -4.547552E+02 0.000000E+00 1.068184E+05 1.049465E+05 2.008535E+04 1.620621E+02 0.000000E+00 1.000000E+00
1.637000E+00 7.169658E+04 1.622400E+04 1.070871E+05 1.243869E+02 7.223673E+01 0.000000E+00 -4.468639E+02 0.000000E+00 1.066605E+05 1.047908E+05 2.015670E+04 1.620484E+02 0.000000E+00 1.000000E+00
1.638000E+00 7.164348E+04 1.630284E+04 1.069282E+05 1.248298E+02 7.187715E+01 0.000000E+00 -4.388694E+02 0.000000E+00 1.065029E+05 1.046350E+05 2.022576E+04 1.620267E+02 0.000000E+00 1.000000E+00
1.639000E+00 7.158928E+04 1.637789E+04 1.067695E+05 1.252646E+02 7.152562E+01 0.000000E+00 -4.307760E+02 0.000000E+00 1.063455E+05 1.044792E+05 2.029250E+04 1.619970E+02 0.000000E+00 1.000000E+00
1.640000E+00 7.153396E+04 1.644910E+04 1.066111E+05 1.256913E+02 7.118223E+01 0.000000E+00 -4.225884E+02 0.000000E+00 1.061884E+05 1.043233E+05 2.035680E+04 1.619587E+02 0.000000E+00 1.000000E+00
1.641000E+00 7.147747E+04 1.651646E+04 1.064529E+05 1.261098E+02 7.084708E+01 0.000000E+00 -4.143110E+02 0.000000E+00 1.060315E+05 1.041673E+05 2.041858E+04 1.619112E+02 0.000000E+00 1.000000E+00
1.642000E+00 7.141979E+04 1.657975E+04 1.062949E+05 1.265199E+02 7.052024E+01 0.000000E+00 -4.059486E+02 0.000000E+00 1.058748E+05 1.040111E+05 2.047759E+04 1.618527E+02 0.000000E+00 1.000000E+00
1.643000E+00 7.136088E+04 1.663910E+04 1.061372E+05 1.269216E+02 7.020181E+01 0.000000E+00 -3.975060E+02 0.000000E+00 1.057183E+05 1.038549E+05 2.053387E+04 1.617838E+02 0.000000E+00 1.000000E+00
1.644000E+00 7.130072E+04 1.669451E+04 1.059797E+05 1.273149E+02 6.989185E+01 0.000000E+00 -3.889881E+02 0.000000E+00 1.055621E+05 1.036985E+05 2.058738E+04 1.617044E+02 0.000000E+00 1.000000E+00
1.645000E+00 7.123929E+04 1.674600E+04 1.058225E+05 1.276996E+02 6.959045E+01 0.000000E+00 -3.803997E+02 0.000000E+00 1.054061E+05 1.035420E+05 2.063807E+04 1.616142E+02 0.000000E+00 1.000000E+00
1.646000E+00 7.117655E+04 1.679354E+04 1.056655E+05 1.280757E+02 6.929768E+01 0.000000E+00 -3.717458E+02 0.000000E+00 1.052503E+05 1.033853E+05 2.068586E+04 1.615128E+02 0.000000E+00 1.000000E+00
1.647000E+00 7.111248E+04 1.683699E+04 1.055087E+05 1.284431E+02 6.901358E+01 0.000000E+00 -3.630314E+02 0.000000E+00 1.050947E+05 1.032286E+05 2.073055E+04 1.613987E+02 0.000000E+00 1.000000E+00
1.648000E+00 7.104708E+04 1.687658E+04 1.053522E+05 1.288017E+02 6.873823E+01 0.000000E+00 -3.542615E+02 0.000000E+00 1.049394E+05 1.030717E+05 2.077229E+04 1.612734E+02 0.000000E+00 1.000000E+00
1.649000E+00 7.098031E+04 1.691234E+04 1.051959E+05 1.291516E+02 6.847168E+01 0.000000E+00 -3.454411E+02 0.000000E+00 1.047843E+05 1.029147E+05 2.081107E+04 1.611368E+02 0.000000E+00 1.000000E+00
1.650000E+00 7.091216E+04 1.694432E+04 1.050399E+05 1.294926E+02 6.821396E+01 0.000000E+00 -3.365752E+02 0.000000E+00 1.046294E+05 1.027575E+05 2.084689E+04 1.609891E+02 0.000000E+00 1.000000E+00
1.651000E+00 7.084263E+04 1.697249E+04 1.048841E+05 1.298247E+02 6.796514E+01 0.000000E+00 -3.276689E+02 0.000000E+00 1.044747E+05 1.026003E+05 2.087965E+04 1.608296E+02 0.000000E+00 1.000000E+00
1.652000E+00 7.077171E+04 1.699690E+04 1.047285E+05 1.301479E+02 6.772524E+01 0.000000E+00 -3.187270E+02 0.000000E+00 1.043203E+05 1.024430E+05 2.090935E+04 1.606584E+02 0.000000E+00 1.000000E+00
1.653000E+00 7.069939E+04 1.701776E+04 1.045732E+05 1.304621E+02 6.749430E+01 0.000000E+00 -3.097546E+02 0.000000E+00 1.041661E+05 1.022856E+05 2.093613E+04 1.604767E+02 0.000000E+00 1.000000E+00
1.654000E+00 7.062567E+04 1.703514E+04 1.044181E+05 1.307674E+02 6.727234E+01 0.000000E+00 -3.007565E+02 0.000000E+00 1.040120E+05 1.021281E+05 2.096004E+04 1.602849E+02 0.000000E+00 1.000000E+00
1.655000E+00 7.055055E+04 1.704916E+04 1.042633E+05 1.310637E+02 6.705939E+01 0.000000E+00 -2.917374E+02 0.000000E+00 1.038583E+05 1.019706E+05 2.098112E+04 1.600834E+02 0.000000E+00 1.000000E+00
1.656000E+00 7.047405E+04 1.705979E+04 1.041087E+05 1.313509E+02 6.685547E+01 0.000000E+00 -2.827022E+02 0.000000E+00 1.037047E+05 1.018130E+05 2.099931E+04 1.598718E+02 0.000000E+00 1.000000E+00
1.657000E+00 7.039617E+04 1.706725E+04 1.039543E+05 1.316291E+02 6.666059E+01 0.000000E+00 -2.736555E+02 0.000000E+00 1.035513E+05 1.016554E+05 2.101476E+04 1.596514E+02 0.000000E+00 1.000000E+00
1.658000E+00 7.031693E+04 1.707170E+04 1.038001E+05 1.318982E+02 6.647476E+01 0.000000E+00 -2.646019E+02 0.000000E+00 1.033982E+05 1.014978E+05 2.102760E+04 1.594230E+02 0.000000E+00 1.000000E+00
1.659000E+00 7.023635E+04 1.707328E+04 1.036462E+05 1.321583E+02 6.629799E+01 0.000000E+00 -2.555456E+02 0.000000E+00 1.032453E+05 1.013403E+05 2.103794E+04 1.591874E+02 0.000000E+00 1.000000E+00
1.660000E+00 7.015445E+04 1.707213E+04 1.034926E+05 1.324093E+02 6.613027E+01 0.000000E+00 -2.464911E+02 0.000000E+00 1.030926E+05 1.011827E+05 2.104585E+04 1.589454E+02 0.000000E+00 1.000000E+00
1.661000E+00 7.007125E+04 1.706829E+04 1.033391E+05 1.326512E+02 6.597160E+01 0.000000E+00 -2.374426E+02 0.000000E+00 1.029401E+05 1.010253E+05 2.105136E+04 1.586970E+02 0.000000E+00 1.000000E+00
1.662000E+00 6.998679E+04 1.706205E+04 1.031859E+05 1.328842E+02 6.582198E+01 0.000000E+00 -2.284040E+02 0.000000E+00 1.027878E+05 1.008679E+05 2.105469E+04 1.584440E+02 0.000000E+00 1.000000E+00
1.663000E+00 6.990109E+04 1.705356E+04 1.030329E+05 1.331081E+02 6.568139E+01 0.000000E+00 -2.193792E+02 0.000000E+00 1.026358E+05 1.007107E+05 2.105598E+04 1.581872E+02 0.000000E+00 1.000000E+00
1.664000E+00 6.981421E+04 1.704297E+04 1.028802E+05 1.333229E+02 6.554982E+01 0.000000E+00 -2.103720E+02 0.000000E+00 1.024839E+05 1.005536E+05 2.105536E+04 1.579275E+02 0.000000E+00 1.000000E+00
1.665000E+00 6.972617E+04 1.703045E+04 1.027276E+05 1.335288E+02 6.542724E+01 0.000000E+00 -2.013858E+02 0.000000E+00 1.023323E+05 1.003966E+05 2.105295E+04 1.576660E+02 0.000000E+00 1.000000E+00
1.666000E+00 6.963702E+04 1.701618E+04 1.025753E+05 1.337257E+02 6.531364E+01 0.000000E+00 -1.924242E+02 0.000000E+00 1.021809E+05 1.002399E+05 2.104891E+04 1.574036E+02 0.000000E+00 1.000000E+00
1.667000E+00 6.954682E+04 1.700036E+04 1.024233E+05 1.339137E+02 6.520898E+01 0.000000E+00 -1.834903E+02 0.000000E+00 1.020297E+05 1.000834E+05 2.104341E+04 1.571417E+02 0.000000E+00 1.000000E+00
1.668000E+00 6.945561E+04 1.698315E+04 1.022715E+05 1.340927E+02 6.511324E+01 0.000000E+00 -1.745870E+02 0.000000E+00 1.018787E+05 9.992718E+04 2.103661E+04 1.568811E+02 0.000000E+00 1.000000E+00
1.669000E+00 6.936344E+04 1.696472E+04 1.021199E+05 1.342628E+02 6.502640E+01 0.000000E+00 -1.657174E+02 0.000000E+00 1.017279E+05 9.977122E+04 2.102865E+04 1.566230E+02 0.000000E+00 1.000000E+00
1.670000E+00 6.927037E+04 1.694530E+04 1.019685E+05 1.344241E+02 6.494840E+01 0.000000E+00 -1.568840E+02 0.000000E+00 1.015773E+05 9.961558E+04 2.101974E+04 1.563688E+02 0.000000E+00 1.000000E+00
1.671000E+00 6.917646E+04 1.692507E+04 1.018173E+05 1.345766E+02 6.487921E+01 0.000000E+00 -1.480892E+02 0.000000E+00 1.014269E+05 9.946027E+04 2.101007E+04 1.561197E+02 0.000000E+00 1.000000E+00
1.672000E+00 6.908177E+04 1.690417E+04 1.016664E+05 1.347203E+02 6.481881E+01 0.000000E+00 -1.393354E+02 0.000000E+00 1.012768E+05 9.930534E+04 2.099974E+04 1.558766E+02 0.000000E+00 1.000000E+00
1.673000E+00 6.898637E+04 1.688277E+04 1.015157E+05 1.348553E+02 6.476713E+01 0.000000E+00 -1.306246E+02 0.000000E+00 1.011269E+05 9.915081E+04 2.098893E+04 1.556404E+02 0.000000E+00 1.000000E+00
1.674000E+00 6.889031E+04 1.686101E+04 1.013652E+05 1.349816E+02 6.472414E+01 0.000000E+00 -1.219587E+02 0.000000E+00 1.009771E+05 9.899669E+04 2.097779E+04 1.554122E+02 0.000000E+00 1.000000E+00
1.675000E+00 6.879367E+04 1.683924E+04 1.012150E+05 1.350992E+02 6.468980E+01 0.000000E+00 -1.133395E+02 0.000000E+00 1.008276E+05 9.884303E+04 2.096665E+04 1.551944E+02 0.000000E+00 1.000000E+00
1.676000E+00 6.869650E+04 1.681750E+04 1.010650E+05 1.352083E+02 6.466405E+01 0.000000E+00 -1.047684E+02 0.000000E+00 1.006783E+05 9.868983E+04 2.095554E+04 1.549871E+02 0.000000E+00 1.000000E+00
1.677000E+00 6.859889E+04 1.679589E+04 1.009152E+05 1.353088E+02 6.464684E+01 0.000000E+00 -9.624684E+01 0.000000E+00 1.005292E+05 9.853713E+04 2.094459E+04 1.547911E+02 0.000000E+00 1.000000E+00
1.678000E+00 6.850089E+04 1.677456E+04 1.007656E+05 1.354008E+02 6.463814E+01 0.000000E+00 -8.777593E+01 0.000000E+00 1.003804E+05 9.838495E+04 2.093395E+04 1.546073E+02 0.000000E+00 1.000000E+00
1.679000E+00 6.840257E+04 1.675368E+04 1.006162E+05 1.354844E+02 6.463787E+01 0.000000E+00 -7.935672E+01 0.000000E+00 1.002317E+05 9.823331E+04 2.092379E+04 1.544369E+02 0.000000E+00 1.000000E+00
1.680000E+00 6.830400E+04 1.673359E+04 1.004671E+05 1.355595E+02 6.464601E+01 0.000000E+00 -7.099002E+01 0.000000E+00 1.000833E+05 9.808222E+04 2.091447E+04 1.542825E+02 0.000000E+00 1.000000E+00
1.681000E+00 6.820525E+04 1.671417E+04 1.003182E+05 1.356264E+02 6.466248E+01 0.000000E+00 -6.267652E+01 0.000000E+00 9.993502E+04 9.793171E+04 2.090587E+04 1.541431E+02 0.000000E+00 1.000000E+00
1.682000E+00 6.810638E+04 1.669553E+04 1.001695E+05 1.356849E+02 6.468723E+01 0.000000E+00 -5.441677E+01 0.000000E+00 9.978700E+04 9.778179E+04 2.089812E+04 1.540195E+02 0.000000E+00 1.000000E+00
1.683000E+00 6.800746E+04 1.667777E+04 1.000211E+05 1.357352E+02 6.472022E+01 0.000000E+00 -4.621120E+01 0.000000E+00 9.963919E+04 9.763246E+04 2.089132E+04 1.539123E+02 0.000000E+00 1.000000E+00
1.684000E+00 6.790854E+04 1.666111E+04 9.987283E+04 1.357774E+02 6.476139E+01 0.000000E+00 -3.806009E+01 0.000000E+00 9.949159E+04 9.748376E+04 2.088574E+04 1.538234E+02 0.000000E+00 1.000000E+00
1.685000E+00 6.780971E+04 1.664570E+04 9.972481E+04 1.358114E+02 6.481069E+01 0.000000E+00 -2.996360E+01 0.000000E+00 9.934420E+04 9.733567E+04 2.088152E+04 1.537538E+02 0.000000E+00 1.000000E+00
1.686000E+00 6.771100E+04 1.663140E+04 9.957701E+04 1.358373E+02 6.486805E+01 0.000000E+00 -2.192178E+01 0.000000E+00 9.919703E+04 9.718822E+04 2.087854E+04 1.537025E+02 0.000000E+00 1.000000E+00
1.687000E+00 6.761248E+04 1.661826E+04 9.942943E+04 1.358552E+02 6.493342E+01 0.000000E+00 -1.393463E+01 0.000000E+00 9.905008E+04 9.704140E+04 2.087687E+04 1.536700E+02 0.000000E+00 1.000000E+00
1.688000E+00 6.751420E+04 1.660631E+04 9.928207E+04 1.358652E+02 6.500676E+01 0.000000E+00 -6.002058E+00 0.000000E+00 9.890333E+04 9.689521E+04 2.087658E+04 1.536566E+02 0.000000E+00 1.000000E+00
1.689000E+00 6.741621E+04 1.659591E+04 9.913493E+04 1.358675E+02 6.508778E+01 0.000000E+00 2.334540E-02 0.000000E+00 9.875681E+04 9.674967E+04 2.087802E+04 1.536646E+02 0.000000E+00 0.000000E+00
1.690000E+00 6.731858E+04 1.658771E+04 9.898801E+04 1.358675E+02 6.517108E+01 0.000000E+00 8.588294E-03 0.000000E+00 9.861049E+04 9.660477E+04 2.088189E+04 1.536931E+02 0.000000E+00 0.000000E+00
1.691000E+00 6.722137E+04 1.658193E+04 9.884131E+04 1.358675E+02 6.525438E+01 0.000000E+00 3.159457E-03 0.000000E+00 9.846439E+04 9.646055E+04 2.088844E+04 1.537413E+02 0.000000E+00 0.000000E+00
1.692000E+00 6.712466E+04 1.657854E+04 9.869482E+04 1.358675E+02 6.533768E+01 0.000000E+00 1.162299E-03 0.000000E+00 9.831851E+04 9.631701E+04 2.089767E+04 1.538092E+02 0.000000E+00 0.000000E+00
1.693000E+00 6.702853E+04 1.657748E+04 9.854855E+04 1.358675E+02 6.542098E+01 0.000000E+00 4.275860E-04 0.000000E+00 9.817285E+04 9.617418E+04 2.090957E+04 1.538968E+02 0.000000E+00 0.000000E+00
1.694000E+00 6.693302E+04 1.657909E+04 9.840250E+04 1.358675E+02 6.550428E+01 0.000000E+00 1.573001E-04 0.000000E+00 9.802740E+04 9.603206E+04 2.092452E+04 1.540068E+02 0.000000E+00 0.000000E+00
1.695000E+00 6.683819E+04 1.658291E+04 9.825667E+04 1.358675E+02 6.558758E+01 0.000000E+00 5.786747E-05 0.000000E+00 9.788216E+04 9.589065E+04 2.094208E+04 1.541361E+02 0.000000E+00 0.000000E+00
1.696000E+00 6.674410E+04 1.658886E+04 9.811105E+04 1.358675E+02 6.567088E+01 0.000000E+00 2.128825E-05 0.000000E+00 9.773715E+04 9.574995E+04 2.096220E+04 1.542842E+02 0.000000E+00 0.000000E+00
1.697000E+00 6.665078E+04 1.659683E+04 9.796565E+04 1.358675E+02 6.575418E+01 0.000000E+00 7.831510E-06 0.000000E+00 9.759235E+04 9.560995E+04 2.098483E+04 1.544507E+02 0.000000E+00 0.000000E+00
1.698000E+00 6.655827E+04 1.660685E+04 9.782047E+04 1.358675E+02 6.583748E+01 0.000000E+00 2.881052E-06 0.000000E+00 9.744777E+04 9.547062E+04 2.101001E+04 1.546360E+02 0.000000E+00 0.000000E+00
1.699000E+00 6.646660E+04 1.661893E+04 9.767550E+04 1.358675E+02 6.592078E+01 0.000000E+00 1.059880E-06 0.000000E+00 9.730340E+04 9.533197E+04 2.103778E+04 1.548404E+02 0.000000E+00 0.000000E+00
1.700000E+00 6.637578E+04 1.663270E+04 9.753074E+04 1.358675E+02 6.600408E+01 0.000000E+00 3.899079E-07 0.000000E+00 9.715926E+04 9.519396E+04 2.106780E+04 1.550614E+02 0.000000E+00 0.000000E+00
1.701000E+00 6.628583E+04 1.664803E+04 9.738621E+04 1.358675E+02 6.608738E+01 0.000000E+00 1.434391E-07 0.000000E+00 9.701533E+04 9.505656E+04 2.109996E+04 1.552981E+02 0.000000E+00 0.000000E+00
1.702000E+00 6.619676E+04 1.666479E+04 9.724188E+04 1.358675E+02 6.617068E+01 0.000000E+00 5.276830E-08 0.000000E+00 9.687162E+04 9.491976E+04 2.113416E+04 1.555498E+02 0.000000E+00 0.000000E+00
1.703000E+00 6.610856E+04 1.668298E+04 9.709777E+04 1.358675E+02 6.625398E+01 0.000000E+00 1.941237E-08 0.000000E+00 9.672814E+04 9.478352E+04 2.117041E+04 1.558167E+02 0.000000E+00 0.000000E+00
1.704000E+00 6.602124E+04 1.670238E+04 9.695388E+04 1.358675E+02 6.633728E+01 0.000000E+00 7.141413E-09 0.000000E+00 9.658487E+04 9.464781E+04 2.120853E+04 1.560972E+02 0.000000E+00 0.000000E+00
1.705000E+00 6.593479E+04 1.672273E+04 9.681020E+04 1.358675E+02 6.642058E+01 0.000000E+00 2.627179E-09 0.000000E+00 9.644182E+04 9.451259E+04 2.124823E+04 1.563894E+02 0.000000E+00 0.000000E+00
1.706000E+00 6.584918E+04 1.674385E+04 9.666674E+04 1.358675E+02 6.650388E+01 0.000000E+00 9.664852E-10 0.000000E+00 9.629898E+04 9.437783E+04 2.128938E+04 1.566923E+02 0.000000E+00 0.000000E+00
1.707000E+00 6.576439E+04 1.676556E+04 9.652348E+04 1.358675E+02 6.658718E+01 0.000000E+00 3.555500E-10 0.000000E+00 9.615637E+04 9.424349E+04 2.133181E+04 1.570046E+02 0.000000E+00 0.000000E+00
1.708000E+00 6.568039E+04 1.678783E+04 9.638045E+04 1.358675E+02 6.667048E+01 0.000000E+00 1.307995E-10 0.000000E+00 9.601398E+04 9.410954E+04 2.137547E+04 1.573259E+02 0.000000E+00 0.000000E+00
1.709000E+00 6.559715E+04 1.681033E+04 9.623762E+04 1.358675E+02 6.675378E+01 0.000000E+00 4.811846E-11 0.000000E+00 9.587180E+04 9.397592E+04 2.142004E+04 1.576539E+02 0.000000E+00 0.000000E+00
1.710000E+00 6.551463E+04 1.683285E+04 9.609501E+04 1.358675E+02 6.683708E+01 0.000000E+00 1.770179E-11 0.000000E+00 9.572984E+04 9.384261E+04 2.146532E+04 1.579872E+02 0.000000E+00 0.000000E+00
1.711000E+00 6.543279E+04 1.685520E+04 9.595261E+04 1.358675E+02 6.692038E+01 0.000000E+00 6.512126E-12 0.000000E+00 9.558811E+04 9.370956E+04 2.151112E+04 1.583243E+02 0.000000E+00 0.000000E+00
1.712000E+00 6.535157E+04 1.687721E+04 9.581042E+04 1.358675E+02 6.700368E+01 0.000000E+00 2.395677E-12 0.000000E+00 9.544658E+04 9.357673E+04 2.155724E+04 1.586637E+02 0.000000E+00 0.000000E+00
1.713000E+00 6.527093E+04 1.689866E+04 9.566845E+04 1.358675E+02 6.708698E+01 0.000000E+00 8.813204E-13 0.000000E+00 9.530528E+04 9.344409E+04 2.160347E+04 1.590040E+02 0.000000E+00 0.000000E+00
1.714000E+00 6.519080E+04 1.691933E+04 9.552669E+04 1.358675E+02 6.717028E+01 0.000000E+00 3.242196E-13 0.000000E+00 9.516419E+04 9.331158E+04 2.164957E+04 1.593433E+02 0.000000E+00 0.000000E+00
1.715000E+00 6.511113E+04 1.693903E+04 9.538514E+04 1.358675E+02 6.725358E+01 0.000000E+00 1.192737E-13 0.000000E+00 9.502332E+04 9.317917E+04 2.169533E+04 1.596801E+02 0.000000E+00 0.000000E+00
1.716000E+00 6.503185E+04 1.695757E+04 9.524380E+04 1.358675E+02 6.733688E+01 0.000000E+00 4.387836E-14 0.000000E+00 9.488267E+04 9.304682E+04 2.174056E+04 1.600130E+02 0.000000E+00 0.000000E+00
1.717000E+00 6.495289E+04 1.697472E+04 9.510267E+04 1.358675E+02 6.742018E+01 0.000000E+00 1.614195E-14 0.000000E+00 9.474223E+04 9.291449E+04 2.178498E+04 1.603399E+02 0.000000E+00 0.000000E+00
1.718000E+00 6.487419E+04 1.699022E+04 9.496176E+04 1.358675E+02 6.750348E+01 0.000000E+00 5.938290E-15 0.000000E+00 9.460201E+04 9.278214E+04 2.182833E+04 1.606590E+02 0.000000E+00 0.000000E+00
1.719000E+00 6.479568E+04 1.700396E+04 9.482105E+04 1.358675E+02 6.758678E+01 0.000000E+00 2.184575E-15 0.000000E+00 9.446200E+04 9.264975E+04 2.187045E+04 1.609690E+02 0.000000E+00 0.000000E+00
1.720000E+00 6.471727E+04 1.701577E+04 9.468056E+04 1.358675E+02 6.767008E+01 0.000000E+00 8.036602E-16 0.000000E+00 9.432220E+04 9.251726E+04 2.191116E+04 1.612686E+02 0.000000E+00 0.000000E+00
1.721000E+00 6.463890E+04 1.702549E+04 9.454027E+04 1.358675E+02 6.775338E+01 0.000000E+00 2.956501E-16 0.000000E+00 9.418261E+04 9.238465E+04 2.195025E+04 1.615563E+02 0.000000E+00 0.000000E+00
1.722000E+00 6.456048E+04 1.703272E+04 9.440020E+04 1.358675E+02 6.783668E+01 0.000000E+00 1.087636E-16 0.000000E+00 9.404324E+04 9.225189E+04 2.198729E+04 1.618290E+02 0.000000E+00 0.000000E+00
1.723000E+00 6.448195E+04 1.703742E+04 9.426034E+04 1.358675E+02 6.791998E+01 0.000000E+00 4.001188E-17 0.000000E+00 9.390408E+04 9.211894E+04 2.202219E+04 1.620858E+02 0.000000E+00 0.000000E+00
1.724000E+00 6.440321E+04 1.703949E+04 9.412068E+04 1.358675E+02 6.800328E+01 0.000000E+00 1.471955E-17 0.000000E+00 9.376512E+04 9.198577E+04 2.205483E+04 1.623261E+02 0.000000E+00 0.000000E+00
1.725000E+00 6.432421E+04 1.703881E+04 9.398124E+04 1.358675E+02 6.808658E+01 0.000000E+00 5.415020E-18 0.000000E+00 9.362638E+04 9.185237E+04 2.208503E+04 1.625483E+02 0.000000E+00 0.000000E+00
1.726000E+00 6.424485E+04 1.703524E+04 9.384200E+04 1.358675E+02 6.816988E+01 0.000000E+00 1.992074E-18 0.000000E+00 9.348784E+04 9.171870E+04 2.211261E+04 1.627513E+02 0.000000E+00 0.000000E+00
1.727000E+00 6.416506E+04 1.702822E+04 9.370297E+04 1.358675E+02 6.825318E+01 0.000000E+00 7.328432E-19 0.000000E+00 9.334951E+04 9.158475E+04 2.213695E+04 1.629305E+02 0.000000E+00 0.000000E+00
1.728000E+00 6.408476E+04 1.701803E+04 9.356415E+04 1.358675E+02 6.833648E+01 0.000000E+00 2.695980E-19 0.000000E+00 9.321139E+04 9.145048E+04 2.215830E+04 1.630876E+02 0.000000E+00 0.000000E+00
1.729000E+00 6.400388E+04 1.700458E+04 9.342554E+04 1.358675E+02 6.841978E+01 0.000000E+00 9.917954E-20 0.000000E+00 9.307347E+04 9.131589E+04 2.217650E+04 1.632215E+02 0.000000E+00 0.000000E+00
1.730000E+00 6.392236E+04 1.698778E+04 9.328713E+04 1.358675E+02 6.850308E+01 0.000000E+00 3.648611E-20 0.000000E+00 9.293575E+04 9.118096E+04 2.219140E+04 1.633313E+02 0.000000E+00 0.000000E+00
1.731000E+00 6.384011E+04 1.696738E+04 9.314894E+04 1.358675E+02 6.858638E+01 0.000000E+00 1.342249E-20 0.000000E+00 9.279824E+04 9.104568E+04 2.220273E+04 1.634146E+02 0.000000E+00 0.000000E+00
1.732000E+00 6.375707E+04 1.694309E+04 9.301095E+04 1.358675E+02 6.866968E+01 0.000000E+00 4.937859E-21 0.000000E+00 9.266093E+04 9.091003E+04 2.221012E+04 1.634690E+02 0.000000E+00 0.000000E+00
1.733000E+00 6.367317E+04 1.691521E+04 9.287316E+04 1.358675E+02 6.875298E+01 0.000000E+00 1.816537E-21 0.000000E+00 9.252381E+04 9.077402E+04 2.221381E+04 1.634962E+02 0.000000E+00 0.000000E+00
1.734000E+00 6.358835E+04 1.688371E+04 9.273558E+04 1.358675E+02 6.883628E+01 0.000000E+00 6.682665E-22 0.000000E+00 9.238690E+04 9.063762E+04 2.221372E+04 1.634955E+02 0.000000E+00 0.000000E+00
1.735000E+00 6.350256E+04 1.684855E+04 9.259821E+04 1.358675E+02 6.891958E+01 0.000000E+00 2.458415E-22 0.000000E+00 9.225019E+04 9.050085E+04 2.220976E+04 1.634663E+02 0.000000E+00 0.000000E+00
1.736000E+00 6.341574E+04 1.680938E+04 9.246104E+04 1.358675E+02 6.900288E+01 0.000000E+00 9.044004E-23 0.000000E+00 9.211367E+04 9.036370E+04 2.220151E+04 1.634056E+02 0.000000E+00 0.000000E+00
1.737000E+00 6.332784E+04 1.676626E+04 9.232408E+04 1.358675E+02 6.908618E+01 0.000000E+00 3.327103E-23 0.000000E+00 9.197734E+04 9.022617E+04 2.218898E+04 1.633134E+02 0.000000E+00 0.000000E+00
1.738000E+00 6.323880E+04 1.671947E+04 9.218732E+04 1.358675E+02 6.916948E+01 0.000000E+00 1.223973E-23 0.000000E+00 9.184122E+04 9.008827E+04 2.217238E+04 1.631913E+02 0.000000E+00 0.000000E+00
1.739000E+00 6.314860E+04 1.666903E+04 9.205077E+04 1.358675E+02 6.925278E+01 0.000000E+00 4.502744E-24 0.000000E+00 9.170528E+04 8.995001E+04 2.215169E+04 1.630389E+02 0.000000E+00 0.000000E+00
1.740000E+00 6.305718E+04 1.661498E+04 9.191442E+04 1.358675E+02 6.933608E+01 0.000000E+00 1.656467E-24 0.000000E+00 9.156954E+04 8.981140E+04 2.212688E+04 1.628563E+02 0.000000E+00 0.000000E+00
1.741000E+00 6.296452E+04 1.655685E+04 9.177827E+04 1.358675E+02 6.941938E+01 0.000000E+00 6.093802E-25 0.000000E+00 9.143399E+04 8.967246E+04 2.209742E+04 1.626395E+02 0.000000E+00 0.000000E+00
1.742000E+00 6.287059E+04 1.649512E+04 9.164233E+04 1.358675E+02 6.950268E+01 0.000000E+00 2.241784E-25 0.000000E+00 9.129863E+04 8.953319E+04 2.206376E+04 1.623918E+02 0.000000E+00 0.000000E+00
1.743000E+00 6.277537E+04 1.642999E+04 9.150658E+04 1.358675E+02 6.958598E+01 0.000000E+00 8.247064E-26 0.000000E+00 9.116346E+04 8.939361E+04 2.202602E+04 1.621140E+02 0.000000E+00 0.000000E+00
1.744000E+00 6.267884E+04 1.636154E+04 9.137104E+04 1.358675E+02 6.966928E+01 0.000000E+00 3.033925E-26 0.000000E+00 9.102848E+04 8.925376E+04 2.198423E+04 1.618064E+02 0.000000E+00 0.000000E+00
1.745000E+00 6.258099E+04 1.628978E+04 9.123570E+04 1.358675E+02 6.975258E+01 0.000000E+00 1.116119E-26 0.000000E+00 9.089368E+04 8.911364E+04 2.193837E+04 1.614689E+02 0.000000E+00 0.000000E+00
1.746000E+00 6.248181E+04 1.621443E+04 9.110057E+04 1.358675E+02 6.983588E+01 0.000000E+00 4.105971E-27 0.000000E+00 9.075907E+04 8.897329E+04 2.188809E+04 1.610989E+02 0.000000E+00 0.000000E+00
1.747000E+00 6.238130E+04 1.613612E+04 9.096563E+04 1.358675E+02 6.991918E+01 0.000000E+00 1.510502E-27 0.000000E+00 9.062465E+04 8.883273E+04 2.183400E+04 1.607007E+02 0.000000E+00 0.000000E+00
1.748000E+00 6.227946E+04 1.605500E+04 9.083089E+04 1.358675E+02 7.000248E+01 0.000000E+00 5.556828E-28 0.000000E+00 9.049042E+04 8.869199E+04 2.177617E+04 1.602751E+02 0.000000E+00 0.000000E+00
1.749000E+00 6.217632E+04 1.597121E+04 9.069635E+04 1.358675E+02 7.008578E+01 0.000000E+00 2.044243E-28 0.000000E+00 9.035636E+04 8.855110E+04 2.171473E+04 1.598229E+02 0.000000E+00 0.000000E+00
1.750000E+00 6.207187E+04 1.588471E+04 9.056201E+04 1.358675E+02 7.016908E+01 0.000000E+00 7.520349E-29 0.000000E+00 9.022249E+04 8.841009E+04 2.164958E+04 1.593434E+02 0.000000E+00 0.000000E+00
1.751000E+00 6.196615E+04 1.579561E+04 9.042787E+04 1.358675E+02 7.025238E+01 0.000000E+00 2.766582E-29 0.000000E+00 9.008881E+04 8.826901E+04 2.158081E+04 1.588372E+02 0.000000E+00 0.000000E+00
1.752000E+00 6.185918E+04 1.570439E+04 9.029393E+04 1.358675E+02 7.033568E+01 0.000000E+00 1.017769E-29 0.000000E+00 8.995531E+04 8.812788E+04 2.150886E+04 1.583077E+02 0.000000E+00 0.000000E+00
1.753000E+00 6.175100E+04 1.561125E+04 9.016018E+04 1.358675E+02 7.041898E+01 0.000000E+00 3.744161E-30 0.000000E+00 8.982199E+04 8.798673E+04 2.143389E+04 1.577559E+02 0.000000E+00 0.000000E+00
1.754000E+00 6.164164E+04 1.551636E+04 9.002663E+04 1.358675E+02 7.050228E+01 0.000000E+00 1.377400E-30 0.000000E+00 8.968885E+04 8.784562E+04 2.135607E+04 1.571831E+02 0.000000E+00 0.000000E+00
1.755000E+00 6.153115E+04 1.541969E+04 8.989328E+04 1.358675E+02 7.058558E+01 0.000000E+00 5.067171E-31 0.000000E+00 8.955589E+04 8.770457E+04 2.127532E+04 1.565887E+02 0.000000E+00 0.000000E+00
1.756000E+00 6.141957E+04 1.532163E+04 8.976012E+04 1.358675E+02 7.066888E+01 0.000000E+00 1.864108E-31 0.000000E+00 8.942311E+04 8.756363E+04 2.119202E+04 1.559756E+02 0.000000E+00 0.000000E+00
1.757000E+00 6.130696E+04 1.522251E+04 8.962716E+04 1.358675E+02 7.075218E+01 0.000000E+00 6.857670E-32 0.000000E+00 8.929051E+04 8.742284E+04 2.110648E+04 1.553461E+02 0.000000E+00 0.000000E+00
1.758000E+00 6.119338E+04 1.512255E+04 8.949440E+04 1.358675E+02 7.083548E+01 0.000000E+00 2.522796E-32 0.000000E+00 8.915810E+04 8.728224E+04 2.101892E+04 1.547017E+02 0.000000E+00 0.000000E+00
1.759000E+00 6.107889E+04 1.502198E+04 8.936183E+04 1.358675E+02 7.091878E+01 0.000000E+00 9.280848E-33 0.000000E+00 8.902586E+04 8.714186E+04 2.092955E+04 1.540439E+02 0.000000E+00 0.000000E+00
1.760000E+00 6.096356E+04 1.492082E+04 8.922945E+04 1.358675E+02 7.100208E+01 0.000000E+00 3.414233E-33 0.000000E+00 8.889380E+04 8.700176E+04 2.083839E+04 1.533729E+02 0.000000E+00 0.000000E+00
1.761000E+00 6.084746E+04 1.481956E+04 8.909727E+04 1.358675E+02 7.108538E+01 0.000000E+00 1.256026E-33 0.000000E+00 8.876192E+04 8.686197E+04 2.074591E+04 1.526923E+02 0.000000E+00 0.000000E+00
1.762000E+00 6.073066E+04 1.471842E+04 8.896528E+04 1.358675E+02 7.116868E+01 0.000000E+00 4.620662E-34 0.000000E+00 8.863023E+04 8.672253E+04 2.065237E+04 1.520038E+02 0.000000E+00 0.000000E+00
1.763000E+00 6.061325E+04 1.461765E+04 8.883348E+04 1.358675E+02 7.125198E+01 0.000000E+00 1.699847E-34 0.000000E+00 8.849871E+04 8.658348E+04 2.055799E+04 1.513091E+02 0.000000E+00 0.000000E+00
1.764000E+00 6.049531E+04 1.451745E+04 8.870188E+04 1.358675E+02 7.133528E+01 0.000000E+00 6.253386E-35 0.000000E+00 8.836737E+04 8.644487E+04 2.046299E+04 1.506100E+02 0.000000E+00 0.000000E+00
1.765000E+00 6.037691E+04 1.441808E+04 8.857046E+04 1.358675E+02 7.141858E+01 0.000000E+00 2.300492E-35 0.000000E+00 8.823621E+04 8.630673E+04 2.036765E+04 1.499082E+02 0.000000E+00 0.000000E+00
1.766000E+00 6.025816E+04 1.431981E+04 8.843924E+04 1.358675E+02 7.150188E+01 0.000000E+00 8.463038E-36 0.000000E+00 8.810523E+04 8.616911E+04 2.027226E+04 1.492061E+02 0.000000E+00 0.000000E+00
1.767000E+00 6.013913E+04 1.422287E+04 8.830821E+04 1.358675E+02 7.158518E+01 0.000000E+00 3.113378E-36 0.000000E+00 8.797444E+04 8.603203E+04 2.017706E+04 1.485054E+02 0.000000E+00 0.000000E+00
1.768000E+00 6.001993E+04 1.412748E+04 8.817737E+04 1.358675E+02 7.166848E+01 0.000000E+00 1.145348E-36 0.000000E+00 8.784382E+04 8.589554E+04 2.008230E+04 1.478080E+02 0.000000E+00 0.000000E+00
1.769000E+00 5.990064E+04 1.403393E+04 8.804673E+04 1.358675E+02 7.175178E+01 0.000000E+00 4.213498E-37 0.000000E+00 8.771339E+04 8.575967E+04 1.998830E+04 1.471162E+02 0.000000E+00 0.000000E+00
1.770000E+00 5.978136E+04 1.394246E+04 8.791627E+04 1.358675E+02 7.183508E+01 0.000000E+00 1.550059E-37 0.000000E+00 8.758313E+04 8.562446E+04 1.989533E+04 1.464319E+02 0.000000E+00 0.000000E+00
1.771000E+00 5.966218E+04 1.385323E+04 8.778600E+04 1.358675E+02 7.191838E+01 0.000000E+00 5.702350E-38 0.000000E+00 8.745306E+04 8.548993E+04 1.980357E+04 1.457566E+02 0.000000E+00 0.000000E+00
1.772000E+00 5.954321E+04 1.376642E+04 8.765592E+04 1.358675E+02 7.200168E+01 0.000000E+00 2.097777E-38 0.000000E+00 8.732317E+04 8.535611E+04 1.971327E+04 1.450919E+02 0.000000E+00 0.000000E+00
1.773000E+00 5.942454E+04 1.368223E+04 8.752603E+04 1.358675E+02 7.208498E+01 0.000000E+00 7.717291E-39 0.000000E+00 8.719347E+04 8.522304E+04 1.962465E+04 1.444397E+02 0.000000E+00 0.000000E+00
1.774000E+00 5.930626E+04 1.360111E+04 8.739632E+04 1.358675E+02 7.216828E+01 0.000000E+00 2.839033E-39 0.000000E+00 8.706394E+04 8.509074E+04 1.953820E+04 1.438034E+02 0.000000E+00 0.000000E+00
1.775000E+00 5.918847E+04 1.352304E+04 8.726681E+04 1.358675E+02 7.225158E+01 0.000000E+00 1.044422E-39 0.000000E+00 8.693461E+04 8.495924E+04 1.945397E+04 1.431834E+02 0.000000E+00 0.000000E+00
1.776000E+00 5.907127E+04 1.344815E+04 8.713748E+04 1.358675E+02 7.233488E+01 0.000000E+00 3.842213E-40 0.000000E+00 8.680545E+04 8.482855E+04 1.937211E+04 1.425809E+02 0.000000E+00 0.000000E+00
1.777000E+00 5.895475E+04 1.337659E+04 8.700834E+04 1.358675E+02 7.241818E+01 0.000000E+00 1.413471E-40 0.000000E+00 8.667648E+04 8.469870E+04 1.929283E+04 1.419975E+02 0.000000E+00 0.000000E+00
1.778000E+00 5.883900E+04 1.330855E+04 8.687939E+04 1.358675E+02 7.250148E+01 0.000000E+00 5.199870E-41 0.000000E+00 8.654770E+04 8.456970E+04 1.921639E+04 1.414348E+02 0.000000E+00 0.000000E+00
1.779000E+00 5.872410E+04 1.324450E+04 8.675062E+04 1.358675E+02 7.258478E+01 0.000000E+00 1.912925E-41 0.000000E+00 8.641911E+04 8.444157E+04 1.914331E+04 1.408969E+02 0.000000E+00 0.000000E+00
1.780000E+00 5.861016E+04 1.318420E+04 8.662204E+04 1.358675E+02 7.266808E+01 0.000000E+00 7.037259E-42 0.000000E+00 8.629070E+04 8.431432E+04 1.907340E+04 1.403824E+02 0.000000E+00 0.000000E+00
1.781000E+00 5.849725E+04 1.312775E+04 8.649365E+04 1.358675E+02 7.275138E+01 0.000000E+00 2.588863E-42 0.000000E+00 8.616248E+04 8.418796E+04 1.900681E+04 1.398923E+02 0.000000E+00 0.000000E+00
1.782000E+00 5.838545E+04 1.307523E+04 8.636545E+04 1.358675E+02 7.283468E+01 0.000000E+00 9.523894E-43 0.000000E+00 8.603445E+04 8.406250E+04 1.894371E+04 1.394278E+02 0.000000E+00 0.000000E+00
1.783000E+00 5.827485E+04 1.302696E+04 8.623743E+04 1.358675E+02 7.291798E+01 0.000000E+00 3.503645E-43 0.000000E+00 8.590661E+04 8.393794E+04 1.888446E+04 1.389917E+02 0.000000E+00 0.000000E+00
1.784000E+00 5.816551E+04 1.298309E+04 8.610959E+04 1.358675E+02 7.300128E+01 0.000000E+00 1.288919E-43 0.000000E+00 8.577896E+04 8.381428E+04 1.882929E+04 1.385857E+02 0.000000E+00 0.000000E+00
1.785000E+00 5.805751E+04 1.294338E+04 8.598194E+04 1.358675E+02 7.308458E+01 0.000000E+00 4.741668E-44 0.000000E+00 8.565151E+04 8.369153E+04 1.877800E+04 1.382082E+02 0.000000E+00 0.000000E+00
1.786000E+00 5.795092E+04 1.290785E+04 8.585448E+04 1.358675E+02 7.316788E+01 0.000000E+00 1.744362E-44 0.000000E+00 8.552424E+04 8.356967E+04 1.873069E+04 1.378600E+02 0.000000E+00 0.000000E+00
1.787000E+00 5.784579E+04 1.287653E+04 8.572720E+04 1.358675E+02 7.325118E+01 0.000000E+00 6.417149E-45 0.000000E+00 8.539717E+04 8.344871E+04 1.868745E+04 1.375418E+02 0.000000E+00 0.000000E+00
1.788000E+00 5.774219E+04 1.284986E+04 8.560011E+04 1.358675E+02 7.333448E+01 0.000000E+00 2.360737E-45 0.000000E+00 8.527029E+04 8.332863E+04 1.864880E+04 1.372573E+02 0.000000E+00 0.000000E+00
1.789000E+00 5.764017E+04 1.282758E+04 8.547320E+04 1.358675E+02 7.341778E+01 0.000000E+00 8.684667E-46 0.000000E+00 8.514360E+04 8.320942E+04 1.861454E+04 1.370051E+02 0.000000E+00 0.000000E+00
1.790000E+00 5.753977E+04 1.280951E+04 8.534648E+04 1.358675E+02 7.350108E+01 0.000000E+00 3.194911E-46 0.000000E+00 8.501711E+04 8.309107E+04 1.858452E+04 1.367842E+02 0.000000E+00 0.000000E+00
1.791000E+00 5.744105E+04 1.279559E+04 8.521994E+04 1.358675E+02 7.358438E+01 0.000000E+00 1.175342E-46 0.000000E+00 8.489081E+04 8.297357E+04 1.855880E+04 1.365948E+02 0.000000E+00 0.000000E+00
1.792000E+00 5.734402E+04 1.278579E+04 8.509359E+04 1.358675E+02 7.366768E+01 0.000000E+00 4.323841E-47 0.000000E+00 8.476471E+04 8.285688E+04 1.853737E+04 1.364371E+02 0.000000E+00 0.000000E+00
1.793000E+00 5.724874E+04 1.278068E+04 8.496742E+04 1.358675E+02 7.375098E+01 0.000000E+00 1.590652E-47 0.000000E+00 8.463881E+04 8.274100E+04 1.852088E+04 1.363158E+02 0.000000E+00 0.000000E+00
1.794000E+00 5.715521E+04 1.277955E+04 8.484143E+04 1.358675E+02 7.383428E+01 0.000000E+00 5.851683E-48 0.000000E+00 8.451310E+04 8.262591E+04 1.850868E+04 1.362260E+02 0.000000E+00 0.000000E+00
1.795000E+00 5.706348E+04 1.278231E+04 8.471563E+04 1.358675E+02 7.391758E+01 0.000000E+00 2.152714E-48 0.000000E+00 8.438759E+04 8.251156E+04 1.850074E+04 1.361675E+02 0.000000E+00 0.000000E+00
1.796000E+00 5.697354E+04 1.278887E+04 8.459001E+04 1.358675E+02 7.400088E+01 0.000000E+00 7.919392E-49 0.000000E+00 8.426228E+04 8.239794E+04 1.849702E+04 1.361402E+02 0.000000E+00 0.000000E+00
1.797000E+00 5.688541E+04 1.279928E+04 8.446458E+04 1.358675E+02 7.408418E+01 0.000000E+00 2.913381E-49 0.000000E+00 8.413716E+04 8.228502E+04 1.849764E+04 1.361447E+02 0.000000E+00 0.000000E+00
1.798000E+00 5.679909E+04 1.281369E+04 8.433933E+04 1.358675E+02 7.416748E+01 0.000000E+00 1.071773E-49 0.000000E+00 8.401225E+04 8.217277E+04 1.850279E+04 1.361826E+02 0.000000E+00 0.000000E+00
1.799000E+00 5.671457E+04 1.283152E+04 8.421427E+04 1.358675E+02 7.425078E+01 0.000000E+00 3.942833E-50 0.000000E+00 8.388753E+04 8.206114E+04 1.851194E+04 1.362500E+02 0.000000E+00 0.000000E+00
1.800000E+00 5.663186E+04 1.285262E+04 8.408939E+04 1.358675E+02 7.433408E+01 0.000000E+00 1.450487E-50 0.000000E+00 8.376302E+04 8.195012E+04 1.852501E+04 1.363462E+02 0.000000E+00 0.000000E+00
1.801000E+00 5.655094E+04 1.287684E+04 8.396469E+04 1.358675E+02 7.441738E+01 0.000000E+00 5.336044E-51 0.000000E+00 8.363870E+04 8.183967E+04 1.854189E+04 1.364704E+02 0.000000E+00 0.000000E+00
1.802000E+00 5.647178E+04 1.290434E+04 8.384017E+04 1.358675E+02 7.450068E+01 0.000000E+00 1.963021E-51 0.000000E+00 8.351458E+04 8.172973E+04 1.856277E+04 1.366241E+02 0.000000E+00 0.000000E+00
1.803000E+00 5.639437E+04 1.293485E+04 8.371584E+04 1.358675E+02 7.458398E+01 0.000000E+00 7.221550E-52 0.000000E+00 8.339067E+04 8.162029E+04 1.858743E+04 1.368056E+02 0.000000E+00 0.000000E+00
1.804000E+00 5.631867E+04 1.296795E+04 8.359170E+04 1.358675E+02 7.466728E+01 0.000000E+00 2.656660E-52 0.000000E+00 8.326695E+04 8.151130E+04 1.861549E+04 1.370122E+02 0.000000E+00 0.000000E+00
1.805000E+00 5.624465E+04 1.300347E+04 8.346773E+04 1.358675E+02 7.475058E+01 0.000000E+00 9.773306E-53 0.000000E+00 8.314343E+04 8.140272E+04 1.864682E+04 1.372427E+02 0.000000E+00 0.000000E+00
1.806000E+00 5.617227E+04 1.304123E+04 8.334396E+04 1.358675E+02 7.483388E+01 0.000000E+00 3.595398E-53 0.000000E+00 8.302011E+04 8.129451E+04 1.868127E+04 1.374963E+02 0.000000E+00 0.000000E+00
1.807000E+00 5.610147E+04 1.308138E+04 8.322036E+04 1.358675E+02 7.491718E+01 0.000000E+00 1.322673E-53 0.000000E+00 8.289700E+04 8.118663E+04 1.871902E+04 1.377741E+02 0.000000E+00 0.000000E+00
1.808000E+00 5.603222E+04 1.312340E+04 8.309695E+04 1.358675E+02 7.500048E+01 0.000000E+00 4.865842E-54 0.000000E+00 8.277408E+04 8.107903E+04 1.875958E+04 1.380726E+02 0.000000E+00 0.000000E+00
1.809000E+00 5.596446E+04 1.316703E+04 8.297372E+04 1.358675E+02 7.508378E+01 0.000000E+00 1.790043E-54 0.000000E+00 8.265136E+04 8.097169E+04 1.880271E+04 1.383901E+02 0.000000E+00 0.000000E+00
1.810000E+00 5.589813E+04 1.321208E+04 8.285067E+04 1.358675E+02 7.516708E+01 0.000000E+00 6.585202E-55 0.000000E+00 8.252884E+04 8.086455E+04 1.884822E+04 1.387251E+02 0.000000E+00 0.000000E+00
1.811000E+00 5.583317E+04 1.325837E+04 8.272781E+04 1.358675E+02 7.525038E+01 0.000000E+00 2.422560E-55 0.000000E+00 8.240652E+04 8.075758E+04 1.889599E+04 1.390767E+02 0.000000E+00 0.000000E+00
1.812000E+00 5.576951E+04 1.330590E+04 8.260513E+04 1.358675E+02 7.533368E+01 0.000000E+00 8.912101E-56 0.000000E+00 8.228439E+04 8.065073E+04 1.894601E+04 1.394448E+02 0.000000E+00 0.000000E+00
1.813000E+00 5.570709E+04 1.335419E+04 8.248263E+04 1.358675E+02 7.541698E+01 0.000000E+00 3.278579E-56 0.000000E+00 8.216247E+04 8.054397E+04 1.899780E+04 1.398260E+02 0.000000E+00 0.000000E+00
1.814000E+00 5.564583E+04 1.340303E+04 8.236032E+04 1.358675E+02 7.550028E+01 0.000000E+00 1.206122E-56 0.000000E+00 8.204074E+04 8.043726E+04 1.905118E+04 1.402188E+02 0.000000E+00 0.000000E+00
1.815000E+00 5.558565E+04 1.345223E+04 8.223819E+04 1.358675E+02 7.558358E+01 0.000000E+00 4.437074E-57 0.000000E+00 8.191921E+04 8.033056E+04 1.910594E+04 1.406219E+02 0.000000E+00 0.000000E+00
1.816000E+00 5.552649E+04 1.350165E+04 8.211624E+04 1.358675E+02 7.566688E+01 0.000000E+00 1.632308E-57 0.000000E+00 8.179787E+04 8.022382E+04 1.916197E+04 1.410343E+02 0.000000E+00 0.000000E+00
1.817000E+00 5.546825E+04 1.355110E+04 8.199447E+04 1.358675E+02 7.575018E+01 0.000000E+00 6.004927E-58 0.000000E+00 8.167673E+04 8.011703E+04 1.921904E+04 1.414543E+02 0.000000E+00 0.000000E+00
1.818000E+00 5.541087E+04 1.360027E+04 8.187289E+04 1.358675E+02 7.583348E+01 0.000000E+00 2.209089E-58 0.000000E+00 8.155579E+04 8.001013E+04 1.927687E+04 1.418799E+02 0.000000E+00 0.000000E+00
1.819000E+00 5.535425E+04 1.364898E+04 8.175149E+04 1.358675E+02 7.591678E+01 0.000000E+00 8.126784E-59 0.000000E+00 8.143504E+04 7.990310E+04 1.933525E+04 1.423097E+02 0.000000E+00 0.000000E+00
1.820000E+00 5.529832E+04 1.369707E+04 8.163027E+04 1.358675E+02 7.600008E+01 0.000000E+00 2.989677E-59 0.000000E+00 8.131448E+04 7.979591E+04 1.939401E+04 1.427421E+02 0.000000E+00 0.000000E+00
1.821000E+00 5.524300E+04 1.374434E+04 8.150924E+04 1.358675E+02 7.608338E+01 0.000000E+00 1.099841E-59 0.000000E+00 8.119412E+04 7.968852E+04 1.945295E+04 1.431760E+02 0.000000E+00 0.000000E+00
1.822000E+00 5.518818E+04 1.379061E+04 8.138838E+04 1.358675E+02 7.616668E+01 0.000000E+00 4.046088E-60 0.000000E+00 8.107394E+04 7.958091E+04 1.951186E+04 1.436095E+02 0.000000E+00 0.000000E+00
1.823000E+00 5.513380E+04 1.383569E+04 8.126771E+04 1.358675E+02 7.624998E+01 0.000000E+00 1.488472E-60 0.000000E+00 8.095396E+04 7.947305E+04 1.957054E+04 1.440414E+02 0.000000E+00 0.000000E+00
1.824000E+00 5.507977E+04 1.387945E+04 8.114722E+04 1.358675E+02 7.633328E+01 0.000000E+00 5.475784E-61 0.000000E+00 8.083417E+04 7.936491E+04 1.962882E+04 1.444704E+02 0.000000E+00 0.000000E+00
1.825000E+00 5.502600E+04 1.392174E+04 8.102691E+04 1.358675E+02 7.641658E+01 0.000000E+00 2.014428E-61 0.000000E+00 8.071457E+04 7.925648E+04 1.968655E+04 1.448952E+02 0.000000E+00 0.000000E+00
1.826000E+00 5.497242E+04 1.396230E+04 8.090679E+04 1.358675E+02 7.649988E+01 0.000000E+00 7.410668E-62 0.000000E+00 8.059515E+04 7.914774E+04 1.974342E+04 1.453138E+02 0.000000E+00 0.000000E+00
1.827000E+00 5.491893E+04 1.400110E+04 8.078684E+04 1.358675E+02 7.658318E+01 0.000000E+00 2.726232E-62 0.000000E+00 8.047592E+04 7.903865E+04 1.979938E+04 1.457257E+02 0.000000E+00 0.000000E+00
1.828000E+00 5.486547E+04 1.403802E+04 8.066708E+04 1.358675E+02 7.666648E+01 0.000000E+00 1.002925E-62 0.000000E+00 8.035688E+04 7.892922E+04 1.985429E+04 1.461298E+02 0.000000E+00 0.000000E+00
1.829000E+00 5.481195E+04 1.407296E+04 8.054749E+04 1.358675E+02 7.674978E+01 0.000000E+00 3.689554E-63 0.000000E+00 8.023802E+04 7.881943E+04 1.990801E+04 1.465252E+02 0.000000E+00 0.000000E+00
1.830000E+00 5.475830E+04 1.410576E+04 8.042809E+04 1.358675E+02 7.683308E+01 0.000000E+00 1.357311E-63 0.000000E+00 8.011935E+04 7.870926E+04 1.996035E+04 1.469104E+02 0.000000E+00 0.000000E+00
1.831000E+00 5.470445E+04 1.413623E+04 8.030887E+04 1.358675E+02 7.691638E+01 0.000000E+00 4.993269E-64 0.000000E+00 8.000086E+04 7.859870E+04 2.001108E+04 1.472838E+02 0.000000E+00 0.000000E+00
1.832000E+00 5.465032E+04 1.416445E+04 8.018983E+04 1.358675E+02 7.699968E+01 0.000000E+00 1.836921E-64 0.000000E+00 7.988255E+04 7.848776E+04 2.006024E+04 1.476457E+02 0.000000E+00 0.000000E+00
1.833000E+00 5.459585E+04 1.419036E+04 8.007097E+04 1.358675E+02 7.708298E+01 0.000000E+00 6.757655E-65 0.000000E+00 7.976442E+04 7.837642E+04 2.010774E+04 1.479953E+02 0.000000E+00 0.000000E+00
1.834000E+00 5.454098E+04 1.421390E+04 7.995229E+04 1.358675E+02 7.716628E+01 0.000000E+00 2.486002E-65 0.000000E+00 7.964647E+04 7.826469E+04 2.015349E+04 1.483320E+02 0.000000E+00 0.000000E+00
1.835000E+00 5.448564E+04 1.423489E+04 7.983378E+04 1.358675E+02 7.724958E+01 0.000000E+00 9.145491E-66 0.000000E+00 7.952870E+04 7.815256E+04 2.019725E+04 1.486541E+02 0.000000E+00 0.000000E+00
1.836000E+00 5.442978E+04 1.425331E+04 7.971546E+04 1.358675E+02 7.733288E+01 0.000000E+00 3.364438E-66 0.000000E+00 7.941111E+04 7.804004E+04 2.023898E+04 1.489612E+02 0.000000E+00 0.000000E+00
1.837000E+00 5.437334E+04 1.426927E+04 7.959732E+04 1.358675E+02 7.741618E+01 0.000000E+00 1.237708E-66 0.000000E+00 7.929369E+04 7.792713E+04 2.027876E+04 1.492540E+02 0.000000E+00 0.000000E+00
1.838000E+00 5.431628E+04 1.428278E+04 7.947935E+04 1.358675E+02 7.749948E+01 0.000000E+00 4.553272E-67 0.000000E+00 7.917645E+04 7.781385E+04 2.031653E+04 1.495320E+02 0.000000E+00 0.000000E+00
1.839000E+00 5.425855E+04 1.429383E+04 7.936156E+04 1.358675E+02 7.758278E+01 0.000000E+00 1.675055E-67 0.000000E+00 7.905939E+04 7.770019E+04 2.035226E+04 1.497950E+02 0.000000E+00 0.000000E+00
1.840000E+00 5.420011E+04 1.430218E+04 7.924396E+04 1.358675E+02 7.766608E+01 0.000000E+00 6.162183E-68 0.000000E+00 7.894249E+04 7.758618E+04 2.038568E+04 1.500409E+02 0.000000E+00 0.000000E+00
1.841000E+00 5.414093E+04 1.430807E+04 7.912652E+04 1.358675E+02 7.774938E+01 0.000000E+00 2.266941E-68 0.000000E+00 7.882577E+04 7.747182E+04 2.041698E+04 1.502713E+02 0.000000E+00 0.000000E+00
1.842000E+00 5.408098E+04 1.431159E+04 7.900927E+04 1.358675E+02 7.783268E+01 0.000000E+00 8.339608E-69 0.000000E+00 7.870923E+04 7.735714E+04 2.044622E+04 1.504865E+02 0.000000E+00 0.000000E+00
1.843000E+00 5.402022E+04 1.431279E+04 7.889219E+04 1.358675E+02 7.791598E+01 0.000000E+00 3.067970E-69 0.000000E+00 7.859285E+04 7.724214E+04 2.047340E+04 1.506866E+02 0.000000E+00 0.000000E+00
1.844000E+00 5.395864E+04 1.431168E+04 7.877529E+04 1.358675E+02 7.799928E+01 0.000000E+00 1.128643E-69 0.000000E+00 7.847664E+04 7.712686E+04 2.049851E+04 1.508714E+02 0.000000E+00 0.000000E+00
1.845000E+00 5.389621E+04 1.430813E+04 7.865857E+04 1.358675E+02 7.808258E+01 0.000000E+00 4.152046E-70 0.000000E+00 7.836060E+04 7.701130E+04 2.052137E+04 1.510396E+02 0.000000E+00 0.000000E+00
1.846000E+00 5.383293E+04 1.430246E+04 7.854202E+04 1.358675E+02 7.816588E+01 0.000000E+00 1.527453E-70 0.000000E+00 7.824473E+04 7.689550E+04 2.054228E+04 1.511935E+02 0.000000E+00 0.000000E+00
1.847000E+00 5.376879E+04 1.429475E+04 7.842565E+04 1.358675E+02 7.824918E+01 0.000000E+00 5.619184E-71 0.000000E+00 7.812903E+04 7.677947E+04 2.056130E+04 1.513335E+02 0.000000E+00 0.000000E+00
1.848000E+00 5.370379E+04 1.428511E+04 7.830945E+04 1.358675E+02 7.833248E+01 0.000000E+00 2.067182E-71 0.000000E+00 7.801349E+04 7.666325E+04 2.057849E+04 1.514600E+02 0.000000E+00 0.000000E+00
1.849000E+00 5.363791E+04 1.427352E+04 7.819343E+04 1.358675E+02 7.841578E+01 0.000000E+00 7.604738E-72 0.000000E+00 7.789812E+04 7.654686E+04 2.059380E+04 1.515727E+02 0.000000E+00 0.000000E+00
1.850000E+00 5.357118E+04 1.426006E+04 7.807759E+04 1.358675E+02 7.849908E+01 0.000000E+00 2.797627E-72 0.000000E+00 7.778292E+04 7.643032E+04 2.060729E+04 1.516720E+02 0.000000E+00 0.000000E+00
1.851000E+00 5.350360E+04 1.424500E+04 7.796191E+04 1.358675E+02 7.858238E+01 0.000000E+00 1.029189E-72 0.000000E+00 7.766788E+04 7.631367E+04 2.061920E+04 1.517597E+02 0.000000E+00 0.000000E+00
1.852000E+00 5.343518E+04 1.422844E+04 7.784641E+04 1.358675E+02 7.866568E+01 0.000000E+00 3.786176E-73 0.000000E+00 7.755300E+04 7.619693E+04 2.062962E+04 1.518364E+02 0.000000E+00 0.000000E+00
1.853000E+00 5.336594E+04 1.421050E+04 7.773109E+04 1.358675E+02 7.874898E+01 0.000000E+00 1.392856E-73 0.000000E+00 7.743829E+04 7.608013E+04 2.063865E+04 1.519028E+02 0.000000E+00 0.000000E+00
1.854000E+00 5.329591E+04 1.419119E+04 7.761594E+04 1.358675E+02 7.883228E+01 0.000000E+00 5.124032E-74 0.000000E+00 7.732374E+04 7.596331E+04 2.064627E+04 1.519589E+02 0.000000E+00 0.000000E+00
1.855000E+00 5.322511E+04 1.417073E+04 7.750096E+04 1.358675E+02 7.891558E+01 0.000000E+00 1.885026E-74 0.000000E+00 7.720935E+04 7.584649E+04 2.065268E+04 1.520061E+02 0.000000E+00 0.000000E+00
1.856000E+00 5.315356E+04 1.414930E+04 7.738615E+04 1.358675E+02 7.899888E+01 0.000000E+00 6.934624E-75 0.000000E+00 7.709513E+04 7.572971E+04 2.065806E+04 1.520457E+02 0.000000E+00 0.000000E+00
1.857000E+00 5.308131E+04 1.412703E+04 7.727151E+04 1.358675E+02 7.908218E+01 0.000000E+00 2.551106E-75 0.000000E+00 7.698107E+04 7.561299E+04 2.066251E+04 1.520784E+02 0.000000E+00 0.000000E+00
1.858000E+00 5.300838E+04 1.410406E+04 7.715705E+04 1.358675E+02 7.916548E+01 0.000000E+00 9.384993E-76 0.000000E+00 7.686716E+04 7.549637E+04 2.066617E+04 1.521054E+02 0.000000E+00 0.000000E+00
1.859000E+00 5.293482E+04 1.408042E+04 7.704276E+04 1.358675E+02 7.924878E+01 0.000000E+00 3.452546E-76 0.000000E+00 7.675343E+04 7.537987E+04 2.066907E+04 1.521267E+02 0.000000E+00 0.000000E+00
1.860000E+00 5.286066E+04 1.405637E+04 7.692863E+04 1.358675E+02 7.933208E+01 0.000000E+00 1.270121E-76 0.000000E+00 7.663985E+04 7.526353E+04 2.067144E+04 1.521442E+02 0.000000E+00 0.000000E+00
1.861000E+00 5.278596E+04 1.403203E+04 7.681468E+04 1.358675E+02 7.941538E+01 0.000000E+00 4.672513E-77 0.000000E+00 7.652643E+04 7.514738E+04 2.067343E+04 1.521588E+02 0.000000E+00 0.000000E+00
1.862000E+00 5.271075E+04 1.400754E+04 7.670090E+04 1.358675E+02 7.949868E+01 0.000000E+00 1.718921E-77 0.000000E+00 7.641317E+04 7.503144E+04 2.067514E+04 1.521714E+02 0.000000E+00 0.000000E+00
1.863000E+00 5.263508E+04 1.398301E+04 7.658729E+04 1.358675E+02 7.958198E+01 0.000000E+00 6.323558E-78 0.000000E+00 7.630008E+04 7.491573E+04 2.067672E+04 1.521830E+02 0.000000E+00 0.000000E+00
1.864000E+00 5.255901E+04 1.395859E+04 7.647385E+04 1.358675E+02 7.966528E+01 0.000000E+00 2.326307E-78 0.000000E+00 7.618714E+04 7.480030E+04 2.067829E+04 1.521946E+02 0.000000E+00 0.000000E+00
1.865000E+00 5.248258E+04 1.393442E+04 7.636058E+04 1.358675E+02 7.974858E+01 0.000000E+00 8.558006E-79 0.000000E+00 7.607437E+04 7.468516E+04 2.068000E+04 1.522072E+02 0.000000E+00 0.000000E+00
1.866000E+00 5.240585E+04 1.391059E+04 7.624747E+04 1.358675E+02 7.983188E+01 0.000000E+00 3.148314E-79 0.000000E+00 7.596176E+04 7.457034E+04 2.068197E+04 1.522216E+02 0.000000E+00 0.000000E+00
1.867000E+00 5.232886E+04 1.388723E+04 7.613454E+04 1.358675E+02 7.991518E+01 0.000000E+00 1.158200E-79 0.000000E+00 7.584930E+04 7.445585E+04 2.068431E+04 1.522389E+02 0.000000E+00 0.000000E+00
1.868000E+00 5.225168E+04 1.386449E+04 7.602177E+04 1.358675E+02 7.999848E+01 0.000000E+00 4.260780E-80 0.000000E+00 7.573701E+04 7.434173E+04 2.068718E+04 1.522600E+02 0.000000E+00 0.000000E+00
1.869000E+00 5.217434E+04 1.384247E+04 7.590917E+04 1.358675E+02 8.008178E+01 0.000000E+00 1.567453E-80 0.000000E+00 7.562488E+04 7.422799E+04 2.069072E+04 1.522860E+02 0.000000E+00 0.000000E+00
1.870000E+00 5.209692E+04 1.382123E+04 7.579673E+04 1.358675E+02 8.016508E+01 0.000000E+00 5.766339E-81 0.000000E+00 7.551291E+04 7.411465E+04 2.069498E+04 1.523174E+02 0.000000E+00 0.000000E+00
1.871000E+00 5.201945E+04 1.380086E+04 7.568447E+04 1.358675E+02 8.024838E+01 0.000000E+00 2.121318E-81 0.000000E+00 7.540110E+04 7.400173E+04 2.070006E+04 1.523548E+02 0.000000E+00 0.000000E+00
1.872000E+00 5.194199E+04 1.378143E+04 7.557237E+04 1.358675E+02 8.033168E+01 0.000000E+00 7.803891E-82 0.000000E+00 7.528945E+04 7.388924E+04 2.070606E+04 1.523989E+02 0.000000E+00 0.000000E+00
1.873000E+00 5.186459E+04 1.376316E+04 7.546044E+04 1.358675E+02 8.041498E+01 0.000000E+00 2.870891E-82 0.000000E+00 7.517797E+04 7.377720E+04 2.071320E+04 1.524515E+02 0.000000E+00 0.000000E+00
1.874000E+00 5.178731E+04 1.374600E+04 7.534867E+04 1.358675E+02 8.049828E+01 0.000000E+00 1.056142E-82 0.000000E+00 7.506664E+04 7.366562E+04 2.072146E+04 1.525123E+02 0.000000E+00 0.000000E+00
1.875000E+00 5.171018E+04 1.372998E+04 7.523707E+04 1.358675E+02 8.058158E+01 0.000000E+00 3.885329E-83 0.000000E+00 7.495548E+04 7.355450E+04 2.073090E+04 1.525818E+02 0.000000E+00 0.000000E+00
1.876000E+00 5.163326E+04 1.371516E+04 7.512563E+04 1.358675E+02 8.066488E+01 0.000000E+00 1.429333E-83 0.000000E+00 7.484448E+04 7.344386E+04 2.074157E+04 1.526603E+02 0.000000E+00 0.000000E+00
1.877000E+00 5.155658E+04 1.370160E+04 7.501436E+04 1.358675E+02 8.074818E+01 0.000000E+00 5.258220E-84 0.000000E+00 7.473364E+04 7.333369E+04 2.075356E+04 1.527486E+02 0.000000E+00 0.000000E+00
1.878000E+00 5.148020E+04 1.368946E+04 7.490326E+04 1.358675E+02 8.083148E+01 0.000000E+00 1.934391E-84 0.000000E+00 7.462297E+04 7.322402E+04 2.076707E+04 1.528480E+02 0.000000E+00 0.000000E+00
1.879000E+00 5.140415E+04 1.367861E+04 7.479232E+04 1.358675E+02 8.091478E+01 0.000000E+00 7.116228E-85 0.000000E+00 7.451245E+04 7.311482E+04 2.078196E+04 1.529576E+02 0.000000E+00 0.000000E+00
1.880000E+00 5.132847E+04 1.366905E+04 7.468154E+04 1.358675E+02 8.099808E+01 0.000000E+00 2.617914E-85 0.000000E+00 7.440210E+04 7.300612E+04 2.079827E+04 1.530776E+02 0.000000E+00 0.000000E+00
1.881000E+00 5.125319E+04 1.366078E+04 7.457093E+04 1.358675E+02 8.108138E+01 0.000000E+00 9.630767E-86 0.000000E+00 7.429192E+04 7.289790E+04 2.081602E+04 1.532082E+02 0.000000E+00 0.000000E+00
1.882000E+00 5.117835E+04 1.365389E+04 7.446048E+04 1.358675E+02 8.116468E+01 0.000000E+00 3.542961E-86 0.000000E+00 7.418189E+04 7.279016E+04 2.083530E+04 1.533502E+02 0.000000E+00 0.000000E+00
1.883000E+00 5.110397E+04 1.364838E+04 7.435020E+04 1.358675E+02 8.124798E+01 0.000000E+00 1.303383E-86 0.000000E+00 7.407203E+04 7.268289E+04 2.085616E+04 1.535037E+02 0.000000E+00 0.000000E+00
1.884000E+00 5.103008E+04 1.364412E+04 7.424008E+04 1.358675E+02 8.133128E+01 0.000000E+00 4.794876E-87 0.000000E+00 7.396234E+04 7.257610E+04 2.087847E+04 1.536679E+02 0.000000E+00 0.000000E+00
1.885000E+00 5.095670E+04 1.364105E+04 7.413012E+04 1.358675E+02 8.141458E+01 0.000000E+00 1.763936E-87 0.000000E+00 7.385280E+04 7.246976E+04 2.090219E+04 1.538425E+02 0.000000E+00 0.000000E+00
1.886000E+00 5.088385E+04 1.363915E+04 7.402033E+04 1.358675E+02 8.149788E+01 0.000000E+00 6.489160E-88 0.000000E+00 7.374344E+04 7.236386E+04 2.092732E+04 1.540275E+02 0.000000E+00 0.000000E+00
1.887000E+00 5.081155E+04 1.363850E+04 7.391070E+04 1.358675E+02 8.158118E+01 0.000000E+00 2.387228E-88 0.000000E+00 7.363423E+04 7.225840E+04 2.095396E+04 1.542235E+02 0.000000E+00 0.000000E+00
1.888000E+00 5.073980E+04 1.363894E+04 7.380123E+04 1.358675E+02 8.166448E+01 0.000000E+00 8.782122E-89 0.000000E+00 7.352519E+04 7.215336E+04 2.098196E+04 1.544296E+02 0.000000E+00 0.000000E+00
1.889000E+00 5.066861E+04 1.364035E+04 7.369192E+04 1.358675E+02 8.174778E+01 0.000000E+00 3.230762E-89 0.000000E+00 7.341632E+04 7.204873E+04 2.101123E+04 1.546450E+02 0.000000E+00 0.000000E+00
1.890000E+00 5.059799E+04 1.364267E+04 7.358278E+04 1.358675E+02 8.183108E+01 0.000000E+00 1.188531E-89 0.000000E+00 7.330761E+04 7.194448E+04 2.104169E+04 1.548693E+02 0.000000E+00 0.000000E+00
1.891000E+00 5.052794E+04 1.364580E+04 7.347379E+04 1.358675E+02 8.191438E+01 0.000000E+00 4.372361E-90 0.000000E+00 7.319906E+04 7.184060E+04 2.107329E+04 1.551018E+02 0.000000E+00 0.000000E+00
1.892000E+00 5.045845E+04 1.364981E+04 7.336497E+04 1.358675E+02 8.199768E+01 0.000000E+00 1.608502E-90 0.000000E+00 7.309068E+04 7.173707E+04 2.110610E+04 1.553433E+02 0.000000E+00 0.000000E+00
1.893000E+00 5.038952E+04 1.365443E+04 7.325632E+04 1.358675E+02 8.208098E+01 0.000000E+00 5.917348E-91 0.000000E+00 7.298246E+04 7.163387E+04 2.113986E+04 1.555918E+02 0.000000E+00 0.000000E+00
1.894000E+00 5.032114E+04 1.365959E+04 7.314782E+04 1.358675E+02 8.216428E+01 0.000000E+00 2.176871E-91 0.000000E+00 7.287441E+04 7.153097E+04 2.117448E+04 1.558466E+02 0.000000E+00 0.000000E+00
1.895000E+00 5.025329E+04 1.366516E+04 7.303948E+04 1.358675E+02 8.224758E+01 0.000000E+00 8.008259E-92 0.000000E+00 7.276652E+04 7.142836E+04 2.120988E+04 1.561071E+02 0.000000E+00 0.000000E+00
1.896000E+00 5.018596E+04 1.367107E+04 7.293131E+04 1.358675E+02 8.233088E+01 0.000000E+00 2.946074E-92 0.000000E+00 7.265880E+04 7.132601E+04 2.124597E+04 1.563727E+02 0.000000E+00 0.000000E+00
1.897000E+00 5.011912E+04 1.367724E+04 7.282329E+04 1.358675E+02 8.241418E+01 0.000000E+00 1.083800E-92 0.000000E+00 7.255124E+04 7.122389E+04 2.128266E+04 1.566428E+02 0.000000E+00 0.000000E+00
1.898000E+00 5.005276E+04 1.368346E+04 7.271544E+04 1.358675E+02 8.249748E+01 0.000000E+00 3.987077E-93 0.000000E+00 7.244384E+04 7.112199E+04 2.131978E+04 1.569160E+02 0.000000E+00 0.000000E+00
1.899000E+00 4.998685E+04 1.368965E+04 7.260775E+04 1.358675E+02 8.258078E+01 0.000000E+00 1.466764E-93 0.000000E+00 7.233661E+04 7.102028E+04 2.135720E+04 1.571914E+02 0.000000E+00 0.000000E+00
1.900000E+00 4.992135E+04 1.369567E+04 7.250021E+04 1.358675E+02 8.266408E+01 0.000000E+00 5.395923E-94 0.000000E+00 7.222954E+04 7.091874E+04 2.139482E+04 1.574683E+02 0.000000E+00 0.000000E+00
1.901000E+00 4.985624E+04 1.370141E+04 7.239284E+04 1.358675E+02 8.274738E+01 0.000000E+00 1.985049E-94 0.000000E+00 7.212264E+04 7.081733E+04 2.143250E+04 1.577456E+02 0.000000E+00 0.000000E+00
1.902000E+00 4.979147E+04 1.370672E+04 7.228563E+04 1.358675E+02 8.283068E+01 0.000000E+00 7.302587E-95 0.000000E+00 7.201590E+04 7.071604E+04 2.147009E+04 1.580223E+02 0.000000E+00 0.000000E+00
1.903000E+00 4.972703E+04 1.371150E+04 7.217858E+04 1.358675E+02 8.291398E+01 0.000000E+00 2.686472E-95 0.000000E+00 7.190932E+04 7.061484E+04 2.150747E+04 1.582974E+02 0.000000E+00 0.000000E+00
1.904000E+00 4.966285E+04 1.371561E+04 7.207168E+04 1.358675E+02 8.299728E+01 0.000000E+00 9.882977E-96 0.000000E+00 7.180290E+04 7.051370E+04 2.154451E+04 1.585701E+02 0.000000E+00 0.000000E+00
1.905000E+00 4.959891E+04 1.371895E+04 7.196495E+04 1.358675E+02 8.308058E+01 0.000000E+00 3.635744E-96 0.000000E+00 7.169665E+04 7.041261E+04 2.158109E+04 1.588393E+02 0.000000E+00 0.000000E+00
1.906000E+00 4.953517E+04 1.372132E+04 7.185837E+04 1.358675E+02 8.316388E+01 0.000000E+00 1.337515E-96 0.000000E+00 7.159055E+04 7.031153E+04 2.161698E+04 1.591034E+02 0.000000E+00 0.000000E+00
1.907000E+00 4.947157E+04 1.372265E+04 7.175196E+04 1.358675E+02 8.324718E+01 0.000000E+00 4.920444E-97 0.000000E+00 7.148462E+04 7.021046E+04 2.165211E+04 1.593620E+02 0.000000E+00 0.000000E+00
1.908000E+00 4.940807E+04 1.372285E+04 7.164570E+04 1.358675E+02 8.333048E+01 0.000000E+00 1.810130E-97 0.000000E+00 7.137885E+04 7.010936E+04 2.168636E+04 1.596141E+02 0.000000E+00 0.000000E+00
1.909000E+00 4.934463E+04 1.372181E+04 7.153960E+04 1.358675E+02 8.341378E+01 0.000000E+00 6.659097E-98 0.000000E+00 7.127323E+04 7.000821E+04 2.171962E+04 1.598589E+02 0.000000E+00 0.000000E+00
1.910000E+00 4.928121E+04 1.371943E+04 7.143366E+04 1.358675E+02 8.349708E+01 0.000000E+00 2.449745E-98 0.000000E+00 7.116778E+04 6.990700E+04 2.175175E+04 1.600953E+02 0.000000E+00 0.000000E+00
1.911000E+00 4.921774E+04 1.371545E+04 7.132788E+04 1.358675E+02 8.358038E+01 0.000000E+00 9.012108E-99 0.000000E+00 7.106249E+04 6.980571E+04 2.178246E+04 1.603214E+02 0.000000E+00 0.000000E+00
1.912000E+00 4.915420E+04 1.370993E+04 7.122225E+04 1.358675E+02 8.366368E+01 0.000000E+00 3.315369E-99 0.000000E+00 7.095735E+04 6.970431E+04 2.181182E+04 1.605374E+02 0.000000E+00 0.000000E+00
1.913000E+00 4.909052E+04 1.370280E+04 7.111679E+04 1.358675E+02 8.374698E+01 0.000000E+00 1.219656E-99 0.000000E+00 7.085237E+04 6.960281E+04 2.183969E+04 1.607426E+02 0.000000E+00 0.000000E+00
1.914000E+00 4.902667E+04 1.369399E+04 7.101148E+04 1.358675E+02 8.383028E+01 0.000000E+00 0.000000E+00 0.000000E+00 7.074755E+04 6.950117E+04 2.186600E+04 1.609363E+02 0.000000E+00 0.000000E+00
1.915000E+00 4.896259E+04 1.368331E+04 7.090632E+04 1.358675E+02 8.391358E+01 0.000000E+00 0.000000E+00 0.000000E+00 7.064288E+04 6.939938E+04 2.189053E+04 1.611168E+02 0.000000E+00 0.000000E+00
1.916000E+00 4.889825E+04 1.367065E+04 7.080133E+04 1.358675E+02 8.399688E+01 0.000000E+00 0.000000E+00 0.000000E+00 7.053837E+04 6.929745E+04 2.191313E+04 1.612831E+02 0.000000E+00 0.000000E+00
1.917000E+00 4.883360E+04 1.365610E+04 7.069649E+04 1.358675E+02 8.408018E+01 0.000000E+00 0.000000E+00 0.000000E+00 7.043401E+04 6.919535E+04 2.193388E+04 1.614358E+02 0.000000E+00 0.000000E+00
1.918000E+00 4.876859E+04 1.363963E+04 7.059181E+04 1.358675E+02 8.416348E+01 0.000000E+00 0.000000E+00 0.000000E+00 7.032981E+04 6.909307E+04 2.195269E+04 1.615743E+02 0.000000E+00 0.000000E+00
1.919000E+00 4.870319E+04 1.362120E+04 7.048728E+04 1.358675E+02 8.424678E+01 0.000000E+00 0.000000E+00 0.000000E+00 7.022576E+04 6.899062E+04 2.196951E+04 1.616981E+02 0.000000E+00 0.000000E+00
1.920000E+00 4.863736E+04 1.360055E+04 7.038291E+04 1.358675E+02 8.433008E+01 0.000000E+00 0.000000E+00 0.000000E+00 7.012187E+04 6.888799E+04 2.198404E+04 1.618050E+02 0.000000E+00 0.000000E+00
1.921000E+00 4.857106E+04 1.357779E+04 7.027870E+04 1.358675E+02 8.441338E+01 0.000000E+00 0.000000E+00 0.000000E+00 7.001812E+04 6.878517E+04 2.199637E+04 1.618958E+02 0.000000E+00 0.000000E+00
1.922000E+00 4.850425E+04 1.355300E+04 7.017464E+04 1.358675E+02 8.449668E+01 0.000000E+00 0.000000E+00 0.000000E+00 6.991453E+04 6.868216E+04 2.200653E+04 1.619706E+02 0.000000E+00 0.000000E+00
1.923000E+00 4.843690E+04 1.352619E+04 7.007073E+04 1.358675E+02 8.457998E+01 0.000000E+00 0.000000E+00 0.000000E+00 6.981109E+04 6.857897E+04 2.201451E+04 1.620293E+02 0.000000E+00 0.000000E+00
1.924000E+00 4.836900E+04 1.349736E+04 6.996698E+04 1.358675E+02 8.466328E+01 0.000000E+00 0.000000E+00 0.000000E+00 6.970780E+04 6.847559E+04 2.202027E+04 1.620717E+02 0.000000E+00 0.000000E+00
1.925000E+00 4.830049E+04 1.346619E+04 6.986339E+04 1.358675E+02 8.474658E+01 0.000000E+00 0.000000E+00 0.000000E+00 6.960465E+04 6.837204E+04 2.202347E+04 1.620952E+02 0.000000E+00 0.000000E+00
1.926000E+00 4.823138E+04 1.343305E+04 6.975995E+04 1.358675E+02 8.482988E+01 0.000000E+00 0.000000E+00 0.000000E+00 6.950166E+04 6.826831E+04 2.202443E+04 1.621023E+02 0.000000E+00 0.000000E+00
1.927000E+00 4.816162E+04 1.339797E+04 6.965666E+04 1.358675E+02 8.491318E+01 0.000000E+00 0.000000E+00 0.000000E+00 6.939881E+04 6.816442E+04 2.202317E+04 1.620930E+02 0.000000E+00 0.000000E+00
1.928000E+00 4.809121E+04 1.336099E+04 6.955353E+04 1.358675E+02 8.499648E+01 0.000000E+00 0.000000E+00 0.000000E+00 6.929611E+04 6.806037E+04 2.201969E+04 1.620674E+02 0.000000E+00 0.000000E+00
1.929000E+00 4.802014E+04 1.332209E+04 6.945055E+04 1.358675E+02 8.507978E+01 0.000000E+00 0.000000E+00 0.000000E+00 6.919356E+04 6.795618E+04 2.201393E+04 1.620250E+02 0.000000E+00 0.000000E+00
1.930000E+00 4.794839E+04 1.328117E+04 6.934772E+04 1.358675E+02 8.516308E+01 0.000000E+00 0.000000E+00 0.000000E+00 6.909115E+04 6.785186E+04 2.200579E+04 1.619651E+02 0.000000E+00 0.000000E+00
1.931000E+00 4.787595E+04 1.323856E+04 6.924505E+04 1.358675E+02 8.524638E+01 0.000000E+00 0.000000E+00 0.000000E+00 6.898889E+04 6.774742E+04 2.199555E+04 1.618897E+02 0.000000E+00 0.000000E+00
1.932000E+00 4.780282E+04 1.319432E+04 6.914253E+04 1.358675E+02 8.532968E+01 0.000000E+00 0.000000E+00 0.000000E+00 6.888678E+04 6.764288E+04 2.198326E+04 1.617993E+02 0.000000E+00 0.000000E+00
1.933000E+00 4.772901E+04 1.314855E+04 6.904016E+04 1.358675E+02 8.541298E+01 0.000000E+00 0.000000E+00 0.000000E+00 6.878480E+04 6.753826E+04 2.196897E+04 1.616941E+02 0.000000E+00 0.000000E+00
1.934000E+00 4.765452E+04 1.310117E+04 6.893794E+04 1.358675E+02 8.549628E+01 0.000000E+00 0.000000E+00 0.000000E+00 6.868297E+04 6.743358E+04 2.195260E+04 1.615737E+02 0.000000E+00 0.000000E+00
1.935000E+00 4.757934E+04 1.305234E+04 6.883587E+04 1.358675E+02 8.557958E+01 0.000000E+00 0.000000E+00 0.000000E+00 6.858129E+04 6.732885E+04 2.193429E+04 1.614389E+02 0.000000E+00 0.000000E+00
1.936000E+00 4.750351E+04 1.300228E+04 6.873396E+04 1.358675E+02 8.566288E+01 0.000000E+00 0.000000E+00 0.000000E+00 6.847975E+04 6.722409E+04 2.191424E+04 1.612913E+02 0.000000E+00 0.000000E+00
1.937000E+00 4.742702E+04 1.295111E+04 6.863219E+04 1.358675E+02 8.574618E+01 0.000000E+00 0.000000E+00 0.000000E+00 6.837835E+04 6.711934E+04 2.189254E+04 1.611316E+02 0.000000E+00 0.000000E+00
1.938000E+00 4.734991E+04 1.289895E+04 6.853058E+04 1.358675E+02 8.582948E+01 0.000000E+00 0.000000E+00 0.000000E+00 6.827709E+04 6.701460E+04 2.186930E+04 1.609605E+02 0.000000E+00 0.000000E+00
1.939000E+00 4.727218E+04 1.284574E+04 6.842912E+04 1.358675E+02 8.591278E+01 0.000000E+00 0.000000E+00 0.000000E+00 6.817597E+04 6.690991E+04 2.184445E+04 1.607776E+02 0.000000E+00 0.000000E+00
1.940000E+00 4.719387E+04 1.279177E+04 6.832780E+04 1.358675E+02 8.599608E+01 0.000000E+00 0.000000E+00 0.000000E+00 6.807500E+04 6.680529E+04 2.181826E+04 1.605849E+02 0.000000E+00 0.000000E+00
1.941000E+00 4.711501E+04 1.273720E+04 6.822664E+04 1.358675E+02 8.607938E+01 0.000000E+00 0.000000E+00 0.000000E+00 6.797416E+04 6.670076E+04 2.179090E+04 1.603835E+02 0.000000E+00 0.000000E+00
1.942000E+00 4.703562E+04 1.268217E+04 6.812562E+04 1.358675E+02 8.616268E+01 0.000000E+00 0.000000E+00 0.000000E+00 6.787347E+04 6.659635E+04 2.176248E+04 1.601743E+02 0.000000E+00 0.000000E+00
1.943000E+00 4.695574E+04 1.262678E+04 6.802476E+04 1.358675E+02 8.624598E+01 0.000000E+00 0.000000E+00 0.000000E+00 6.777292E+04 6.649208E+04 2.173311E+04 1.599582E+02 0.000000E+00 0.000000E+00
1.944000E+00 4.687541E+04 1.257112E+04 6.792404E+04 1.358675E+02 8.632928E+01 0.000000E+00 0.000000E+00 0.000000E+00 6.767251E+04 6.638798E+04 2.170286E+04 1.597355E+02 0.000000E+00 0.000000E+00
1.945000E+00 4.679467E+04 1.251542E+04 6.782347E+04 1.358675E+02 8.641258E+01 0.000000E+00 0.000000E+00 0.000000E+00 6.757224E+04 6.628408E+04 2.167199E+04 1.595083E+02 0.000000E+00 0.000000E+00
1.946000E+00 4.671356E+04 1.245983E+04 6.772305E+04 1.358675E+02 8.649588E+01 0.000000E+00 0.000000E+00 0.000000E+00 6.747211E+04 6.618040E+04 2.164062E+04 1.592774E+02 0.000000E+00 0.000000E+00
1.947000E+00 4.663213E+04 1.240448E+04 6.762277E+04 1.358675E+02 8.657918E+01 0.000000E+00 0.000000E+00 0.000000E+00 6.737212E+04 6.607696E+04 2.160890E+04 1.590440E+02 0.000000E+00 0.000000E+00
1.948000E+00 4.655042E+04 1.234950E+04 6.752264E+04 1.358675E+02 8.666248E+01 0.000000E+00 0.000000E+00 0.000000E+00 6.727227E+04 6.597380E+04 2.157697E+04 1.588090E+02 0.000000E+00 0.000000E+00
1.949000E+00 4.646848E+04 1.229505E+04 6.742266E+04 1.358675E+02 8.674578E+01 0.000000E+00 0.000000E+00 0.000000E+00 6.717256E+04 6.587093E+04 2.154499E+04 1.585736E+02 0.000000E+00 0.000000E+00
1.950000E+00 4.638637E+04 1.224127E+04 6.732283E+04 1.358675E+02 8.682908E+01 0.000000E+00 0.000000E+00 0.000000E+00 6.707299E+04 6.576837E+04 2.151311E+04 1.583390E+02 0.000000E+00 0.000000E+00
1.951000E+00 4.630413E+04 1.218830E+04 6.722314E+04 1.358675E+02 8.691238E+01 0.000000E+00 0.000000E+00 0.000000E+00 6.697356E+04 6.566617E+04 2.148149E+04 1.581062E+02 0.000000E+00 0.000000E+00
1.952000E+00 4.622182E+04 1.213625E+04 6.712360E+04 1.358675E+02 8.699568E+01 0.000000E+00 0.000000E+00 0.000000E+00 6.687427E+04 6.556432E+04 2.145025E+04 1.578763E+02 0.000000E+00 0.000000E+00
1.953000E+00 4.613949E+04 1.208532E+04 6.702421E+04 1.358675E+02 8.707898E+01 0.000000E+00 0.000000E+00 0.000000E+00 6.677512E+04 6.546286E+04 2.141960E+04 1.576507E+02 0.000000E+00 0.000000E+00
1.954000E+00 4.605719E+04 1.203562E+04 6.692496E+04 1.358675E+02 8.716228E+01 0.000000E+00 0.000000E+00 0.000000E+00 6.667611E+04 6.536181E+04 2.138967E+04 1.574304E+02 0.000000E+00 0.000000E+00
1.955000E+00 4.597499E+04 1.198722E+04 6.682586E+04 1.358675E+02 8.724558E+01 0.000000E+00 0.000000E+00 0.000000E+00 6.657724E+04 6.526118E+04 2.136057E+04 1.572162E+02 0.000000E+00 0.000000E+00
1.956000E+00 4.589294E+04 1.194024E+04 6.672690E+04 1.358675E+02 8.732888E+01 0.000000E+00 0.000000E+00 0.000000E+00 6.647852E+04 6.516099E+04 2.133242E+04 1.570090E+02 0.000000E+00 0.000000E+00
1.957000E+00 4.581108E+04 1.189477E+04 6.662808E+04 1.358675E+02 8.741218E+01 0.000000E+00 0.000000E+00 0.000000E+00 6.637994E+04 6.506127E+04 2.130534E+04 1.568097E+02 0.000000E+00 0.000000E+00
1.958000E+00 4.572949E+04 1.185110E+04 6.652941E+04 1.358675E+02 8.749548E+01 0.000000E+00 0.000000E+00 0.000000E+00 6.628149E+04 6.496201E+04 2.127965E+04 1.566207E+02 0.000000E+00 0.000000E+00
1.959000E+00 4.564820E+04 1.180915E+04 6.643089E+04 1.358675E+02 8.757878E+01 0.000000E+00 0.000000E+00 0.000000E+00 6.618319E+04 6.486325E+04 2.125530E+04 1.564414E+02 0.000000E+00 0.000000E+00
1.960000E+00 4.556728E+04 1.176899E+04 6.633251E+04 1.358675E+02 8.766208E+01 0.000000E+00 0.000000E+00 0.000000E+00 6.608504E+04 6.476498E+04 2.123238E+04 1.562727E+02 0.000000E+00 0.000000E+00
1.961000E+00 4.548678E+04 1.173071E+04 6.623427E+04 1.358675E+02 8.774538E+01 0.000000E+00 0.000000E+00 0.000000E+00 6.598702E+04 6.466723E+04 2.121100E+04 1.561154E+02 0.000000E+00 0.000000E+00
1.962000E+00 4.540674E+04 1.169443E+04 6.613618E+04 1.358675E+02 8.782868E+01 0.000000E+00 0.000000E+00 0.000000E+00 6.588915E+04 6.456999E+04 2.119133E+04 1.559706E+02 0.000000E+00 0.000000E+00
1.963000E+00 4.532722E+04 1.166033E+04 6.603823E+04 1.358675E+02 8.791198E+01 0.000000E+00 0.000000E+00 0.000000E+00 6.579142E+04 6.447328E+04 2.117357E+04 1.558399E+02 0.000000E+00 0.000000E+00
1.964000E+00 4.524826E+04 1.162828E+04 6.594042E+04 1.358675E+02 8.799528E+01 0.000000E+00 0.000000E+00 0.000000E+00 6.569384E+04 6.437710E+04 2.115762E+04 1.557225E+02 0.000000E+00 0.000000E+00
1.965000E+00 4.516991E+04 1.159832E+04 6.584275E+04 1.358675E+02 8.807858E+01 0.000000E+00 0.000000E+00 0.000000E+00 6.559639E+04 6.428145E+04 2.114356E+04 1.556190E+02 0.000000E+00 0.000000E+00
1.966000E+00 4.509221E+04 1.157046E+04 6.574523E+04 1.358675E+02 8.816188E+01 0.000000E+00 0.000000E+00 0.000000E+00 6.549910E+04 6.418634E+04 2.113144E+04 1.555298E+02 0.000000E+00 0.000000E+00
1.967000E+00 4.501520E+04 1.154492E+04 6.564785E+04 1.358675E+02 8.824518E+01 0.000000E+00 0.000000E+00 0.000000E+00 6.540195E+04 6.409176E+04 2.112149E+04 1.554565E+02 0.000000E+00 0.000000E+00
1.968000E+00 4.493892E+04 1.152166E+04 6.555062E+04 1.358675E+02 8.832848E+01 0.000000E+00 0.000000E+00 0.000000E+00 6.530494E+04 6.399772E+04 2.111371E+04 1.553993E+02 0.000000E+00 0.000000E+00
1.969000E+00 4.486341E+04 1.150055E+04 6.545352E+04 1.358675E+02 8.841178E+01 0.000000E+00 0.000000E+00 0.000000E+00 6.520808E+04 6.390420E+04 2.110802E+04 1.553574E+02 0.000000E+00 0.000000E+00
1.970000E+00 4.478868E+04 1.148159E+04 6.535657E+04 1.358675E+02 8.849508E+01 0.000000E+00 0.000000E+00 0.000000E+00 6.511136E+04 6.381121E+04 2.110443E+04 1.553310E+02 0.000000E+00 0.000000E+00
1.971000E+00 4.471479E+04 1.146476E+04 6.525976E+04 1.358675E+02 8.857838E+01 0.000000E+00 0.000000E+00 0.000000E+00 6.501479E+04 6.371873E+04 2.110297E+04 1.553203E+02 0.000000E+00 0.000000E+00
1.972000E+00 4.464174E+04 1.145030E+04 6.516309E+04 1.358675E+02 8.866168E+01 0.000000E+00 0.000000E+00 0.000000E+00 6.491837E+04 6.362676E+04 2.110391E+04 1.553272E+02 0.000000E+00 0.000000E+00
1.973000E+00 4.456956E+04 1.143796E+04 6.506657E+04 1.358675E+02 8.874498E+01 0.000000E+00 0.000000E+00 0.000000E+00 6.482209E+04 6.353529E+04 2.110703E+04 1.553501E+02 0.000000E+00 0.000000E+00
1.974000E+00 4.449827E+04 1.142764E+04 6.497018E+04 1.358675E+02 8.882828E+01 0.000000E+00 0.000000E+00 0.000000E+00 6.472596E+04 6.344430E+04 2.111225E+04 1.553886E+02 0.000000E+00 0.000000E+00
1.975000E+00 4.442789E+04 1.141929E+04 6.487394E+04 1.358675E+02 8.891158E+01 0.000000E+00 0.000000E+00 0.000000E+00 6.462997E+04 6.335377E+04 2.111958E+04 1.554425E+02 0.000000E+00 0.000000E+00
1.976000E+00 4.435842E+04 1.141291E+04 6.477784E+04 1.358675E+02 8.899488E+01 0.000000E+00 0.000000E+00 0.000000E+00 6.453414E+04 6.326371E+04 2.112901E+04 1.555119E+02 0.000000E+00 0.000000E+00
1.977000E+00 4.428988E+04 1.140863E+04 6.468188E+04 1.358675E+02 8.907818E+01 0.000000E+00 0.000000E+00 0.000000E+00 6.443845E+04 6.317407E+04 2.114072E+04 1.555981E+02 0.000000E+00 0.000000E+00
1.978000E+00 4.422227E+04 1.140612E+04 6.458606E+04 1.358675E+02 8.916148E+01 0.000000E+00 0.000000E+00 0.000000E+00 6.434291E+04 6.308486E+04 2.115441E+04 1.556989E+02 0.000000E+00 0.000000E+00
1.979000E+00 4.415558E+04 1.140529E+04 6.449038E+04 1.358675E+02 8.924478E+01 0.000000E+00 0.000000E+00 0.000000E+00 6.424751E+04 6.299605E+04 2.117002E+04 1.558137E+02 0.000000E+00 0.000000E+00
1.980000E+00 4.408982E+04 1.140608E+04 6.439484E+04 1.358675E+02 8.932808E+01 0.000000E+00 0.000000E+00 0.000000E+00 6.415227E+04 6.290761E+04 2.118749E+04 1.559423E+02 0.000000E+00 0.000000E+00
1.981000E+00 4.402498E+04 1.140849E+04 6.429944E+04 1.358675E+02 8.941138E+01 0.000000E+00 0.000000E+00 0.000000E+00 6.405717E+04 6.281954E+04 2.120686E+04 1.560849E+02 0.000000E+00 0.000000E+00
1.982000E+00 4.396106E+04 1.141245E+04 6.420419E+04 1.358675E+02 8.949468E+01 0.000000E+00 0.000000E+00 0.000000E+00 6.396222E+04 6.273180E+04 2.122808E+04 1.562411E+02 0.000000E+00 0.000000E+00
1.983000E+00 4.389802E+04 1.141771E+04 6.410907E+04 1.358675E+02 8.957798E+01 0.000000E+00 0.000000E+00 0.000000E+00 6.386742E+04 6.264437E+04 2.125092E+04 1.564092E+02 0.000000E+00 0.000000E+00
1.984000E+00 4.383587E+04 1.142418E+04 6.401410E+04 1.358675E+02 8.966128E+01 0.000000E+00 0.000000E+00 0.000000E+00 6.377277E+04 6.255723E+04 2.127530E+04 1.565886E+02 0.000000E+00 0.000000E+00
1.985000E+00 4.377457E+04 1.143174E+04 6.391926E+04 1.358675E+02 8.974458E+01 0.000000E+00 0.000000E+00 0.000000E+00 6.367826E+04 6.247036E+04 2.130112E+04 1.567787E+02 0.000000E+00 0.000000E+00
1.986000E+00 4.371412E+04 1.144042E+04 6.382456E+04 1.358675E+02 8.982788E+01 0.000000E+00 0.000000E+00 0.000000E+00 6.358390E+04 6.238373E+04 2.132843E+04 1.569797E+02 0.000000E+00 0.000000E+00
1.987000E+00 4.365447E+04 1.145001E+04 6.373001E+04 1.358675E+02 8.991118E+01 0.000000E+00 0.000000E+00 0.000000E+00 6.348969E+04 6.229732E+04 2.135703E+04 1.571902E+02 0.000000E+00 0.000000E+00
1.988000E+00 4.359561E+04 1.146034E+04 6.363559E+04 1.358675E+02 8.999448E+01 0.000000E+00 0.000000E+00 0.000000E+00 6.339563E+04 6.221110E+04 2.138676E+04 1.574090E+02 0.000000E+00 0.000000E+00
1.989000E+00 4.353750E+04 1.147130E+04 6.354132E+04 1.358675E+02 9.007778E+01 0.000000E+00 0.000000E+00 0.000000E+00 6.330171E+04 6.212504E+04 2.141752E+04 1.576353E+02 0.000000E+00 0.000000E+00
1.990000E+00 4.348010E+04 1.148277E+04 6.344718E+04 1.358675E+02 9.016108E+01 0.000000E+00 0.000000E+00 0.000000E+00 6.320795E+04 6.203913E+04 2.144919E+04 1.578685E+02 0.000000E+00 0.000000E+00
1.991000E+00 4.342339E+04 1.149477E+04 6.335319E+04 1.358675E+02 9.024438E+01 0.000000E+00 0.000000E+00 0.000000E+00 6.311432E+04 6.195334E+04 2.148180E+04 1.581085E+02 0.000000E+00 0.000000E+00
1.992000E+00 4.336732E+04 1.150703E+04 6.325933E+04 1.358675E+02 9.032768E+01 0.000000E+00 0.000000E+00 0.000000E+00 6.302085E+04 6.186765E+04 2.151509E+04 1.583535E+02 0.000000E+00 0.000000E+00
1.993000E+00 4.331186E+04 1.151947E+04 6.316561E+04 1.358675E+02 9.041098E+01 0.000000E+00 0.000000E+00 0.000000E+00 6.292752E+04 6.178202E+04 2.154897E+04 1.586028E+02 0.000000E+00 0.000000E+00
1.994000E+00 4.325697E+04 1.153197E+04 6.307204E+04 1.358675E+02 9.049428E+01 0.000000E+00 0.000000E+00 0.000000E+00 6.283434E+04 6.169645E+04 2.158332E+04 1.588557E+02 0.000000E+00 0.000000E+00
1.995000E+00 4.320259E+04 1.154445E+04 6.297860E+04 1.358675E+02 9.057758E+01 0.000000E+00 0.000000E+00 0.000000E+00 6.274130E+04 6.161090E+04 2.161807E+04 1.591114E+02 0.000000E+00 0.000000E+00
1.996000E+00 4.314870E+04 1.155681E+04 6.288530E+04 1.358675E+02 9.066088E+01 0.000000E+00 0.000000E+00 0.000000E+00 6.264841E+04 6.152536E+04 2.165311E+04 1.593693E+02 0.000000E+00 0.000000E+00
1.997000E+00 4.309525E+04 1.156893E+04 6.279214E+04 1.358675E+02 9.074418E+01 0.000000E+00 0.000000E+00 0.000000E+00 6.255567E+04 6.143982E+04 2.168831E+04 1.596284E+02 0.000000E+00 0.000000E+00
1.998000E+00 4.304219E+04 1.158072E+04 6.269912E+04 1.358675E+02 9.082748E+01 0.000000E+00 0.000000E+00 0.000000E+00 6.246306E+04 6.135424E+04 2.172358E+04 1.598880E+02 0.000000E+00 0.000000E+00
1.999000E+00 4.298949E+04 1.159210E+04 6.260624E+04 1.358675E+02 9.091078E+01 0.000000E+00 0.000000E+00 0.000000E+00 6.237061E+04 6.126861E+04 2.175884E+04 1.601475E+02 0.000000E+00 0.000000E+00
2.000000E+00 4.293709E+04 1.160299E+04 6.251349E+04 1.358675E+02 9.099408E+01 0.000000E+00 0.000000E+00 0.000000E+00 6.227829E+04 6.118293E+04 2.179399E+04 1.604062E+02 0.000000E+00 0.000000E+00
2.001000E+00 4.288840E+04 1.184171E+04 6.242089E+04 1.358675E+02 9.107738E+01 0.000000E+00 0.000000E+00 0.000000E+00 6.218612E+04 6.110030E+04 2.886215E+04 2.124287E+02 0.000000E+00 0.000000E+00
2.002000E+00 4.284712E+04 1.210440E+04 6.232842E+04 1.358675E+02 9.116068E+01 0.000000E+00 0.000000E+00 0.000000E+00 6.209411E+04 6.102377E+04 2.915558E+04 2.145884E+02 0.000000E+00 0.000000E+00
2.003000E+00 4.281368E+04 1.239135E+04 6.223609E+04 1.358675E+02 9.124398E+01 0.000000E+00 0.000000E+00 0.000000E+00 6.200226E+04 6.095311E+04 2.947785E+04 2.169603E+02 0.000000E+00 0.000000E+00
2.004000E+00 4.278852E+04 1.270294E+04 6.214390E+04 1.358675E+02 9.132728E+01 0.000000E+00 0.000000E+00 0.000000E+00 6.191059E+04 6.088812E+04 2.982979E+04 2.195507E+02 0.000000E+00 0.000000E+00
2.005000E+00 4.277201E+04 1.304096E+04 6.205185E+04 1.358675E+02 9.141058E+01 0.000000E+00 0.000000E+00 0.000000E+00 6.181909E+04 6.082862E+04 3.021355E+04 2.223751E+02 0.000000E+00 0.000000E+00
2.006000E+00 4.276453E+04 1.340792E+04 6.195994E+04 1.358675E+02 9.149388E+01 0.000000E+00 0.000000E+00 0.000000E+00 6.172778E+04 6.077443E+04 3.063199E+04 2.254550E+02 0.000000E+00 0.000000E+00
2.007000E+00 4.276645E+04 1.380079E+04 6.186817E+04 1.358675E+02 9.157718E+01 0.000000E+00 0.000000E+00 0.000000E+00 6.163666E+04 6.072540E+04 3.108257E+04 2.287713E+02 0.000000E+00 0.000000E+00
2.008000E+00 4.277805E+04 1.421991E+04 6.177654E+04 1.358675E+02 9.166048E+01 0.000000E+00 0.000000E+00 0.000000E+00 6.154575E+04 6.068136E+04 3.156596E+04 2.323290E+02 0.000000E+00 0.000000E+00
2.009000E+00 4.279965E+04 1.466542E+04 6.168504E+04 1.358675E+02 9.174378E+01 0.000000E+00 0.000000E+00 0.000000E+00 6.145504E+04 6.064212E+04 3.208276E+04 2.361327E+02 0.000000E+00 0.000000E+00
2.010000E+00 4.283149E+04 1.514045E+04 6.159370E+04 1.358675E+02 9.182708E+01 0.000000E+00 0.000000E+00 0.000000E+00 6.136455E+04 6.060755E+04 3.263649E+04 2.402082E+02 0.000000E+00 0.000000E+00
2.011000E+00 4.287386E+04 1.564451E+04 6.150249E+04 1.358675E+02 9.191038E+01 0.000000E+00 0.000000E+00 0.000000E+00 6.127428E+04 6.057749E+04 3.322703E+04 2.445547E+02 0.000000E+00 0.000000E+00
2.012000E+00 4.292696E+04 1.617539E+04 6.141143E+04 1.358675E+02 9.199368E+01 0.000000E+00 0.000000E+00 0.000000E+00 6.118423E+04 6.055178E+04 3.385267E+04 2.491595E+02 0.000000E+00 0.000000E+00
2.013000E+00 4.299100E+04 1.673316E+04 6.132051E+04 1.358675E+02 9.207698E+01 0.000000E+00 0.000000E+00 0.000000E+00 6.109442E+04 6.053027E+04 3.451381E+04 2.540256E+02 0.000000E+00 0.000000E+00
2.014000E+00 4.306614E+04 1.731767E+04 6.122973E+04 1.358675E+02 9.216028E+01 0.000000E+00 0.000000E+00 0.000000E+00 6.100484E+04 6.051279E+04 3.521080E+04 2.591555E+02 0.000000E+00 0.000000E+00
2.015000E+00 4.315255E+04 1.793350E+04 6.113911E+04 1.358675E+02 9.224358E+01 0.000000E+00 0.000000E+00 0.000000E+00 6.091550E+04 6.049919E+04 3.594857E+04 2.645856E+02 0.000000E+00 0.000000E+00
2.016000E+00 4.325036E+04 1.857668E+04 6.104863E+04 1.358675E+02 9.232688E+01 0.000000E+00 0.000000E+00 0.000000E+00 6.082640E+04 6.048933E+04 3.672354E+04 2.702894E+02 0.000000E+00 0.000000E+00
2.017000E+00 4.335967E+04 1.924612E+04 6.095829E+04 1.358675E+02 9.241018E+01 0.000000E+00 0.000000E+00 0.000000E+00 6.073756E+04 6.048304E+04 3.753510E+04 2.762626E+02 0.000000E+00 0.000000E+00
2.018000E+00 4.348057E+04 1.994160E+04 6.086811E+04 1.358675E+02 9.249348E+01 0.000000E+00 0.000000E+00 0.000000E+00 6.064898E+04 6.048015E+04 3.838336E+04 2.825059E+02 0.000000E+00 0.000000E+00
2.019000E+00 4.361310E+04 2.066349E+04 6.077808E+04 1.358675E+02 9.257678E+01 0.000000E+00 0.000000E+00 0.000000E+00 6.056065E+04 6.048050E+04 3.926913E+04 2.890253E+02 0.000000E+00 0.000000E+00
2.020000E+00 4.375732E+04 2.141530E+04 6.068820E+04 1.358675E+02 9.266008E+01 0.000000E+00 0.000000E+00 0.000000E+00 6.047258E+04 6.048393E+04 4.019631E+04 2.958494E+02 0.000000E+00 0.000000E+00
2.021000E+00 4.391323E+04 2.219191E+04 6.059847E+04 1.358675E+02 9.274338E+01 0.000000E+00 0.000000E+00 0.000000E+00 6.038478E+04 6.049028E+04 4.116010E+04 3.029430E+02 0.000000E+00 0.000000E+00
2.022000E+00 4.408083E+04 2.299271E+04 6.050890E+04 1.358675E+02 9.282668E+01 0.000000E+00 0.000000E+00 0.000000E+00 6.029725E+04 6.049936E+04 4.216036E+04 3.103051E+02 0.000000E+00 0.000000E+00
2.023000E+00 4.426006E+04 2.381722E+04 6.041948E+04 1.358675E+02 9.290998E+01 0.000000E+00 0.000000E+00 0.000000E+00 6.020999E+04 6.051100E+04 4.319687E+04 3.179339E+02 0.000000E+00 0.000000E+00
2.024000E+00 4.445086E+04 2.466699E+04 6.033022E+04 1.358675E+02 9.299328E+01 0.000000E+00 0.000000E+00 0.000000E+00 6.012301E+04 6.052502E+04 4.427163E+04 3.258442E+02 0.000000E+00 0.000000E+00
2.025000E+00 4.465316E+04 2.554207E+04 6.024111E+04 1.358675E+02 9.307658E+01 0.000000E+00 0.000000E+00 0.000000E+00 6.003631E+04 6.054124E+04 4.538500E+04 3.340387E+02 0.000000E+00 0.000000E+00
2.026000E+00 4.486685E+04 2.643870E+04 6.015217E+04 1.358675E+02 9.315988E+01 0.000000E+00 0.000000E+00 0.000000E+00 5.994988E+04 6.055948E+04 4.653349E+04 3.424918E+02 0.000000E+00 0.000000E+00
2.027000E+00 4.509178E+04 2.735602E+04 6.006339E+04 1.358675E+02 9.324318E+01 0.000000E+00 0.000000E+00 0.000000E+00 5.986374E+04 6.057955E+04 4.771666E+04 3.512000E+02 0.000000E+00 0.000000E+00
2.028000E+00 4.532780E+04 2.829328E+04 5.997476E+04 1.358675E+02 9.332648E+01 0.000000E+00 0.000000E+00 0.000000E+00 5.977788E+04 6.060124E+04 4.893397E+04 3.601596E+02 0.000000E+00 0.000000E+00
2.029000E+00 4.557472E+04 2.925302E+04 5.988631E+04 1.358675E+02 9.340978E+01 0.000000E+00 0.000000E+00 0.000000E+00 5.969231E+04 6.062437E+04 5.018833E+04 3.693918E+02 0.000000E+00 0.000000E+00
2.030000E+00 4.583234E+04 3.023211E+04 5.979801E+04 1.358675E+02 9.349308E+01 0.000000E+00 0.000000E+00 0.000000E+00 5.960702E+04 6.064875E+04 5.147686E+04 3.788756E+02 0.000000E+00 0.000000E+00
2.031000E+00 4.610044E+04 3.122819E+04 5.970989E+04 1.358675E+02 9.357638E+01 0.000000E+00 0.000000E+00 0.000000E+00 5.952202E+04 6.067417E+04 5.279743E+04 3.885951E+02 0.000000E+00 0.000000E+00
2.032000E+00 4.637875E+04 3.224019E+04 5.962193E+04 1.358675E+02 9.365968E+01 0.000000E+00 0.000000E+00 0.000000E+00 5.943731E+04 6.070043E+04 5.414927E+04 3.985448E+02 0.000000E+00 0.000000E+00
2.033000E+00 4.666699E+04 3.326714E+04 5.953414E+04 1.358675E+02 9.374298E+01 0.000000E+00 0.000000E+00 0.000000E+00 5.935289E+04 6.072731E+04 5.553157E+04 4.087186E+02 0.000000E+00 0.000000E+00
2.034000E+00 4.696487E+04 3.431217E+04 5.944651E+04 1.358675E+02 9.382628E+01 0.000000E+00 0.000000E+00 0.000000E+00 5.926876E+04 6.075463E+04 5.694774E+04 4.191418E+02 0.000000E+00 0.000000E+00
2.035000E+00 4.727209E+04 3.536969E+04 5.935906E+04 1.358675E+02 9.390958E+01 0.000000E+00 0.000000E+00 0.000000E+00 5.918491E+04 6.078216E+04 5.839235E+04 4.297743E+02 0.000000E+00 0.000000E+00
2.036000E+00 4.758834E+04 3.643858E+04 5.927180E+04 1.358675E+02 9.399288E+01 -1.649949E-02 0.000000E+00 -1.649949E-02 5.910395E+04 6.081213E+04 5.986444E+04 4.406091E+02 1.000000E+00 0.000000E+00
2.037000E+00 4.791370E+04 3.751761E+04 5.918486E+04 1.358674E+02 9.407618E+01 -1.444436E-01 0.000000E+00 -1.444436E-01 5.903985E+04 6.085742E+04 6.136297E+04 4.516387E+02 1.000000E+00 0.000000E+00
2.038000E+00 4.824860E+04 3.860658E+04 5.909846E+04 1.358671E+02 9.415948E+01 -3.968475E-01 0.000000E+00 -3.968475E-01 5.899640E+04 6.092154E+04 6.288785E+04 4.628629E+02 1.000000E+00 0.000000E+00
2.039000E+00 4.859344E+04 3.970562E+04 5.901286E+04 1.358666E+02 9.424278E+01 -7.782941E-01 0.000000E+00 -7.782941E-01 5.897289E+04 6.100374E+04 6.443930E+04 4.742837E+02 1.000000E+00 0.000000E+00
2.040000E+00 4.894859E+04 4.081070E+04 5.892832E+04 1.358655E+02 9.432608E+01 -1.285735E+00 0.000000E+00 -1.285735E+00 5.897045E+04 6.110513E+04 6.601342E+04 4.858731E+02 1.000000E+00 0.000000E+00
2.041000E+00 4.931433E+04 4.192056E+04 5.884509E+04 1.358639E+02 9.440938E+01 -1.921238E+00 0.000000E+00 -1.921238E+00 5.898878E+04 6.122543E+04 6.760896E+04 4.976225E+02 1.000000E+00 0.000000E+00
2.042000E+00 4.969090E+04 4.303385E+04 5.876341E+04 1.358617E+02 9.449268E+01 -2.683361E+00 0.000000E+00 -2.683361E+00 5.902833E+04 6.136506E+04 6.922465E+04 5.095231E+02 1.000000E+00 0.000000E+00
2.043000E+00 5.007849E+04 4.415078E+04 5.868353E+04 1.358585E+02 9.457598E+01 -3.572771E+00 0.000000E+00 -3.572771E+00 5.908918E+04 6.152407E+04 7.086070E+04 5.215771E+02 1.000000E+00 0.000000E+00
2.044000E+00 5.047725E+04 4.526940E+04 5.860571E+04 1.358545E+02 9.465928E+01 -4.588572E+00 0.000000E+00 -4.588572E+00 5.917163E+04 6.170269E+04 7.251511E+04 5.337705E+02 1.000000E+00 0.000000E+00
2.045000E+00 5.088725E+04 4.638710E+04 5.853020E+04 1.358493E+02 9.474258E+01 -5.730622E+00 0.000000E+00 -5.730622E+00 5.927579E+04 6.190094E+04 7.418529E+04 5.460852E+02 1.000000E+00 0.000000E+00
2.046000E+00 5.130854E+04 4.750258E+04 5.845723E+04 1.358430E+02 9.482588E+01 -6.998056E+00 0.000000E+00 -6.998056E+00 5.940184E+04 6.211891E+04 7.586984E+04 5.585114E+02 1.000000E+00 0.000000E+00
2.047000E+00 5.174112E+04 4.861446E+04 5.838706E+04 1.358353E+02 9.490918E+01 -8.390250E+00 0.000000E+00 -8.390250E+00 5.954990E+04 6.235655E+04 7.756732E+04 5.710396E+02 1.000000E+00 0.000000E+00
2.048000E+00 5.218493E+04 4.972283E+04 5.831993E+04 1.358261E+02 9.499248E+01 -9.906217E+00 0.000000E+00 -9.906217E+00 5.972008E+04 6.261387E+04 7.927771E+04 5.836705E+02 1.000000E+00 0.000000E+00
2.049000E+00 5.263990E+04 5.082488E+04 5.825608E+04 1.358154E+02 9.507578E+01 -1.154499E+01 0.000000E+00 -1.154499E+01 5.991245E+04 6.289077E+04 8.099804E+04 5.963832E+02 1.000000E+00 0.000000E+00
2.050000E+00 5.310588E+04 5.191899E+04 5.819574E+04 1.358030E+02 9.515908E+01 -1.330536E+01 0.000000E+00 -1.330536E+01 6.012708E+04 6.318716E+04 8.272658E+04 6.091660E+02 1.000000E+00 0.000000E+00
2.051000E+00 5.358271E+04 5.300388E+04 5.813915E+04 1.357888E+02 9.524238E+01 -1.518605E+01 0.000000E+00 -1.518605E+01 6.036400E+04 6.350288E+04 8.446183E+04 6.220089E+02 1.000000E+00 0.000000E+00
2.052000E+00 5.407018E+04 5.407836E+04 5.808656E+04 1.357726E+02 9.532568E+01 -1.718562E+01 0.000000E+00 -1.718562E+01 6.062321E+04 6.383778E+04 8.620243E+04 6.349030E+02 1.000000E+00 0.000000E+00
2.053000E+00 5.456805E+04 5.514153E+04 5.803817E+04 1.357544E+02 9.540898E+01 -1.930251E+01 0.000000E+00 -1.930251E+01 6.090471E+04 6.419167E+04 8.794725E+04 6.478410E+02 1.000000E+00 0.000000E+00
2.054000E+00 5.507605E+04 5.619133E+04 5.799422E+04 1.357340E+02 9.549228E+01 -2.153505E+01 0.000000E+00 -2.153505E+01 6.120846E+04 6.456433E+04 8.969397E+04 6.608072E+02 1.000000E+00 0.000000E+00
2.055000E+00 5.559388E+04 5.722653E+04 5.795493E+04 1.357113E+02 9.557558E+01 -2.388142E+01 0.000000E+00 -2.388142E+01 6.153440E+04 6.495551E+04 9.144113E+04 6.737918E+02 1.000000E+00 0.000000E+00
2.056000E+00 5.612121E+04 5.824594E+04 5.792052E+04 1.356862E+02 9.565888E+01 -2.633969E+01 0.000000E+00 -2.633969E+01 6.188245E+04 6.536496E+04 9.318724E+04 6.867852E+02 1.000000E+00 0.000000E+00
2.057000E+00 5.665768E+04 5.924833E+04 5.789120E+04 1.356585E+02 9.574218E+01 -2.890781E+01 0.000000E+00 -2.890781E+01 6.225250E+04 6.579240E+04 9.493075E+04 6.997772E+02 1.000000E+00 0.000000E+00
2.058000E+00 5.720292E+04 6.023230E+04 5.786718E+04 1.356283E+02 9.582548E+01 -3.158363E+01 0.000000E+00 -3.158363E+01 6.264442E+04 6.623753E+04 9.666997E+04 7.127566E+02 1.000000E+00 0.000000E+00
2.059000E+00 5.775652E+04 6.119681E+04 5.784867E+04 1.355953E+02 9.590878E+01 -3.436487E+01 0.000000E+00 -3.436487E+01 6.305807E+04 6.670005E+04 9.840348E+04 7.257143E+02 1.000000E+00 0.000000E+00
2.060000E+00 5.831806E+04 6.214082E+04 5.783585E+04 1.355595E+02 9.599208E+01 -3.724913E+01 0.000000E+00 -3.724913E+01 6.349327E+04 6.717962E+04 1.001299E+05 7.386416E+02 1.000000E+00 0.000000E+00
2.061000E+00 5.888712E+04 6.306333E+04 5.782893E+04 1.355208E+02 9.607538E+01 -4.023395E+01 0.000000E+00 -4.023395E+01 6.394983E+04 6.767592E+04 1.018479E+05 7.515295E+02 1.000000E+00 0.000000E+00
2.062000E+00 5.946325E+04 6.396257E+04 5.782810E+04 1.354790E+02 9.615868E+01 -4.331674E+01 0.000000E+00 -4.331674E+01 6.442754E+04 6.818859E+04 1.035552E+05 7.643635E+02 1.000000E+00 0.000000E+00
2.063000E+00 6.004596E+04 6.483789E+04 5.783353E+04 1.354341E+02 9.624198E+01 -4.649482E+01 0.000000E+00 -4.649482E+01 6.492616E+04 6.871727E+04 1.052509E+05 7.771371E+02 1.000000E+00 0.000000E+00
2.064000E+00 6.063481E+04 6.568872E+04 5.784541E+04 1.353860E+02 9.632528E+01 -4.976541E+01 0.000000E+00 -4.976541E+01 6.544544E+04 6.926159E+04 1.069339E+05 7.898445E+02 1.000000E+00 0.000000E+00
2.065000E+00 6.122929E+04 6.651426E+04 5.786390E+04 1.353346E+02 9.640858E+01 -5.312567E+01 0.000000E+00 -5.312567E+01 6.598511E+04 6.982119E+04 1.086030E+05 8.024778E+02 1.000000E+00 0.000000E+00
2.066000E+00 6.182894E+04 6.731376E+04 5.788918E+04 1.352797E+02 9.649188E+01 -5.657267E+01 0.000000E+00 -5.657267E+01 6.654488E+04 7.039568E+04 1.102570E+05 8.150297E+02 1.000000E+00 0.000000E+00
2.067000E+00 6.243325E+04 6.808462E+04 5.792139E+04 1.352214E+02 9.657518E+01 -6.010341E+01 0.000000E+00 -6.010341E+01 6.712443E+04 7.098467E+04 1.118928E+05 8.274788E+02 1.000000E+00 0.000000E+00
2.068000E+00 6.304173E+04 6.882788E+04 5.796070E+04 1.351595E+02 9.665848E+01 -6.371479E+01 0.000000E+00 -6.371479E+01 6.772345E+04 7.158778E+04 1.135111E+05 8.398308E+02 1.000000E+00 0.000000E+00
2.069000E+00 6.365389E+04 6.954296E+04 5.800724E+04 1.350940E+02 9.674178E+01 -6.740368E+01 0.000000E+00 -6.740368E+01 6.834160E+04 7.220462E+04 1.151108E+05 8.520793E+02 1.000000E+00 0.000000E+00
2.070000E+00 6.426922E+04 7.022938E+04 5.806116E+04 1.350247E+02 9.682508E+01 -7.116690E+01 0.000000E+00 -7.116690E+01 6.897851E+04 7.283478E+04 1.166908E+05 8.642182E+02 1.000000E+00 0.000000E+00
2.071000E+00 6.488726E+04 7.088595E+04 5.812260E+04 1.349516E+02 9.690838E+01 -7.500119E+01 0.000000E+00 -7.500119E+01 6.963381E+04 7.347789E+04 1.182495E+05 8.762366E+02 1.000000E+00 0.000000E+00
2.072000E+00 6.550749E+04 7.151112E+04 5.819167E+04 1.348747E+02 9.699168E+01 -7.890326E+01 0.000000E+00 -7.890326E+01 7.030712E+04 7.413354E+04 1.197850E+05 8.881207E+02 1.000000E+00 0.000000E+00
2.073000E+00 6.612945E+04 7.210626E+04 5.826850E+04 1.347938E+02 9.707498E+01 -8.286976E+01 0.000000E+00 -8.286976E+01 7.099805E+04 7.480132E+04 1.212979E+05 8.998779E+02 1.000000E+00 0.000000E+00
2.074000E+00 6.675267E+04 7.267107E+04 5.835319E+04 1.347089E+02 9.715828E+01 -8.689734E+01 0.000000E+00 -8.689734E+01 7.170617E+04 7.548085E+04 1.227876E+05 9.115036E+02 1.000000E+00 0.000000E+00
2.075000E+00 6.737667E+04 7.320537E+04 5.844587E+04 1.346200E+02 9.724158E+01 -9.098260E+01 0.000000E+00 -9.098260E+01 7.243108E+04 7.617175E+04 1.242534E+05 9.229938E+02 1.000000E+00 0.000000E+00
2.076000E+00 6.800103E+04 7.370736E+04 5.854662E+04 1.345269E+02 9.732488E+01 -9.512214E+01 0.000000E+00 -9.512214E+01 7.317233E+04 7.687362E+04 1.256929E+05 9.343325E+02 1.000000E+00 0.000000E+00
2.077000E+00 6.862527E+04 7.417725E+04 5.865553E+04 1.344297E+02 9.740818E+01 -9.931251E+01 0.000000E+00 -9.931251E+01 7.392949E+04 7.758606E+04 1.271058E+05 9.455187E+02 1.000000E+00 0.000000E+00
2.078000E+00 6.924899E+04 7.461627E+04 5.877269E+04 1.343283E+02 9.749148E+01 -1.035503E+02 0.000000E+00 -1.035503E+02 7.470210E+04 7.830870E+04 1.284928E+05 9.565584E+02 1.000000E+00 0.000000E+00
2.079000E+00 6.987176E+04 7.502440E+04 5.889818E+04 1.342226E+02 9.757478E+01 -1.078320E+02 0.000000E+00 -1.078320E+02 7.548972E+04 7.904116E+04 1.298535E+05 9.674493E+02 1.000000E+00 0.000000E+00
2.080000E+00 7.049320E+04 7.540178E+04 5.903207E+04 1.341126E+02 9.765808E+01 -1.121542E+02 0.000000E+00 -1.121542E+02 7.629188E+04 7.978307E+04 1.311875E+05 9.781890E+02 1.000000E+00 0.000000E+00
2.081000E+00 7.111292E+04 7.574589E+04 5.917443E+04 1.339983E+02 9.774138E+01 -1.165135E+02 0.000000E+00 -1.165135E+02 7.710811E+04 8.053407E+04 1.324916E+05 9.887563E+02 1.000000E+00 0.000000E+00
2.082000E+00 7.173055E+04 7.605908E+04 5.932530E+04 1.338796E+02 9.782468E+01 -1.209064E+02 0.000000E+00 -1.209064E+02 7.793793E+04 8.129377E+04 1.337679E+05 9.991658E+02 1.000000E+00 0.000000E+00
2.083000E+00 7.234575E+04 7.634210E+04 5.948474E+04 1.337564E+02 9.790798E+01 -1.253296E+02 0.000000E+00 -1.253296E+02 7.878087E+04 8.206184E+04 1.350164E+05 1.009420E+03 1.000000E+00 0.000000E+00
2.084000E+00 7.295819E+04 7.659521E+04 5.965279E+04 1.336289E+02 9.799128E+01 -1.297797E+02 0.000000E+00 -1.297797E+02 7.963645E+04 8.283793E+04 1.362371E+05 1.019518E+03 1.000000E+00 0.000000E+00
2.085000E+00 7.356757E+04 7.681838E+04 5.982949E+04 1.334969E+02 9.807458E+01 -1.342534E+02 0.000000E+00 -1.342534E+02 8.050419E+04 8.362169E+04 1.374294E+05 1.029458E+03 1.000000E+00 0.000000E+00
2.086000E+00 7.417359E+04 7.700980E+04 6.001487E+04 1.333604E+02 9.815788E+01 -1.387472E+02 0.000000E+00 -1.387472E+02 8.138361E+04 8.441278E+04 1.385909E+05 1.039221E+03 1.000000E+00 0.000000E+00
2.087000E+00 7.477597E+04 7.717259E+04 6.020895E+04 1.332194E+02 9.824118E+01 -1.432580E+02 0.000000E+00 -1.432580E+02 8.227422E+04 8.521089E+04 1.397244E+05 1.048830E+03 1.000000E+00 0.000000E+00
2.088000E+00 7.537448E+04 7.730729E+04 6.041175E+04 1.330739E+02 9.832448E+01 -1.477826E+02 0.000000E+00 -1.477826E+02 8.317554E+04 8.601568E+04 1.408299E+05 1.058284E+03 1.000000E+00 0.000000E+00
2.089000E+00 7.596888E+04 7.741441E+04 6.062327E+04 1.329238E+02 9.840778E+01 -1.523177E+02 0.000000E+00 -1.523177E+02 8.408709E+04 8.682685E+04 1.419076E+05 1.067586E+03 1.000000E+00 0.000000E+00
2.090000E+00 7.655897E+04 7.749332E+04 6.084353E+04 1.327692E+02 9.849108E+01 -1.568603E+02 0.000000E+00 -1.568603E+02 8.500839E+04 8.764410E+04 1.429562E+05 1.076727E+03 1.000000E+00 0.000000E+00
2.091000E+00 7.714456E+04 7.754426E+04 6.107252E+04 1.326101E+02 9.857438E+01 -1.614072E+02 0.000000E+00 -1.614072E+02 8.593897E+04 8.846713E+04 1.439757E+05 1.085707E+03 1.000000E+00 0.000000E+00
2.092000E+00 7.772547E+04 7.756960E+04 6.131022E+04 1.324464E+02 9.865768E+01 -1.659555E+02 0.000000E+00 -1.659555E+02 8.687835E+04 8.929565E+04 1.449680E+05 1.094541E+03 1.000000E+00 0.000000E+00
2.093000E+00 7.830157E+04 7.757006E+04 6.155663E+04 1.322782E+02 9.874098E+01 -1.705023E+02 0.000000E+00 -1.705023E+02 8.782606E+04 9.012938E+04 1.459334E+05 1.103231E+03 1.000000E+00 0.000000E+00
2.094000E+00 7.887273E+04 7.754633E+04 6.181173E+04 1.321054E+02 9.882428E+01 -1.750446E+02 0.000000E+00 -1.750446E+02 8.878166E+04 9.096806E+04 1.468722E+05 1.111781E+03 1.000000E+00 0.000000E+00
2.095000E+00 7.943885E+04 7.749733E+04 6.207548E+04 1.319281E+02 9.890758E+01 -1.795798E+02 0.000000E+00 -1.795798E+02 8.974467E+04 9.181142E+04 1.477830E+05 1.120178E+03 1.000000E+00 0.000000E+00
2.096000E+00 7.999983E+04 7.742505E+04 6.234787E+04 1.317462E+02 9.899088E+01 -1.841050E+02 0.000000E+00 -1.841050E+02 9.071464E+04 9.265920E+04 1.486673E+05 1.128437E+03 1.000000E+00 0.000000E+00
2.097000E+00 8.055561E+04 7.733104E+04 6.262885E+04 1.315599E+02 9.907418E+01 -1.886176E+02 0.000000E+00 -1.886176E+02 9.169114E+04 9.351116E+04 1.495265E+05 1.136566E+03 1.000000E+00 0.000000E+00
2.098000E+00 8.110614E+04 7.721617E+04 6.291838E+04 1.313690E+02 9.915748E+01 -1.931151E+02 0.000000E+00 -1.931151E+02 9.267373E+04 9.436705E+04 1.503609E+05 1.144569E+03 1.000000E+00 0.000000E+00
2.099000E+00 8.165140E+04 7.708121E+04 6.321641E+04 1.311737E+02 9.924078E+01 -1.975950E+02 0.000000E+00 -1.975950E+02 9.366198E+04 9.522667E+04 1.511711E+05 1.152450E+03 1.000000E+00 0.000000E+00
2.100000E+00 8.219138E+04 7.692485E+04 6.352290E+04 1.309738E+02 9.932408E+01 -2.020549E+02 0.000000E+00 -2.020549E+02 9.465548E+04 9.608976E+04 1.519554E+05 1.160197E+03 1.000000E+00 0.000000E+00
2.101000E+00 8.272607E+04 7.675029E+04 6.383778E+04 1.307696E+02 9.940738E+01 -2.064925E+02 0.000000E+00 -2.064925E+02 9.565379E+04 9.695612E+04 1.527168E+05 1.167832E+03 1.000000E+00 0.000000E+00
2.102000E+00 8.325551E+04 7.655838E+04 6.416100E+04 1.305609E+02 9.949068E+01 -2.109055E+02 0.000000E+00 -2.109055E+02 9.665654E+04 9.782554E+04 1.534558E+05 1.175359E+03 1.000000E+00 0.000000E+00
2.103000E+00 8.377972E+04 7.635001E+04 6.449250E+04 1.303478E+02 9.957398E+01 -2.152919E+02 0.000000E+00 -2.152919E+02 9.766332E+04 9.869783E+04 1.541731E+05 1.182783E+03 1.000000E+00 0.000000E+00
2.104000E+00 8.429878E+04 7.612551E+04 6.483220E+04 1.301303E+02 9.965728E+01 -2.196495E+02 0.000000E+00 -2.196495E+02 9.867375E+04 9.957278E+04 1.548687E+05 1.190105E+03 1.000000E+00 0.000000E+00
2.105000E+00 8.481273E+04 7.588508E+04 6.518003E+04 1.299085E+02 9.974058E+01 -2.239764E+02 0.000000E+00 -2.239764E+02 9.968746E+04 1.004502E+05 1.555426E+05 1.197325E+03 1.000000E+00 0.000000E+00
2.106000E+00 8.532165E+04 7.563095E+04 6.553591E+04 1.296823E+02 9.982388E+01 -2.282708E+02 0.000000E+00 -2.282708E+02 1.007041E+05 1.013299E+05 1.561969E+05 1.204457E+03 1.000000E+00 0.000000E+00
2.107000E+00 8.582566E+04 7.536395E+04 6.589978E+04 1.294519E+02 9.990718E+01 -2.325308E+02 0.000000E+00 -2.325308E+02 1.017233E+05 1.022118E+05 1.568320E+05 1.211508E+03 1.000000E+00 0.000000E+00
2.108000E+00 8.632484E+04 7.508495E+04 6.627153E+04 1.292173E+02 9.999048E+01 -2.367547E+02 0.000000E+00 -2.367547E+02 1.027447E+05 1.030956E+05 1.574488E+05 1.218481E+03 1.000000E+00 0.000000E+00
2.109000E+00 8.681931E+04 7.479402E+04 6.665109E+04 1.289784E+02 1.000738E+02 -2.409410E+02 0.000000E+00 -2.409410E+02 1.037680E+05 1.039811E+05 1.580471E+05 1.225376E+03 1.000000E+00 0.000000E+00
2.110000E+00 8.730920E+04 7.449230E+04 6.703837E+04 1.287354E+02 1.001571E+02 -2.450881E+02 0.000000E+00 -2.450881E+02 1.047928E+05 1.048683E+05 1.586279E+05 1.232201E+03 1.000000E+00 0.000000E+00
2.111000E+00 8.779463E+04 7.418120E+04 6.743328E+04 1.284883E+02 1.002404E+02 -2.491945E+02 0.000000E+00 -2.491945E+02 1.058189E+05 1.057570E+05 1.591925E+05 1.238965E+03 1.000000E+00 0.000000E+00
2.112000E+00 8.827575E+04 7.386147E+04 6.783572E+04 1.282371E+02 1.003237E+02 -2.532590E+02 0.000000E+00 -2.532590E+02 1.068460E+05 1.066469E+05 1.597414E+05 1.245673E+03 1.000000E+00 0.000000E+00
2.113000E+00 8.875271E+04 7.353389E+04 6.824559E+04 1.279818E+02 1.004070E+02 -2.572802E+02 0.000000E+00 -2.572802E+02 1.078737E+05 1.075381E+05 1.602754E+05 1.252330E+03 1.000000E+00 0.000000E+00
2.114000E+00 8.922566E+04 7.319853E+04 6.866280E+04 1.277225E+02 1.004903E+02 -2.612569E+02 0.000000E+00 -2.612569E+02 1.089018E+05 1.084302E+05 1.607944E+05 1.258935E+03 1.000000E+00 0.000000E+00
2.115000E+00 8.969474E+04 7.285679E+04 6.908724E+04 1.274593E+02 1.005736E+02 -2.651881E+02 0.000000E+00 -2.651881E+02 1.099300E+05 1.093233E+05 1.612997E+05 1.265500E+03 1.000000E+00 0.000000E+00
2.116000E+00 9.016013E+04 7.250951E+04 6.951882E+04 1.271921E+02 1.006569E+02 -2.690726E+02 0.000000E+00 -2.690726E+02 1.109581E+05 1.102171E+05 1.617920E+05 1.272028E+03 1.000000E+00 0.000000E+00
2.117000E+00 9.062198E+04 7.215733E+04 6.995742E+04 1.269212E+02 1.007402E+02 -2.729096E+02 0.000000E+00 -2.729096E+02 1.119857E+05 1.111115E+05 1.622719E+05 1.278526E+03 1.000000E+00 0.000000E+00
2.118000E+00 9.108046E+04 7.180085E+04 7.040294E+04 1.266463E+02 1.008235E+02 -2.766981E+02 0.000000E+00 -2.766981E+02 1.130127E+05 1.120063E+05 1.627400E+05 1.284996E+03 1.000000E+00 0.000000E+00
2.119000E+00 9.153574E+04 7.144043E+04 7.085527E+04 1.263678E+02 1.009068E+02 -2.804373E+02 0.000000E+00 -2.804373E+02 1.140389E+05 1.129015E+05 1.631966E+05 1.291442E+03 1.000000E+00 0.000000E+00
2.120000E+00 9.198798E+04 7.107708E+04 7.131430E+04 1.260855E+02 1.009901E+02 -2.841265E+02 0.000000E+00 -2.841265E+02 1.150639E+05 1.137969E+05 1.636426E+05 1.297870E+03 1.000000E+00 0.000000E+00
2.121000E+00 9.243733E+04 7.071134E+04 7.177992E+04 1.257995E+02 1.010734E+02 -2.877649E+02 0.000000E+00 -2.877649E+02 1.160876E+05 1.146924E+05 1.640786E+05 1.304286E+03 1.000000E+00 0.000000E+00
2.122000E+00 9.288397E+04 7.034371E+04 7.225202E+04 1.255100E+02 1.011567E+02 -2.913519E+02 0.000000E+00 -2.913519E+02 1.171099E+05 1.155879E+05 1.645049E+05 1.310692E+03 1.000000E+00 0.000000E+00
2.123000E+00 9.332805E+04 6.997466E+04 7.273049E+04 1.252169E+02 1.012400E+02 -2.948870E+02 0.000000E+00 -2.948870E+02 1.181304E+05 1.164832E+05 1.649222E+05 1.317093E+03 1.000000E+00 0.000000E+00
2.124000E+00 9.376973E+04 6.960472E+04 7.321521E+04 1.249202E+02 1.013233E+02 -2.983696E+02 0.000000E+00 -2.983696E+02 1.191490E+05 1.173782E+05 1.653308E+05 1.323491E+03 1.000000E+00 0.000000E+00
2.125000E+00 9.420915E+04 6.923435E+04 7.370606E+04 1.246201E+02 1.014066E+02 -3.017992E+02 0.000000E+00 -3.017992E+02 1.201655E+05 1.182727E+05 1.657313E+05 1.329892E+03 1.000000E+00 0.000000E+00
2.126000E+00 9.464647E+04 6.886392E+04 7.420294E+04 1.243166E+02 1.014899E+02 -3.051754E+02 0.000000E+00 -3.051754E+02 1.211797E+05 1.191667E+05 1.661240E+05 1.336297E+03 1.000000E+00 0.000000E+00
2.127000E+00 9.508181E+04 6.849380E+04 7.470572E+04 1.240098E+02 1.015732E+02 -3.084979E+02 0.000000E+00 -3.084979E+02 1.221915E+05 1.200600E+05 1.665093E+05 1.342711E+03 1.000000E+00 0.000000E+00
2.128000E+00 9.551532E+04 6.812447E+04 7.521430E+04 1.236997E+02 1.016565E+02 -3.117664E+02 0.000000E+00 -3.117664E+02 1.232007E+05 1.209524E+05 1.668877E+05 1.349136E+03 1.000000E+00 0.000000E+00
2.129000E+00 9.594712E+04 6.775617E+04 7.572854E+04 1.233863E+02 1.017398E+02 -3.149805E+02 0.000000E+00 -3.149805E+02 1.242071E+05 1.218439E+05 1.672595E+05 1.355576E+03 1.000000E+00 0.000000E+00
2.130000E+00 9.637733E+04 6.738912E+04 7.624834E+04 1.230697E+02 1.018231E+02 -3.181401E+02 0.000000E+00 -3.181401E+02 1.252106E+05 1.227343E+05 1.676248E+05 1.362031E+03 1.000000E+00 0.000000E+00
2.131000E+00 9.680605E+04 6.702351E+04 7.677358E+04 1.227500E+02 1.019064E+02 -3.212448E+02 0.000000E+00 -3.212448E+02 1.262111E+05 1.236234E+05 1.679840E+05 1.368505E+03 1.000000E+00 0.000000E+00
2.132000E+00 9.723339E+04 6.665955E+04 7.730415E+04 1.224273E+02 1.019897E+02 -3.242946E+02 0.000000E+00 -3.242946E+02 1.272084E+05 1.245112E+05 1.683373E+05 1.374998E+03 1.000000E+00 0.000000E+00
2.133000E+00 9.765944E+04 6.629783E+04 7.783991E+04 1.221015E+02 1.020730E+02 -3.272893E+02 0.000000E+00 -3.272893E+02 1.282023E+05 1.253974E+05 1.686852E+05 1.381517E+03 1.000000E+00 0.000000E+00
2.134000E+00 9.808429E+04 6.593809E+04 7.838076E+04 1.217727E+02 1.021563E+02 -3.302287E+02 0.000000E+00 -3.302287E+02 1.291928E+05 1.262820E+05 1.690276E+05 1.388059E+03 1.000000E+00 0.000000E+00
2.135000E+00 9.850800E+04 6.558046E+04 7.892658E+04 1.214410E+02 1.022396E+02 -3.331129E+02 0.000000E+00 -3.331129E+02 1.301797E+05 1.271648E+05 1.693647E+05 1.394625E+03 1.000000E+00 0.000000E+00
2.136000E+00 9.893065E+04 6.522500E+04 7.947725E+04 1.211065E+02 1.023229E+02 -3.359416E+02 0.000000E+00 -3.359416E+02 1.311628E+05 1.280456E+05 1.696965E+05 1.401217E+03 1.000000E+00 0.000000E+00
2.137000E+00 9.935228E+04 6.487192E+04 8.003265E+04 1.207692E+02 1.024062E+02 -3.387149E+02 0.000000E+00 -3.387149E+02 1.321422E+05 1.289244E+05 1.700233E+05 1.407837E+03 1.000000E+00 0.000000E+00
2.138000E+00 9.977295E+04 6.452147E+04 8.059267E+04 1.204291E+02 1.024895E+02 -3.414328E+02 0.000000E+00 -3.414328E+02 1.331175E+05 1.298009E+05 1.703453E+05 1.414487E+03 1.000000E+00 0.000000E+00
2.139000E+00 1.001927E+05 6.417331E+04 8.115718E+04 1.200863E+02 1.025728E+02 -3.440951E+02 0.000000E+00 -3.440951E+02 1.340888E+05 1.306749E+05 1.706624E+05 1.421164E+03 1.000000E+00 0.000000E+00
2.140000E+00 1.006115E+05 6.382743E+04 8.172608E+04 1.197409E+02 1.026561E+02 -3.467020E+02 0.000000E+00 -3.467020E+02 1.350558E+05 1.315465E+05 1.709744E+05 1.427870E+03 1.000000E+00 0.000000E+00
2.141000E+00 1.010294E+05 6.348380E+04 8.229924E+04 1.193929E+02 1.027394E+02 -3.492533E+02 0.000000E+00 -3.492533E+02 1.360186E+05 1.324152E+05 1.712815E+05 1.434604E+03 1.000000E+00 0.000000E+00
2.142000E+00 1.014465E+05 6.314266E+04 8.287655E+04 1.190424E+02 1.028227E+02 -3.517492E+02 0.000000E+00 -3.517492E+02 1.369769E+05 1.332812E+05 1.715839E+05 1.441368E+03 1.000000E+00 0.000000E+00
2.143000E+00 1.018626E+05 6.280387E+04 8.345789E+04 1.186894E+02 1.029060E+02 -3.541896E+02 0.000000E+00 -3.541896E+02 1.379307E+05 1.341440E+05 1.718816E+05 1.448162E+03 1.000000E+00 0.000000E+00
2.144000E+00 1.022778E+05 6.246712E+04 8.404315E+04 1.183341E+02 1.029893E+02 -3.565746E+02 0.000000E+00 -3.565746E+02 1.388799E+05 1.350037E+05 1.721741E+05 1.454984E+03 1.000000E+00 0.000000E+00
2.145000E+00 1.026921E+05 6.213232E+04 8.463220E+04 1.179763E+02 1.030726E+02 -3.589041E+02 0.000000E+00 -3.589041E+02 1.398242E+05 1.358600E+05 1.724616E+05 1.461832E+03 1.000000E+00 0.000000E+00
2.146000E+00 1.031054E+05 6.179938E+04 8.522494E+04 1.176163E+02 1.031559E+02 -3.611784E+02 0.000000E+00 -3.611784E+02 1.407638E+05 1.367128E+05 1.727439E+05 1.468707E+03 1.000000E+00 0.000000E+00
2.147000E+00 1.035177E+05 6.146854E+04 8.582124E+04 1.172540E+02 1.032392E+02 -3.633973E+02 0.000000E+00 -3.633973E+02 1.416983E+05 1.375619E+05 1.730212E+05 1.475611E+03 1.000000E+00 0.000000E+00
2.148000E+00 1.039290E+05 6.113935E+04 8.642100E+04 1.168895E+02 1.033225E+02 -3.655609E+02 0.000000E+00 -3.655609E+02 1.426278E+05 1.384072E+05 1.732933E+05 1.482540E+03 1.000000E+00 0.000000E+00
2.149000E+00 1.043391E+05 6.081160E+04 8.702410E+04 1.165229E+02 1.034058E+02 -3.676692E+02 0.000000E+00 -3.676692E+02 1.435521E+05 1.392484E+05 1.735599E+05 1.489492E+03 1.000000E+00 0.000000E+00
2.150000E+00 1.047480E+05 6.048517E+04 8.763041E+04 1.161542E+02 1.034891E+02 -3.697224E+02 0.000000E+00 -3.697224E+02 1.444711E+05 1.400854E+05 1.738209E+05 1.496467E+03 1.000000E+00 0.000000E+00
2.151000E+00 1.051556E+05 6.015996E+04 8.823984E+04 1.157834E+02 1.035724E+02 -3.717204E+02 0.000000E+00 -3.717204E+02 1.453847E+05 1.409180E+05 1.740763E+05 1.503465E+03 1.000000E+00 0.000000E+00
2.152000E+00 1.055619E+05 5.983605E+04 8.885226E+04 1.154108E+02 1.036557E+02 -3.736632E+02 0.000000E+00 -3.736632E+02 1.462928E+05 1.417461E+05 1.743261E+05 1.510484E+03 1.000000E+00 0.000000E+00
2.153000E+00 1.059668E+05 5.951298E+04 8.946756E+04 1.150361E+02 1.037390E+02 -3.755510E+02 0.000000E+00 -3.755510E+02 1.471953E+05 1.425696E+05 1.745700E+05 1.517523E+03 1.000000E+00 0.000000E+00
2.154000E+00 1.063701E+05 5.919061E+04 9.008563E+04 1.146597E+02 1.038223E+02 -3.773836E+02 0.000000E+00 -3.773836E+02 1.480920E+05 1.433881E+05 1.748077E+05 1.524579E+03 1.000000E+00 0.000000E+00
2.155000E+00 1.067718E+05 5.886880E+04 9.070635E+04 1.142814E+02 1.039056E+02 -3.791612E+02 0.000000E+00 -3.791612E+02 1.489829E+05 1.442017E+05 1.750392E+05 1.531651E+03 1.000000E+00 0.000000E+00
2.156000E+00 1.071718E+05 5.854750E+04 9.132962E+04 1.139014E+02 1.039889E+02 -3.808838E+02 0.000000E+00 -3.808838E+02 1.498679E+05 1.450101E+05 1.752644E+05 1.538738E+03 1.000000E+00 0.000000E+00
2.157000E+00 1.075699E+05 5.822657E+04 9.195531E+04 1.135196E+02 1.040722E+02 -3.825514E+02 0.000000E+00 -3.825514E+02 1.507468E+05 1.458131E+05 1.754832E+05 1.545840E+03 1.000000E+00 0.000000E+00
2.158000E+00 1.079661E+05 5.790574E+04 9.258331E+04 1.131363E+02 1.041555E+02 -3.841640E+02 0.000000E+00 -3.841640E+02 1.516196E+05 1.466106E+05 1.756954E+05 1.552954E+03 1.000000E+00 0.000000E+00
2.159000E+00 1.083602E+05 5.758488E+04 9.321351E+04 1.127513E+02 1.042388E+02 -3.857217E+02 0.000000E+00 -3.857217E+02 1.524860E+05 1.474024E+05 1.759008E+05 1.560077E+03 1.000000E+00 0.000000E+00
2.160000E+00 1.087521E+05 5.726389E+04 9.384581E+04 1.123649E+02 1.043221E+02 -3.872243E+02 0.000000E+00 -3.872243E+02 1.533461E+05 1.481885E+05 1.760993E+05 1.567210E+03 1.000000E+00 0.000000E+00
2.161000E+00 1.091417E+05 5.694270E+04 9.448008E+04 1.119769E+02 1.044054E+02 -3.886721E+02 0.000000E+00 -3.886721E+02 1.541998E+05 1.489686E+05 1.762909E+05 1.574351E+03 1.000000E+00 0.000000E+00
2.162000E+00 1.095288E+05 5.662116E+04 9.511622E+04 1.115875E+02 1.044887E+02 -3.900649E+02 0.000000E+00 -3.900649E+02 1.550468E+05 1.497425E+05 1.764755E+05 1.581498E+03 1.000000E+00 0.000000E+00
2.163000E+00 1.099135E+05 5.629912E+04 9.575411E+04 1.111968E+02 1.045720E+02 -3.914029E+02 0.000000E+00 -3.914029E+02 1.558871E+05 1.505102E+05 1.766528E+05 1.588650E+03 1.000000E+00 0.000000E+00
2.164000E+00 1.102954E+05 5.597651E+04 9.639364E+04 1.108047E+02 1.046553E+02 -3.926859E+02 0.000000E+00 -3.926859E+02 1.567206E+05 1.512715E+05 1.768228E+05 1.595805E+03 1.000000E+00 0.000000E+00
2.165000E+00 1.106746E+05 5.565326E+04 9.703470E+04 1.104114E+02 1.047386E+02 -3.939140E+02 0.000000E+00 -3.939140E+02 1.575472E+05 1.520263E+05 1.769854E+05 1.602963E+03 1.000000E+00 0.000000E+00
2.166000E+00 1.110508E+05 5.532929E+04 9.767718E+04 1.100169E+02 1.048219E+02 -3.950873E+02 0.000000E+00 -3.950873E+02 1.583667E+05 1.527744E+05 1.771407E+05 1.610122E+03 1.000000E+00 0.000000E+00
2.167000E+00 1.114240E+05 5.500454E+04 9.832097E+04 1.096213E+02 1.049052E+02 -3.962058E+02 0.000000E+00 -3.962058E+02 1.591791E+05 1.535156E+05 1.772884E+05 1.617281E+03 1.000000E+00 0.000000E+00
2.168000E+00 1.117941E+05 5.467896E+04 9.896596E+04 1.092245E+02 1.049885E+02 -3.972695E+02 0.000000E+00 -3.972695E+02 1.599842E+05 1.542500E+05 1.774285E+05 1.624438E+03 1.000000E+00 0.000000E+00
2.169000E+00 1.121609E+05 5.435252E+04 9.961203E+04 1.088268E+02 1.050718E+02 -3.982784E+02 0.000000E+00 -3.982784E+02 1.607820E+05 1.549773E+05 1.775611E+05 1.631594E+03 1.000000E+00 0.000000E+00
2.170000E+00 1.125242E+05 5.402520E+04 1.002591E+05 1.084280E+02 1.051551E+02 -3.992325E+02 0.000000E+00 -3.992325E+02 1.615724E+05 1.556974E+05 1.776861E+05 1.638747E+03 1.000000E+00 0.000000E+00
2.171000E+00 1.128841E+05 5.369696E+04 1.009070E+05 1.080283E+02 1.052384E+02 -4.001320E+02 0.000000E+00 -4.001320E+02 1.623551E+05 1.564102E+05 1.778034E+05 1.645896E+03 1.000000E+00 0.000000E+00
2.172000E+00 1.132404E+05 5.336783E+04 1.015557E+05 1.076278E+02 1.053217E+02 -4.009768E+02 0.000000E+00 -4.009768E+02 1.631302E+05 1.571157E+05 1.779131E+05 1.653041E+03 1.000000E+00 0.000000E+00
2.173000E+00 1.135930E+05 5.303785E+04 1.022050E+05 1.072264E+02 1.054050E+02 -4.017671E+02 0.000000E+00 -4.017671E+02 1.638976E+05 1.578137E+05 1.780152E+05 1.660181E+03 1.000000E+00 0.000000E+00
2.174000E+00 1.139417E+05 5.270705E+04 1.028549E+05 1.068242E+02 1.054883E+02 -4.025028E+02 0.000000E+00 -4.025028E+02 1.646571E+05 1.585040E+05 1.781098E+05 1.667316E+03 1.000000E+00 0.000000E+00
2.175000E+00 1.142866E+05 5.237542E+04 1.035051E+05 1.064214E+02 1.055716E+02 -4.031841E+02 0.000000E+00 -4.031841E+02 1.654086E+05 1.591867E+05 1.781968E+05 1.674445E+03 1.000000E+00 0.000000E+00
2.176000E+00 1.146274E+05 5.204302E+04 1.041557E+05 1.060179E+02 1.056549E+02 -4.038111E+02 0.000000E+00 -4.038111E+02 1.661521E+05 1.598617E+05 1.782763E+05 1.681568E+03 1.000000E+00 0.000000E+00
2.177000E+00 1.149642E+05 5.170996E+04 1.048066E+05 1.056138E+02 1.057382E+02 -4.043839E+02 0.000000E+00 -4.043839E+02 1.668874E+05 1.605288E+05 1.783484E+05 1.688685E+03 1.000000E+00 0.000000E+00
2.178000E+00 1.152968E+05 5.137632E+04 1.054575E+05 1.052091E+02 1.058215E+02 -4.049026E+02 0.000000E+00 -4.049026E+02 1.676146E+05 1.611879E+05 1.784133E+05 1.695796E+03 1.000000E+00 0.000000E+00
2.179000E+00 1.156251E+05 5.104219E+04 1.061084E+05 1.048040E+02 1.059048E+02 -4.053673E+02 0.000000E+00 -4.053673E+02 1.683333E+05 1.618391E+05 1.784709E+05 1.702902E+03 1.000000E+00 0.000000E+00
2.180000E+00 1.159492E+05 5.070758E+04 1.067592E+05 1.043984E+02 1.059881E+02 -4.057782E+02 0.000000E+00 -4.057782E+02 1.690437E+05 1.624822E+05 1.785214E+05 1.710001E+03 1.000000E+00 0.000000E+00
2.181000E+00 1.162688E+05 5.037268E+04 1.074098E+05 1.039925E+02 1.060714E+02 -4.061354E+02 0.000000E+00 -4.061354E+02 1.697456E+05 1.631172E+05 1.785649E+05 1.717094E+03 1.000000E+00 0.000000E+00
2.182000E+00 1.165840E+05 5.003761E+04 1.080601E+05 1.035862E+02 1.061547E+02 -4.064392E+02 0.000000E+00 -4.064392E+02 1.704390E+05 1.637440E+05 1.786015E+05 1.724183E+03 1.000000E+00 0.000000E+00
2.183000E+00 1.168948E+05 4.970248E+04 1.087099E+05 1.031796E+02 1.062380E+02 -4.066897E+02 0.000000E+00 -4.066897E+02 1.711237E+05 1.643626E+05 1.786314E+05 1.731267E+03 1.000000E+00 0.000000E+00
2.184000E+00 1.172009E+05 4.936743E+04 1.093592E+05 1.027728E+02 1.063213E+02 -4.068871E+02 0.000000E+00 -4.068871E+02 1.717997E+05 1.649729E+05 1.786548E+05 1.738347E+03 1.000000E+00 0.000000E+00
2.185000E+00 1.175025E+05 4.903254E+04 1.100078E+05 1.023659E+02 1.064046E+02 -4.070317E+02 0.000000E+00 -4.070317E+02 1.724669E+05 1.655749E+05 1.786717E+05 1.745423E+03 1.000000E+00 0.000000E+00
2.186000E+00 1.177995E+05 4.869803E+04 1.106558E+05 1.019588E+02 1.064879E+02 -4.071237E+02 0.000000E+00 -4.071237E+02 1.731253E+05 1.661685E+05 1.786823E+05 1.752496E+03 1.000000E+00 0.000000E+00
2.187000E+00 1.180919E+05 4.836401E+04 1.113028E+05 1.015516E+02 1.065712E+02 -4.071635E+02 0.000000E+00 -4.071635E+02 1.737747E+05 1.667538E+05 1.786869E+05 1.759567E+03 1.000000E+00 0.000000E+00
2.188000E+00 1.183795E+05 4.803065E+04 1.119490E+05 1.011445E+02 1.066545E+02 -4.071512E+02 0.000000E+00 -4.071512E+02 1.744152E+05 1.673307E+05 1.786856E+05 1.766638E+03 1.000000E+00 0.000000E+00
2.189000E+00 1.186625E+05 4.769810E+04 1.125940E+05 1.007373E+02 1.067378E+02 -4.070872E+02 0.000000E+00 -4.070872E+02 1.750467E+05 1.678992E+05 1.786786E+05 1.773708E+03 1.000000E+00 0.000000E+00
2.190000E+00 1.189408E+05 4.736651E+04 1.132380E+05 1.003303E+02 1.068211E+02 -4.069719E+02 0.000000E+00 -4.069719E+02 1.756692E+05 1.684593E+05 1.786661E+05 1.780778E+03 1.000000E+00 0.000000E+00
2.191000E+00 1.192143E+05 4.703605E+04 1.138806E+05 9.992341E+01 1.069044E+02 -4.068055E+02 0.000000E+00 -4.068055E+02 1.762825E+05 1.690109E+05 1.786482E+05 1.787851E+03 1.000000E+00 0.000000E+00
2.192000E+00 1.194831E+05 4.670686E+04 1.145220E+05 9.951671E+01 1.069877E+02 -4.065885E+02 0.000000E+00 -4.065885E+02 1.768867E+05 1.695540E+05 1.786252E+05 1.794926E+03 1.000000E+00 0.000000E+00
2.193000E+00 1.197472E+05 4.637909E+04 1.151618E+05 9.911025E+01 1.070710E+02 -4.063212E+02 0.000000E+00 -4.063212E+02 1.774816E+05 1.700887E+05 1.785972E+05 1.802005E+03 1.000000E+00 0.000000E+00
2.194000E+00 1.200066E+05 4.605296E+04 1.158002E+05 9.870409E+01 1.071543E+02 -4.060040E+02 0.000000E+00 -4.060040E+02 1.780674E+05 1.706150E+05 1.785645E+05 1.809090E+03 1.000000E+00 0.000000E+00
2.195000E+00 1.202613E+05 4.572859E+04 1.164369E+05 9.829826E+01 1.072376E+02 -4.056373E+02 0.000000E+00 -4.056373E+02 1.786439E+05 1.711328E+05 1.785274E+05 1.816180E+03 1.000000E+00 0.000000E+00
2.196000E+00 1.205113E+05 4.540610E+04 1.170718E+05 9.789283E+01 1.073209E+02 -4.052216E+02 0.000000E+00 -4.052216E+02 1.792111E+05 1.716421E+05 1.784858E+05 1.823278E+03 1.000000E+00 0.000000E+00
2.197000E+00 1.207566E+05 4.508564E+04 1.177049E+05 9.748784E+01 1.074042E+02 -4.047574E+02 0.000000E+00 -4.047574E+02 1.797690E+05 1.721430E+05 1.784401E+05 1.830384E+03 1.000000E+00 0.000000E+00
2.198000E+00 1.209972E+05 4.476734E+04 1.183361E+05 9.708333E+01 1.074875E+02 -4.042451E+02 0.000000E+00 -4.042451E+02 1.803176E+05 1.726355E+05 1.783905E+05 1.837498E+03 1.000000E+00 0.000000E+00
2.199000E+00 1.212332E+05 4.445149E+04 1.189653E+05 9.667936E+01 1.075708E+02 -4.036852E+02 0.000000E+00 -4.036852E+02 1.808568E+05 1.731196E+05 1.783371E+05 1.844625E+03 1.000000E+00 0.000000E+00
2.200000E+00 1.214647E+05 4.413807E+04 1.195924E+05 9.627598E+01 1.076541E+02 -4.030782E+02 0.000000E+00 -4.030782E+02 1.813867E+05 1.735953E+05 1.782802E+05 1.851762E+03 1.000000E+00 0.000000E+00
2.201000E+00 1.216915E+05 4.382720E+04 1.202173E+05 9.587322E+01 1.077374E+02 -4.024247E+02 0.000000E+00 -4.024247E+02 1.819072E+05 1.740627E+05 1.782199E+05 1.858912E+03 1.000000E+00 0.000000E+00
2.202000E+00 1.219138E+05 4.351899E+04 1.208398E+05 9.547114E+01 1.078207E+02 -4.017251E+02 0.000000E+00 -4.017251E+02 1.824183E+05 1.745217E+05 1.781564E+05 1.866076E+03 1.000000E+00 0.000000E+00
2.203000E+00 1.221316E+05 4.321361E+04 1.214600E+05 9.506979E+01 1.079040E+02 -4.009800E+02 0.000000E+00 -4.009800E+02 1.829201E+05 1.749723E+05 1.780898E+05 1.873253E+03 1.000000E+00 0.000000E+00
2.204000E+00 1.223449E+05 4.291126E+04 1.220778E+05 9.466920E+01 1.079873E+02 -4.001901E+02 0.000000E+00 -4.001901E+02 1.834124E+05 1.754147E+05 1.780205E+05 1.880448E+03 1.000000E+00 0.000000E+00
2.205000E+00 1.225538E+05 4.261186E+04 1.226930E+05 9.426942E+01 1.080706E+02 -3.993558E+02 0.000000E+00 -3.993558E+02 1.838955E+05 1.758488E+05 1.779484E+05 1.887658E+03 1.000000E+00 0.000000E+00
2.206000E+00 1.227583E+05 4.231552E+04 1.233056E+05 9.387050E+01 1.081539E+02 -3.984777E+02 0.000000E+00 -3.984777E+02 1.843691E+05 1.762746E+05 1.778737E+05 1.894884E+03 1.000000E+00 0.000000E+00
2.207000E+00 1.229584E+05 4.202228E+04 1.239154E+05 9.347248E+01 1.082372E+02 -3.975566E+02 0.000000E+00 -3.975566E+02 1.848334E+05 1.766923E+05 1.777966E+05 1.902127E+03 1.000000E+00 0.000000E+00
2.208000E+00 1.231543E+05 4.173236E+04 1.245225E+05 9.307540E+01 1.083205E+02 -3.965928E+02 0.000000E+00 -3.965928E+02 1.852884E+05 1.771017E+05 1.777172E+05 1.909390E+03 1.000000E+00 0.000000E+00
2.209000E+00 1.233458E+05 4.144578E+04 1.251267E+05 9.267931E+01 1.084038E+02 -3.955872E+02 0.000000E+00 -3.955872E+02 1.857341E+05 1.775030E+05 1.776358E+05 1.916671E+03 1.000000E+00 0.000000E+00
2.210000E+00 1.235331E+05 4.116248E+04 1.257279E+05 9.228424E+01 1.084871E+02 -3.945402E+02 0.000000E+00 -3.945402E+02 1.861704E+05 1.778962E+05 1.775523E+05 1.923972E+03 1.000000E+00 0.000000E+00
2.211000E+00 1.237162E+05 4.088249E+04 1.263261E+05 9.189024E+01 1.085704E+02 -3.934526E+02 0.000000E+00 -3.934526E+02 1.865975E+05 1.782813E+05 1.774667E+05 1.931290E+03 1.000000E+00 0.000000E+00
2.212000E+00 1.238951E+05 4.060583E+04 1.269213E+05 9.149735E+01 1.086537E+02 -3.923250E+02 0.000000E+00 -3.923250E+02 1.870153E+05 1.786583E+05 1.773793E+05 1.938628E+03 1.000000E+00 0.000000E+00
2.213000E+00 1.240699E+05 4.033274E+04 1.275132E+05 9.110561E+01 1.087370E+02 -3.911579E+02 0.000000E+00 -3.911579E+02 1.874239E+05 1.790272E+05 1.772903E+05 1.945987E+03 1.000000E+00 0.000000E+00
2.214000E+00 1.242406E+05 4.006304E+04 1.281019E+05 9.071505E+01 1.088203E+02 -3.899521E+02 0.000000E+00 -3.899521E+02 1.878233E+05 1.793882E+05 1.771996E+05 1.953365E+03 1.000000E+00 0.000000E+00
2.215000E+00 1.244073E+05 3.979669E+04 1.286872E+05 9.032572E+01 1.089036E+02 -3.887083E+02 0.000000E+00 -3.887083E+02 1.882135E+05 1.797411E+05 1.771072E+05 1.960762E+03 1.000000E+00 0.000000E+00
2.216000E+00 1.245699E+05 3.953368E+04 1.292692E+05 8.993765E+01 1.089869E+02 -3.874269E+02 0.000000E+00 -3.874269E+02 1.885945E+05 1.800862E+05 1.770133E+05 1.968178E+03 1.000000E+00 0.000000E+00
2.217000E+00 1.247285E+05 3.927402E+04 1.298477E+05 8.955087E+01 1.090702E+02 -3.861088E+02 0.000000E+00 -3.861088E+02 1.889665E+05 1.804233E+05 1.769178E+05 1.975612E+03 1.000000E+00 0.000000E+00
2.218000E+00 1.248832E+05 3.901785E+04 1.304227E+05 8.916544E+01 1.091535E+02 -3.847545E+02 0.000000E+00 -3.847545E+02 1.893293E+05 1.807525E+05 1.768210E+05 1.983066E+03 1.000000E+00 0.000000E+00
2.219000E+00 1.250339E+05 3.876492E+04 1.309941E+05 8.878138E+01 1.092368E+02 -3.833647E+02 0.000000E+00 -3.833647E+02 1.896831E+05 1.810738E+05 1.767227E+05 1.990538E+03 1.000000E+00 0.000000E+00
2.220000E+00 1.251808E+05 3.851518E+04 1.315618E+05 8.839872E+01 1.093201E+02 -3.819401E+02 0.000000E+00 -3.819401E+02 1.900279E+05 1.813873E+05 1.766229E+05 1.998025E+03 1.000000E+00 0.000000E+00
2.221000E+00 1.253237E+05 3.826859E+04 1.321258E+05 8.801751E+01 1.094034E+02 -3.804813E+02 0.000000E+00 -3.804813E+02 1.903638E+05 1.816930E+05 1.765217E+05 2.005529E+03 1.000000E+00 0.000000E+00
2.222000E+00 1.254628E+05 3.802517E+04 1.326860E+05 8.763777E+01 1.094867E+02 -3.789889E+02 0.000000E+00 -3.789889E+02 1.906907E+05 1.819909E+05 1.764191E+05 2.013048E+03 1.000000E+00 0.000000E+00
2.223000E+00 1.255980E+05 3.778486E+04 1.332424E+05 8.725954E+01 1.095700E+02 -3.774635E+02 0.000000E+00 -3.774635E+02 1.910087E+05 1.822811E+05 1.763151E+05 2.020583E+03 1.000000E+00 0.000000E+00
2.224000E+00 1.257294E+05 3.754748E+04 1.337948E+05 8.688286E+01 1.096533E+02 -3.759059E+02 0.000000E+00 -3.759059E+02 1.913178E+05 1.825635E+05 1.762097E+05 2.028130E+03 1.000000E+00 0.000000E+00
2.225000E+00 1.258569E+05 3.731297E+04 1.343433E+05 8.650774E+01 1.097366E+02 -3.743167E+02 0.000000E+00 -3.743167E+02 1.916182E+05 1.828382E+05 1.761028E+05 2.035689E+03 1.000000E+00 0.000000E+00
2.226000E+00 1.259807E+05 3.708124E+04 1.348878E+05 8.613423E+01 1.098199E+02 -3.726964E+02 0.000000E+00 -3.726964E+02 1.919097E+05 1.831051E+05 1.759944E+05 2.043258E+03 1.000000E+00 0.000000E+00
2.227000E+00 1.261006E+05 3.685228E+04 1.354283E+05 8.576236E+01 1.099032E+02 -3.710457E+02 0.000000E+00 -3.710457E+02 1.921925E+05 1.833645E+05 1.758846E+05 2.050837E+03 1.000000E+00 0.000000E+00
2.228000E+00 1.262168E+05 3.662594E+04 1.359645E+05 8.539215E+01 1.099865E+02 -3.693652E+02 0.000000E+00 -3.693652E+02 1.924666E+05 1.836161E+05 1.757732E+05 2.058423E+03 1.000000E+00 0.000000E+00
2.229000E+00 1.263291E+05 3.640211E+04 1.364967E+05 8.502364E+01 1.100698E+02 -3.676554E+02 0.000000E+00 -3.676554E+02 1.927321E+05 1.838601E+05 1.756602E+05 2.066016E+03 1.000000E+00 0.000000E+00
2.230000E+00 1.264377E+05 3.618068E+04 1.370245E+05 8.465685E+01 1.101531E+02 -3.659171E+02 0.000000E+00 -3.659171E+02 1.929890E+05 1.840965E+05 1.755456E+05 2.073614E+03 1.000000E+00 0.000000E+00
2.231000E+00 1.265425E+05 3.596158E+04 1.375481E+05 8.429181E+01 1.102364E+02 -3.641508E+02 0.000000E+00 -3.641508E+02 1.932372E+05 1.843253E+05 1.754293E+05 2.081214E+03 1.000000E+00 0.000000E+00
2.232000E+00 1.266434E+05 3.574470E+04 1.380674E+05 8.392856E+01 1.103197E+02 -3.623570E+02 0.000000E+00 -3.623570E+02 1.934770E+05 1.845466E+05 1.753113E+05 2.088815E+03 1.000000E+00 0.000000E+00
2.233000E+00 1.267406E+05 3.552993E+04 1.385823E+05 8.356711E+01 1.104030E+02 -3.605363E+02 0.000000E+00 -3.605363E+02 1.937083E+05 1.847602E+05 1.751914E+05 2.096416E+03 1.000000E+00 0.000000E+00
2.234000E+00 1.268340E+05 3.531718E+04 1.390928E+05 8.320749E+01 1.104863E+02 -3.586894E+02 0.000000E+00 -3.586894E+02 1.939311E+05 1.849663E+05 1.750698E+05 2.104015E+03 1.000000E+00 0.000000E+00
2.235000E+00 1.269235E+05 3.510634E+04 1.395988E+05 8.284974E+01 1.105696E+02 -3.568167E+02 0.000000E+00 -3.568167E+02 1.941455E+05 1.851649E+05 1.749463E+05 2.111609E+03 1.000000E+00 0.000000E+00
2.236000E+00 1.270092E+05 3.489732E+04 1.401003E+05 8.249387E+01 1.106529E+02 -3.549188E+02 0.000000E+00 -3.549188E+02 1.943515E+05 1.853560E+05 1.748208E+05 2.119198E+03 1.000000E+00 0.000000E+00
2.237000E+00 1.270911E+05 3.468997E+04 1.405973E+05 8.213991E+01 1.107362E+02 -3.529962E+02 0.000000E+00 -3.529962E+02 1.945492E+05 1.855396E+05 1.746933E+05 2.126777E+03 1.000000E+00 0.000000E+00
2.238000E+00 1.271692E+05 3.448425E+04 1.410896E+05 8.178789E+01 1.108195E+02 -3.510495E+02 0.000000E+00 -3.510495E+02 1.947386E+05 1.857158E+05 1.745637E+05 2.134347E+03 1.000000E+00 0.000000E+00
2.239000E+00 1.272433E+05 3.428008E+04 1.415773E+05 8.143782E+01 1.109028E+02 -3.490792E+02 0.000000E+00 -3.490792E+02 1.949198E+05 1.858845E+05 1.744321E+05 2.141905E+03 1.000000E+00 0.000000E+00
2.240000E+00 1.273136E+05 3.407740E+04 1.420604E+05 8.108973E+01 1.109861E+02 -3.470858E+02 0.000000E+00 -3.470858E+02 1.950927E+05 1.860457E+05 1.742984E+05 2.149450E+03 1.000000E+00 0.000000E+00
2.241000E+00 1.273800E+05 3.387602E+04 1.425387E+05 8.074366E+01 1.110694E+02 -3.450699E+02 0.000000E+00 -3.450699E+02 1.952575E+05 1.861995E+05 1.741624E+05 2.156979E+03 1.000000E+00 0.000000E+00
2.242000E+00 1.274425E+05 3.367587E+04 1.430123E+05 8.039960E+01 1.111527E+02 -3.430318E+02 0.000000E+00 -3.430318E+02 1.954142E+05 1.863460E+05 1.740241E+05 2.164489E+03 1.000000E+00 0.000000E+00
2.243000E+00 1.275011E+05 3.347699E+04 1.434811E+05 8.005760E+01 1.112360E+02 -3.409722E+02 0.000000E+00 -3.409722E+02 1.955628E+05 1.864851E+05 1.738836E+05 2.171981E+03 1.000000E+00 0.000000E+00
2.244000E+00 1.275557E+05 3.327930E+04 1.439451E+05 7.971767E+01 1.113193E+02 -3.388915E+02 0.000000E+00 -3.388915E+02 1.957033E+05 1.866168E+05 1.737408E+05 2.179452E+03 1.000000E+00 0.000000E+00
2.245000E+00 1.276064E+05 3.308277E+04 1.444042E+05 7.937982E+01 1.114026E+02 -3.367901E+02 0.000000E+00 -3.367901E+02 1.958358E+05 1.867412E+05 1.735958E+05 2.186901E+03 1.000000E+00 0.000000E+00
2.246000E+00 1.276531E+05 3.288709E+04 1.448584E+05 7.904409E+01 1.114859E+02 -3.346687E+02 0.000000E+00 -3.346687E+02 1.959603E+05 1.868583E+05 1.734483E+05 2.194323E+03 1.000000E+00 0.000000E+00
2.247000E+00 1.276959E+05 3.269243E+04 1.453077E+05 7.871049E+01 1.115692E+02 -3.325276E+02 0.000000E+00 -3.325276E+02 1.960770E+05 1.869681E+05 1.732984E+05 2.201719E+03 1.000000E+00 0.000000E+00
2.248000E+00 1.277346E+05 3.249879E+04 1.457520E+05 7.837904E+01 1.116525E+02 -3.303673E+02 0.000000E+00 -3.303673E+02 1.961857E+05 1.870707E+05 1.731462E+05 2.209088E+03 1.000000E+00 0.000000E+00
2.249000E+00 1.277694E+05 3.230615E+04 1.461914E+05 7.804976E+01 1.117358E+02 -3.281882E+02 0.000000E+00 -3.281882E+02 1.962866E+05 1.871661E+05 1.729918E+05 2.216429E+03 1.000000E+00 0.000000E+00
2.250000E+00 1.278002E+05 3.211445E+04 1.466258E+05 7.772267E+01 1.118191E+02 -3.259909E+02 0.000000E+00 -3.259909E+02 1.963797E+05 1.872543E+05 1.728350E+05 2.223740E+03 1.000000E+00 0.000000E+00
2.251000E+00 1.278269E+05 3.192341E+04 1.470551E+05 7.739779E+01 1.119024E+02 -3.237758E+02 0.000000E+00 -3.237758E+02 1.964650E+05 1.873354E+05 1.726756E+05 2.231015E+03 1.000000E+00 0.000000E+00
2.252000E+00 1.278496E+05 3.173333E+04 1.474793E+05 7.707513E+01 1.119857E+02 -3.215433E+02 0.000000E+00 -3.215433E+02 1.965426E+05 1.874093E+05 1.725141E+05 2.238258E+03 1.000000E+00 0.000000E+00
2.253000E+00 1.278684E+05 3.154422E+04 1.478985E+05 7.675471E+01 1.120690E+02 -3.192938E+02 0.000000E+00 -3.192938E+02 1.966126E+05 1.874762E+05 1.723503E+05 2.245468E+03 1.000000E+00 0.000000E+00
2.254000E+00 1.278831E+05 3.135609E+04 1.483125E+05 7.643655E+01 1.121523E+02 -3.170280E+02 0.000000E+00 -3.170280E+02 1.966749E+05 1.875361E+05 1.721843E+05 2.252644E+03 1.000000E+00 0.000000E+00
2.255000E+00 1.278937E+05 3.116879E+04 1.487214E+05 7.612066E+01 1.122356E+02 -3.147461E+02 0.000000E+00 -3.147461E+02 1.967296E+05 1.875889E+05 1.720161E+05 2.259782E+03 1.000000E+00 0.000000E+00
2.256000E+00 1.279004E+05 3.098228E+04 1.491251E+05 7.580706E+01 1.123189E+02 -3.124487E+02 0.000000E+00 -3.124487E+02 1.967768E+05 1.876348E+05 1.718456E+05 2.266881E+03 1.000000E+00 0.000000E+00
2.257000E+00 1.279030E+05 3.079682E+04 1.495236E+05 7.549576E+01 1.124022E+02 -3.101361E+02 0.000000E+00 -3.101361E+02 1.968165E+05 1.876738E+05 1.716731E+05 2.273943E+03 1.000000E+00 0.000000E+00
2.258000E+00 1.279017E+05 3.061246E+04 1.499169E+05 7.518679E+01 1.124855E+02 -3.078090E+02 0.000000E+00 -3.078090E+02 1.968487E+05 1.877060E+05 1.714987E+05 2.280968E+03 1.000000E+00 0.000000E+00
2.259000E+00 1.278964E+05 3.042924E+04 1.503050E+05 7.488015E+01 1.125688E+02 -3.054676E+02 0.000000E+00 -3.054676E+02 1.968735E+05 1.877313E+05 1.713224E+05 2.287955E+03 1.000000E+00 0.000000E+00
2.260000E+00 1.278871E+05 3.024690E+04 1.506878E+05 7.457586E+01 1.126521E+02 -3.031125E+02 0.000000E+00 -3.031125E+02 1.968909E+05 1.877499E+05 1.711441E+05 2.294899E+03 1.000000E+00 0.000000E+00
2.261000E+00 1.278738E+05 3.006570E+04 1.510654E+05 7.427393E+01 1.127354E+02 -3.007442E+02 0.000000E+00 -3.007442E+02 1.969011E+05 1.877618E+05 1.709639E+05 2.301803E+03 1.000000E+00 0.000000E+00
2.262000E+00 1.278567E+05 2.988580E+04 1.514376E+05 7.397438E+01 1.128187E+02 -2.983631E+02 0.000000E+00 -2.983631E+02 1.969041E+05 1.877671E+05 1.707822E+05 2.308668E+03 1.000000E+00 0.000000E+00
2.263000E+00 1.278356E+05 2.970728E+04 1.518046E+05 7.367721E+01 1.129020E+02 -2.959696E+02 0.000000E+00 -2.959696E+02 1.968999E+05 1.877658E+05 1.705991E+05 2.315493E+03 1.000000E+00 0.000000E+00
2.264000E+00 1.278107E+05 2.953021E+04 1.521662E+05 7.338244E+01 1.129853E+02 -2.935643E+02 0.000000E+00 -2.935643E+02 1.968885E+05 1.877581E+05 1.704145E+05 2.322280E+03 1.000000E+00 0.000000E+00
2.265000E+00 1.277819E+05 2.935423E+04 1.525225E+05 7.309008E+01 1.130686E+02 -2.911474E+02 0.000000E+00 -2.911474E+02 1.968702E+05 1.877439E+05 1.702283E+05 2.329021E+03 1.000000E+00 0.000000E+00
2.266000E+00 1.277493E+05 2.917985E+04 1.528734E+05 7.280015E+01 1.131519E+02 -2.887195E+02 0.000000E+00 -2.887195E+02 1.968447E+05 1.877233E+05 1.700410E+05 2.335723E+03 1.000000E+00 0.000000E+00
2.267000E+00 1.277129E+05 2.900714E+04 1.532190E+05 7.251265E+01 1.132352E+02 -2.862812E+02 0.000000E+00 -2.862812E+02 1.968123E+05 1.876964E+05 1.698526E+05 2.342386E+03 1.000000E+00 0.000000E+00
2.268000E+00 1.276728E+05 2.883619E+04 1.535592E+05 7.222759E+01 1.133185E+02 -2.838330E+02 0.000000E+00 -2.838330E+02 1.967730E+05 1.876633E+05 1.696633E+05 2.349010E+03 1.000000E+00 0.000000E+00
2.269000E+00 1.276290E+05 2.866697E+04 1.538940E+05 7.194499E+01 1.134018E+02 -2.813752E+02 0.000000E+00 -2.813752E+02 1.967268E+05 1.876240E+05 1.694732E+05 2.355594E+03 1.000000E+00 0.000000E+00
2.270000E+00 1.275816E+05 2.849936E+04 1.542234E+05 7.166484E+01 1.134851E+02 -2.789085E+02 0.000000E+00 -2.789085E+02 1.966739E+05 1.875787E+05 1.692821E+05 2.362136E+03 1.000000E+00 0.000000E+00
2.271000E+00 1.275305E+05 2.833377E+04 1.545474E+05 7.138717E+01 1.135684E+02 -2.764332E+02 0.000000E+00 -2.764332E+02 1.966143E+05 1.875273E+05 1.690905E+05 2.368640E+03 1.000000E+00 0.000000E+00
2.272000E+00 1.274760E+05 2.817025E+04 1.548659E+05 7.111198E+01 1.136517E+02 -2.739500E+02 0.000000E+00 -2.739500E+02 1.965481E+05 1.874700E+05 1.688985E+05 2.375106E+03 1.000000E+00 0.000000E+00
2.273000E+00 1.274179E+05 2.800890E+04 1.551791E+05 7.083927E+01 1.137350E+02 -2.714593E+02 0.000000E+00 -2.714593E+02 1.964753E+05 1.874069E+05 1.687062E+05 2.381534E+03 1.000000E+00 0.000000E+00
2.274000E+00 1.273564E+05 2.784955E+04 1.554868E+05 7.056906E+01 1.138183E+02 -2.689616E+02 0.000000E+00 -2.689616E+02 1.963961E+05 1.873380E+05 1.685135E+05 2.387923E+03 1.000000E+00 0.000000E+00
2.275000E+00 1.272915E+05 2.769235E+04 1.557890E+05 7.030135E+01 1.139016E+02 -2.664575E+02 0.000000E+00 -2.664575E+02 1.963104E+05 1.872634E+05 1.683207E+05 2.394273E+03 1.000000E+00 0.000000E+00
2.276000E+00 1.272233E+05 2.753753E+04 1.560859E+05 7.003615E+01 1.139849E+02 -2.639474E+02 0.000000E+00 -2.639474E+02 1.962184E+05 1.871832E+05 1.681279E+05 2.400587E+03 1.000000E+00 0.000000E+00
2.277000E+00 1.271519E+05 2.738513E+04 1.563772E+05 6.977346E+01 1.140682E+02 -2.614319E+02 0.000000E+00 -2.614319E+02 1.961201E+05 1.870975E+05 1.679353E+05 2.406865E+03 1.000000E+00 0.000000E+00
2.278000E+00 1.270772E+05 2.723523E+04 1.566632E+05 6.951329E+01 1.141515E+02 -2.589114E+02 0.000000E+00 -2.589114E+02 1.960157E+05 1.870064E+05 1.677431E+05 2.413108E+03 1.000000E+00 0.000000E+00
2.279000E+00 1.269994E+05 2.708756E+04 1.569437E+05 6.925564E+01 1.142348E+02 -2.563866E+02 0.000000E+00 -2.563866E+02 1.959051E+05 1.869100E+05 1.675509E+05 2.419310E+03 1.000000E+00 0.000000E+00
2.280000E+00 1.269186E+05 2.694242E+04 1.572187E+05 6.900052E+01 1.143181E+02 -2.538580E+02 0.000000E+00 -2.538580E+02 1.957885E+05 1.868083E+05 1.673592E+05 2.425477E+03 1.000000E+00 0.000000E+00
2.281000E+00 1.268347E+05 2.679990E+04 1.574883E+05 6.874792E+01 1.144014E+02 -2.513260E+02 0.000000E+00 -2.513260E+02 1.956660E+05 1.867014E+05 1.671681E+05 2.431609E+03 1.000000E+00 0.000000E+00
2.282000E+00 1.267479E+05 2.666002E+04 1.577524E+05 6.849786E+01 1.144847E+02 -2.487912E+02 0.000000E+00 -2.487912E+02 1.955377E+05 1.865894E+05 1.669776E+05 2.437705E+03 1.000000E+00 0.000000E+00
2.283000E+00 1.266581E+05 2.652276E+04 1.580111E+05 6.825034E+01 1.145680E+02 -2.462540E+02 0.000000E+00 -2.462540E+02 1.954036E+05 1.864725E+05 1.667878E+05 2.443766E+03 1.000000E+00 0.000000E+00
2.284000E+00 1.265656E+05 2.638785E+04 1.582644E+05 6.800536E+01 1.146513E+02 -2.437151E+02 0.000000E+00 -2.437151E+02 1.952638E+05 1.863507E+05 1.665986E+05 2.449786E+03 1.000000E+00 0.000000E+00
2.285000E+00 1.264703E+05 2.625560E+04 1.585122E+05 6.776291E+01 1.147346E+02 -2.411750E+02 0.000000E+00 -2.411750E+02 1.951184E+05 1.862239E+05 1.664101E+05 2.455770E+03 1.000000E+00 0.000000E+00
2.286000E+00 1.263723E+05 2.612600E+04 1.587546E+05 6.752301E+01 1.148179E+02 -2.386341E+02 0.000000E+00 -2.386341E+02 1.949675E+05 1.860925E+05 1.662226E+05 2.461718E+03 1.000000E+00 0.000000E+00
2.287000E+00 1.262717E+05 2.599903E+04 1.589916E+05 6.728564E+01 1.149012E+02 -2.360929E+02 0.000000E+00 -2.360929E+02 1.948111E+05 1.859563E+05 1.660360E+05 2.467629E+03 1.000000E+00 0.000000E+00
2.288000E+00 1.261685E+05 2.587447E+04 1.592232E+05 6.705082E+01 1.149845E+02 -2.335521E+02 0.000000E+00 -2.335521E+02 1.946494E+05 1.858156E+05 1.658501E+05 2.473498E+03 1.000000E+00 0.000000E+00
2.289000E+00 1.260628E+05 2.575222E+04 1.594494E+05 6.681854E+01 1.150678E+02 -2.310120E+02 0.000000E+00 -2.310120E+02 1.944824E+05 1.856703E+05 1.656649E+05 2.479326E+03 1.000000E+00 0.000000E+00
2.290000E+00 1.259545E+05 2.563243E+04 1.596702E+05 6.658880E+01 1.151511E+02 -2.284732E+02 0.000000E+00 -2.284732E+02 1.943103E+05 1.855205E+05 1.654807E+05 2.485113E+03 1.000000E+00 0.000000E+00
2.291000E+00 1.258439E+05 2.551502E+04 1.598856E+05 6.636159E+01 1.152344E+02 -2.259362E+02 0.000000E+00 -2.259362E+02 1.941331E+05 1.853664E+05 1.652973E+05 2.490857E+03 1.000000E+00 0.000000E+00
2.292000E+00 1.257309E+05 2.539992E+04 1.600956E+05 6.613692E+01 1.153177E+02 -2.234013E+02 0.000000E+00 -2.234013E+02 1.939509E+05 1.852080E+05 1.651147E+05 2.496558E+03 1.000000E+00 0.000000E+00
2.293000E+00 1.256155E+05 2.528668E+04 1.603002E+05 6.591479E+01 1.154010E+02 -2.208691E+02 0.000000E+00 -2.208691E+02 1.937637E+05 1.850453E+05 1.649326E+05 2.502209E+03 1.000000E+00 0.000000E+00
2.294000E+00 1.254979E+05 2.517537E+04 1.604996E+05 6.569518E+01 1.154843E+02 -2.183401E+02 0.000000E+00 -2.183401E+02 1.935718E+05 1.848784E+05 1.647510E+05 2.507809E+03 1.000000E+00 0.000000E+00
2.295000E+00 1.253779E+05 2.506598E+04 1.606936E+05 6.547811E+01 1.155676E+02 -2.158145E+02 0.000000E+00 -2.158145E+02 1.933750E+05 1.847074E+05 1.645700E+05 2.513359E+03 1.000000E+00 0.000000E+00
2.296000E+00 1.252558E+05 2.495838E+04 1.608823E+05 6.526355E+01 1.156509E+02 -2.132929E+02 0.000000E+00 -2.132929E+02 1.931736E+05 1.845323E+05 1.643895E+05 2.518856E+03 1.000000E+00 0.000000E+00
2.297000E+00 1.251314E+05 2.485241E+04 1.610657E+05 6.505152E+01 1.157342E+02 -2.107756E+02 0.000000E+00 -2.107756E+02 1.929676E+05 1.843532E+05 1.642093E+05 2.524297E+03 1.000000E+00 0.000000E+00
2.298000E+00 1.250049E+05 2.474730E+04 1.612438E+05 6.484200E+01 1.158175E+02 -2.082631E+02 0.000000E+00 -2.082631E+02 1.927571E+05 1.841701E+05 1.640288E+05 2.529669E+03 1.000000E+00 0.000000E+00
2.299000E+00 1.248761E+05 2.464342E+04 1.614166E+05 6.463499E+01 1.159008E+02 -2.057556E+02 0.000000E+00 -2.057556E+02 1.925421E+05 1.839830E+05 1.638483E+05 2.534978E+03 1.000000E+00 0.000000E+00
2.300000E+00 1.247452E+05 2.454056E+04 1.615842E+05 6.443049E+01 1.159841E+02 -2.032535E+02 0.000000E+00 -2.032535E+02 1.923227E+05 1.837920E+05 1.636676E+05 2.540220E+03 1.000000E+00 0.000000E+00
2.301000E+00 1.246122E+05 2.443853E+04 1.617466E+05 6.422848E+01 1.160674E+02 -2.007572E+02 0.000000E+00 -2.007572E+02 1.920990E+05 1.835971E+05 1.634866E+05 2.545391E+03 1.000000E+00 0.000000E+00
2.302000E+00 1.244770E+05 2.433689E+04 1.619038E+05 6.402897E+01 1.161507E+02 -1.982669E+02 0.000000E+00 -1.982669E+02 1.918711E+05 1.833984E+05 1.633048E+05 2.550483E+03 1.000000E+00 0.000000E+00
2.303000E+00 1.243396E+05 2.423501E+04 1.620558E+05 6.383195E+01 1.162340E+02 -1.957828E+02 0.000000E+00 -1.957828E+02 1.916390E+05 1.831958E+05 1.631217E+05 2.555487E+03 1.000000E+00 0.000000E+00
2.304000E+00 1.242000E+05 2.413319E+04 1.622026E+05 6.363740E+01 1.163173E+02 -1.933053E+02 0.000000E+00 -1.933053E+02 1.914027E+05 1.829894E+05 1.629375E+05 2.560404E+03 1.000000E+00 0.000000E+00
2.305000E+00 1.240583E+05 2.403114E+04 1.623443E+05 6.344533E+01 1.164006E+02 -1.908345E+02 0.000000E+00 -1.908345E+02 1.911624E+05 1.827792E+05 1.627519E+05 2.565231E+03 1.000000E+00 0.000000E+00
2.306000E+00 1.239142E+05 2.392862E+04 1.624808E+05 6.325573E+01 1.164839E+02 -1.883706E+02 0.000000E+00 -1.883706E+02 1.909180E+05 1.825651E+05 1.625648E+05 2.569961E+03 1.000000E+00 0.000000E+00
2.307000E+00 1.237680E+05 2.382475E+04 1.626123E+05 6.306859E+01 1.165672E+02 -1.859138E+02 0.000000E+00 -1.859138E+02 1.906696E+05 1.823472E+05 1.623751E+05 2.574580E+03 1.000000E+00 0.000000E+00
2.308000E+00 1.236194E+05 2.371931E+04 1.627387E+05 6.288390E+01 1.166505E+02 -1.834642E+02 0.000000E+00 -1.834642E+02 1.904173E+05 1.821255E+05 1.621828E+05 2.579083E+03 1.000000E+00 0.000000E+00
2.309000E+00 1.234684E+05 2.361242E+04 1.628600E+05 6.270166E+01 1.167338E+02 -1.810219E+02 0.000000E+00 -1.810219E+02 1.901611E+05 1.819000E+05 1.619879E+05 2.583470E+03 1.000000E+00 0.000000E+00
2.310000E+00 1.233150E+05 2.350375E+04 1.629763E+05 6.252185E+01 1.168171E+02 -1.785870E+02 0.000000E+00 -1.785870E+02 1.899010E+05 1.816706E+05 1.617900E+05 2.587735E+03 1.000000E+00 0.000000E+00
2.311000E+00 1.231592E+05 2.339301E+04 1.630875E+05 6.234448E+01 1.169004E+02 -1.761594E+02 0.000000E+00 -1.761594E+02 1.896371E+05 1.814373E+05 1.615888E+05 2.591870E+03 1.000000E+00 0.000000E+00
2.312000E+00 1.230007E+05 2.327872E+04 1.631938E+05 6.216953E+01 1.169837E+02 -1.737393E+02 0.000000E+00 -1.737393E+02 1.893693E+05 1.812001E+05 1.613829E+05 2.595851E+03 1.000000E+00 0.000000E+00
2.313000E+00 1.228397E+05 2.316138E+04 1.632951E+05 6.199700E+01 1.170670E+02 -1.713265E+02 0.000000E+00 -1.713265E+02 1.890978E+05 1.809589E+05 1.611726E+05 2.599684E+03 1.000000E+00 0.000000E+00
2.314000E+00 1.226759E+05 2.304085E+04 1.633915E+05 6.182688E+01 1.171503E+02 -1.689210E+02 0.000000E+00 -1.689210E+02 1.888224E+05 1.807137E+05 1.609578E+05 2.603363E+03 1.000000E+00 0.000000E+00
2.315000E+00 1.225093E+05 2.291676E+04 1.634829E+05 6.165916E+01 1.172336E+02 -1.665226E+02 0.000000E+00 -1.665226E+02 1.885432E+05 1.804644E+05 1.607381E+05 2.606882E+03 1.000000E+00 0.000000E+00
2.316000E+00 1.223398E+05 2.278856E+04 1.635695E+05 6.149383E+01 1.173169E+02 -1.641313E+02 0.000000E+00 -1.641313E+02 1.882603E+05 1.802110E+05 1.605129E+05 2.610228E+03 1.000000E+00 0.000000E+00
2.317000E+00 1.221673E+05 2.265465E+04 1.636511E+05 6.133089E+01 1.174002E+02 -1.617468E+02 0.000000E+00 -1.617468E+02 1.879735E+05 1.799534E+05 1.602805E+05 2.613373E+03 1.000000E+00 0.000000E+00
2.318000E+00 1.219917E+05 2.251599E+04 1.637279E+05 6.117033E+01 1.174835E+02 -1.593690E+02 0.000000E+00 -1.593690E+02 1.876829E+05 1.796916E+05 1.600418E+05 2.616331E+03 1.000000E+00 0.000000E+00
2.319000E+00 1.218128E+05 2.237227E+04 1.637999E+05 6.101215E+01 1.175668E+02 -1.569976E+02 0.000000E+00 -1.569976E+02 1.873885E+05 1.794254E+05 1.597964E+05 2.619092E+03 1.000000E+00 0.000000E+00
2.320000E+00 1.216305E+05 2.222309E+04 1.638670E+05 6.085634E+01 1.176501E+02 -1.546323E+02 0.000000E+00 -1.546323E+02 1.870902E+05 1.791549E+05 1.595439E+05 2.621648E+03 1.000000E+00 0.000000E+00
2.321000E+00 1.214448E+05 2.206726E+04 1.639293E+05 6.070288E+01 1.177334E+02 -1.522727E+02 0.000000E+00 -1.522727E+02 1.867880E+05 1.788798E+05 1.592829E+05 2.623976E+03 1.000000E+00 0.000000E+00
2.322000E+00 1.212553E+05 2.190404E+04 1.639869E+05 6.055179E+01 1.178167E+02 -1.499186E+02 0.000000E+00 -1.499186E+02 1.864819E+05 1.786001E+05 1.590127E+05 2.626061E+03 1.000000E+00 0.000000E+00
2.323000E+00 1.210621E+05 2.173416E+04 1.640397E+05 6.040304E+01 1.179000E+02 -1.475694E+02 0.000000E+00 -1.475694E+02 1.861718E+05 1.783158E+05 1.587338E+05 2.627911E+03 1.000000E+00 0.000000E+00
2.324000E+00 1.208650E+05 2.155732E+04 1.640877E+05 6.025665E+01 1.179833E+02 -1.452249E+02 0.000000E+00 -1.452249E+02 1.858577E+05 1.780266E+05 1.584459E+05 2.629518E+03 1.000000E+00 0.000000E+00
2.325000E+00 1.206637E+05 2.137314E+04 1.641310E+05 6.011259E+01 1.180666E+02 -1.428844E+02 0.000000E+00 -1.428844E+02 1.855394E+05 1.777326E+05 1.581485E+05 2.630871E+03 1.000000E+00 0.000000E+00
2.326000E+00 1.204582E+05 2.117958E+04 1.641695E+05 5.997088E+01 1.181499E+02 -1.405476E+02 0.000000E+00 -1.405476E+02 1.852171E+05 1.774335E+05 1.578394E+05 2.631934E+03 1.000000E+00 0.000000E+00
2.327000E+00 1.202483E+05 2.097723E+04 1.642034E+05 5.983150E+01 1.182332E+02 -1.382139E+02 0.000000E+00 -1.382139E+02 1.848905E+05 1.771293E+05 1.575190E+05 2.632711E+03 1.000000E+00 0.000000E+00
2.328000E+00 1.200338E+05 2.076642E+04 1.642326E+05 5.969445E+01 1.183165E+02 -1.358827E+02 0.000000E+00 -1.358827E+02 1.845596E+05 1.768198E+05 1.571877E+05 2.633205E+03 1.000000E+00 0.000000E+00
2.329000E+00 1.198146E+05 2.054687E+04 1.642571E+05 5.955973E+01 1.183998E+02 -1.335533E+02 0.000000E+00 -1.335533E+02 1.842244E+05 1.765050E+05 1.568449E+05 2.633406E+03 1.000000E+00 0.000000E+00
2.330000E+00 1.195904E+05 2.031825E+04 1.642769E+05 5.942734E+01 1.184831E+02 -1.312253E+02 0.000000E+00 -1.312253E+02 1.838846E+05 1.761847E+05 1.564903E+05 2.633305E+03 1.000000E+00 0.000000E+00
2.331000E+00 1.193611E+05 2.007748E+04 1.642920E+05 5.929728E+01 1.185664E+02 -1.288978E+02 0.000000E+00 -1.288978E+02 1.835403E+05 1.758587E+05 1.561206E+05 2.632845E+03 1.000000E+00 0.000000E+00
2.332000E+00 1.191265E+05 1.982697E+04 1.643025E+05 5.916954E+01 1.186497E+02 -1.265702E+02 0.000000E+00 -1.265702E+02 1.831914E+05 1.755269E+05 1.557380E+05 2.632063E+03 1.000000E+00 0.000000E+00
2.333000E+00 1.188865E+05 1.956644E+04 1.643084E+05 5.904414E+01 1.187330E+02 -1.242418E+02 0.000000E+00 -1.242418E+02 1.828376E+05 1.751893E+05 1.553421E+05 2.630949E+03 1.000000E+00 0.000000E+00
2.334000E+00 1.186408E+05 1.929567E+04 1.643096E+05 5.892106E+01 1.188163E+02 -1.219119E+02 0.000000E+00 -1.219119E+02 1.824790E+05 1.748455E+05 1.549326E+05 2.629495E+03 1.000000E+00 0.000000E+00
2.335000E+00 1.183892E+05 1.901352E+04 1.643061E+05 5.880032E+01 1.188996E+02 -1.195796E+02 0.000000E+00 -1.195796E+02 1.821154E+05 1.744956E+05 1.545082E+05 2.627676E+03 1.000000E+00 0.000000E+00
2.336000E+00 1.181317E+05 1.871833E+04 1.642980E+05 5.868190E+01 1.189829E+02 -1.172442E+02 0.000000E+00 -1.172442E+02 1.817467E+05 1.741393E+05 1.540670E+05 2.625460E+03 1.000000E+00 0.000000E+00
2.337000E+00 1.178679E+05 1.841215E+04 1.642853E+05 5.856583E+01 1.190662E+02 -1.149048E+02 0.000000E+00 -1.149048E+02 1.813727E+05 1.737765E+05 1.536109E+05 2.622876E+03 1.000000E+00 0.000000E+00
2.338000E+00 1.175978E+05 1.809476E+04 1.642679E+05 5.845209E+01 1.191495E+02 -1.125606E+02 0.000000E+00 -1.125606E+02 1.809933E+05 1.734071E+05 1.531396E+05 2.619916E+03 1.000000E+00 0.000000E+00
2.339000E+00 1.173211E+05 1.776604E+04 1.642459E+05 5.834071E+01 1.192328E+02 -1.102107E+02 0.000000E+00 -1.102107E+02 1.806084E+05 1.730309E+05 1.526527E+05 2.616572E+03 1.000000E+00 0.000000E+00
2.340000E+00 1.170376E+05 1.742385E+04 1.642192E+05 5.823167E+01 1.193161E+02 -1.078544E+02 0.000000E+00 -1.078544E+02 1.802178E+05 1.726478E+05 1.521479E+05 2.612803E+03 1.000000E+00 0.000000E+00
2.341000E+00 1.167472E+05 1.706847E+04 1.641878E+05 5.812500E+01 1.193994E+02 -1.054905E+02 0.000000E+00 -1.054905E+02 1.798214E+05 1.722575E+05 1.516253E+05 2.608608E+03 1.000000E+00 0.000000E+00
2.342000E+00 1.164497E+05 1.670130E+04 1.641518E+05 5.802070E+01 1.194827E+02 -1.031184E+02 0.000000E+00 -1.031184E+02 1.794191E+05 1.718601E+05 1.510863E+05 2.604006E+03 1.000000E+00 0.000000E+00
2.343000E+00 1.161449E+05 1.632223E+04 1.641111E+05 5.791877E+01 1.195660E+02 -1.007370E+02 0.000000E+00 -1.007370E+02 1.790106E+05 1.714552E+05 1.505304E+05 2.598991E+03 1.000000E+00 0.000000E+00
2.344000E+00 1.158327E+05 1.593124E+04 1.640657E+05 5.781923E+01 1.196493E+02 -9.834539E+01 0.000000E+00 -9.834539E+01 1.785959E+05 1.710428E+05 1.499574E+05 2.593556E+03 1.000000E+00 0.000000E+00
2.345000E+00 1.155128E+05 1.552510E+04 1.640156E+05 5.772208E+01 1.197326E+02 -9.594271E+01 0.000000E+00 -9.594271E+01 1.781747E+05 1.706228E+05 1.493640E+05 2.587641E+03 1.000000E+00 0.000000E+00
2.346000E+00 1.151852E+05 1.510636E+04 1.639608E+05 5.762734E+01 1.198159E+02 -9.352799E+01 0.000000E+00 -9.352799E+01 1.777470E+05 1.701949E+05 1.487526E+05 2.581285E+03 1.000000E+00 0.000000E+00
2.347000E+00 1.148496E+05 1.467561E+04 1.639012E+05 5.753503E+01 1.198992E+02 -9.110028E+01 0.000000E+00 -9.110028E+01 1.773125E+05 1.697590E+05 1.481235E+05 2.574493E+03 1.000000E+00 0.000000E+00
2.348000E+00 1.145060E+05 1.423284E+04 1.638369E+05 5.744515E+01 1.199825E+02 -8.865867E+01 0.000000E+00 -8.865867E+01 1.768711E+05 1.693150E+05 1.474766E+05 2.567260E+03 1.000000E+00 0.000000E+00
2.349000E+00 1.141541E+05 1.377760E+04 1.637677E+05 5.735772E+01 1.200658E+02 -8.620223E+01 0.000000E+00 -8.620223E+01 1.764226E+05 1.688628E+05 1.468112E+05 2.559572E+03 1.000000E+00 0.000000E+00
2.350000E+00 1.137939E+05 1.330720E+04 1.636938E+05 5.727275E+01 1.201491E+02 -8.373001E+01 0.000000E+00 -8.373001E+01 1.759668E+05 1.684022E+05 1.461245E+05 2.551378E+03 1.000000E+00 0.000000E+00
2.351000E+00 1.134252E+05 1.282499E+04 1.636150E+05 5.719026E+01 1.202324E+02 -8.124109E+01 0.000000E+00 -8.124109E+01 1.755036E+05 1.679331E+05 1.454196E+05 2.542733E+03 1.000000E+00 0.000000E+00
2.352000E+00 1.130478E+05 1.233115E+04 1.635314E+05 5.711027E+01 1.203157E+02 -7.873455E+01 0.000000E+00 -7.873455E+01 1.750329E+05 1.674554E+05 1.446965E+05 2.533634E+03 1.000000E+00 0.000000E+00
2.353000E+00 1.126617E+05 1.182580E+04 1.634429E+05 5.703280E+01 1.203990E+02 -7.620952E+01 0.000000E+00 -7.620952E+01 1.745543E+05 1.669689E+05 1.439553E+05 2.524079E+03 1.000000E+00 0.000000E+00
2.354000E+00 1.122667E+05 1.130748E+04 1.633494E+05 5.695786E+01 1.204823E+02 -7.366511E+01 0.000000E+00 -7.366511E+01 1.740679E+05 1.664735E+05 1.431942E+05 2.514038E+03 1.000000E+00 0.000000E+00
2.355000E+00 1.118629E+05 1.077583E+04 1.632510E+05 5.688547E+01 1.205656E+02 -7.110043E+01 0.000000E+00 -7.110043E+01 1.735733E+05 1.659692E+05 1.424128E+05 2.503501E+03 1.000000E+00 0.000000E+00
2.356000E+00 1.114499E+05 1.023327E+04 1.631477E+05 5.681566E+01 1.206489E+02 -6.851462E+01 0.000000E+00 -6.851462E+01 1.730705E+05 1.654557E+05 1.416133E+05 2.492505E+03 1.000000E+00 0.000000E+00
2.357000E+00 1.110279E+05 9.680090E+03 1.630392E+05 5.674845E+01 1.207322E+02 -6.590688E+01 0.000000E+00 -6.590688E+01 1.725593E+05 1.649331E+05 1.407959E+05 2.481052E+03 1.000000E+00 0.000000E+00
2.358000E+00 1.105967E+05 9.116516E+03 1.629258E+05 5.668386E+01 1.208155E+02 -6.327639E+01 0.000000E+00 -6.327639E+01 1.720395E+05 1.644012E+05 1.399606E+05 2.469144E+03 1.000000E+00 0.000000E+00
2.359000E+00 1.101562E+05 8.540162E+03 1.628072E+05 5.662191E+01 1.208988E+02 -6.062239E+01 0.000000E+00 -6.062239E+01 1.715109E+05 1.638599E+05 1.391049E+05 2.456732E+03 1.000000E+00 0.000000E+00
2.360000E+00 1.097064E+05 7.952991E+03 1.626835E+05 5.656262E+01 1.209821E+02 -5.794410E+01 0.000000E+00 -5.794410E+01 1.709735E+05 1.633091E+05 1.382306E+05 2.443850E+03 1.000000E+00 0.000000E+00
2.361000E+00 1.092473E+05 7.356405E+03 1.625546E+05 5.650602E+01 1.210654E+02 -5.524079E+01 0.000000E+00 -5.524079E+01 1.704269E+05 1.627487E+05 1.373390E+05 2.430519E+03 1.000000E+00 0.000000E+00
2.362000E+00 1.087787E+05 6.750810E+03 1.624205E+05 5.645215E+01 1.211487E+02 -5.251179E+01 0.000000E+00 -5.251179E+01 1.698712E+05 1.621788E+05 1.364303E+05 2.416743E+03 1.000000E+00 0.000000E+00
2.363000E+00 1.083008E+05 6.136522E+03 1.622811E+05 5.640101E+01 1.212320E+02 -4.975645E+01 0.000000E+00 -4.975645E+01 1.693061E+05 1.615991E+05 1.355049E+05 2.402526E+03 1.000000E+00 0.000000E+00
2.364000E+00 1.078135E+05 5.510366E+03 1.621363E+05 5.635264E+01 1.213153E+02 -4.697414E+01 0.000000E+00 -4.697414E+01 1.687316E+05 1.610098E+05 1.345593E+05 2.387808E+03 1.000000E+00 0.000000E+00
2.365000E+00 1.073168E+05 4.876429E+03 1.619863E+05 5.630707E+01 1.213986E+02 -4.416425E+01 0.000000E+00 -4.416425E+01 1.681474E+05 1.604106E+05 1.335975E+05 2.372660E+03 1.000000E+00 0.000000E+00
2.366000E+00 1.068107E+05 4.235114E+03 1.618308E+05 5.626432E+01 1.214819E+02 -4.132626E+01 0.000000E+00 -4.132626E+01 1.675534E+05 1.598016E+05 1.326200E+05 2.357088E+03 1.000000E+00 0.000000E+00
2.367000E+00 1.062952E+05 3.586910E+03 1.616698E+05 5.622443E+01 1.215652E+02 -3.845966E+01 0.000000E+00 -3.845966E+01 1.669495E+05 1.591827E+05 1.316269E+05 2.341098E+03 1.000000E+00 0.000000E+00
2.368000E+00 1.057704E+05 2.931282E+03 1.615034E+05 5.618741E+01 1.216485E+02 -3.556402E+01 0.000000E+00 -3.556402E+01 1.663357E+05 1.585539E+05 1.306178E+05 2.324681E+03 1.000000E+00 0.000000E+00
2.369000E+00 1.052363E+05 2.267316E+03 1.613313E+05 5.615331E+01 1.217318E+02 -3.263887E+01 0.000000E+00 -3.263887E+01 1.657117E+05 1.579151E+05 1.295917E+05 2.307819E+03 1.000000E+00 0.000000E+00
2.370000E+00 1.046929E+05 1.597989E+03 1.611537E+05 5.612214E+01 1.218151E+02 -2.968386E+01 0.000000E+00 -2.968386E+01 1.650775E+05 1.572665E+05 1.285514E+05 2.290564E+03 1.000000E+00 0.000000E+00
2.371000E+00 1.041404E+05 9.237528E+02 1.609704E+05 5.609395E+01 1.218984E+02 -2.669866E+01 0.000000E+00 -2.669866E+01 1.644330E+05 1.566079E+05 1.274973E+05 2.272925E+03 1.000000E+00 0.000000E+00
2.372000E+00 1.035788E+05 2.451565E+02 1.607814E+05 5.606876E+01 1.219817E+02 -2.368302E+01 0.000000E+00 -2.368302E+01 1.637780E+05 1.559393E+05 1.264300E+05 2.254911E+03 1.000000E+00 0.000000E+00
2.373000E+00 1.030081E+05 -4.390024E+02 1.605866E+05 5.604659E+01 1.220650E+02 -2.063670E+01 0.000000E+00 -2.063670E+01 1.631125E+05 1.552608E+05 1.253482E+05 2.236500E+03 1.000000E+00 0.000000E+00
2.374000E+00 1.024286E+05 -1.127673E+03 1.603860E+05 5.602749E+01 1.221483E+02 -1.755950E+01 0.000000E+00 -1.755950E+01 1.624364E+05 1.545724E+05 1.242529E+05 2.217714E+03 1.000000E+00 0.000000E+00
2.375000E+00 1.018403E+05 -1.818979E+03 1.601795E+05 5.601148E+01 1.222316E+02 -1.445131E+01 0.000000E+00 -1.445131E+01 1.617497E+05 1.538741E+05 1.231460E+05 2.198585E+03 1.000000E+00 0.000000E+00
2.376000E+00 1.012433E+05 -2.512423E+03 1.599671E+05 5.599860E+01 1.223149E+02 -1.131206E+01 0.000000E+00 -1.131206E+01 1.610523E+05 1.531659E+05 1.220279E+05 2.179125E+03 1.000000E+00 0.000000E+00
2.377000E+00 1.006378E+05 -3.207424E+03 1.597487E+05 5.598887E+01 1.223982E+02 -8.141743E+00 0.000000E+00 -8.141743E+00 1.603440E+05 1.524479E+05 1.208993E+05 2.159345E+03 1.000000E+00 0.000000E+00
2.378000E+00 1.000238E+05 -3.905566E+03 1.595243E+05 5.598233E+01 1.224815E+02 -4.940371E+00 0.000000E+00 -4.940371E+00 1.596249E+05 1.517202E+05 1.197585E+05 2.139219E+03 1.000000E+00 0.000000E+00
2.379000E+00 9.940164E+04 -4.604386E+03 1.592938E+05 5.597900E+01 1.225648E+02 -1.708023E+00 0.000000E+00 -1.708023E+00 1.588950E+05 1.509827E+05 1.186080E+05 2.118795E+03 1.000000E+00 0.000000E+00
2.380000E+00 9.877672E+04 -5.303668E+03 1.590587E+05 5.597856E+01 1.226481E+02 9.979126E-03 0.000000E+00 9.979126E-03 1.583909E+05 1.504562E+05 1.174481E+05 2.098090E+03 0.000000E+00 0.000000E+00
2.381000E+00 9.816037E+04 -6.007949E+03 1.588221E+05 5.597856E+01 1.227314E+02 3.671115E-03 0.000000E+00 3.671115E-03 1.581510E+05 1.501790E+05 1.162741E+05 2.077118E+03 0.000000E+00 0.000000E+00
2.382000E+00 9.755782E+04 -6.717522E+03 1.585859E+05 5.597856E+01 1.228147E+02 1.350528E-03 0.000000E+00 1.350528E-03 1.579109E+05 1.499049E+05 1.150856E+05 2.055887E+03 0.000000E+00 0.000000E+00
2.383000E+00 9.696798E+04 -7.432826E+03 1.583499E+05 5.597856E+01 1.228980E+02 4.968314E-04 0.000000E+00 4.968314E-04 1.576709E+05 1.496345E+05 1.138821E+05 2.034387E+03 0.000000E+00 0.000000E+00
2.384000E+00 9.638999E+04 -8.151198E+03 1.581142E+05 5.597856E+01 1.229813E+02 1.827741E-04 0.000000E+00 1.827741E-04 1.574312E+05 1.493704E+05 1.126660E+05 2.012664E+03 0.000000E+00 0.000000E+00
2.385000E+00 9.582310E+04 -8.871739E+03 1.578788E+05 5.597856E+01 1.230646E+02 6.723882E-05 0.000000E+00 6.723882E-05 1.571919E+05 1.491112E+05 1.114383E+05 1.990732E+03 0.000000E+00 0.000000E+00
2.386000E+00 9.526663E+04 -9.593605E+03 1.576437E+05 5.597856E+01 1.231479E+02 2.473578E-05 0.000000E+00 2.473578E-05 1.569529E+05 1.488570E+05 1.101997E+05 1.968604E+03 0.000000E+00 0.000000E+00
2.387000E+00 9.471995E+04 -1.031650E+04 1.574089E+05 5.597856E+01 1.232312E+02 9.099785E-06 0.000000E+00 9.099785E-06 1.567142E+05 1.486069E+05 1.089503E+05 1.946286E+03 0.000000E+00 0.000000E+00
2.388000E+00 9.418246E+04 -1.103964E+04 1.571743E+05 5.597856E+01 1.233145E+02 3.347624E-06 0.000000E+00 3.347624E-06 1.564760E+05 1.483605E+05 1.076910E+05 1.923790E+03 0.000000E+00 0.000000E+00
2.389000E+00 9.365364E+04 -1.176135E+04 1.569401E+05 5.597856E+01 1.233978E+02 1.231522E-06 0.000000E+00 1.231522E-06 1.562380E+05 1.481172E+05 1.064234E+05 1.901146E+03 0.000000E+00 0.000000E+00
2.390000E+00 9.313299E+04 -1.248077E+04 1.567061E+05 5.597856E+01 1.234811E+02 4.530516E-07 0.000000E+00 4.530516E-07 1.560005E+05 1.478765E+05 1.051484E+05 1.878369E+03 0.000000E+00 0.000000E+00
2.391000E+00 9.262007E+04 -1.319711E+04 1.564725E+05 5.597856E+01 1.235644E+02 1.666684E-07 0.000000E+00 1.666684E-07 1.557633E+05 1.476381E+05 1.038667E+05 1.855473E+03 0.000000E+00 0.000000E+00
2.392000E+00 9.211448E+04 -1.391009E+04 1.562391E+05 5.597856E+01 1.236477E+02 6.131387E-08 0.000000E+00 6.131387E-08 1.555264E+05 1.474016E+05 1.025787E+05 1.832464E+03 0.000000E+00 0.000000E+00
2.393000E+00 9.161584E+04 -1.461843E+04 1.560060E+05 5.597856E+01 1.237310E+02 2.255611E-08 0.000000E+00 2.255611E-08 1.552899E+05 1.471666E+05 1.012857E+05 1.809365E+03 0.000000E+00 0.000000E+00
2.394000E+00 9.112385E+04 -1.532113E+04 1.557732E+05 5.597856E+01 1.238143E+02 8.297930E-09 0.000000E+00 8.297930E-09 1.550538E+05 1.469331E+05 9.998871E+04 1.786196E+03 0.000000E+00 0.000000E+00
2.395000E+00 9.063821E+04 -1.601743E+04 1.555407E+05 5.597856E+01 1.238976E+02 3.052638E-09 0.000000E+00 3.052638E-09 1.548180E+05 1.467007E+05 9.868860E+04 1.762971E+03 0.000000E+00 0.000000E+00
2.396000E+00 9.015869E+04 -1.670661E+04 1.553085E+05 5.597856E+01 1.239809E+02 1.123003E-09 0.000000E+00 1.123003E-09 1.545826E+05 1.464694E+05 9.738618E+04 1.739705E+03 0.000000E+00 0.000000E+00
2.397000E+00 8.968508E+04 -1.738807E+04 1.550766E+05 5.597856E+01 1.240642E+02 4.131296E-10 0.000000E+00 4.131296E-10 1.543476E+05 1.462390E+05 9.608213E+04 1.716409E+03 0.000000E+00 0.000000E+00
2.398000E+00 8.921720E+04 -1.806080E+04 1.548450E+05 5.597856E+01 1.241475E+02 1.519819E-10 0.000000E+00 1.519819E-10 1.541129E+05 1.460095E+05 9.477758E+04 1.693105E+03 0.000000E+00 0.000000E+00
2.399000E+00 8.875491E+04 -1.872415E+04 1.546136E+05 5.597856E+01 1.242308E+02 5.591101E-11 0.000000E+00 5.591101E-11 1.538785E+05 1.457807E+05 9.347332E+04 1.669806E+03 0.000000E+00 0.000000E+00
2.400000E+00 8.829812E+04 -1.937748E+04 1.543826E+05 5.597856E+01 1.243141E+02 2.056851E-11 0.000000E+00 2.056851E-11 1.536445E+05 1.455528E+05 9.217011E+04 1.646525E+03 0.000000E+00 0.000000E+00
2.401000E+00 8.784672E+04 -2.002005E+04 1.541518E+05 5.597856E+01 1.243974E+02 7.566733E-12 0.000000E+00 7.566733E-12 1.534109E+05 1.453256E+05 9.086884E+04 1.623279E+03 0.000000E+00 0.000000E+00
2.402000E+00 8.740068E+04 -2.065098E+04 1.539214E+05 5.597856E+01 1.244807E+02 2.783645E-12 0.000000E+00 2.783645E-12 1.531776E+05 1.450992E+05 8.957055E+04 1.600087E+03 0.000000E+00 0.000000E+00
2.403000E+00 8.695997E+04 -2.126992E+04 1.536912E+05 5.597856E+01 1.245640E+02 1.024046E-12 0.000000E+00 1.024046E-12 1.529447E+05 1.448736E+05 8.827577E+04 1.576957E+03 0.000000E+00 0.000000E+00
2.404000E+00 8.652456E+04 -2.187633E+04 1.534613E+05 5.597856E+01 1.246473E+02 3.767254E-13 0.000000E+00 3.767254E-13 1.527121E+05 1.446489E+05 8.698521E+04 1.553902E+03 0.000000E+00 0.000000E+00
2.405000E+00 8.609449E+04 -2.246971E+04 1.532318E+05 5.597856E+01 1.247306E+02 1.385895E-13 0.000000E+00 1.385895E-13 1.524798E+05 1.444252E+05 8.569957E+04 1.530935E+03 0.000000E+00 0.000000E+00
2.406000E+00 8.566977E+04 -2.304903E+04 1.530025E+05 5.597856E+01 1.248139E+02 5.098425E-14 0.000000E+00 5.098425E-14 1.522480E+05 1.442024E+05 8.442008E+04 1.508079E+03 0.000000E+00 0.000000E+00
2.407000E+00 8.525047E+04 -2.361383E+04 1.527735E+05 5.597856E+01 1.248972E+02 1.875606E-14 0.000000E+00 1.875606E-14 1.520164E+05 1.439807E+05 8.314739E+04 1.485343E+03 0.000000E+00 0.000000E+00
2.408000E+00 8.483664E+04 -2.416407E+04 1.525448E+05 5.597856E+01 1.249805E+02 6.899967E-15 0.000000E+00 6.899967E-15 1.517853E+05 1.437601E+05 8.188179E+04 1.462735E+03 0.000000E+00 0.000000E+00
2.409000E+00 8.442835E+04 -2.469933E+04 1.523164E+05 5.597856E+01 1.250638E+02 2.538356E-15 0.000000E+00 2.538356E-15 1.515544E+05 1.435407E+05 8.062388E+04 1.440263E+03 0.000000E+00 0.000000E+00
2.410000E+00 8.402570E+04 -2.521926E+04 1.520883E+05 5.597856E+01 1.251471E+02 9.338090E-16 0.000000E+00 9.338090E-16 1.513240E+05 1.433226E+05 7.937427E+04 1.417940E+03 0.000000E+00 0.000000E+00
2.411000E+00 8.362878E+04 -2.572231E+04 1.518605E+05 5.597856E+01 1.252304E+02 3.435291E-16 0.000000E+00 3.435291E-16 1.510938E+05 1.431058E+05 7.813474E+04 1.395797E+03 0.000000E+00 0.000000E+00
2.412000E+00 8.323768E+04 -2.620905E+04 1.516330E+05 5.597856E+01 1.253137E+02 1.263773E-16 0.000000E+00 1.263773E-16 1.508641E+05 1.428905E+05 7.690496E+04 1.373829E+03 0.000000E+00 0.000000E+00
2.413000E+00 8.285253E+04 -2.667939E+04 1.514058E+05 5.597856E+01 1.253970E+02 4.649161E-17 0.000000E+00 4.649161E-17 1.506347E+05 1.426766E+05 7.568527E+04 1.352040E+03 0.000000E+00 0.000000E+00
2.414000E+00 8.247342E+04 -2.713309E+04 1.511789E+05 5.597856E+01 1.254803E+02 1.710331E-17 0.000000E+00 1.710331E-17 1.504056E+05 1.424643E+05 7.447616E+04 1.330441E+03 0.000000E+00 0.000000E+00
2.415000E+00 8.210047E+04 -2.756968E+04 1.509523E+05 5.597856E+01 1.255636E+02 6.291956E-18 0.000000E+00 6.291956E-18 1.501769E+05 1.422536E+05 7.327835E+04 1.309043E+03 0.000000E+00 0.000000E+00
2.416000E+00 8.173380E+04 -2.798769E+04 1.507260E+05 5.597856E+01 1.256469E+02 2.314681E-18 0.000000E+00 2.314681E-18 1.499485E+05 1.420446E+05 7.209358E+04 1.287878E+03 0.000000E+00 0.000000E+00
2.417000E+00 8.137353E+04 -2.838837E+04 1.505000E+05 5.597856E+01 1.257302E+02 8.515236E-19 0.000000E+00 8.515236E-19 1.497206E+05 1.418373E+05 7.092084E+04 1.266929E+03 0.000000E+00 0.000000E+00
2.418000E+00 8.101975E+04 -2.877162E+04 1.502743E+05 5.597856E+01 1.258135E+02 3.132580E-19 0.000000E+00 3.132580E-19 1.494929E+05 1.416317E+05 6.976053E+04 1.246201E+03 0.000000E+00 0.000000E+00
2.419000E+00 8.067260E+04 -2.913732E+04 1.500488E+05 5.597856E+01 1.258968E+02 1.152412E-19 0.000000E+00 1.152412E-19 1.492657E+05 1.414279E+05 6.861300E+04 1.225701E+03 0.000000E+00 0.000000E+00
2.420000E+00 8.033216E+04 -2.948456E+04 1.498237E+05 5.597856E+01 1.259801E+02 4.239486E-20 0.000000E+00 4.239486E-20 1.490388E+05 1.412260E+05 6.747945E+04 1.205452E+03 0.000000E+00 0.000000E+00
2.421000E+00 7.999854E+04 -2.981295E+04 1.495989E+05 5.597856E+01 1.260634E+02 1.559620E-20 0.000000E+00 1.559620E-20 1.488122E+05 1.410259E+05 6.636054E+04 1.185463E+03 0.000000E+00 0.000000E+00
2.422000E+00 7.967185E+04 -3.012360E+04 1.493744E+05 5.597856E+01 1.261467E+02 5.737521E-21 0.000000E+00 5.737521E-21 1.485861E+05 1.408276E+05 6.525542E+04 1.165722E+03 0.000000E+00 0.000000E+00
2.423000E+00 7.935218E+04 -3.041653E+04 1.491502E+05 5.597856E+01 1.262300E+02 2.110716E-21 0.000000E+00 2.110716E-21 1.483603E+05 1.406313E+05 6.416435E+04 1.146231E+03 0.000000E+00 0.000000E+00
2.424000E+00 7.903959E+04 -3.069176E+04 1.489263E+05 5.597856E+01 1.263133E+02 7.764890E-22 0.000000E+00 7.764890E-22 1.481348E+05 1.404368E+05 6.308755E+04 1.126995E+03 0.000000E+00 0.000000E+00
2.425000E+00 7.873417E+04 -3.094783E+04 1.487027E+05 5.597856E+01 1.263966E+02 2.856543E-22 0.000000E+00 2.856543E-22 1.479098E+05 1.402442E+05 6.202678E+04 1.108045E+03 0.000000E+00 0.000000E+00
2.426000E+00 7.843600E+04 -3.118572E+04 1.484794E+05 5.597856E+01 1.264799E+02 1.050864E-22 0.000000E+00 1.050864E-22 1.476851E+05 1.400535E+05 6.098133E+04 1.089369E+03 0.000000E+00 0.000000E+00
2.427000E+00 7.814513E+04 -3.140615E+04 1.482563E+05 5.597856E+01 1.265632E+02 3.865911E-23 0.000000E+00 3.865911E-23 1.474607E+05 1.398647E+05 5.995071E+04 1.070958E+03 0.000000E+00 0.000000E+00
2.428000E+00 7.786161E+04 -3.160928E+04 1.480336E+05 5.597856E+01 1.266465E+02 1.422189E-23 0.000000E+00 1.422189E-23 1.472368E+05 1.396777E+05 5.893506E+04 1.052815E+03 0.000000E+00 0.000000E+00
2.429000E+00 7.758547E+04 -3.179525E+04 1.478112E+05 5.597856E+01 1.267298E+02 5.231942E-24 0.000000E+00 5.231942E-24 1.470132E+05 1.394925E+05 5.793446E+04 1.034940E+03 0.000000E+00 0.000000E+00
2.430000E+00 7.731676E+04 -3.196201E+04 1.475891E+05 5.597856E+01 1.268131E+02 1.924724E-24 0.000000E+00 1.924724E-24 1.467900E+05 1.393091E+05 5.695126E+04 1.017376E+03 0.000000E+00 0.000000E+00
2.431000E+00 7.705550E+04 -3.211201E+04 1.473674E+05 5.597856E+01 1.268964E+02 7.080663E-25 0.000000E+00 7.080663E-25 1.465672E+05 1.391275E+05 5.598325E+04 1.000084E+03 0.000000E+00 0.000000E+00
2.432000E+00 7.680170E+04 -3.224545E+04 1.471459E+05 5.597856E+01 1.269797E+02 2.604830E-25 0.000000E+00 2.604830E-25 1.463448E+05 1.389476E+05 5.503046E+04 9.830630E+02 0.000000E+00 0.000000E+00
2.433000E+00 7.655535E+04 -3.236260E+04 1.469247E+05 5.597856E+01 1.270630E+02 9.582636E-26 0.000000E+00 9.582636E-26 1.461227E+05 1.387693E+05 5.409288E+04 9.663143E+02 0.000000E+00 0.000000E+00
2.434000E+00 7.631646E+04 -3.246308E+04 1.467038E+05 5.597856E+01 1.271463E+02 3.525255E-26 0.000000E+00 3.525255E-26 1.459010E+05 1.385927E+05 5.317116E+04 9.498485E+02 0.000000E+00 0.000000E+00
2.435000E+00 7.608500E+04 -3.254617E+04 1.464832E+05 5.597856E+01 1.272296E+02 1.296869E-26 0.000000E+00 1.296869E-26 1.456797E+05 1.384177E+05 5.226620E+04 9.336823E+02 0.000000E+00 0.000000E+00
2.436000E+00 7.586095E+04 -3.261384E+04 1.462630E+05 5.597856E+01 1.273129E+02 4.770913E-27 0.000000E+00 4.770913E-27 1.454588E+05 1.382442E+05 5.137632E+04 9.177857E+02 0.000000E+00 0.000000E+00
2.437000E+00 7.564427E+04 -3.266634E+04 1.460430E+05 5.597856E+01 1.273962E+02 1.755121E-27 0.000000E+00 1.755121E-27 1.452383E+05 1.380721E+05 5.050146E+04 9.021571E+02 0.000000E+00 0.000000E+00
2.438000E+00 7.543492E+04 -3.270404E+04 1.458234E+05 5.597856E+01 1.274795E+02 6.456729E-28 0.000000E+00 6.456729E-28 1.450182E+05 1.379015E+05 4.964150E+04 8.867948E+02 0.000000E+00 0.000000E+00
2.439000E+00 7.523283E+04 -3.272600E+04 1.456040E+05 5.597856E+01 1.275628E+02 2.375298E-28 0.000000E+00 2.375298E-28 1.447984E+05 1.377322E+05 4.879759E+04 8.717192E+02 0.000000E+00 0.000000E+00
2.440000E+00 7.503795E+04 -3.273290E+04 1.453850E+05 5.597856E+01 1.276461E+02 8.738233E-29 0.000000E+00 8.738233E-29 1.445790E+05 1.375642E+05 4.796926E+04 8.569219E+02 0.000000E+00 0.000000E+00
2.441000E+00 7.485020E+04 -3.272605E+04 1.451663E+05 5.597856E+01 1.277294E+02 3.214616E-29 0.000000E+00 3.214616E-29 1.443600E+05 1.373974E+05 4.715540E+04 8.423832E+02 0.000000E+00 0.000000E+00
2.442000E+00 7.466949E+04 -3.270579E+04 1.449479E+05 5.597856E+01 1.278127E+02 1.182591E-29 0.000000E+00 1.182591E-29 1.441414E+05 1.372318E+05 4.635588E+04 8.281005E+02 0.000000E+00 0.000000E+00
2.443000E+00 7.449574E+04 -3.267252E+04 1.447298E+05 5.597856E+01 1.278960E+02 4.350510E-30 0.000000E+00 4.350510E-30 1.439232E+05 1.370672E+05 4.557050E+04 8.140706E+02 0.000000E+00 0.000000E+00
2.444000E+00 7.432885E+04 -3.262483E+04 1.445120E+05 5.597856E+01 1.279793E+02 1.600463E-30 0.000000E+00 1.600463E-30 1.437054E+05 1.369037E+05 4.480085E+04 8.003216E+02 0.000000E+00 0.000000E+00
2.445000E+00 7.416872E+04 -3.256462E+04 1.442945E+05 5.597856E+01 1.280626E+02 5.887775E-31 0.000000E+00 5.887775E-31 1.434879E+05 1.367411E+05 4.404522E+04 7.868230E+02 0.000000E+00 0.000000E+00
2.446000E+00 7.401523E+04 -3.249257E+04 1.440774E+05 5.597856E+01 1.281459E+02 2.165991E-31 0.000000E+00 2.165991E-31 1.432709E+05 1.365794E+05 4.330311E+04 7.735659E+02 0.000000E+00 0.000000E+00
2.447000E+00 7.386826E+04 -3.240906E+04 1.438605E+05 5.597856E+01 1.282292E+02 7.968237E-32 0.000000E+00 7.968237E-32 1.430542E+05 1.364185E+05 4.257430E+04 7.605464E+02 0.000000E+00 0.000000E+00
2.448000E+00 7.372768E+04 -3.231422E+04 1.436440E+05 5.597856E+01 1.283125E+02 2.931351E-32 0.000000E+00 2.931351E-32 1.428379E+05 1.362583E+05 4.185884E+04 7.477655E+02 0.000000E+00 0.000000E+00
2.449000E+00 7.359337E+04 -3.220710E+04 1.434278E+05 5.597856E+01 1.283958E+02 1.078384E-32 0.000000E+00 1.078384E-32 1.426221E+05 1.360988E+05 4.115783E+04 7.352427E+02 0.000000E+00 0.000000E+00
2.450000E+00 7.346519E+04 -3.208973E+04 1.432119E+05 5.597856E+01 1.284791E+02 3.967152E-33 0.000000E+00 3.967152E-33 1.424065E+05 1.359399E+05 4.046939E+04 7.229443E+02 0.000000E+00 0.000000E+00
2.451000E+00 7.334300E+04 -3.196253E+04 1.429963E+05 5.597856E+01 1.285624E+02 1.459434E-33 0.000000E+00 1.459434E-33 1.421914E+05 1.357815E+05 3.979326E+04 7.108660E+02 0.000000E+00 0.000000E+00
2.452000E+00 7.322666E+04 -3.182584E+04 1.427810E+05 5.597856E+01 1.286457E+02 5.368956E-34 0.000000E+00 5.368956E-34 1.419767E+05 1.356237E+05 3.912921E+04 6.990035E+02 0.000000E+00 0.000000E+00
2.453000E+00 7.311601E+04 -3.167935E+04 1.425661E+05 5.597856E+01 1.287290E+02 1.975128E-34 0.000000E+00 1.975128E-34 1.417623E+05 1.354662E+05 3.847773E+04 6.873655E+02 0.000000E+00 0.000000E+00
2.454000E+00 7.301090E+04 -3.152321E+04 1.423514E+05 5.597856E+01 1.288123E+02 7.266092E-35 0.000000E+00 7.266092E-35 1.415484E+05 1.353091E+05 3.783878E+04 6.759513E+02 0.000000E+00 0.000000E+00
2.455000E+00 7.291119E+04 -3.135877E+04 1.421371E+05 5.597856E+01 1.288956E+02 2.673046E-35 0.000000E+00 2.673046E-35 1.413348E+05 1.351523E+05 3.721111E+04 6.647385E+02 0.000000E+00 0.000000E+00
2.456000E+00 7.281670E+04 -3.118644E+04 1.419231E+05 5.597856E+01 1.289789E+02 9.833586E-36 0.000000E+00 9.833586E-36 1.411216E+05 1.349957E+05 3.659446E+04 6.537228E+02 0.000000E+00 0.000000E+00
2.457000E+00 7.272729E+04 -3.100653E+04 1.417094E+05 5.597856E+01 1.290622E+02 3.617574E-36 0.000000E+00 3.617574E-36 1.409087E+05 1.348393E+05 3.598861E+04 6.428998E+02 0.000000E+00 0.000000E+00
2.458000E+00 7.264280E+04 -3.081834E+04 1.414960E+05 5.597856E+01 1.291455E+02 1.330831E-36 0.000000E+00 1.330831E-36 1.406963E+05 1.346830E+05 3.539439E+04 6.322847E+02 0.000000E+00 0.000000E+00
2.459000E+00 7.256305E+04 -3.062289E+04 1.412830E+05 5.597856E+01 1.292288E+02 4.895854E-37 0.000000E+00 4.895854E-37 1.404842E+05 1.345268E+05 3.481086E+04 6.218605E+02 0.000000E+00 0.000000E+00
2.460000E+00 7.248790E+04 -3.042096E+04 1.410702E+05 5.597856E+01 1.293121E+02 1.801084E-37 0.000000E+00 1.801084E-37 1.402725E+05 1.343706E+05 3.423733E+04 6.116150E+02 0.000000E+00 0.000000E+00
2.461000E+00 7.241718E+04 -3.021289E+04 1.408578E+05 5.597856E+01 1.293954E+02 6.625818E-38 0.000000E+00 6.625818E-38 1.400612E+05 1.342144E+05 3.367357E+04 6.015441E+02 0.000000E+00 0.000000E+00
2.462000E+00 7.235072E+04 -2.999897E+04 1.406457E+05 5.597856E+01 1.294787E+02 2.437502E-38 0.000000E+00 2.437502E-38 1.398503E+05 1.340581E+05 3.311936E+04 5.916437E+02 0.000000E+00 0.000000E+00
2.463000E+00 7.228838E+04 -2.977818E+04 1.404339E+05 5.597856E+01 1.295620E+02 8.967069E-39 0.000000E+00 8.967069E-39 1.396397E+05 1.339018E+05 3.257583E+04 5.819340E+02 0.000000E+00 0.000000E+00
2.464000E+00 7.222998E+04 -2.955220E+04 1.402225E+05 5.597856E+01 1.296453E+02 3.298800E-39 0.000000E+00 3.298800E-39 1.394295E+05 1.337453E+05 3.204135E+04 5.723860E+02 0.000000E+00 0.000000E+00
2.465000E+00 7.217537E+04 -2.932130E+04 1.400113E+05 5.597856E+01 1.297286E+02 1.213561E-39 0.000000E+00 1.213561E-39 1.392197E+05 1.335886E+05 3.151571E+04 5.629960E+02 0.000000E+00 0.000000E+00
2.466000E+00 7.212441E+04 -2.908578E+04 1.398005E+05 5.597856E+01 1.298119E+02 4.464441E-40 0.000000E+00 4.464441E-40 1.390102E+05 1.334318E+05 3.099870E+04 5.537603E+02 0.000000E+00 0.000000E+00
2.467000E+00 7.207692E+04 -2.884554E+04 1.395900E+05 5.597856E+01 1.298952E+02 1.642376E-40 0.000000E+00 1.642376E-40 1.388011E+05 1.332747E+05 3.049050E+04 5.446817E+02 0.000000E+00 0.000000E+00
2.468000E+00 7.203277E+04 -2.860031E+04 1.393798E+05 5.597856E+01 1.299785E+02 6.041964E-41 0.000000E+00 6.041964E-41 1.385924E+05 1.331173E+05 2.999139E+04 5.357657E+02 0.000000E+00 0.000000E+00
2.469000E+00 7.199180E+04 -2.835125E+04 1.391700E+05 5.597856E+01 1.300618E+02 2.222714E-41 0.000000E+00 2.222714E-41 1.383840E+05 1.329597E+05 2.950032E+04 5.269932E+02 0.000000E+00 0.000000E+00
2.470000E+00 7.195388E+04 -2.809856E+04 1.389604E+05 5.597856E+01 1.301451E+02 8.176909E-42 0.000000E+00 8.176909E-42 1.381760E+05 1.328018E+05 2.901711E+04 5.183612E+02 0.000000E+00 0.000000E+00
2.471000E+00 7.191885E+04 -2.784246E+04 1.387512E+05 5.597856E+01 1.302284E+02 3.008117E-42 0.000000E+00 3.008117E-42 1.379684E+05 1.326436E+05 2.854161E+04 5.098667E+02 0.000000E+00 0.000000E+00
2.472000E+00 7.188659E+04 -2.758252E+04 1.385423E+05 5.597856E+01 1.303117E+02 1.106624E-42 0.000000E+00 1.106624E-42 1.377611E+05 1.324850E+05 2.807428E+04 5.015183E+02 0.000000E+00 0.000000E+00
2.473000E+00 7.185696E+04 -2.731910E+04 1.383337E+05 5.597856E+01 1.303950E+02 4.071043E-43 0.000000E+00 4.071043E-43 1.375542E+05 1.323261E+05 2.761479E+04 4.933101E+02 0.000000E+00 0.000000E+00
2.474000E+00 7.182983E+04 -2.705288E+04 1.381255E+05 5.597856E+01 1.304783E+02 1.497653E-43 0.000000E+00 1.497653E-43 1.373477E+05 1.321669E+05 2.716255E+04 4.852312E+02 0.000000E+00 0.000000E+00
2.475000E+00 7.180508E+04 -2.678400E+04 1.379175E+05 5.597856E+01 1.305616E+02 5.509558E-44 0.000000E+00 5.509558E-44 1.371415E+05 1.320073E+05 2.671741E+04 4.772792E+02 0.000000E+00 0.000000E+00
2.476000E+00 7.178259E+04 -2.651264E+04 1.377099E+05 5.597856E+01 1.306449E+02 2.026853E-44 0.000000E+00 2.026853E-44 1.369356E+05 1.318473E+05 2.627926E+04 4.694522E+02 0.000000E+00 0.000000E+00
2.477000E+00 7.176223E+04 -2.623804E+04 1.375026E+05 5.597859E+01 1.307282E+02 7.456376E-45 -9.874330E-02 7.456376E-45 1.367301E+05 1.316870E+05 2.584887E+04 4.617636E+02 0.000000E+00 1.000000E+00
2.478000E+00 7.174391E+04 -2.596096E+04 1.372956E+05 5.597891E+01 1.308111E+02 2.743047E-45 -6.145236E-01 2.743047E-45 1.365250E+05 1.315263E+05 2.542553E+04 4.541984E+02 0.000000E+00 1.000000E+00
2.479000E+00 7.172753E+04 -2.568149E+04 1.370890E+05 5.597996E+01 1.308934E+02 1.009111E-45 -1.563111E+00 1.009111E-45 1.363202E+05 1.313653E+05 2.500918E+04 4.467524E+02 0.000000E+00 1.000000E+00
2.480000E+00 7.171299E+04 -2.539957E+04 1.368826E+05 5.598217E+01 1.309745E+02 3.712311E-46 -2.934961E+00 3.712311E-46 1.361158E+05 1.312039E+05 2.459991E+04 4.394241E+02 0.000000E+00 1.000000E+00
2.481000E+00 7.170021E+04 -2.511502E+04 1.366766E+05 5.598597E+01 1.310540E+02 1.365683E-46 -4.720413E+00 1.365683E-46 1.359117E+05 1.310423E+05 2.419795E+04 4.322146E+02 0.000000E+00 1.000000E+00
2.482000E+00 7.168912E+04 -2.482712E+04 1.364709E+05 5.599175E+01 1.311315E+02 5.024066E-47 -6.909591E+00 5.024066E-47 1.357079E+05 1.308803E+05 2.380405E+04 4.251350E+02 0.000000E+00 1.000000E+00
2.483000E+00 7.167966E+04 -2.453666E+04 1.362655E+05 5.599992E+01 1.312066E+02 1.848251E-47 -9.492567E+00 1.848251E-47 1.355045E+05 1.307181E+05 2.341745E+04 4.181693E+02 0.000000E+00 1.000000E+00
2.484000E+00 7.167178E+04 -2.424364E+04 1.360605E+05 5.601086E+01 1.312790E+02 6.799335E-48 -1.245939E+01 6.799335E-48 1.353014E+05 1.305556E+05 2.303820E+04 4.113167E+02 0.000000E+00 1.000000E+00
2.485000E+00 7.166541E+04 -2.394802E+04 1.358558E+05 5.602496E+01 1.313482E+02 2.501335E-48 -1.580001E+01 2.501335E-48 1.350987E+05 1.303929E+05 2.266637E+04 4.045763E+02 0.000000E+00 1.000000E+00
2.486000E+00 7.166052E+04 -2.364940E+04 1.356513E+05 5.604258E+01 1.314139E+02 9.201899E-49 -1.950429E+01 9.201899E-49 1.348963E+05 1.302301E+05 2.230241E+04 3.979548E+02 0.000000E+00 1.000000E+00
2.487000E+00 7.165707E+04 -2.334766E+04 1.354472E+05 5.606409E+01 1.314757E+02 3.385189E-49 -2.356194E+01 3.385189E-49 1.346943E+05 1.300671E+05 2.194649E+04 3.914536E+02 0.000000E+00 1.000000E+00
2.488000E+00 7.165501E+04 -2.304330E+04 1.352435E+05 5.608982E+01 1.315332E+02 1.245342E-49 -2.796269E+01 1.245342E-49 1.344926E+05 1.299040E+05 2.159812E+04 3.850630E+02 0.000000E+00 1.000000E+00
2.489000E+00 7.165433E+04 -2.273635E+04 1.350400E+05 5.612012E+01 1.315862E+02 4.581356E-50 -3.269623E+01 4.581356E-50 1.342912E+05 1.297409E+05 2.125733E+04 3.787826E+02 0.000000E+00 1.000000E+00
2.490000E+00 7.165499E+04 -2.242680E+04 1.348369E+05 5.615532E+01 1.316343E+02 1.685387E-50 -3.775222E+01 1.685387E-50 1.340902E+05 1.295776E+05 2.092416E+04 3.726122E+02 0.000000E+00 1.000000E+00
2.491000E+00 7.165697E+04 -2.211403E+04 1.346340E+05 5.619573E+01 1.316772E+02 6.200191E-51 -4.312022E+01 6.200191E-51 1.338895E+05 1.294144E+05 2.059928E+04 3.665631E+02 0.000000E+00 1.000000E+00
2.492000E+00 7.166024E+04 -2.179844E+04 1.344315E+05 5.624166E+01 1.317146E+02 2.280923E-51 -4.878971E+01 2.280923E-51 1.336892E+05 1.292511E+05 2.028234E+04 3.606283E+02 0.000000E+00 1.000000E+00
2.493000E+00 7.166480E+04 -2.148030E+04 1.342294E+05 5.629341E+01 1.317461E+02 8.391045E-52 -5.475023E+01 8.391045E-52 1.334891E+05 1.290879E+05 1.997307E+04 3.548031E+02 0.000000E+00 1.000000E+00
2.494000E+00 7.167062E+04 -2.115966E+04 1.340275E+05 5.635126E+01 1.317716E+02 3.086893E-52 -6.099130E+01 3.086893E-52 1.332894E+05 1.289247E+05 1.967151E+04 3.490874E+02 0.000000E+00 1.000000E+00
2.495000E+00 7.167768E+04 -2.083652E+04 1.338259E+05 5.641548E+01 1.317907E+02 1.135605E-52 -6.750243E+01 1.135605E-52 1.330901E+05 1.287617E+05 1.937766E+04 3.434812E+02 0.000000E+00 1.000000E+00
2.496000E+00 7.168597E+04 -2.051002E+04 1.336247E+05 5.648635E+01 1.318031E+02 4.177656E-53 -7.427304E+01 4.177656E-53 1.328911E+05 1.285987E+05 1.909245E+04 3.380011E+02 0.000000E+00 1.000000E+00
2.497000E+00 7.169548E+04 -2.018109E+04 1.334238E+05 5.656411E+01 1.318086E+02 1.536874E-53 -8.129255E+01 1.536874E-53 1.326924E+05 1.284358E+05 1.881495E+04 3.326306E+02 0.000000E+00 1.000000E+00
2.498000E+00 7.170620E+04 -1.984978E+04 1.332232E+05 5.664901E+01 1.318070E+02 5.653842E-54 -8.855044E+01 5.653842E-54 1.324940E+05 1.282730E+05 1.854519E+04 3.273700E+02 0.000000E+00 1.000000E+00
2.499000E+00 7.171812E+04 -1.951613E+04 1.330229E+05 5.674129E+01 1.317981E+02 2.079932E-54 -9.603621E+01 2.079932E-54 1.322960E+05 1.281104E+05 1.828314E+04 3.222193E+02 0.000000E+00 1.000000E+00
2.500000E+00 7.173122E+04 -1.917991E+04 1.328229E+05 5.684116E+01 1.317815E+02 7.651643E-55 -1.037394E+02 7.651643E-55 1.320983E+05 1.279480E+05 1.802907E+04 3.171834E+02 0.000000E+00 1.000000E+00
2.501000E+00 7.174549E+04 -1.884077E+04 1.326233E+05 5.694884E+01 1.317571E+02 2.814882E-55 -1.116493E+02 2.814882E-55 1.319009E+05 1.277857E+05 1.778337E+04 3.122692E+02 0.000000E+00 1.000000E+00
2.502000E+00 7.176093E+04 -1.849943E+04 1.324239E+05 5.706452E+01 1.317247E+02 1.035537E-55 -1.197556E+02 1.035537E-55 1.317038E+05 1.276237E+05 1.754535E+04 3.074652E+02 0.000000E+00 1.000000E+00
2.503000E+00 7.177753E+04 -1.815593E+04 1.322249E+05 5.718841E+01 1.316841E+02 3.809529E-56 -1.280478E+02 3.809529E-56 1.315071E+05 1.274618E+05 1.731501E+04 3.027714E+02 0.000000E+00 1.000000E+00
2.504000E+00 7.179526E+04 -1.781034E+04 1.320262E+05 5.732068E+01 1.316352E+02 1.401447E-56 -1.365155E+02 1.401447E-56 1.313107E+05 1.273001E+05 1.709232E+04 2.981877E+02 0.000000E+00 1.000000E+00
2.505000E+00 7.181412E+04 -1.746217E+04 1.318278E+05 5.746149E+01 1.315776E+02 5.155637E-57 -1.451483E+02 5.155637E-57 1.311147E+05 1.271387E+05 1.687779E+04 2.937235E+02 0.000000E+00 1.000000E+00
2.506000E+00 7.183411E+04 -1.711160E+04 1.316297E+05 5.761102E+01 1.315114E+02 1.896653E-57 -1.539358E+02 1.896653E-57 1.309189E+05 1.269774E+05 1.667127E+04 2.893763E+02 0.000000E+00 1.000000E+00
2.507000E+00 7.185519E+04 -1.675913E+04 1.314320E+05 5.776941E+01 1.314363E+02 6.977395E-58 -1.628678E+02 6.977395E-58 1.307235E+05 1.268164E+05 1.647231E+04 2.851389E+02 0.000000E+00 1.000000E+00
2.508000E+00 7.187738E+04 -1.640479E+04 1.312345E+05 5.793680E+01 1.313522E+02 2.566840E-58 -1.719340E+02 2.566840E-58 1.305284E+05 1.266556E+05 1.628088E+04 2.810110E+02 0.000000E+00 1.000000E+00
2.509000E+00 7.190063E+04 -1.604868E+04 1.310374E+05 5.811332E+01 1.312590E+02 9.442878E-59 -1.811243E+02 9.442878E-59 1.303336E+05 1.264951E+05 1.609694E+04 2.769922E+02 0.000000E+00 1.000000E+00
2.510000E+00 7.192495E+04 -1.569004E+04 1.308406E+05 5.829909E+01 1.311566E+02 3.473841E-59 -1.904285E+02 3.473841E-59 1.301392E+05 1.263347E+05 1.592126E+04 2.730961E+02 0.000000E+00 1.000000E+00
2.511000E+00 7.195032E+04 -1.532962E+04 1.306441E+05 5.849422E+01 1.310447E+02 1.277955E-59 -1.998367E+02 1.277955E-59 1.299451E+05 1.261746E+05 1.575311E+04 2.693106E+02 0.000000E+00 1.000000E+00
2.512000E+00 7.197672E+04 -1.496764E+04 1.304479E+05 5.869880E+01 1.309234E+02 4.701332E-60 -2.093388E+02 4.701332E-60 1.297513E+05 1.260148E+05 1.559232E+04 2.656326E+02 0.000000E+00 1.000000E+00
2.513000E+00 7.200413E+04 -1.460416E+04 1.302520E+05 5.891292E+01 1.307926E+02 1.729523E-60 -2.189251E+02 1.729523E-60 1.295578E+05 1.258551E+05 1.543882E+04 2.620617E+02 0.000000E+00 1.000000E+00
2.514000E+00 7.203252E+04 -1.423915E+04 1.300564E+05 5.913667E+01 1.306522E+02 6.362561E-61 -2.285857E+02 6.362561E-61 1.293647E+05 1.256957E+05 1.529270E+04 2.585993E+02 0.000000E+00 1.000000E+00
2.515000E+00 7.206190E+04 -1.387202E+04 1.298611E+05 5.937011E+01 1.305020E+02 2.340655E-61 -2.383109E+02 2.340655E-61 1.291718E+05 1.255365E+05 1.515455E+04 2.552555E+02 0.000000E+00 1.000000E+00
2.516000E+00 7.209222E+04 -1.350365E+04 1.296662E+05 5.961331E+01 1.303421E+02 8.610790E-62 -2.480912E+02 8.610790E-62 1.289793E+05 1.253775E+05 1.502351E+04 2.520160E+02 0.000000E+00 1.000000E+00
2.517000E+00 7.212347E+04 -1.313414E+04 1.294716E+05 5.986631E+01 1.301724E+02 3.167733E-62 -2.579170E+02 3.167733E-62 1.287871E+05 1.252187E+05 1.489951E+04 2.488796E+02 0.000000E+00 1.000000E+00
2.518000E+00 7.215562E+04 -1.276356E+04 1.292772E+05 6.012916E+01 1.299929E+02 1.165344E-62 -2.677791E+02 1.165344E-62 1.285953E+05 1.250600E+05 1.478247E+04 2.458453E+02 0.000000E+00 1.000000E+00
2.519000E+00 7.218864E+04 -1.239165E+04 1.290832E+05 6.040188E+01 1.298035E+02 4.287060E-63 -2.776682E+02 4.287060E-63 1.284037E+05 1.249016E+05 1.467271E+04 2.429182E+02 0.000000E+00 1.000000E+00
2.520000E+00 7.222252E+04 -1.201836E+04 1.288895E+05 6.068450E+01 1.296041E+02 1.577121E-63 -2.875750E+02 1.577121E-63 1.282125E+05 1.247434E+05 1.457027E+04 2.400987E+02 0.000000E+00 1.000000E+00
2.521000E+00 7.225722E+04 -1.164431E+04 1.286961E+05 6.097703E+01 1.293949E+02 5.801905E-64 -2.974907E+02 5.801905E-64 1.280216E+05 1.245853E+05 1.447454E+04 2.373769E+02 0.000000E+00 1.000000E+00
2.522000E+00 7.229271E+04 -1.126961E+04 1.285030E+05 6.127948E+01 1.291758E+02 2.134401E-64 -3.074064E+02 2.134401E-64 1.278310E+05 1.244274E+05 1.438543E+04 2.347512E+02 0.000000E+00 1.000000E+00
2.523000E+00 7.232896E+04 -1.089434E+04 1.283102E+05 6.159184E+01 1.289467E+02 7.852024E-65 -3.173133E+02 7.852024E-65 1.276407E+05 1.242697E+05 1.430286E+04 2.322200E+02 0.000000E+00 1.000000E+00
2.524000E+00 7.236595E+04 -1.051803E+04 1.281177E+05 6.191410E+01 1.287077E+02 2.888598E-65 -3.272030E+02 2.888598E-65 1.274507E+05 1.241121E+05 1.422732E+04 2.297912E+02 0.000000E+00 1.000000E+00
2.525000E+00 7.240362E+04 -1.014114E+04 1.279256E+05 6.224624E+01 1.284589E+02 1.062656E-65 -3.370669E+02 1.062656E-65 1.272611E+05 1.239546E+05 1.415834E+04 2.274570E+02 0.000000E+00 1.000000E+00
2.526000E+00 7.244197E+04 -9.764042E+03 1.277337E+05 6.258822E+01 1.282002E+02 3.909293E-66 -3.468967E+02 3.909293E-66 1.270717E+05 1.237972E+05 1.409557E+04 2.252113E+02 0.000000E+00 1.000000E+00
2.527000E+00 7.248093E+04 -9.386841E+03 1.275422E+05 6.294002E+01 1.279317E+02 1.438148E-66 -3.566844E+02 1.438148E-66 1.268827E+05 1.236400E+05 1.403891E+04 2.230522E+02 0.000000E+00 1.000000E+00
2.528000E+00 7.252048E+04 -9.009643E+03 1.273509E+05 6.330158E+01 1.276535E+02 5.290652E-67 -3.664221E+02 5.290652E-67 1.266940E+05 1.234828E+05 1.398824E+04 2.209777E+02 0.000000E+00 1.000000E+00
2.529000E+00 7.256058E+04 -8.631815E+03 1.271600E+05 6.367284E+01 1.273655E+02 1.946322E-67 -3.761020E+02 1.946322E-67 1.265056E+05 1.233257E+05 1.394420E+04 2.189976E+02 0.000000E+00 1.000000E+00
2.530000E+00 7.260119E+04 -8.254257E+03 1.269694E+05 6.405376E+01 1.270679E+02 7.160119E-68 -3.857164E+02 7.160119E-68 1.263175E+05 1.231687E+05 1.390589E+04 2.170971E+02 0.000000E+00 1.000000E+00
2.531000E+00 7.264226E+04 -7.877084E+03 1.267790E+05 6.444425E+01 1.267607E+02 2.634061E-68 -3.952580E+02 2.634061E-68 1.261298E+05 1.230118E+05 1.387318E+04 2.152741E+02 0.000000E+00 1.000000E+00
2.532000E+00 7.268376E+04 -7.500427E+03 1.265890E+05 6.484425E+01 1.264440E+02 9.690167E-69 -4.047196E+02 9.690167E-69 1.259423E+05 1.228549E+05 1.384594E+04 2.135262E+02 0.000000E+00 1.000000E+00
2.533000E+00 7.272563E+04 -7.124211E+03 1.263993E+05 6.525366E+01 1.261179E+02 3.564813E-69 -4.140941E+02 3.564813E-69 1.257551E+05 1.226980E+05 1.382424E+04 2.118539E+02 0.000000E+00 1.000000E+00
2.534000E+00 7.276784E+04 -6.748284E+03 1.262099E+05 6.567240E+01 1.257824E+02 1.311422E-69 -4.233747E+02 1.311422E-69 1.255683E+05 1.225411E+05 1.380822E+04 2.102590E+02 0.000000E+00 1.000000E+00
2.535000E+00 7.281033E+04 -6.373282E+03 1.260208E+05 6.610038E+01 1.254378E+02 4.824450E-70 -4.325548E+02 4.824450E-70 1.253818E+05 1.223842E+05 1.379722E+04 2.087314E+02 0.000000E+00 1.000000E+00
2.536000E+00 7.285306E+04 -5.999322E+03 1.258320E+05 6.653748E+01 1.250840E+02 1.774816E-70 -4.416279E+02 1.774816E-70 1.251955E+05 1.222273E+05 1.379112E+04 2.072685E+02 0.000000E+00 1.000000E+00
2.537000E+00 7.289598E+04 -5.626543E+03 1.256435E+05 6.698360E+01 1.247211E+02 6.529183E-71 -4.505879E+02 6.529183E-71 1.250096E+05 1.220704E+05 1.378977E+04 2.058678E+02 0.000000E+00 1.000000E+00
2.538000E+00 7.293904E+04 -5.254740E+03 1.254553E+05 6.743861E+01 1.243494E+02 2.401952E-71 -4.594288E+02 2.401952E-71 1.248240E+05 1.219134E+05 1.379334E+04 2.045317E+02 0.000000E+00 1.000000E+00
2.539000E+00 7.298219E+04 -4.884153E+03 1.252674E+05 6.790241E+01 1.239689E+02 8.836289E-72 -4.681447E+02 8.836289E-72 1.246387E+05 1.217564E+05 1.380157E+04 2.032560E+02 0.000000E+00 1.000000E+00
2.540000E+00 7.302538E+04 -4.515172E+03 1.250798E+05 6.837486E+01 1.235798E+02 3.250689E-72 -4.767301E+02 3.250689E-72 1.244537E+05 1.215993E+05 1.381406E+04 2.020342E+02 0.000000E+00 1.000000E+00
2.541000E+00 7.306854E+04 -4.147921E+03 1.248926E+05 6.885583E+01 1.231821E+02 1.195862E-72 -4.851797E+02 1.195862E-72 1.242690E+05 1.214421E+05 1.383065E+04 2.008639E+02 0.000000E+00 1.000000E+00
2.542000E+00 7.311164E+04 -3.782536E+03 1.247056E+05 6.934517E+01 1.227761E+02 4.399329E-73 -4.934882E+02 4.399329E-73 1.240846E+05 1.212848E+05 1.385118E+04 1.997426E+02 0.000000E+00 1.000000E+00
2.543000E+00 7.315461E+04 -3.418754E+03 1.245189E+05 6.984275E+01 1.223618E+02 1.618423E-73 -5.016510E+02 1.618423E-73 1.239005E+05 1.211274E+05 1.387589E+04 1.986733E+02 0.000000E+00 1.000000E+00
2.544000E+00 7.319740E+04 -3.057061E+03 1.243325E+05 7.034842E+01 1.219394E+02 5.953845E-74 -5.096631E+02 5.953845E-74 1.237167E+05 1.209698E+05 1.390425E+04 1.976483E+02 0.000000E+00 1.000000E+00
2.545000E+00 7.323995E+04 -2.697661E+03 1.241464E+05 7.086203E+01 1.215091E+02 2.190297E-74 -5.175203E+02 2.190297E-74 1.235332E+05 1.208121E+05 1.393603E+04 1.966643E+02 0.000000E+00 1.000000E+00
2.546000E+00 7.328221E+04 -2.340673E+03 1.239607E+05 7.138341E+01 1.210710E+02 8.057653E-75 -5.252183E+02 8.057653E-75 1.233500E+05 1.206543E+05 1.397107E+04 1.957187E+02 0.000000E+00 1.000000E+00
2.547000E+00 7.332411E+04 -1.986177E+03 1.237752E+05 7.191241E+01 1.206253E+02 2.964245E-75 -5.327531E+02 2.964245E-75 1.231671E+05 1.204962E+05 1.400926E+04 1.948100E+02 0.000000E+00 1.000000E+00
2.548000E+00 7.336561E+04 -1.634057E+03 1.235900E+05 7.244886E+01 1.201722E+02 1.090485E-75 -5.401209E+02 1.090485E-75 1.229845E+05 1.203380E+05 1.405067E+04 1.939391E+02 0.000000E+00 1.000000E+00
2.549000E+00 7.340665E+04 -1.284755E+03 1.234051E+05 7.299260E+01 1.197117E+02 4.011669E-76 -5.473183E+02 4.011669E-76 1.228022E+05 1.201796E+05 1.409481E+04 1.930992E+02 0.000000E+00 1.000000E+00
2.550000E+00 7.344716E+04 -9.383943E+02 1.232205E+05 7.354344E+01 1.192442E+02 1.475811E-76 -5.543418E+02 1.475811E-76 1.226202E+05 1.200209E+05 1.414153E+04 1.922881E+02 0.000000E+00 1.000000E+00
2.551000E+00 7.348710E+04 -5.950829E+02 1.230362E+05 7.410122E+01 1.187697E+02 5.429204E-77 -5.611885E+02 5.429204E-77 1.224384E+05 1.198621E+05 1.419066E+04 1.915038E+02 0.000000E+00 1.000000E+00
2.552000E+00 7.352640E+04 -2.548288E+02 1.228522E+05 7.466576E+01 1.182885E+02 1.997292E-77 -5.678555E+02 1.997292E-77 1.222570E+05 1.197030E+05 1.424216E+04 1.907455E+02 0.000000E+00 1.000000E+00
2.553000E+00 7.356500E+04 8.227479E+01 1.226686E+05 7.523687E+01 1.178007E+02 7.347628E-78 -5.743401E+02 7.347628E-78 1.220759E+05 1.195436E+05 1.429587E+04 1.900115E+02 0.000000E+00 1.000000E+00
2.554000E+00 7.360286E+04 4.159745E+02 1.224852E+05 7.581438E+01 1.173065E+02 2.703041E-78 -5.806399E+02 2.703041E-78 1.218950E+05 1.193840E+05 1.435150E+04 1.892978E+02 0.000000E+00 1.000000E+00
2.555000E+00 7.363991E+04 7.461701E+02 1.223021E+05 7.639809E+01 1.168061E+02 9.943933E-79 -5.867527E+02 9.943933E-79 1.217144E+05 1.192242E+05 1.440889E+04 1.886027E+02 0.000000E+00 1.000000E+00
2.556000E+00 7.367610E+04 1.072772E+03 1.221192E+05 7.698782E+01 1.162996E+02 3.658169E-79 -5.926764E+02 3.658169E-79 1.215342E+05 1.190641E+05 1.446789E+04 1.879244E+02 0.000000E+00 1.000000E+00
2.557000E+00 7.371139E+04 1.395801E+03 1.219367E+05 7.758338E+01 1.157874E+02 1.345765E-79 -5.984094E+02 1.345765E-79 1.213542E+05 1.189036E+05 1.452848E+04 1.872628E+02 0.000000E+00 1.000000E+00
2.558000E+00 7.374570E+04 1.715087E+03 1.217545E+05 7.818457E+01 1.152695E+02 4.950793E-80 -6.039498E+02 4.950793E-80 1.211745E+05 1.187429E+05 1.459043E+04 1.866152E+02 0.000000E+00 1.000000E+00
2.559000E+00 7.377900E+04 2.030505E+03 1.215726E+05 7.879121E+01 1.147461E+02 1.821295E-80 -6.092964E+02 1.821295E-80 1.209950E+05 1.185820E+05 1.465355E+04 1.859795E+02 0.000000E+00 1.000000E+00
2.560000E+00 7.381123E+04 2.341986E+03 1.213910E+05 7.940310E+01 1.142175E+02 6.700169E-81 -6.144479E+02 6.700169E-81 1.208159E+05 1.184207E+05 1.471771E+04 1.853544E+02 0.000000E+00 1.000000E+00
2.561000E+00 7.384235E+04 2.649467E+03 1.212096E+05 8.002004E+01 1.136839E+02 2.464855E-81 -6.194032E+02 2.464855E-81 1.206371E+05 1.182591E+05 1.478280E+04 1.847387E+02 0.000000E+00 1.000000E+00
2.562000E+00 7.387230E+04 2.952977E+03 1.210286E+05 8.064184E+01 1.131454E+02 9.067693E-82 -6.241614E+02 9.067693E-82 1.204585E+05 1.180972E+05 1.484878E+04 1.841325E+02 0.000000E+00 1.000000E+00
2.563000E+00 7.390105E+04 3.252362E+03 1.208478E+05 8.126830E+01 1.126022E+02 3.335818E-82 -6.287219E+02 3.335818E-82 1.202802E+05 1.179351E+05 1.491543E+04 1.835332E+02 0.000000E+00 1.000000E+00
2.564000E+00 7.392855E+04 3.547579E+03 1.206673E+05 8.189922E+01 1.120546E+02 1.227179E-82 -6.330841E+02 1.227179E-82 1.201022E+05 1.177726E+05 1.498265E+04 1.829401E+02 0.000000E+00 1.000000E+00
2.565000E+00 7.395476E+04 3.838592E+03 1.204872E+05 8.253440E+01 1.115027E+02 4.514539E-83 -6.372476E+02 4.514539E-83 1.199244E+05 1.176098E+05 1.505034E+04 1.823524E+02 0.000000E+00 1.000000E+00
2.566000E+00 7.397963E+04 4.125390E+03 1.203073E+05 8.317365E+01 1.109468E+02 1.660806E-83 -6.412120E+02 1.660806E-83 1.197470E+05 1.174468E+05 1.511843E+04 1.817695E+02 0.000000E+00 1.000000E+00
2.567000E+00 7.400315E+04 4.407966E+03 1.201277E+05 8.381676E+01 1.103870E+02 6.109764E-84 -6.449772E+02 6.109764E-84 1.195698E+05 1.172834E+05 1.518684E+04 1.811909E+02 0.000000E+00 1.000000E+00
2.568000E+00 7.402526E+04 4.686267E+03 1.199484E+05 8.446354E+01 1.098235E+02 2.247656E-84 -6.485433E+02 2.247656E-84 1.193929E+05 1.171198E+05 1.525545E+04 1.806159E+02 0.000000E+00 1.000000E+00
2.569000E+00 7.404594E+04 4.960291E+03 1.197693E+05 8.511378E+01 1.092566E+02 8.268666E-85 -6.519104E+02 8.268666E-85 1.192162E+05 1.169559E+05 1.532421E+04 1.800439E+02 0.000000E+00 1.000000E+00
2.570000E+00 7.406516E+04 5.230039E+03 1.195906E+05 8.576729E+01 1.086864E+02 3.041872E-85 -6.550785E+02 3.041872E-85 1.190398E+05 1.167917E+05 1.539305E+04 1.794746E+02 0.000000E+00 1.000000E+00
2.571000E+00 7.408289E+04 5.495539E+03 1.194122E+05 8.642387E+01 1.081131E+02 1.119042E-85 -6.580481E+02 1.119042E-85 1.188637E+05 1.166273E+05 1.546193E+04 1.789081E+02 0.000000E+00 1.000000E+00
2.572000E+00 7.409912E+04 5.756803E+03 1.192340E+05 8.708332E+01 1.075369E+02 4.116726E-86 -6.608196E+02 4.116726E-86 1.186879E+05 1.164626E+05 1.553080E+04 1.783441E+02 0.000000E+00 1.000000E+00
2.573000E+00 7.411382E+04 6.013842E+03 1.190561E+05 8.774544E+01 1.069581E+02 1.514459E-86 -6.633933E+02 1.514459E-86 1.185124E+05 1.162976E+05 1.559960E+04 1.777825E+02 0.000000E+00 1.000000E+00
2.574000E+00 7.412697E+04 6.266689E+03 1.188785E+05 8.841004E+01 1.063768E+02 5.571383E-87 -6.657699E+02 5.571383E-87 1.183371E+05 1.161325E+05 1.566832E+04 1.772233E+02 0.000000E+00 1.000000E+00
2.575000E+00 7.413856E+04 6.515382E+03 1.187012E+05 8.907692E+01 1.057932E+02 2.049597E-87 -6.679499E+02 2.049597E-87 1.181620E+05 1.159671E+05 1.573692E+04 1.766667E+02 0.000000E+00 1.000000E+00
2.576000E+00 7.414859E+04 6.760000E+03 1.185242E+05 8.974588E+01 1.052076E+02 7.540047E-88 -6.699340E+02 7.540047E-88 1.179873E+05 1.158015E+05 1.580543E+04 1.761131E+02 0.000000E+00 1.000000E+00
2.577000E+00 7.415703E+04 7.000574E+03 1.183475E+05 9.041672E+01 1.046200E+02 2.773828E-88 -6.717230E+02 2.773828E-88 1.178128E+05 1.156358E+05 1.587381E+04 1.755627E+02 0.000000E+00 1.000000E+00
2.578000E+00 7.416390E+04 7.237156E+03 1.181710E+05 9.108926E+01 1.040308E+02 1.020434E-88 -6.733174E+02 1.020434E-88 1.176385E+05 1.154699E+05 1.594205E+04 1.750157E+02 0.000000E+00 1.000000E+00
2.579000E+00 7.416918E+04 7.469810E+03 1.179948E+05 9.176329E+01 1.034401E+02 3.753969E-89 -6.747183E+02 3.753969E-89 1.174646E+05 1.153038E+05 1.601017E+04 1.744724E+02 0.000000E+00 1.000000E+00
2.580000E+00 7.417287E+04 7.698614E+03 1.178189E+05 9.243863E+01 1.028480E+02 1.381008E-89 -6.759262E+02 1.381008E-89 1.172909E+05 1.151376E+05 1.607817E+04 1.739335E+02 0.000000E+00 1.000000E+00
2.581000E+00 7.417499E+04 7.923695E+03 1.176433E+05 9.311508E+01 1.022549E+02 5.080444E-90 -6.769421E+02 5.080444E-90 1.171174E+05 1.149713E+05 1.614615E+04 1.733999E+02 0.000000E+00 1.000000E+00
2.582000E+00 7.417554E+04 8.145082E+03 1.174680E+05 9.379245E+01 1.016608E+02 1.868991E-90 -6.777667E+02 1.868991E-90 1.169442E+05 1.148049E+05 1.621406E+04 1.728717E+02 0.000000E+00 1.000000E+00
2.583000E+00 7.417453E+04 8.362857E+03 1.172929E+05 9.447055E+01 1.010660E+02 6.875633E-91 -6.784009E+02 6.875633E-91 1.167713E+05 1.146384E+05 1.628194E+04 1.723493E+02 0.000000E+00 1.000000E+00
2.584000E+00 7.417197E+04 8.577106E+03 1.171181E+05 9.514919E+01 1.004707E+02 2.529404E-91 -6.788455E+02 2.529404E-91 1.165986E+05 1.144719E+05 1.634982E+04 1.718335E+02 0.000000E+00 1.000000E+00
2.585000E+00 7.416788E+04 8.787964E+03 1.169436E+05 9.582818E+01 9.987496E+01 9.305158E-92 -6.791014E+02 9.305158E-92 1.164262E+05 1.143053E+05 1.641778E+04 1.713252E+02 0.000000E+00 1.000000E+00
2.586000E+00 7.416228E+04 8.995550E+03 1.167694E+05 9.650733E+01 9.927911E+01 3.423176E-92 -6.791692E+02 3.423176E-92 1.162541E+05 1.141388E+05 1.648590E+04 1.708254E+02 0.000000E+00 1.000000E+00
2.587000E+00 7.415519E+04 9.199900E+03 1.165954E+05 9.718645E+01 9.868329E+01 1.259316E-92 -6.790498E+02 1.259316E-92 1.160822E+05 1.139722E+05 1.655416E+04 1.703341E+02 0.000000E+00 1.000000E+00
2.588000E+00 7.414663E+04 9.401105E+03 1.164218E+05 9.786537E+01 9.808768E+01 4.632765E-93 -6.787440E+02 4.632765E-93 1.159105E+05 1.138057E+05 1.662262E+04 1.698519E+02 0.000000E+00 1.000000E+00
2.589000E+00 7.413663E+04 9.599265E+03 1.162484E+05 9.854388E+01 9.749246E+01 1.704299E-93 -6.782524E+02 1.704299E-93 1.157392E+05 1.136392E+05 1.669132E+04 1.693795E+02 0.000000E+00 1.000000E+00
2.590000E+00 7.412521E+04 9.794586E+03 1.160752E+05 9.922181E+01 9.689783E+01 6.269766E-94 -6.775759E+02 6.269766E-94 1.155680E+05 1.134728E+05 1.676043E+04 1.689188E+02 0.000000E+00 1.000000E+00
2.591000E+00 7.411241E+04 9.987111E+03 1.159024E+05 9.989897E+01 9.630397E+01 2.306518E-94 -6.767152E+02 2.306518E-94 1.153972E+05 1.133065E+05 1.682994E+04 1.684696E+02 0.000000E+00 1.000000E+00
2.592000E+00 7.409825E+04 1.017689E+04 1.157298E+05 1.005752E+02 9.571106E+01 8.485206E-95 -6.756708E+02 8.485206E-95 1.152265E+05 1.131403E+05 1.689988E+04 1.680323E+02 0.000000E+00 1.000000E+00
2.593000E+00 7.408278E+04 1.036401E+04 1.155575E+05 1.012503E+02 9.511929E+01 3.121533E-95 -6.744434E+02 3.121533E-95 1.150562E+05 1.129743E+05 1.697029E+04 1.676074E+02 0.000000E+00 1.000000E+00
2.594000E+00 7.406601E+04 1.054857E+04 1.153855E+05 1.019240E+02 9.452884E+01 1.148348E-95 -6.730337E+02 1.148348E-95 1.148861E+05 1.128084E+05 1.704122E+04 1.671954E+02 0.000000E+00 1.000000E+00
2.595000E+00 7.404800E+04 1.073086E+04 1.152137E+05 1.025963E+02 9.393988E+01 4.224535E-96 -6.714422E+02 4.224535E-96 1.147162E+05 1.126427E+05 1.711295E+04 1.667989E+02 0.000000E+00 1.000000E+00
2.596000E+00 7.402876E+04 1.091077E+04 1.150422E+05 1.032668E+02 9.335261E+01 1.554120E-96 -6.696695E+02 1.554120E-96 1.145466E+05 1.124772E+05 1.718531E+04 1.664166E+02 0.000000E+00 1.000000E+00
2.597000E+00 7.400835E+04 1.108839E+04 1.148710E+05 1.039355E+02 9.276721E+01 5.717287E-97 -6.677162E+02 5.717287E-97 1.143772E+05 1.123118E+05 1.725837E+04 1.660487E+02 0.000000E+00 1.000000E+00
2.598000E+00 7.398680E+04 1.126377E+04 1.147000E+05 1.046022E+02 9.218384E+01 2.103272E-97 -6.655827E+02 2.103272E-97 1.142081E+05 1.121468E+05 1.733215E+04 1.656959E+02 0.000000E+00 1.000000E+00
2.599000E+00 7.396414E+04 1.143708E+04 1.145294E+05 1.052666E+02 9.160270E+01 7.737506E-98 -6.632697E+02 7.737506E-98 1.140393E+05 1.119819E+05 1.740678E+04 1.653590E+02 0.000000E+00 1.000000E+00
2.600000E+00 7.394041E+04 1.160847E+04 1.143589E+05 1.059287E+02 9.102396E+01 2.846469E-98 -6.607776E+02 2.846469E-98 1.138707E+05 1.118173E+05 1.748240E+04 1.650394E+02 0.000000E+00 1.000000E+00
2.601000E+00 7.391565E+04 1.177785E+04 1.141888E+05 1.065881E+02 9.044780E+01 1.047158E-98 -6.581069E+02 1.047158E-98 1.137023E+05 1.116530E+05 1.755887E+04 1.647357E+02 0.000000E+00 1.000000E+00
2.602000E+00 7.388989E+04 1.194527E+04 1.140189E+05 1.072448E+02 8.987441E+01 3.852277E-99 -6.552582E+02 3.852277E-99 1.135342E+05 1.114890E+05 1.763622E+04 1.644482E+02 0.000000E+00 1.000000E+00
2.603000E+00 7.386318E+04 1.211076E+04 1.138493E+05 1.078986E+02 8.930395E+01 1.417174E-99 -6.522319E+02 1.417174E-99 1.133664E+05 1.113253E+05 1.771446E+04 1.641770E+02 0.000000E+00 1.000000E+00
2.604000E+00 7.383554E+04 1.227453E+04 1.136799E+05 1.085492E+02 8.873660E+01 0.000000E+00 -6.490286E+02 0.000000E+00 1.131988E+05 1.111618E+05 1.779377E+04 1.639235E+02 0.000000E+00 1.000000E+00
2.605000E+00 7.380700E+04 1.243658E+04 1.135109E+05 1.091966E+02 8.817255E+01 0.000000E+00 -6.456488E+02 0.000000E+00 1.130314E+05 1.109987E+05 1.787411E+04 1.636874E+02 0.000000E+00 1.000000E+00
2.606000E+00 7.377761E+04 1.259681E+04 1.133420E+05 1.098405E+02 8.761196E+01 0.000000E+00 -6.420932E+02 0.000000E+00 1.128643E+05 1.108358E+05 1.795537E+04 1.634677E+02 0.000000E+00 1.000000E+00
2.607000E+00 7.374739E+04 1.275524E+04 1.131735E+05 1.104807E+02 8.705502E+01 0.000000E+00 -6.383622E+02 0.000000E+00 1.126975E+05 1.106733E+05 1.803754E+04 1.632642E+02 0.000000E+00 1.000000E+00
2.608000E+00 7.371636E+04 1.291189E+04 1.130052E+05 1.111171E+02 8.650190E+01 0.000000E+00 -6.344567E+02 0.000000E+00 1.125309E+05 1.105112E+05 1.812062E+04 1.630768E+02 0.000000E+00 1.000000E+00
2.609000E+00 7.368457E+04 1.306699E+04 1.128372E+05 1.117496E+02 8.595277E+01 0.000000E+00 -6.303773E+02 0.000000E+00 1.123645E+05 1.103493E+05 1.820481E+04 1.629072E+02 0.000000E+00 1.000000E+00
2.610000E+00 7.365202E+04 1.322033E+04 1.126694E+05 1.123778E+02 8.540780E+01 0.000000E+00 -6.261247E+02 0.000000E+00 1.121984E+05 1.101877E+05 1.828987E+04 1.627534E+02 0.000000E+00 1.000000E+00
2.611000E+00 7.361874E+04 1.337187E+04 1.125019E+05 1.130018E+02 8.486717E+01 0.000000E+00 -6.216998E+02 0.000000E+00 1.120326E+05 1.100265E+05 1.837575E+04 1.626147E+02 0.000000E+00 1.000000E+00
2.612000E+00 7.358476E+04 1.352159E+04 1.123346E+05 1.136212E+02 8.433106E+01 0.000000E+00 -6.171035E+02 0.000000E+00 1.118670E+05 1.098656E+05 1.846239E+04 1.624907E+02 0.000000E+00 1.000000E+00
2.613000E+00 7.355009E+04 1.366950E+04 1.121677E+05 1.142359E+02 8.379962E+01 0.000000E+00 -6.123367E+02 0.000000E+00 1.117016E+05 1.097050E+05 1.854978E+04 1.623813E+02 0.000000E+00 1.000000E+00
2.614000E+00 7.351474E+04 1.381573E+04 1.120009E+05 1.148458E+02 8.327304E+01 0.000000E+00 -6.074006E+02 0.000000E+00 1.115365E+05 1.095447E+05 1.863801E+04 1.622872E+02 0.000000E+00 1.000000E+00
2.615000E+00 7.347873E+04 1.396002E+04 1.118345E+05 1.154507E+02 8.275148E+01 0.000000E+00 -6.022963E+02 0.000000E+00 1.113716E+05 1.093847E+05 1.872681E+04 1.622061E+02 0.000000E+00 1.000000E+00
2.616000E+00 7.344206E+04 1.410233E+04 1.116683E+05 1.160503E+02 8.223510E+01 0.000000E+00 -5.970252E+02 0.000000E+00 1.112070E+05 1.092250E+05 1.881610E+04 1.621374E+02 0.000000E+00 1.000000E+00
2.617000E+00 7.340475E+04 1.424261E+04 1.115023E+05 1.166447E+02 8.172408E+01 0.000000E+00 -5.915885E+02 0.000000E+00 1.110426E+05 1.090655E+05 1.890581E+04 1.620803E+02 0.000000E+00 1.000000E+00
2.618000E+00 7.336679E+04 1.438087E+04 1.113366E+05 1.172335E+02 8.121858E+01 0.000000E+00 -5.859878E+02 0.000000E+00 1.108785E+05 1.089063E+05 1.899591E+04 1.620349E+02 0.000000E+00 1.000000E+00
2.619000E+00 7.332819E+04 1.451706E+04 1.111712E+05 1.178166E+02 8.071876E+01 0.000000E+00 -5.802247E+02 0.000000E+00 1.107146E+05 1.087474E+05 1.908632E+04 1.620003E+02 0.000000E+00 1.000000E+00
2.620000E+00 7.328894E+04 1.465100E+04 1.110060E+05 1.183939E+02 8.022479E+01 0.000000E+00 -5.743010E+02 0.000000E+00 1.105510E+05 1.085887E+05 1.917684E+04 1.619749E+02 0.000000E+00 1.000000E+00
2.621000E+00 7.324904E+04 1.478261E+04 1.108411E+05 1.189651E+02 7.973681E+01 0.000000E+00 -5.682186E+02 0.000000E+00 1.103876E+05 1.084302E+05 1.926734E+04 1.619579E+02 0.000000E+00 1.000000E+00
2.622000E+00 7.320847E+04 1.491182E+04 1.106764E+05 1.195302E+02 7.925500E+01 0.000000E+00 -5.619796E+02 0.000000E+00 1.102244E+05 1.082719E+05 1.935772E+04 1.619483E+02 0.000000E+00 1.000000E+00
2.623000E+00 7.316724E+04 1.503861E+04 1.105120E+05 1.200890E+02 7.877951E+01 0.000000E+00 -5.555861E+02 0.000000E+00 1.100615E+05 1.081139E+05 1.944793E+04 1.619459E+02 0.000000E+00 1.000000E+00
2.624000E+00 7.312532E+04 1.516284E+04 1.103479E+05 1.206414E+02 7.831048E+01 0.000000E+00 -5.490405E+02 0.000000E+00 1.098989E+05 1.079559E+05 1.953778E+04 1.619492E+02 0.000000E+00 1.000000E+00
2.625000E+00 7.308269E+04 1.528438E+04 1.101840E+05 1.211871E+02 7.784807E+01 0.000000E+00 -5.423452E+02 0.000000E+00 1.097365E+05 1.077982E+05 1.962710E+04 1.619570E+02 0.000000E+00 1.000000E+00
2.626000E+00 7.303935E+04 1.540315E+04 1.100203E+05 1.217260E+02 7.739244E+01 0.000000E+00 -5.355030E+02 0.000000E+00 1.095743E+05 1.076405E+05 1.971577E+04 1.619684E+02 0.000000E+00 1.000000E+00
2.627000E+00 7.299526E+04 1.551905E+04 1.098569E+05 1.222580E+02 7.694372E+01 0.000000E+00 -5.285166E+02 0.000000E+00 1.094124E+05 1.074830E+05 1.980365E+04 1.619824E+02 0.000000E+00 1.000000E+00
2.628000E+00 7.295040E+04 1.563200E+04 1.096938E+05 1.227830E+02 7.650205E+01 0.000000E+00 -5.213890E+02 0.000000E+00 1.092507E+05 1.073256E+05 1.989063E+04 1.619982E+02 0.000000E+00 1.000000E+00
2.629000E+00 7.290475E+04 1.574188E+04 1.095309E+05 1.233008E+02 7.606758E+01 0.000000E+00 -5.141233E+02 0.000000E+00 1.090892E+05 1.071682E+05 1.997651E+04 1.620145E+02 0.000000E+00 1.000000E+00
2.630000E+00 7.285828E+04 1.584858E+04 1.093683E+05 1.238112E+02 7.564045E+01 0.000000E+00 -5.067229E+02 0.000000E+00 1.089280E+05 1.070109E+05 2.006117E+04 1.620303E+02 0.000000E+00 1.000000E+00
2.631000E+00 7.281097E+04 1.595204E+04 1.092059E+05 1.243142E+02 7.522078E+01 0.000000E+00 -4.991911E+02 0.000000E+00 1.087671E+05 1.068537E+05 2.014447E+04 1.620448E+02 0.000000E+00 1.000000E+00
2.632000E+00 7.276277E+04 1.605213E+04 1.090438E+05 1.248095E+02 7.480871E+01 0.000000E+00 -4.915316E+02 0.000000E+00 1.086064E+05 1.066964E+05 2.022624E+04 1.620569E+02 0.000000E+00 1.000000E+00
2.633000E+00 7.271365E+04 1.614874E+04 1.088819E+05 1.252972E+02 7.440436E+01 0.000000E+00 -4.837481E+02 0.000000E+00 1.084459E+05 1.065392E+05 2.030633E+04 1.620653E+02 0.000000E+00 1.000000E+00
2.634000E+00 7.266359E+04 1.624183E+04 1.087203E+05 1.257770E+02 7.400785E+01 0.000000E+00 -4.758445E+02 0.000000E+00 1.082856E+05 1.063820E+05 2.038462E+04 1.620696E+02 0.000000E+00 1.000000E+00
2.635000E+00 7.261256E+04 1.633131E+04 1.085589E+05 1.262488E+02 7.361931E+01 0.000000E+00 -4.678249E+02 0.000000E+00 1.081256E+05 1.062247E+05 2.046099E+04 1.620688E+02 0.000000E+00 1.000000E+00
2.636000E+00 7.256050E+04 1.641711E+04 1.083978E+05 1.267126E+02 7.323884E+01 0.000000E+00 -4.596934E+02 0.000000E+00 1.079658E+05 1.060673E+05 2.053532E+04 1.620621E+02 0.000000E+00 1.000000E+00
2.637000E+00 7.250740E+04 1.649911E+04 1.082369E+05 1.271682E+02 7.286656E+01 0.000000E+00 -4.514544E+02 0.000000E+00 1.078063E+05 1.059099E+05 2.060740E+04 1.620484E+02 0.000000E+00 1.000000E+00
2.638000E+00 7.245321E+04 1.657723E+04 1.080762E+05 1.276155E+02 7.250257E+01 0.000000E+00 -4.431122E+02 0.000000E+00 1.076470E+05 1.057524E+05 2.067712E+04 1.620267E+02 0.000000E+00 1.000000E+00
2.639000E+00 7.239791E+04 1.665150E+04 1.079158E+05 1.280544E+02 7.214697E+01 0.000000E+00 -4.346715E+02 0.000000E+00 1.074879E+05 1.055949E+05 2.074443E+04 1.619970E+02 0.000000E+00 1.000000E+00
2.640000E+00 7.234145E+04 1.672186E+04 1.077557E+05 1.284848E+02 7.179986E+01 0.000000E+00 -4.261370E+02 0.000000E+00 1.073291E+05 1.054372E+05 2.080923E+04 1.619587E+02 0.000000E+00 1.000000E+00
2.641000E+00 7.228381E+04 1.678828E+04 1.075958E+05 1.289066E+02 7.146132E+01 0.000000E+00 -4.175132E+02 0.000000E+00 1.071705E+05 1.052794E+05 2.087142E+04 1.619112E+02 0.000000E+00 1.000000E+00
2.642000E+00 7.222495E+04 1.685057E+04 1.074362E+05 1.293198E+02 7.113146E+01 0.000000E+00 -4.088052E+02 0.000000E+00 1.070121E+05 1.051215E+05 2.093076E+04 1.618527E+02 0.000000E+00 1.000000E+00
2.643000E+00 7.216485E+04 1.690884E+04 1.072768E+05 1.297242E+02 7.081034E+01 0.000000E+00 -4.000179E+02 0.000000E+00 1.068540E+05 1.049635E+05 2.098728E+04 1.617838E+02 0.000000E+00 1.000000E+00
2.644000E+00 7.210347E+04 1.696310E+04 1.071176E+05 1.301198E+02 7.049805E+01 0.000000E+00 -3.911563E+02 0.000000E+00 1.066960E+05 1.048054E+05 2.104095E+04 1.617044E+02 0.000000E+00 1.000000E+00
2.645000E+00 7.204078E+04 1.701337E+04 1.069587E+05 1.305065E+02 7.019465E+01 0.000000E+00 -3.822253E+02 0.000000E+00 1.065384E+05 1.046471E+05 2.109171E+04 1.616142E+02 0.000000E+00 1.000000E+00
2.646000E+00 7.197677E+04 1.705961E+04 1.068000E+05 1.308842E+02 6.990022E+01 0.000000E+00 -3.732302E+02 0.000000E+00 1.063809E+05 1.044887E+05 2.113948E+04 1.615128E+02 0.000000E+00 1.000000E+00
2.647000E+00 7.191140E+04 1.710170E+04 1.066416E+05 1.312529E+02 6.961481E+01 0.000000E+00 -3.641760E+02 0.000000E+00 1.062237E+05 1.043302E+05 2.118406E+04 1.613987E+02 0.000000E+00 1.000000E+00
2.648000E+00 7.184467E+04 1.713985E+04 1.064834E+05 1.316126E+02 6.933848E+01 0.000000E+00 -3.550679E+02 0.000000E+00 1.060667E+05 1.041715E+05 2.122561E+04 1.612734E+02 0.000000E+00 1.000000E+00
2.649000E+00 7.177655E+04 1.717411E+04 1.063254E+05 1.319631E+02 6.907129E+01 0.000000E+00 -3.459111E+02 0.000000E+00 1.059099E+05 1.040127E+05 2.126411E+04 1.611368E+02 0.000000E+00 1.000000E+00
2.650000E+00 7.170702E+04 1.720452E+04 1.061677E+05 1.323044E+02 6.881328E+01 0.000000E+00 -3.367108E+02 0.000000E+00 1.057533E+05 1.038538E+05 2.129956E+04 1.609891E+02 0.000000E+00 1.000000E+00
2.651000E+00 7.163609E+04 1.723106E+04 1.060103E+05 1.326365E+02 6.856448E+01 0.000000E+00 -3.274720E+02 0.000000E+00 1.055970E+05 1.036948E+05 2.133187E+04 1.608296E+02 0.000000E+00 1.000000E+00
2.652000E+00 7.156373E+04 1.725377E+04 1.058530E+05 1.329593E+02 6.832494E+01 0.000000E+00 -3.181999E+02 0.000000E+00 1.054409E+05 1.035357E+05 2.136102E+04 1.606584E+02 0.000000E+00 1.000000E+00
2.653000E+00 7.148995E+04 1.727286E+04 1.056961E+05 1.332729E+02 6.809469E+01 0.000000E+00 -3.088996E+02 0.000000E+00 1.052850E+05 1.033764E+05 2.138719E+04 1.604767E+02 0.000000E+00 1.000000E+00
2.654000E+00 7.141475E+04 1.728843E+04 1.055393E+05 1.335771E+02 6.787375E+01 0.000000E+00 -2.995760E+02 0.000000E+00 1.051294E+05 1.032172E+05 2.141039E+04 1.602849E+02 0.000000E+00 1.000000E+00
2.655000E+00 7.133812E+04 1.730058E+04 1.053828E+05 1.338720E+02 6.766214E+01 0.000000E+00 -2.902341E+02 0.000000E+00 1.049739E+05 1.030578E+05 2.143069E+04 1.600834E+02 0.000000E+00 1.000000E+00
2.656000E+00 7.126008E+04 1.730929E+04 1.052265E+05 1.341576E+02 6.745989E+01 0.000000E+00 -2.808788E+02 0.000000E+00 1.048187E+05 1.028985E+05 2.144802E+04 1.598718E+02 0.000000E+00 1.000000E+00
2.657000E+00 7.118064E+04 1.731477E+04 1.050705E+05 1.344338E+02 6.726699E+01 0.000000E+00 -2.715149E+02 0.000000E+00 1.046637E+05 1.027391E+05 2.146253E+04 1.596514E+02 0.000000E+00 1.000000E+00
2.658000E+00 7.109981E+04 1.731720E+04 1.049147E+05 1.347006E+02 6.708346E+01 0.000000E+00 -2.621469E+02 0.000000E+00 1.045089E+05 1.025797E+05 2.147437E+04 1.594230E+02 0.000000E+00 1.000000E+00
2.659000E+00 7.101762E+04 1.731672E+04 1.047592E+05 1.349580E+02 6.690930E+01 0.000000E+00 -2.527795E+02 0.000000E+00 1.043544E+05 1.024203E+05 2.148363E+04 1.591874E+02 0.000000E+00 1.000000E+00
2.660000E+00 7.093408E+04 1.731347E+04 1.046038E+05 1.352061E+02 6.674450E+01 0.000000E+00 -2.434170E+02 0.000000E+00 1.042000E+05 1.022609E+05 2.149040E+04 1.589454E+02 0.000000E+00 1.000000E+00
2.661000E+00 7.084922E+04 1.730750E+04 1.044487E+05 1.354449E+02 6.658906E+01 0.000000E+00 -2.340638E+02 0.000000E+00 1.040459E+05 1.021017E+05 2.149470E+04 1.586970E+02 0.000000E+00 1.000000E+00
2.662000E+00 7.076308E+04 1.729909E+04 1.042939E+05 1.356743E+02 6.644297E+01 0.000000E+00 -2.247240E+02 0.000000E+00 1.038920E+05 1.019425E+05 2.149677E+04 1.584440E+02 0.000000E+00 1.000000E+00
2.663000E+00 7.067568E+04 1.728840E+04 1.041393E+05 1.358943E+02 6.630620E+01 0.000000E+00 -2.154015E+02 0.000000E+00 1.037383E+05 1.017834E+05 2.149674E+04 1.581872E+02 0.000000E+00 1.000000E+00
2.664000E+00 7.058708E+04 1.727560E+04 1.039849E+05 1.361051E+02 6.617876E+01 0.000000E+00 -2.061002E+02 0.000000E+00 1.035848E+05 1.016245E+05 2.149474E+04 1.579275E+02 0.000000E+00 1.000000E+00
2.665000E+00 7.049730E+04 1.726084E+04 1.038307E+05 1.363065E+02 6.606060E+01 0.000000E+00 -1.968237E+02 0.000000E+00 1.034315E+05 1.014658E+05 2.149091E+04 1.576660E+02 0.000000E+00 1.000000E+00
2.666000E+00 7.040639E+04 1.724432E+04 1.036768E+05 1.364987E+02 6.595170E+01 0.000000E+00 -1.875755E+02 0.000000E+00 1.032785E+05 1.013073E+05 2.148540E+04 1.574036E+02 0.000000E+00 1.000000E+00
2.667000E+00 7.031441E+04 1.722623E+04 1.035231E+05 1.366817E+02 6.585203E+01 0.000000E+00 -1.783589E+02 0.000000E+00 1.031256E+05 1.011490E+05 2.147839E+04 1.571417E+02 0.000000E+00 1.000000E+00
2.668000E+00 7.022141E+04 1.720675E+04 1.033697E+05 1.368555E+02 6.576157E+01 0.000000E+00 -1.691770E+02 0.000000E+00 1.029730E+05 1.009910E+05 2.147004E+04 1.568811E+02 0.000000E+00 1.000000E+00
2.669000E+00 7.012743E+04 1.718605E+04 1.032164E+05 1.370201E+02 6.568027E+01 0.000000E+00 -1.600326E+02 0.000000E+00 1.028206E+05 1.008332E+05 2.146049E+04 1.566230E+02 0.000000E+00 1.000000E+00
2.670000E+00 7.003255E+04 1.716436E+04 1.030634E+05 1.371756E+02 6.560809E+01 0.000000E+00 -1.509286E+02 0.000000E+00 1.026684E+05 1.006758E+05 2.144998E+04 1.563688E+02 0.000000E+00 1.000000E+00
2.671000E+00 6.993681E+04 1.714186E+04 1.029107E+05 1.373219E+02 6.554500E+01 0.000000E+00 -1.418674E+02 0.000000E+00 1.025165E+05 1.005187E+05 2.143867E+04 1.561197E+02 0.000000E+00 1.000000E+00
2.672000E+00 6.984028E+04 1.711870E+04 1.027581E+05 1.374593E+02 6.549094E+01 0.000000E+00 -1.328514E+02 0.000000E+00 1.023647E+05 1.003620E+05 2.142668E+04 1.558766E+02 0.000000E+00 1.000000E+00
2.673000E+00 6.974303E+04 1.709505E+04 1.026058E+05 1.375877E+02 6.544588E+01 0.000000E+00 -1.238826E+02 0.000000E+00 1.022131E+05 1.002057E+05 2.141420E+04 1.556404E+02 0.000000E+00 1.000000E+00
2.674000E+00 6.964512E+04 1.707106E+04 1.024537E+05 1.377071E+02 6.540976E+01 0.000000E+00 -1.149631E+02 0.000000E+00 1.020618E+05 1.000499E+05 2.140136E+04 1.554122E+02 0.000000E+00 1.000000E+00
2.675000E+00 6.954661E+04 1.704708E+04 1.023019E+05 1.378176E+02 6.538254E+01 0.000000E+00 -1.060946E+02 0.000000E+00 1.019107E+05 9.989445E+04 2.138852E+04 1.551944E+02 0.000000E+00 1.000000E+00
2.676000E+00 6.944758E+04 1.702314E+04 1.021503E+05 1.379193E+02 6.536415E+01 0.000000E+00 -9.727863E+01 0.000000E+00 1.017598E+05 9.973952E+04 2.137571E+04 1.549871E+02 0.000000E+00 1.000000E+00
2.677000E+00 6.934810E+04 1.699936E+04 1.019989E+05 1.380122E+02 6.535456E+01 0.000000E+00 -8.851657E+01 0.000000E+00 1.016091E+05 9.958510E+04 2.136305E+04 1.547911E+02 0.000000E+00 1.000000E+00
2.678000E+00 6.924822E+04 1.697589E+04 1.018477E+05 1.380963E+02 6.535370E+01 0.000000E+00 -7.980963E+01 0.000000E+00 1.014586E+05 9.943120E+04 2.135070E+04 1.546073E+02 0.000000E+00 1.000000E+00
2.679000E+00 6.914804E+04 1.695290E+04 1.016967E+05 1.381718E+02 6.536152E+01 0.000000E+00 -7.115885E+01 0.000000E+00 1.013083E+05 9.927786E+04 2.133883E+04 1.544369E+02 0.000000E+00 1.000000E+00
2.680000E+00 6.904760E+04 1.693074E+04 1.015460E+05 1.382387E+02 6.537796E+01 0.000000E+00 -6.256507E+01 0.000000E+00 1.011583E+05 9.912508E+04 2.132781E+04 1.542825E+02 0.000000E+00 1.000000E+00
2.681000E+00 6.894698E+04 1.690929E+04 1.013955E+05 1.382970E+02 6.540297E+01 0.000000E+00 -5.402900E+01 0.000000E+00 1.010085E+05 9.897288E+04 2.131752E+04 1.541431E+02 0.000000E+00 1.000000E+00
2.682000E+00 6.884625E+04 1.688865E+04 1.012452E+05 1.383468E+02 6.543649E+01 0.000000E+00 -4.555119E+01 0.000000E+00 1.008588E+05 9.882129E+04 2.130810E+04 1.540195E+02 0.000000E+00 1.000000E+00
2.683000E+00 6.874548E+04 1.686892E+04 1.010952E+05 1.383881E+02 6.547845E+01 0.000000E+00 -3.713209E+01 0.000000E+00 1.007094E+05 9.867031E+04 2.129963E+04 1.539123E+02 0.000000E+00 1.000000E+00
2.684000E+00 6.864472E+04 1.685034E+04 1.009453E+05 1.384210E+02 6.552880E+01 0.000000E+00 -2.877198E+01 0.000000E+00 1.005602E+05 9.851995E+04 2.129240E+04 1.538234E+02 0.000000E+00 1.000000E+00
2.685000E+00 6.854404E+04 1.683305E+04 1.007957E+05 1.384457E+02 6.558749E+01 0.000000E+00 -2.047101E+01 0.000000E+00 1.004113E+05 9.837023E+04 2.128655E+04 1.537538E+02 0.000000E+00 1.000000E+00
2.686000E+00 6.844351E+04 1.681692E+04 1.006464E+05 1.384620E+02 6.565444E+01 0.000000E+00 -1.222924E+01 0.000000E+00 1.002625E+05 9.822116E+04 2.128196E+04 1.537025E+02 0.000000E+00 1.000000E+00
2.687000E+00 6.834317E+04 1.680198E+04 1.004972E+05 1.384701E+02 6.572961E+01 0.000000E+00 -4.046672E+00 0.000000E+00 1.001140E+05 9.807273E+04 2.127871E+04 1.536700E+02 0.000000E+00 1.000000E+00
2.688000E+00 6.824308E+04 1.678844E+04 1.003483E+05 1.384711E+02 6.581190E+01 0.000000E+00 7.421620E-03 0.000000E+00 9.996564E+04 9.792495E+04 2.127700E+04 1.536566E+02 0.000000E+00 0.000000E+00
2.689000E+00 6.814332E+04 1.677754E+04 1.001995E+05 1.384711E+02 6.589520E+01 0.000000E+00 2.730261E-03 0.000000E+00 9.981753E+04 9.777783E+04 2.127812E+04 1.536646E+02 0.000000E+00 0.000000E+00
2.690000E+00 6.804397E+04 1.676924E+04 1.000510E+05 1.384711E+02 6.597850E+01 0.000000E+00 1.004407E-03 0.000000E+00 9.966964E+04 9.763142E+04 2.128206E+04 1.536931E+02 0.000000E+00 0.000000E+00
2.691000E+00 6.794511E+04 1.676341E+04 9.990276E+04 1.384711E+02 6.606180E+01 0.000000E+00 3.695007E-04 0.000000E+00 9.952197E+04 9.748572E+04 2.128873E+04 1.537413E+02 0.000000E+00 0.000000E+00
2.692000E+00 6.784681E+04 1.676000E+04 9.975471E+04 1.384711E+02 6.614510E+01 0.000000E+00 1.359317E-04 0.000000E+00 9.937451E+04 9.734076E+04 2.129814E+04 1.538092E+02 0.000000E+00 0.000000E+00
2.693000E+00 6.774913E+04 1.675898E+04 9.960687E+04 1.384711E+02 6.622840E+01 0.000000E+00 5.000648E-05 0.000000E+00 9.922727E+04 9.719653E+04 2.131027E+04 1.538968E+02 0.000000E+00 0.000000E+00
2.694000E+00 6.765213E+04 1.676068E+04 9.945925E+04 1.384711E+02 6.631170E+01 0.000000E+00 1.839636E-05 0.000000E+00 9.908026E+04 9.705305E+04 2.132550E+04 1.540068E+02 0.000000E+00 0.000000E+00
2.695000E+00 6.755588E+04 1.676463E+04 9.931185E+04 1.384711E+02 6.639500E+01 0.000000E+00 6.767642E-06 0.000000E+00 9.893346E+04 9.691030E+04 2.134340E+04 1.541361E+02 0.000000E+00 0.000000E+00
2.696000E+00 6.746041E+04 1.677075E+04 9.916468E+04 1.384711E+02 6.647830E+01 0.000000E+00 2.489676E-06 0.000000E+00 9.878688E+04 9.676829E+04 2.136390E+04 1.542842E+02 0.000000E+00 0.000000E+00
2.697000E+00 6.736576E+04 1.677894E+04 9.901771E+04 1.384711E+02 6.656160E+01 0.000000E+00 9.159007E-07 0.000000E+00 9.864052E+04 9.662699E+04 2.138697E+04 1.544507E+02 0.000000E+00 0.000000E+00
2.698000E+00 6.727197E+04 1.678921E+04 9.887097E+04 1.384711E+02 6.664490E+01 0.000000E+00 3.369410E-07 0.000000E+00 9.849438E+04 9.648640E+04 2.141263E+04 1.546360E+02 0.000000E+00 0.000000E+00
2.699000E+00 6.717906E+04 1.680158E+04 9.872445E+04 1.384711E+02 6.672820E+01 0.000000E+00 1.239537E-07 0.000000E+00 9.834846E+04 9.634648E+04 2.144093E+04 1.548404E+02 0.000000E+00 0.000000E+00
2.700000E+00 6.708706E+04 1.681568E+04 9.857814E+04 1.384711E+02 6.681150E+01 0.000000E+00 4.560001E-08 0.000000E+00 9.820276E+04 9.620723E+04 2.147153E+04 1.550614E+02 0.000000E+00 0.000000E+00
2.701000E+00 6.699596E+04 1.683137E+04 9.843205E+04 1.384711E+02 6.689480E+01 0.000000E+00 1.677531E-08 0.000000E+00 9.805729E+04 9.606860E+04 2.150431E+04 1.552981E+02 0.000000E+00 0.000000E+00
2.702000E+00 6.690579E+04 1.684851E+04 9.828618E+04 1.384711E+02 6.697810E+01 0.000000E+00 6.171290E-09 0.000000E+00 9.791203E+04 9.593057E+04 2.153916E+04 1.555498E+02 0.000000E+00 0.000000E+00
2.703000E+00 6.681653E+04 1.686711E+04 9.814053E+04 1.384711E+02 6.706140E+01 0.000000E+00 2.270291E-09 0.000000E+00 9.776700E+04 9.579311E+04 2.157611E+04 1.558167E+02 0.000000E+00 0.000000E+00
2.704000E+00 6.672818E+04 1.688696E+04 9.799509E+04 1.384711E+02 6.714470E+01 0.000000E+00 8.351933E-10 0.000000E+00 9.762219E+04 9.565618E+04 2.161495E+04 1.560972E+02 0.000000E+00 0.000000E+00
2.705000E+00 6.664074E+04 1.690776E+04 9.784987E+04 1.384711E+02 6.722800E+01 0.000000E+00 3.072505E-10 0.000000E+00 9.747760E+04 9.551975E+04 2.165542E+04 1.563894E+02 0.000000E+00 0.000000E+00
2.706000E+00 6.655416E+04 1.692935E+04 9.770486E+04 1.384711E+02 6.731130E+01 0.000000E+00 1.130311E-10 0.000000E+00 9.733323E+04 9.538378E+04 2.169736E+04 1.566923E+02 0.000000E+00 0.000000E+00
2.707000E+00 6.646845E+04 1.695156E+04 9.756007E+04 1.384711E+02 6.739460E+01 0.000000E+00 4.158183E-11 0.000000E+00 9.718908E+04 9.524823E+04 2.174060E+04 1.570046E+02 0.000000E+00 0.000000E+00
2.708000E+00 6.638355E+04 1.697432E+04 9.741550E+04 1.384711E+02 6.747790E+01 0.000000E+00 1.529710E-11 0.000000E+00 9.704516E+04 9.511307E+04 2.178510E+04 1.573259E+02 0.000000E+00 0.000000E+00
2.709000E+00 6.629944E+04 1.699733E+04 9.727114E+04 1.384711E+02 6.756120E+01 0.000000E+00 5.627488E-12 0.000000E+00 9.690145E+04 9.497824E+04 2.183052E+04 1.576539E+02 0.000000E+00 0.000000E+00
2.710000E+00 6.621607E+04 1.702035E+04 9.712700E+04 1.384711E+02 6.764450E+01 0.000000E+00 2.070237E-12 0.000000E+00 9.675797E+04 9.484371E+04 2.187667E+04 1.579872E+02 0.000000E+00 0.000000E+00
2.711000E+00 6.613340E+04 1.704321E+04 9.698307E+04 1.384711E+02 6.772780E+01 0.000000E+00 7.615977E-13 0.000000E+00 9.661471E+04 9.470945E+04 2.192334E+04 1.583243E+02 0.000000E+00 0.000000E+00
2.712000E+00 6.605138E+04 1.706572E+04 9.683936E+04 1.384711E+02 6.781110E+01 0.000000E+00 2.801761E-13 0.000000E+00 9.647167E+04 9.457539E+04 2.197034E+04 1.586637E+02 0.000000E+00 0.000000E+00
2.713000E+00 6.596995E+04 1.708766E+04 9.669586E+04 1.384711E+02 6.789440E+01 0.000000E+00 1.030710E-13 0.000000E+00 9.632885E+04 9.444152E+04 2.201746E+04 1.590040E+02 0.000000E+00 0.000000E+00
2.714000E+00 6.588905E+04 1.710881E+04 9.655258E+04 1.384711E+02 6.797770E+01 0.000000E+00 3.791772E-14 0.000000E+00 9.618624E+04 9.430777E+04 2.206444E+04 1.593433E+02 0.000000E+00 0.000000E+00
2.715000E+00 6.580862E+04 1.712897E+04 9.640951E+04 1.384711E+02 6.806100E+01 0.000000E+00 1.394915E-14 0.000000E+00 9.604386E+04 9.417412E+04 2.211109E+04 1.596801E+02 0.000000E+00 0.000000E+00
2.716000E+00 6.572860E+04 1.714796E+04 9.626665E+04 1.384711E+02 6.814430E+01 0.000000E+00 5.131605E-15 0.000000E+00 9.590169E+04 9.404052E+04 2.215718E+04 1.600130E+02 0.000000E+00 0.000000E+00
2.717000E+00 6.564891E+04 1.716552E+04 9.612401E+04 1.384711E+02 6.822760E+01 0.000000E+00 1.887812E-15 0.000000E+00 9.575975E+04 9.390694E+04 2.220245E+04 1.603399E+02 0.000000E+00 0.000000E+00
2.718000E+00 6.556948E+04 1.718140E+04 9.598158E+04 1.384711E+02 6.831090E+01 0.000000E+00 6.944872E-16 0.000000E+00 9.561802E+04 9.377333E+04 2.224663E+04 1.606590E+02 0.000000E+00 0.000000E+00
2.719000E+00 6.549025E+04 1.719550E+04 9.583937E+04 1.384711E+02 6.839420E+01 0.000000E+00 2.554876E-16 0.000000E+00 9.547650E+04 9.363965E+04 2.228957E+04 1.609690E+02 0.000000E+00 0.000000E+00
2.720000E+00 6.541112E+04 1.720763E+04 9.569736E+04 1.384711E+02 6.847750E+01 0.000000E+00 9.398863E-17 0.000000E+00 9.533521E+04 9.350588E+04 2.233105E+04 1.612686E+02 0.000000E+00 0.000000E+00
2.721000E+00 6.533204E+04 1.721762E+04 9.555557E+04 1.384711E+02 6.856080E+01 0.000000E+00 3.457648E-17 0.000000E+00 9.519412E+04 9.337198E+04 2.237089E+04 1.615563E+02 0.000000E+00 0.000000E+00
2.722000E+00 6.525291E+04 1.722509E+04 9.541400E+04 1.384711E+02 6.864410E+01 0.000000E+00 1.271998E-17 0.000000E+00 9.505325E+04 9.323791E+04 2.240864E+04 1.618290E+02 0.000000E+00 0.000000E+00
2.723000E+00 6.517366E+04 1.722997E+04 9.527263E+04 1.384711E+02 6.872740E+01 0.000000E+00 4.679418E-18 0.000000E+00 9.491260E+04 9.310365E+04 2.244421E+04 1.620858E+02 0.000000E+00 0.000000E+00
2.724000E+00 6.509421E+04 1.723218E+04 9.513148E+04 1.384711E+02 6.881070E+01 0.000000E+00 1.721462E-18 0.000000E+00 9.477215E+04 9.296916E+04 2.247748E+04 1.623261E+02 0.000000E+00 0.000000E+00
2.725000E+00 6.501448E+04 1.723159E+04 9.499053E+04 1.384711E+02 6.889400E+01 0.000000E+00 6.332904E-19 0.000000E+00 9.463192E+04 9.283442E+04 2.250825E+04 1.625483E+02 0.000000E+00 0.000000E+00
2.726000E+00 6.493439E+04 1.722805E+04 9.484980E+04 1.384711E+02 6.897730E+01 0.000000E+00 2.329745E-19 0.000000E+00 9.449189E+04 9.269941E+04 2.253636E+04 1.627513E+02 0.000000E+00 0.000000E+00
2.727000E+00 6.485387E+04 1.722099E+04 9.470928E+04 1.384711E+02 6.906060E+01 0.000000E+00 8.570653E-20 0.000000E+00 9.435208E+04 9.256409E+04 2.256117E+04 1.629305E+02 0.000000E+00 0.000000E+00
2.728000E+00 6.477282E+04 1.721072E+04 9.456897E+04 1.384711E+02 6.914390E+01 0.000000E+00 3.152967E-20 0.000000E+00 9.421247E+04 9.242846E+04 2.258292E+04 1.630876E+02 0.000000E+00 0.000000E+00
2.729000E+00 6.469119E+04 1.719711E+04 9.442887E+04 1.384711E+02 6.922720E+01 0.000000E+00 1.159912E-20 0.000000E+00 9.407307E+04 9.229249E+04 2.260147E+04 1.632215E+02 0.000000E+00 0.000000E+00
2.730000E+00 6.460889E+04 1.718009E+04 9.428898E+04 1.384711E+02 6.931050E+01 0.000000E+00 4.267077E-21 0.000000E+00 9.393388E+04 9.215617E+04 2.261666E+04 1.633313E+02 0.000000E+00 0.000000E+00
2.731000E+00 6.452585E+04 1.715942E+04 9.414930E+04 1.384711E+02 6.939380E+01 0.000000E+00 1.569770E-21 0.000000E+00 9.379489E+04 9.201948E+04 2.262821E+04 1.634146E+02 0.000000E+00 0.000000E+00
2.732000E+00 6.444201E+04 1.713476E+04 9.400983E+04 1.384711E+02 6.947710E+01 0.000000E+00 5.774861E-22 0.000000E+00 9.365610E+04 9.188241E+04 2.263574E+04 1.634690E+02 0.000000E+00 0.000000E+00
2.733000E+00 6.435729E+04 1.710646E+04 9.387057E+04 1.384711E+02 6.956040E+01 0.000000E+00 2.124453E-22 0.000000E+00 9.351752E+04 9.174497E+04 2.263950E+04 1.634962E+02 0.000000E+00 0.000000E+00
2.734000E+00 6.427164E+04 1.707446E+04 9.373151E+04 1.384711E+02 6.964370E+01 0.000000E+00 7.815424E-23 0.000000E+00 9.337914E+04 9.160713E+04 2.263941E+04 1.634955E+02 0.000000E+00 0.000000E+00
2.735000E+00 6.418498E+04 1.703874E+04 9.359266E+04 1.384711E+02 6.972700E+01 0.000000E+00 2.875134E-23 0.000000E+00 9.324096E+04 9.146891E+04 2.263537E+04 1.634663E+02 0.000000E+00 0.000000E+00
2.736000E+00 6.409728E+04 1.699893E+04 9.345402E+04 1.384711E+02 6.981030E+01 0.000000E+00 1.057703E-23 0.000000E+00 9.310297E+04 9.133029E+04 2.262696E+04 1.634056E+02 0.000000E+00 0.000000E+00
2.737000E+00 6.400847E+04 1.695511E+04 9.331559E+04 1.384711E+02 6.989360E+01 0.000000E+00 3.891071E-24 0.000000E+00 9.296519E+04 9.119129E+04 2.261419E+04 1.633134E+02 0.000000E+00 0.000000E+00
2.738000E+00 6.391851E+04 1.690754E+04 9.317736E+04 1.384711E+02 6.997690E+01 0.000000E+00 1.431445E-24 0.000000E+00 9.282760E+04 9.105191E+04 2.259728E+04 1.631913E+02 0.000000E+00 0.000000E+00
2.739000E+00 6.382735E+04 1.685625E+04 9.303934E+04 1.384711E+02 7.006020E+01 0.000000E+00 5.265991E-25 0.000000E+00 9.269020E+04 9.091216E+04 2.257619E+04 1.630389E+02 0.000000E+00 0.000000E+00
2.740000E+00 6.373496E+04 1.680128E+04 9.290153E+04 1.384711E+02 7.014350E+01 0.000000E+00 1.937250E-25 0.000000E+00 9.255301E+04 9.077204E+04 2.255090E+04 1.628563E+02 0.000000E+00 0.000000E+00
2.741000E+00 6.364131E+04 1.674215E+04 9.276392E+04 1.384711E+02 7.022680E+01 0.000000E+00 7.126744E-26 0.000000E+00 9.241600E+04 9.063158E+04 2.252088E+04 1.626395E+02 0.000000E+00 0.000000E+00
2.742000E+00 6.354635E+04 1.667936E+04 9.262652E+04 1.384711E+02 7.031010E+01 0.000000E+00 2.621783E-26 0.000000E+00 9.227919E+04 9.049078E+04 2.248657E+04 1.623918E+02 0.000000E+00 0.000000E+00
2.743000E+00 6.345008E+04 1.661310E+04 9.248932E+04 1.384711E+02 7.039340E+01 0.000000E+00 9.645000E-27 0.000000E+00 9.214257E+04 9.034968E+04 2.244811E+04 1.621140E+02 0.000000E+00 0.000000E+00
2.744000E+00 6.335247E+04 1.654346E+04 9.235232E+04 1.384711E+02 7.047670E+01 0.000000E+00 3.548197E-27 0.000000E+00 9.200613E+04 9.020828E+04 2.240552E+04 1.618064E+02 0.000000E+00 0.000000E+00
2.745000E+00 6.325351E+04 1.647045E+04 9.221553E+04 1.384711E+02 7.056000E+01 0.000000E+00 1.305309E-27 0.000000E+00 9.186989E+04 9.006661E+04 2.235878E+04 1.614689E+02 0.000000E+00 0.000000E+00
2.746000E+00 6.315319E+04 1.639378E+04 9.207894E+04 1.384711E+02 7.064330E+01 0.000000E+00 4.801963E-28 0.000000E+00 9.173384E+04 8.992470E+04 2.230754E+04 1.610989E+02 0.000000E+00 0.000000E+00
2.747000E+00 6.305152E+04 1.631409E+04 9.194256E+04 1.384711E+02 7.072660E+01 0.000000E+00 1.766543E-28 0.000000E+00 9.159798E+04 8.978258E+04 2.225241E+04 1.607007E+02 0.000000E+00 0.000000E+00
2.748000E+00 6.294850E+04 1.623155E+04 9.180637E+04 1.384711E+02 7.080990E+01 0.000000E+00 6.498750E-29 0.000000E+00 9.146230E+04 8.964027E+04 2.219348E+04 1.602751E+02 0.000000E+00 0.000000E+00
2.749000E+00 6.284414E+04 1.614628E+04 9.167039E+04 1.384711E+02 7.089320E+01 0.000000E+00 2.390756E-29 0.000000E+00 9.132681E+04 8.949781E+04 2.213086E+04 1.598229E+02 0.000000E+00 0.000000E+00
2.750000E+00 6.273845E+04 1.605824E+04 9.153461E+04 1.384711E+02 7.097650E+01 0.000000E+00 8.795101E-30 0.000000E+00 9.119150E+04 8.935522E+04 2.206446E+04 1.593434E+02 0.000000E+00 0.000000E+00
2.751000E+00 6.263147E+04 1.596757E+04 9.139903E+04 1.384711E+02 7.105980E+01 0.000000E+00 3.235537E-30 0.000000E+00 9.105638E+04 8.921255E+04 2.199437E+04 1.588372E+02 0.000000E+00 0.000000E+00
2.752000E+00 6.252321E+04 1.587473E+04 9.126365E+04 1.384711E+02 7.114310E+01 0.000000E+00 1.190288E-30 0.000000E+00 9.092144E+04 8.906983E+04 2.192104E+04 1.583077E+02 0.000000E+00 0.000000E+00
2.753000E+00 6.241371E+04 1.577993E+04 9.112846E+04 1.384711E+02 7.122640E+01 0.000000E+00 4.378823E-31 0.000000E+00 9.078669E+04 8.892710E+04 2.184464E+04 1.577559E+02 0.000000E+00 0.000000E+00
2.754000E+00 6.230301E+04 1.568335E+04 9.099348E+04 1.384711E+02 7.130970E+01 0.000000E+00 1.610879E-31 0.000000E+00 9.065212E+04 8.878439E+04 2.176532E+04 1.571831E+02 0.000000E+00 0.000000E+00
2.755000E+00 6.219115E+04 1.558496E+04 9.085870E+04 1.384711E+02 7.139300E+01 0.000000E+00 5.926093E-32 0.000000E+00 9.051773E+04 8.864175E+04 2.168302E+04 1.565887E+02 0.000000E+00 0.000000E+00
2.756000E+00 6.207819E+04 1.548515E+04 9.072411E+04 1.384711E+02 7.147630E+01 0.000000E+00 2.180088E-32 0.000000E+00 9.038353E+04 8.849922E+04 2.159813E+04 1.559756E+02 0.000000E+00 0.000000E+00
2.757000E+00 6.196417E+04 1.538426E+04 9.058972E+04 1.384711E+02 7.155960E+01 0.000000E+00 8.020094E-33 0.000000E+00 9.024951E+04 8.835684E+04 2.151095E+04 1.553461E+02 0.000000E+00 0.000000E+00
2.758000E+00 6.184916E+04 1.528253E+04 9.045553E+04 1.384711E+02 7.164290E+01 0.000000E+00 2.950428E-33 0.000000E+00 9.011567E+04 8.821464E+04 2.142172E+04 1.547017E+02 0.000000E+00 0.000000E+00
2.759000E+00 6.173323E+04 1.518016E+04 9.032154E+04 1.384711E+02 7.172620E+01 0.000000E+00 1.085402E-33 0.000000E+00 8.998201E+04 8.807268E+04 2.133063E+04 1.540439E+02 0.000000E+00 0.000000E+00
2.760000E+00 6.161644E+04 1.507720E+04 9.018774E+04 1.384711E+02 7.180950E+01 0.000000E+00 3.992970E-34 0.000000E+00 8.984853E+04 8.793099E+04 2.123772E+04 1.533729E+02 0.000000E+00 0.000000E+00
2.761000E+00 6.149886E+04 1.497413E+04 9.005414E+04 1.384711E+02 7.189280E+01 0.000000E+00 1.468932E-34 0.000000E+00 8.971524E+04 8.778962E+04 2.114347E+04 1.526923E+02 0.000000E+00 0.000000E+00
2.762000E+00 6.138057E+04 1.487119E+04 8.992073E+04 1.384711E+02 7.197610E+01 0.000000E+00 5.403897E-35 0.000000E+00 8.958212E+04 8.764860E+04 2.104814E+04 1.520038E+02 0.000000E+00 0.000000E+00
2.763000E+00 6.126165E+04 1.476863E+04 8.978752E+04 1.384711E+02 7.205940E+01 0.000000E+00 1.987983E-35 0.000000E+00 8.944919E+04 8.750798E+04 2.095195E+04 1.513091E+02 0.000000E+00 0.000000E+00
2.764000E+00 6.114218E+04 1.466665E+04 8.965450E+04 1.384711E+02 7.214270E+01 0.000000E+00 7.313379E-36 0.000000E+00 8.931644E+04 8.736781E+04 2.085513E+04 1.506100E+02 0.000000E+00 0.000000E+00
2.765000E+00 6.102226E+04 1.456550E+04 8.952168E+04 1.384711E+02 7.222600E+01 0.000000E+00 2.690442E-36 0.000000E+00 8.918387E+04 8.722811E+04 2.075796E+04 1.499082E+02 0.000000E+00 0.000000E+00
2.766000E+00 6.090197E+04 1.446549E+04 8.938905E+04 1.384711E+02 7.230930E+01 0.000000E+00 9.897583E-37 0.000000E+00 8.905148E+04 8.708894E+04 2.066074E+04 1.492061E+02 0.000000E+00 0.000000E+00
2.767000E+00 6.078140E+04 1.436683E+04 8.925661E+04 1.384711E+02 7.239260E+01 0.000000E+00 3.641117E-37 0.000000E+00 8.891928E+04 8.695032E+04 2.056372E+04 1.485054E+02 0.000000E+00 0.000000E+00
2.768000E+00 6.066065E+04 1.426975E+04 8.912437E+04 1.384711E+02 7.247590E+01 0.000000E+00 1.339492E-37 0.000000E+00 8.878726E+04 8.681229E+04 2.046714E+04 1.478080E+02 0.000000E+00 0.000000E+00
2.769000E+00 6.053981E+04 1.417455E+04 8.899232E+04 1.384711E+02 7.255920E+01 0.000000E+00 4.927716E-38 0.000000E+00 8.865542E+04 8.667490E+04 2.037134E+04 1.471162E+02 0.000000E+00 0.000000E+00
2.770000E+00 6.041898E+04 1.408147E+04 8.886046E+04 1.384711E+02 7.264250E+01 0.000000E+00 1.812805E-38 0.000000E+00 8.852377E+04 8.653817E+04 2.027659E+04 1.464319E+02 0.000000E+00 0.000000E+00
2.771000E+00 6.029826E+04 1.399067E+04 8.872879E+04 1.384711E+02 7.272580E+01 0.000000E+00 6.668939E-39 0.000000E+00 8.839229E+04 8.640214E+04 2.018308E+04 1.457566E+02 0.000000E+00 0.000000E+00
2.772000E+00 6.017774E+04 1.390234E+04 8.859731E+04 1.384711E+02 7.280910E+01 0.000000E+00 2.453365E-39 0.000000E+00 8.826101E+04 8.626684E+04 2.009105E+04 1.450919E+02 0.000000E+00 0.000000E+00
2.773000E+00 6.005753E+04 1.381668E+04 8.846603E+04 1.384711E+02 7.289240E+01 0.000000E+00 9.025427E-40 0.000000E+00 8.812991E+04 8.613229E+04 2.000072E+04 1.444397E+02 0.000000E+00 0.000000E+00
2.774000E+00 5.993771E+04 1.373414E+04 8.833493E+04 1.384711E+02 7.297570E+01 0.000000E+00 3.320269E-40 0.000000E+00 8.799899E+04 8.599853E+04 1.991262E+04 1.438034E+02 0.000000E+00 0.000000E+00
2.775000E+00 5.981840E+04 1.365472E+04 8.820403E+04 1.384711E+02 7.305900E+01 0.000000E+00 1.221459E-40 0.000000E+00 8.786826E+04 8.586557E+04 1.982677E+04 1.431834E+02 0.000000E+00 0.000000E+00
2.776000E+00 5.969968E+04 1.357854E+04 8.807331E+04 1.384711E+02 7.314230E+01 0.000000E+00 4.493496E-41 0.000000E+00 8.773772E+04 8.573345E+04 1.974334E+04 1.425809E+02 0.000000E+00 0.000000E+00
2.777000E+00 5.958165E+04 1.350575E+04 8.794278E+04 1.384711E+02 7.322560E+01 0.000000E+00 1.653065E-41 0.000000E+00 8.760736E+04 8.560217E+04 1.966255E+04 1.419975E+02 0.000000E+00 0.000000E+00
2.778000E+00 5.946441E+04 1.343655E+04 8.781245E+04 1.384711E+02 7.330890E+01 0.000000E+00 6.081285E-42 0.000000E+00 8.747719E+04 8.547177E+04 1.958464E+04 1.414348E+02 0.000000E+00 0.000000E+00
2.779000E+00 5.934804E+04 1.337142E+04 8.768230E+04 1.384711E+02 7.339220E+01 0.000000E+00 2.237180E-42 0.000000E+00 8.734722E+04 8.534224E+04 1.951016E+04 1.408969E+02 0.000000E+00 0.000000E+00
2.780000E+00 5.923264E+04 1.331012E+04 8.755234E+04 1.384711E+02 7.347550E+01 0.000000E+00 8.230124E-43 0.000000E+00 8.721743E+04 8.521362E+04 1.943891E+04 1.403824E+02 0.000000E+00 0.000000E+00
2.781000E+00 5.911828E+04 1.325272E+04 8.742257E+04 1.384711E+02 7.355880E+01 0.000000E+00 3.027694E-43 0.000000E+00 8.708783E+04 8.508589E+04 1.937105E+04 1.398923E+02 0.000000E+00 0.000000E+00
2.782000E+00 5.900507E+04 1.319935E+04 8.729298E+04 1.384711E+02 7.364210E+01 0.000000E+00 1.113826E-43 0.000000E+00 8.695842E+04 8.495908E+04 1.930673E+04 1.394278E+02 0.000000E+00 0.000000E+00
2.783000E+00 5.889306E+04 1.315029E+04 8.716359E+04 1.384711E+02 7.372540E+01 0.000000E+00 4.097538E-44 0.000000E+00 8.682920E+04 8.483319E+04 1.924634E+04 1.389917E+02 0.000000E+00 0.000000E+00
2.784000E+00 5.878235E+04 1.310574E+04 8.703438E+04 1.384711E+02 7.380870E+01 0.000000E+00 1.507400E-44 0.000000E+00 8.670018E+04 8.470822E+04 1.919012E+04 1.385857E+02 0.000000E+00 0.000000E+00
2.785000E+00 5.867301E+04 1.306541E+04 8.690536E+04 1.384711E+02 7.389200E+01 0.000000E+00 5.545414E-45 0.000000E+00 8.657135E+04 8.458416E+04 1.913785E+04 1.382082E+02 0.000000E+00 0.000000E+00
2.786000E+00 5.856509E+04 1.302935E+04 8.677653E+04 1.384711E+02 7.397530E+01 0.000000E+00 2.040044E-45 0.000000E+00 8.644271E+04 8.446102E+04 1.908964E+04 1.378600E+02 0.000000E+00 0.000000E+00
2.787000E+00 5.845867E+04 1.299757E+04 8.664788E+04 1.384711E+02 7.405860E+01 0.000000E+00 7.504902E-46 0.000000E+00 8.631427E+04 8.433878E+04 1.904557E+04 1.375418E+02 0.000000E+00 0.000000E+00
2.788000E+00 5.835379E+04 1.297054E+04 8.651943E+04 1.384711E+02 7.414190E+01 0.000000E+00 2.760899E-46 0.000000E+00 8.618603E+04 8.421745E+04 1.900617E+04 1.372573E+02 0.000000E+00 0.000000E+00
2.789000E+00 5.825053E+04 1.294799E+04 8.639116E+04 1.384711E+02 7.422520E+01 0.000000E+00 1.015678E-46 0.000000E+00 8.605798E+04 8.409700E+04 1.897125E+04 1.370051E+02 0.000000E+00 0.000000E+00
2.790000E+00 5.814893E+04 1.292971E+04 8.626307E+04 1.384711E+02 7.430850E+01 0.000000E+00 3.736471E-47 0.000000E+00 8.593013E+04 8.397743E+04 1.894067E+04 1.367842E+02 0.000000E+00 0.000000E+00
2.791000E+00 5.804902E+04 1.291568E+04 8.613517E+04 1.384711E+02 7.439180E+01 0.000000E+00 1.374571E-47 0.000000E+00 8.580247E+04 8.385872E+04 1.891444E+04 1.365948E+02 0.000000E+00 0.000000E+00
2.792000E+00 5.795085E+04 1.290584E+04 8.600746E+04 1.384711E+02 7.447510E+01 0.000000E+00 5.056763E-48 0.000000E+00 8.567501E+04 8.374084E+04 1.889260E+04 1.364371E+02 0.000000E+00 0.000000E+00
2.793000E+00 5.785445E+04 1.290078E+04 8.587994E+04 1.384711E+02 7.455840E+01 0.000000E+00 1.860279E-48 0.000000E+00 8.554775E+04 8.362378E+04 1.887580E+04 1.363158E+02 0.000000E+00 0.000000E+00
2.794000E+00 5.775985E+04 1.289978E+04 8.575260E+04 1.384711E+02 7.464170E+01 0.000000E+00 6.843585E-49 0.000000E+00 8.542069E+04 8.350751E+04 1.886337E+04 1.362260E+02 0.000000E+00 0.000000E+00
2.795000E+00 5.766706E+04 1.290275E+04 8.562544E+04 1.384711E+02 7.472500E+01 0.000000E+00 2.517614E-49 0.000000E+00 8.529383E+04 8.339201E+04 1.885528E+04 1.361675E+02 0.000000E+00 0.000000E+00
2.796000E+00 5.757611E+04 1.290958E+04 8.549848E+04 1.384711E+02 7.480830E+01 0.000000E+00 9.261785E-50 0.000000E+00 8.516717E+04 8.327725E+04 1.885148E+04 1.361402E+02 0.000000E+00 0.000000E+00
2.797000E+00 5.748699E+04 1.292034E+04 8.537170E+04 1.384711E+02 7.489160E+01 0.000000E+00 3.407220E-50 0.000000E+00 8.504072E+04 8.316319E+04 1.885212E+04 1.361447E+02 0.000000E+00 0.000000E+00
2.798000E+00 5.739973E+04 1.293518E+04 8.524510E+04 1.384711E+02 7.497490E+01 0.000000E+00 1.253446E-50 0.000000E+00 8.491446E+04 8.304982E+04 1.885737E+04 1.361826E+02 0.000000E+00 0.000000E+00
2.799000E+00 5.731430E+04 1.295350E+04 8.511869E+04 1.384711E+02 7.505820E+01 0.000000E+00 4.611171E-51 0.000000E+00 8.478840E+04 8.293709E+04 1.886669E+04 1.362500E+02 0.000000E+00 0.000000E+00
2.800000E+00 5.723071E+04 1.297516E+04 8.499247E+04 1.384711E+02 7.514150E+01 0.000000E+00 1.696355E-51 0.000000E+00 8.466254E+04 8.282497E+04 1.888001E+04 1.363462E+02 0.000000E+00 0.000000E+00
2.801000E+00 5.714894E+04 1.300000E+04 8.486643E+04 1.384711E+02 7.522480E+01 0.000000E+00 6.240541E-52 0.000000E+00 8.453689E+04 8.271342E+04 1.889721E+04 1.364704E+02 0.000000E+00 0.000000E+00
2.802000E+00 5.706897E+04 1.302817E+04 8.474058E+04 1.384711E+02 7.530810E+01 0.000000E+00 2.295767E-52 0.000000E+00 8.441144E+04 8.260241E+04 1.891849E+04 1.366241E+02 0.000000E+00 0.000000E+00
2.803000E+00 5.699078E+04 1.305942E+04 8.461492E+04 1.384711E+02 7.539140E+01 0.000000E+00 8.445654E-53 0.000000E+00 8.428619E+04 8.249190E+04 1.894362E+04 1.368056E+02 0.000000E+00 0.000000E+00
2.804000E+00 5.691433E+04 1.309331E+04 8.448943E+04 1.384711E+02 7.547470E+01 0.000000E+00 3.106983E-53 0.000000E+00 8.416114E+04 8.238184E+04 1.897223E+04 1.370122E+02 0.000000E+00 0.000000E+00
2.805000E+00 5.683959E+04 1.312966E+04 8.436414E+04 1.384711E+02 7.555800E+01 0.000000E+00 1.142995E-53 0.000000E+00 8.403630E+04 8.227220E+04 1.900416E+04 1.372427E+02 0.000000E+00 0.000000E+00
2.806000E+00 5.676652E+04 1.316829E+04 8.423903E+04 1.384711E+02 7.564130E+01 0.000000E+00 4.204844E-54 0.000000E+00 8.391165E+04 8.216294E+04 1.903926E+04 1.374963E+02 0.000000E+00 0.000000E+00
2.807000E+00 5.669507E+04 1.320937E+04 8.411411E+04 1.384711E+02 7.572460E+01 0.000000E+00 1.546876E-54 0.000000E+00 8.378721E+04 8.205401E+04 1.907774E+04 1.377741E+02 0.000000E+00 0.000000E+00
2.808000E+00 5.662519E+04 1.325235E+04 8.398937E+04 1.384711E+02 7.580790E+01 0.000000E+00 5.690637E-55 0.000000E+00 8.366297E+04 8.194537E+04 1.911907E+04 1.380726E+02 0.000000E+00 0.000000E+00
2.809000E+00 5.655683E+04 1.329697E+04 8.386481E+04 1.384711E+02 7.589120E+01 0.000000E+00 2.093468E-55 0.000000E+00 8.353894E+04 8.183699E+04 1.916303E+04 1.383901E+02 0.000000E+00 0.000000E+00
2.810000E+00 5.648993E+04 1.334303E+04 8.374044E+04 1.384711E+02 7.597450E+01 0.000000E+00 7.701440E-56 0.000000E+00 8.341510E+04 8.172881E+04 1.920942E+04 1.387251E+02 0.000000E+00 0.000000E+00
2.811000E+00 5.642442E+04 1.339036E+04 8.361626E+04 1.384711E+02 7.605780E+01 0.000000E+00 2.833201E-56 0.000000E+00 8.329146E+04 8.162080E+04 1.925810E+04 1.390767E+02 0.000000E+00 0.000000E+00
2.812000E+00 5.636023E+04 1.343896E+04 8.349226E+04 1.384711E+02 7.614110E+01 0.000000E+00 1.042277E-56 0.000000E+00 8.316803E+04 8.151292E+04 1.930907E+04 1.394448E+02 0.000000E+00 0.000000E+00
2.813000E+00 5.629731E+04 1.348832E+04 8.336845E+04 1.384711E+02 7.622440E+01 0.000000E+00 3.834321E-57 0.000000E+00 8.304479E+04 8.140513E+04 1.936186E+04 1.398260E+02 0.000000E+00 0.000000E+00
2.814000E+00 5.623556E+04 1.353826E+04 8.324482E+04 1.384711E+02 7.630770E+01 0.000000E+00 1.410568E-57 0.000000E+00 8.292176E+04 8.129739E+04 1.941626E+04 1.402188E+02 0.000000E+00 0.000000E+00
2.815000E+00 5.617493E+04 1.358856E+04 8.312138E+04 1.384711E+02 7.639100E+01 0.000000E+00 5.189189E-58 0.000000E+00 8.279892E+04 8.118965E+04 1.947208E+04 1.406219E+02 0.000000E+00 0.000000E+00
2.816000E+00 5.611532E+04 1.363908E+04 8.299812E+04 1.384711E+02 7.647430E+01 0.000000E+00 1.908996E-58 0.000000E+00 8.267629E+04 8.108188E+04 1.952918E+04 1.410343E+02 0.000000E+00 0.000000E+00
2.817000E+00 5.605667E+04 1.368963E+04 8.287505E+04 1.384711E+02 7.655760E+01 0.000000E+00 7.022804E-59 0.000000E+00 8.255385E+04 8.097404E+04 1.958734E+04 1.414543E+02 0.000000E+00 0.000000E+00
2.818000E+00 5.599887E+04 1.373989E+04 8.275216E+04 1.384711E+02 7.664090E+01 0.000000E+00 2.583545E-59 0.000000E+00 8.243160E+04 8.086610E+04 1.964628E+04 1.418799E+02 0.000000E+00 0.000000E+00
2.819000E+00 5.594187E+04 1.378970E+04 8.262945E+04 1.384711E+02 7.672420E+01 0.000000E+00 9.504332E-60 0.000000E+00 8.230956E+04 8.075803E+04 1.970578E+04 1.423097E+02 0.000000E+00 0.000000E+00
2.820000E+00 5.588555E+04 1.383886E+04 8.250693E+04 1.384711E+02 7.680750E+01 0.000000E+00 3.496448E-60 0.000000E+00 8.218771E+04 8.064978E+04 1.976567E+04 1.427421E+02 0.000000E+00 0.000000E+00
2.821000E+00 5.582985E+04 1.388719E+04 8.238460E+04 1.384711E+02 7.689080E+01 0.000000E+00 1.286271E-60 0.000000E+00 8.206605E+04 8.054134E+04 1.982574E+04 1.431760E+02 0.000000E+00 0.000000E+00
2.822000E+00 5.577468E+04 1.393450E+04 8.226244E+04 1.384711E+02 7.697410E+01 0.000000E+00 4.731928E-61 0.000000E+00 8.194459E+04 8.043267E+04 1.988577E+04 1.436095E+02 0.000000E+00 0.000000E+00
2.823000E+00 5.571994E+04 1.398061E+04 8.214048E+04 1.384711E+02 7.705740E+01 0.000000E+00 1.740779E-61 0.000000E+00 8.182332E+04 8.032374E+04 1.994558E+04 1.440414E+02 0.000000E+00 0.000000E+00
2.824000E+00 5.566556E+04 1.402536E+04 8.201869E+04 1.384711E+02 7.714070E+01 0.000000E+00 6.403969E-62 0.000000E+00 8.170224E+04 8.021453E+04 2.000498E+04 1.444704E+02 0.000000E+00 0.000000E+00
2.825000E+00 5.561145E+04 1.406862E+04 8.189709E+04 1.384711E+02 7.722400E+01 0.000000E+00 2.355888E-62 0.000000E+00 8.158135E+04 8.010502E+04 2.006381E+04 1.448952E+02 0.000000E+00 0.000000E+00
2.826000E+00 5.555752E+04 1.411011E+04 8.177567E+04 1.384711E+02 7.730730E+01 0.000000E+00 8.666829E-63 0.000000E+00 8.146066E+04 7.999519E+04 2.012177E+04 1.453138E+02 0.000000E+00 0.000000E+00
2.827000E+00 5.550370E+04 1.414981E+04 8.165444E+04 1.384711E+02 7.739060E+01 0.000000E+00 3.188348E-63 0.000000E+00 8.134015E+04 7.988502E+04 2.017881E+04 1.457257E+02 0.000000E+00 0.000000E+00
2.828000E+00 5.544990E+04 1.418759E+04 8.153339E+04 1.384711E+02 7.747390E+01 0.000000E+00 1.172928E-63 0.000000E+00 8.121983E+04 7.977448E+04 2.023476E+04 1.461298E+02 0.000000E+00 0.000000E+00
2.829000E+00 5.539604E+04 1.422335E+04 8.141252E+04 1.384711E+02 7.755720E+01 0.000000E+00 4.314960E-64 0.000000E+00 8.109970E+04 7.966358E+04 2.028951E+04 1.465252E+02 0.000000E+00 0.000000E+00
2.830000E+00 5.534204E+04 1.425694E+04 8.129184E+04 1.384711E+02 7.764050E+01 0.000000E+00 1.587385E-64 0.000000E+00 8.097975E+04 7.955229E+04 2.034285E+04 1.469104E+02 0.000000E+00 0.000000E+00
2.831000E+00 5.528784E+04 1.428815E+04 8.117134E+04 1.384711E+02 7.772380E+01 0.000000E+00 5.839663E-65 0.000000E+00 8.085999E+04 7.944061E+04 2.039456E+04 1.472838E+02 0.000000E+00 0.000000E+00
2.832000E+00 5.523335E+04 1.431707E+04 8.105102E+04 1.384711E+02 7.780710E+01 0.000000E+00 2.148292E-65 0.000000E+00 8.074041E+04 7.932853E+04 2.044466E+04 1.476457E+02 0.000000E+00 0.000000E+00
2.833000E+00 5.517852E+04 1.434363E+04 8.093088E+04 1.384711E+02 7.789040E+01 0.000000E+00 7.903125E-66 0.000000E+00 8.062102E+04 7.921604E+04 2.049307E+04 1.479953E+02 0.000000E+00 0.000000E+00
2.834000E+00 5.512327E+04 1.436778E+04 8.081092E+04 1.384711E+02 7.797370E+01 0.000000E+00 2.907397E-66 0.000000E+00 8.050180E+04 7.910316E+04 2.053970E+04 1.483320E+02 0.000000E+00 0.000000E+00
2.835000E+00 5.506755E+04 1.438932E+04 8.069115E+04 1.384711E+02 7.805700E+01 0.000000E+00 1.069572E-66 0.000000E+00 8.038277E+04 7.898987E+04 2.058430E+04 1.486541E+02 0.000000E+00 0.000000E+00
2.836000E+00 5.501130E+04 1.440825E+04 8.057155E+04 1.384711E+02 7.814030E+01 0.000000E+00 3.934734E-67 0.000000E+00 8.026392E+04 7.887617E+04 2.062683E+04 1.489612E+02 0.000000E+00 0.000000E+00
2.837000E+00 5.495446E+04 1.442468E+04 8.045214E+04 1.384711E+02 7.822360E+01 0.000000E+00 1.447508E-67 0.000000E+00 8.014524E+04 7.876209E+04 2.066737E+04 1.492540E+02 0.000000E+00 0.000000E+00
2.838000E+00 5.489698E+04 1.443860E+04 8.033291E+04 1.384711E+02 7.830690E+01 0.000000E+00 5.325084E-68 0.000000E+00 8.002675E+04 7.864761E+04 2.070586E+04 1.495320E+02 0.000000E+00 0.000000E+00
2.839000E+00 5.483882E+04 1.445002E+04 8.021385E+04 1.384711E+02 7.839020E+01 0.000000E+00 1.958989E-68 0.000000E+00 7.990842E+04 7.853276E+04 2.074228E+04 1.497950E+02 0.000000E+00 0.000000E+00
2.840000E+00 5.477994E+04 1.445868E+04 8.009498E+04 1.384711E+02 7.847350E+01 0.000000E+00 7.206717E-69 0.000000E+00 7.979028E+04 7.841754E+04 2.077634E+04 1.500409E+02 0.000000E+00 0.000000E+00
2.841000E+00 5.472030E+04 1.446485E+04 7.997629E+04 1.384711E+02 7.855680E+01 0.000000E+00 2.651203E-69 0.000000E+00 7.967231E+04 7.830197E+04 2.080824E+04 1.502713E+02 0.000000E+00 0.000000E+00
2.842000E+00 5.465987E+04 1.446860E+04 7.985778E+04 1.384711E+02 7.864010E+01 0.000000E+00 9.753231E-70 0.000000E+00 7.955451E+04 7.818606E+04 2.083804E+04 1.504865E+02 0.000000E+00 0.000000E+00
2.843000E+00 5.459862E+04 1.446997E+04 7.973944E+04 1.384711E+02 7.872340E+01 0.000000E+00 3.588013E-70 0.000000E+00 7.943688E+04 7.806984E+04 2.086574E+04 1.506866E+02 0.000000E+00 0.000000E+00
2.844000E+00 5.453653E+04 1.446900E+04 7.962129E+04 1.384711E+02 7.880670E+01 0.000000E+00 1.319956E-70 0.000000E+00 7.931943E+04 7.795332E+04 2.089133E+04 1.508714E+02 0.000000E+00 0.000000E+00
2.845000E+00 5.447358E+04 1.446553E+04 7.950331E+04 1.384711E+02 7.889000E+01 0.000000E+00 4.855848E-71 0.000000E+00 7.920215E+04 7.783652E+04 2.091463E+04 1.510396E+02 0.000000E+00 0.000000E+00
2.846000E+00 5.440976E+04 1.445991E+04 7.938551E+04 1.384711E+02 7.897330E+01 0.000000E+00 1.786367E-71 0.000000E+00 7.908503E+04 7.771947E+04 2.093594E+04 1.511935E+02 0.000000E+00 0.000000E+00
2.847000E+00 5.434506E+04 1.445222E+04 7.926789E+04 1.384711E+02 7.905660E+01 0.000000E+00 6.571675E-72 0.000000E+00 7.896809E+04 7.760219E+04 2.095533E+04 1.513335E+02 0.000000E+00 0.000000E+00
2.848000E+00 5.427947E+04 1.444255E+04 7.915045E+04 1.384711E+02 7.913990E+01 0.000000E+00 2.417584E-72 0.000000E+00 7.885131E+04 7.748471E+04 2.097284E+04 1.514600E+02 0.000000E+00 0.000000E+00
2.849000E+00 5.421301E+04 1.443089E+04 7.903318E+04 1.384711E+02 7.922320E+01 0.000000E+00 8.893796E-73 0.000000E+00 7.873471E+04 7.736705E+04 2.098844E+04 1.515727E+02 0.000000E+00 0.000000E+00
2.850000E+00 5.414566E+04 1.441733E+04 7.891609E+04 1.384711E+02 7.930650E+01 0.000000E+00 3.271845E-73 0.000000E+00 7.861827E+04 7.724924E+04 2.100220E+04 1.516720E+02 0.000000E+00 0.000000E+00
2.851000E+00 5.407745E+04 1.440213E+04 7.879917E+04 1.384711E+02 7.938980E+01 0.000000E+00 1.203644E-73 0.000000E+00 7.850199E+04 7.713132E+04 2.101434E+04 1.517597E+02 0.000000E+00 0.000000E+00
2.852000E+00 5.400839E+04 1.438541E+04 7.868243E+04 1.384711E+02 7.947310E+01 0.000000E+00 4.427960E-74 0.000000E+00 7.838588E+04 7.701330E+04 2.102496E+04 1.518364E+02 0.000000E+00 0.000000E+00
2.853000E+00 5.393849E+04 1.436729E+04 7.856587E+04 1.384711E+02 7.955640E+01 0.000000E+00 1.628955E-74 0.000000E+00 7.826994E+04 7.689523E+04 2.103416E+04 1.519028E+02 0.000000E+00 0.000000E+00
2.854000E+00 5.386778E+04 1.434777E+04 7.844948E+04 1.384711E+02 7.963970E+01 0.000000E+00 5.992592E-75 0.000000E+00 7.815416E+04 7.677713E+04 2.104192E+04 1.519589E+02 0.000000E+00 0.000000E+00
2.855000E+00 5.379628E+04 1.432707E+04 7.833327E+04 1.384711E+02 7.972300E+01 0.000000E+00 2.204552E-75 0.000000E+00 7.803855E+04 7.665903E+04 2.104846E+04 1.520061E+02 0.000000E+00 0.000000E+00
2.856000E+00 5.372403E+04 1.430539E+04 7.821723E+04 1.384711E+02 7.980630E+01 0.000000E+00 8.110092E-76 0.000000E+00 7.792310E+04 7.654097E+04 2.105393E+04 1.520457E+02 0.000000E+00 0.000000E+00
2.857000E+00 5.365105E+04 1.428285E+04 7.810136E+04 1.384711E+02 7.988960E+01 0.000000E+00 2.983536E-76 0.000000E+00 7.780781E+04 7.642297E+04 2.105847E+04 1.520784E+02 0.000000E+00 0.000000E+00
2.858000E+00 5.357738E+04 1.425959E+04 7.798567E+04 1.384711E+02 7.997290E+01 0.000000E+00 1.097582E-76 0.000000E+00 7.769269E+04 7.630506E+04 2.106220E+04 1.521054E+02 0.000000E+00 0.000000E+00
2.859000E+00 5.350307E+04 1.423565E+04 7.787015E+04 1.384711E+02 8.005620E+01 0.000000E+00 4.037777E-77 0.000000E+00 7.757773E+04 7.618728E+04 2.106515E+04 1.521267E+02 0.000000E+00 0.000000E+00
2.860000E+00 5.342815E+04 1.421130E+04 7.775480E+04 1.384711E+02 8.013950E+01 0.000000E+00 1.485415E-77 0.000000E+00 7.746294E+04 7.606966E+04 2.106758E+04 1.521442E+02 0.000000E+00 0.000000E+00
2.861000E+00 5.335267E+04 1.418665E+04 7.763962E+04 1.384711E+02 8.022280E+01 0.000000E+00 5.464537E-78 0.000000E+00 7.734830E+04 7.595223E+04 2.106960E+04 1.521588E+02 0.000000E+00 0.000000E+00
2.862000E+00 5.327668E+04 1.416185E+04 7.752462E+04 1.384711E+02 8.030610E+01 0.000000E+00 2.010291E-78 0.000000E+00 7.723383E+04 7.583501E+04 2.107135E+04 1.521714E+02 0.000000E+00 0.000000E+00
2.863000E+00 5.320022E+04 1.413701E+04 7.740979E+04 1.384711E+02 8.038940E+01 0.000000E+00 7.395446E-79 0.000000E+00 7.711952E+04 7.571804E+04 2.107295E+04 1.521830E+02 0.000000E+00 0.000000E+00
2.864000E+00 5.312335E+04 1.411228E+04 7.729513E+04 1.384711E+02 8.047270E+01 0.000000E+00 2.720633E-79 0.000000E+00 7.700538E+04 7.560134E+04 2.107456E+04 1.521946E+02 0.000000E+00 0.000000E+00
2.865000E+00 5.304611E+04 1.408779E+04 7.718064E+04 1.384711E+02 8.055600E+01 0.000000E+00 1.000865E-79 0.000000E+00 7.689139E+04 7.548493E+04 2.107630E+04 1.522072E+02 0.000000E+00 0.000000E+00
2.866000E+00 5.296856E+04 1.406367E+04 7.706632E+04 1.384711E+02 8.063930E+01 0.000000E+00 3.681976E-80 0.000000E+00 7.677757E+04 7.536885E+04 2.107830E+04 1.522216E+02 0.000000E+00 0.000000E+00
2.867000E+00 5.289075E+04 1.404002E+04 7.695217E+04 1.384711E+02 8.072260E+01 0.000000E+00 1.354523E-80 0.000000E+00 7.666391E+04 7.525311E+04 2.108069E+04 1.522389E+02 0.000000E+00 0.000000E+00
2.868000E+00 5.281273E+04 1.401700E+04 7.683820E+04 1.384711E+02 8.080590E+01 0.000000E+00 4.983013E-81 0.000000E+00 7.655041E+04 7.513773E+04 2.108362E+04 1.522600E+02 0.000000E+00 0.000000E+00
2.869000E+00 5.273457E+04 1.399471E+04 7.672439E+04 1.384711E+02 8.088920E+01 0.000000E+00 1.833148E-81 0.000000E+00 7.643708E+04 7.502275E+04 2.108722E+04 1.522860E+02 0.000000E+00 0.000000E+00
2.870000E+00 5.265631E+04 1.397322E+04 7.661075E+04 1.384711E+02 8.097250E+01 0.000000E+00 6.743774E-82 0.000000E+00 7.632391E+04 7.490818E+04 2.109156E+04 1.523174E+02 0.000000E+00 0.000000E+00
2.871000E+00 5.257800E+04 1.395262E+04 7.649728E+04 1.384711E+02 8.105580E+01 0.000000E+00 2.480896E-82 0.000000E+00 7.621090E+04 7.479402E+04 2.109674E+04 1.523548E+02 0.000000E+00 0.000000E+00
2.872000E+00 5.249971E+04 1.393297E+04 7.638397E+04 1.384711E+02 8.113910E+01 0.000000E+00 9.126706E-83 0.000000E+00 7.609805E+04 7.468031E+04 2.110285E+04 1.523989E+02 0.000000E+00 0.000000E+00
2.873000E+00 5.242147E+04 1.391450E+04 7.627084E+04 1.384711E+02 8.122240E+01 0.000000E+00 3.357527E-83 0.000000E+00 7.598537E+04 7.456705E+04 2.111013E+04 1.524515E+02 0.000000E+00 0.000000E+00
2.874000E+00 5.234335E+04 1.389717E+04 7.615787E+04 1.384711E+02 8.130570E+01 0.000000E+00 1.235165E-83 0.000000E+00 7.587285E+04 7.445425E+04 2.111855E+04 1.525123E+02 0.000000E+00 0.000000E+00
2.875000E+00 5.226539E+04 1.388101E+04 7.604507E+04 1.384711E+02 8.138900E+01 0.000000E+00 4.543919E-84 0.000000E+00 7.576049E+04 7.434193E+04 2.112817E+04 1.525818E+02 0.000000E+00 0.000000E+00
2.876000E+00 5.218764E+04 1.386606E+04 7.593244E+04 1.384711E+02 8.147230E+01 0.000000E+00 1.671615E-84 0.000000E+00 7.564830E+04 7.423010E+04 2.113905E+04 1.526603E+02 0.000000E+00 0.000000E+00
2.877000E+00 5.211014E+04 1.385239E+04 7.581998E+04 1.384711E+02 8.155560E+01 0.000000E+00 6.149526E-85 0.000000E+00 7.553627E+04 7.411875E+04 2.115127E+04 1.527486E+02 0.000000E+00 0.000000E+00
2.878000E+00 5.203293E+04 1.384017E+04 7.570768E+04 1.384711E+02 8.163890E+01 0.000000E+00 2.262284E-85 0.000000E+00 7.542441E+04 7.400789E+04 2.116503E+04 1.528480E+02 0.000000E+00 0.000000E+00
2.879000E+00 5.195607E+04 1.382927E+04 7.559555E+04 1.384711E+02 8.172220E+01 0.000000E+00 8.322479E-86 0.000000E+00 7.531271E+04 7.389752E+04 2.118021E+04 1.529576E+02 0.000000E+00 0.000000E+00
2.880000E+00 5.187958E+04 1.381968E+04 7.548358E+04 1.384711E+02 8.180550E+01 0.000000E+00 3.061669E-86 0.000000E+00 7.520117E+04 7.378766E+04 2.119684E+04 1.530776E+02 0.000000E+00 0.000000E+00
2.881000E+00 5.180349E+04 1.381141E+04 7.537178E+04 1.384711E+02 8.188880E+01 0.000000E+00 1.126325E-86 0.000000E+00 7.508980E+04 7.367828E+04 2.121492E+04 1.532082E+02 0.000000E+00 0.000000E+00
2.882000E+00 5.172786E+04 1.380454E+04 7.526015E+04 1.384711E+02 8.197210E+01 0.000000E+00 4.143518E-87 0.000000E+00 7.497860E+04 7.356939E+04 2.123458E+04 1.533502E+02 0.000000E+00 0.000000E+00
2.883000E+00 5.165269E+04 1.379909E+04 7.514868E+04 1.384711E+02 8.205540E+01 0.000000E+00 1.524315E-87 0.000000E+00 7.486756E+04 7.346098E+04 2.125584E+04 1.535037E+02 0.000000E+00 0.000000E+00
2.884000E+00 5.157802E+04 1.379489E+04 7.503738E+04 1.384711E+02 8.213870E+01 0.000000E+00 5.607642E-88 0.000000E+00 7.475669E+04 7.335305E+04 2.127857E+04 1.536679E+02 0.000000E+00 0.000000E+00
2.885000E+00 5.150387E+04 1.379193E+04 7.492624E+04 1.384711E+02 8.222200E+01 0.000000E+00 2.062936E-88 0.000000E+00 7.464598E+04 7.324559E+04 2.130275E+04 1.538425E+02 0.000000E+00 0.000000E+00
2.886000E+00 5.143026E+04 1.379014E+04 7.481527E+04 1.384711E+02 8.230530E+01 0.000000E+00 7.589118E-89 0.000000E+00 7.453543E+04 7.313857E+04 2.132836E+04 1.540275E+02 0.000000E+00 0.000000E+00
2.887000E+00 5.135720E+04 1.378963E+04 7.470446E+04 1.384711E+02 8.238860E+01 0.000000E+00 2.791881E-89 0.000000E+00 7.442506E+04 7.303200E+04 2.135550E+04 1.542235E+02 0.000000E+00 0.000000E+00
2.888000E+00 5.128470E+04 1.379024E+04 7.459382E+04 1.384711E+02 8.247190E+01 0.000000E+00 1.027075E-89 0.000000E+00 7.431485E+04 7.292586E+04 2.138405E+04 1.544296E+02 0.000000E+00 0.000000E+00
2.889000E+00 5.121278E+04 1.379183E+04 7.448334E+04 1.384711E+02 8.255520E+01 0.000000E+00 3.778399E-90 0.000000E+00 7.420480E+04 7.282012E+04 2.141387E+04 1.546450E+02 0.000000E+00 0.000000E+00
2.890000E+00 5.114144E+04 1.379434E+04 7.437302E+04 1.384711E+02 8.263850E+01 0.000000E+00 1.389995E-90 0.000000E+00 7.409493E+04 7.271478E+04 2.144492E+04 1.548693E+02 0.000000E+00 0.000000E+00
2.891000E+00 5.107067E+04 1.379769E+04 7.426287E+04 1.384711E+02 8.272180E+01 0.000000E+00 5.113508E-91 0.000000E+00 7.398522E+04 7.260981E+04 2.147713E+04 1.551018E+02 0.000000E+00 0.000000E+00
2.892000E+00 5.100048E+04 1.380193E+04 7.415288E+04 1.384711E+02 8.280510E+01 0.000000E+00 1.881154E-91 0.000000E+00 7.387567E+04 7.250520E+04 2.151056E+04 1.553433E+02 0.000000E+00 0.000000E+00
2.893000E+00 5.093086E+04 1.380680E+04 7.404305E+04 1.384711E+02 8.288840E+01 0.000000E+00 6.920380E-92 0.000000E+00 7.376629E+04 7.240092E+04 2.154497E+04 1.555918E+02 0.000000E+00 0.000000E+00
2.894000E+00 5.086179E+04 1.381221E+04 7.393339E+04 1.384711E+02 8.297170E+01 0.000000E+00 2.545866E-92 0.000000E+00 7.365708E+04 7.229695E+04 2.158026E+04 1.558466E+02 0.000000E+00 0.000000E+00
2.895000E+00 5.079327E+04 1.381804E+04 7.382389E+04 1.384711E+02 8.305500E+01 0.000000E+00 9.365716E-93 0.000000E+00 7.354803E+04 7.219327E+04 2.161633E+04 1.561071E+02 0.000000E+00 0.000000E+00
2.896000E+00 5.072528E+04 1.382422E+04 7.371456E+04 1.384711E+02 8.313830E+01 0.000000E+00 3.445454E-93 0.000000E+00 7.343915E+04 7.208985E+04 2.165311E+04 1.563727E+02 0.000000E+00 0.000000E+00
2.897000E+00 5.065778E+04 1.383065E+04 7.360538E+04 1.384711E+02 8.322160E+01 0.000000E+00 1.267512E-93 0.000000E+00 7.333044E+04 7.198668E+04 2.169051E+04 1.566428E+02 0.000000E+00 0.000000E+00
2.898000E+00 5.059077E+04 1.383716E+04 7.349637E+04 1.384711E+02 8.330490E+01 0.000000E+00 4.662915E-94 0.000000E+00 7.322189E+04 7.188372E+04 2.172834E+04 1.569160E+02 0.000000E+00 0.000000E+00
2.899000E+00 5.052422E+04 1.384361E+04 7.338752E+04 1.384711E+02 8.338820E+01 0.000000E+00 1.715391E-94 0.000000E+00 7.311351E+04 7.178095E+04 2.176648E+04 1.571914E+02 0.000000E+00 0.000000E+00
2.900000E+00 5.045809E+04 1.384990E+04 7.327884E+04 1.384711E+02 8.347150E+01 0.000000E+00 6.310570E-95 0.000000E+00 7.300529E+04 7.167835E+04 2.180481E+04 1.574683E+02 0.000000E+00 0.000000E+00
2.901000E+00 5.039235E+04 1.385591E+04 7.317031E+04 1.384711E+02 8.355480E+01 0.000000E+00 2.321529E-95 0.000000E+00 7.289724E+04 7.157589E+04 2.184321E+04 1.577456E+02 0.000000E+00 0.000000E+00
2.902000E+00 5.032696E+04 1.386148E+04 7.306195E+04 1.384711E+02 8.363810E+01 0.000000E+00 8.540427E-96 0.000000E+00 7.278935E+04 7.147355E+04 2.188153E+04 1.580223E+02 0.000000E+00 0.000000E+00
2.903000E+00 5.026190E+04 1.386649E+04 7.295374E+04 1.384711E+02 8.372140E+01 0.000000E+00 3.141848E-96 0.000000E+00 7.268163E+04 7.137129E+04 2.191963E+04 1.582974E+02 0.000000E+00 0.000000E+00
2.904000E+00 5.019711E+04 1.387084E+04 7.284570E+04 1.384711E+02 8.380470E+01 0.000000E+00 1.155821E-96 0.000000E+00 7.257407E+04 7.126911E+04 2.195738E+04 1.585701E+02 0.000000E+00 0.000000E+00
2.905000E+00 5.013256E+04 1.387440E+04 7.273782E+04 1.384711E+02 8.388800E+01 0.000000E+00 4.252028E-97 0.000000E+00 7.246668E+04 7.116696E+04 2.199465E+04 1.588393E+02 0.000000E+00 0.000000E+00
2.906000E+00 5.006821E+04 1.387696E+04 7.263010E+04 1.384711E+02 8.397130E+01 0.000000E+00 1.564234E-97 0.000000E+00 7.235944E+04 7.106483E+04 2.203123E+04 1.591034E+02 0.000000E+00 0.000000E+00
2.907000E+00 5.000401E+04 1.387847E+04 7.252255E+04 1.384711E+02 8.405460E+01 0.000000E+00 5.754495E-98 0.000000E+00 7.225238E+04 7.096270E+04 2.206703E+04 1.593620E+02 0.000000E+00 0.000000E+00
2.908000E+00 4.993991E+04 1.387882E+04 7.241515E+04 1.384711E+02 8.413790E+01 0.000000E+00 2.116960E-98 0.000000E+00 7.214547E+04 7.086055E+04 2.210195E+04 1.596141E+02 0.000000E+00 0.000000E+00
2.909000E+00 4.987587E+04 1.387792E+04 7.230791E+04 1.384711E+02 8.422120E+01 0.000000E+00 7.787862E-99 0.000000E+00 7.203872E+04 7.075834E+04 2.213584E+04 1.598589E+02 0.000000E+00 0.000000E+00
2.910000E+00 4.981184E+04 1.387564E+04 7.220083E+04 1.384711E+02 8.430450E+01 0.000000E+00 2.864994E-99 0.000000E+00 7.193214E+04 7.065607E+04 2.216858E+04 1.600953E+02 0.000000E+00 0.000000E+00
2.911000E+00 4.974777E+04 1.387174E+04 7.209391E+04 1.384711E+02 8.438780E+01 0.000000E+00 1.053972E-99 0.000000E+00 7.182571E+04 7.055371E+04 2.219989E+04 1.603214E+02 0.000000E+00 0.000000E+00
2.912000E+00 4.968362E+04 1.386627E+04 7.198716E+04 1.384711E+02 8.447110E+01 0.000000E+00 0.000000E+00 0.000000E+00 7.171945E+04 7.045125E+04 2.222980E+04 1.605374E+02 0.000000E+00 0.000000E+00
2.913000E+00 4.961933E+04 1.385916E+04 7.188056E+04 1.384711E+02 8.455440E+01 0.000000E+00 0.000000E+00 0.000000E+00 7.161334E+04 7.034867E+04 2.225822E+04 1.607426E+02 0.000000E+00 0.000000E+00
2.914000E+00 4.955486E+04 1.385032E+04 7.177412E+04 1.384711E+02 8.463770E+01 0.000000E+00 0.000000E+00 0.000000E+00 7.150740E+04 7.024596E+04 2.228503E+04 1.609363E+02 0.000000E+00 0.000000E+00
2.915000E+00 4.949017E+04 1.383959E+04 7.166784E+04 1.384711E+02 8.472100E+01 0.000000E+00 0.000000E+00 0.000000E+00 7.140161E+04 7.014310E+04 2.231002E+04 1.611168E+02 0.000000E+00 0.000000E+00
2.916000E+00 4.942520E+04 1.382684E+04 7.156171E+04 1.384711E+02 8.480430E+01 0.000000E+00 0.000000E+00 0.000000E+00 7.129597E+04 7.004008E+04 2.233306E+04 1.612831E+02 0.000000E+00 0.000000E+00
2.917000E+00 4.935992E+04 1.381217E+04 7.145575E+04 1.384711E+02 8.488760E+01 0.000000E+00 0.000000E+00 0.000000E+00 7.119050E+04 6.993689E+04 2.235420E+04 1.614358E+02 0.000000E+00 0.000000E+00
2.918000E+00 4.929427E+04 1.379553E+04 7.134994E+04 1.384711E+02 8.497090E+01 0.000000E+00 0.000000E+00 0.000000E+00 7.108518E+04 6.983353E+04 2.237338E+04 1.615743E+02 0.000000E+00 0.000000E+00
2.919000E+00 4.922822E+04 1.377690E+04 7.124429E+04 1.384711E+02 8.505420E+01 0.000000E+00 0.000000E+00 0.000000E+00 7.098001E+04 6.972998E+04 2.239052E+04 1.616981E+02 0.000000E+00 0.000000E+00
2.920000E+00 4.916173E+04 1.375600E+04 7.113880E+04 1.384711E+02 8.513750E+01 0.000000E+00 0.000000E+00 0.000000E+00 7.087500E+04 6.962624E+04 2.240533E+04 1.618050E+02 0.000000E+00 0.000000E+00
2.921000E+00 4.909476E+04 1.373296E+04 7.103347E+04 1.384711E+02 8.522080E+01 0.000000E+00 0.000000E+00 0.000000E+00 7.077015E+04 6.952232E+04 2.241789E+04 1.618958E+02 0.000000E+00 0.000000E+00
2.922000E+00 4.902727E+04 1.370785E+04 7.092829E+04 1.384711E+02 8.530410E+01 0.000000E+00 0.000000E+00 0.000000E+00 7.066544E+04 6.941820E+04 2.242825E+04 1.619706E+02 0.000000E+00 0.000000E+00
2.923000E+00 4.895924E+04 1.368067E+04 7.082328E+04 1.384711E+02 8.538740E+01 0.000000E+00 0.000000E+00 0.000000E+00 7.056089E+04 6.931389E+04 2.243638E+04 1.620293E+02 0.000000E+00 0.000000E+00
2.924000E+00 4.889063E+04 1.365144E+04 7.071841E+04 1.384711E+02 8.547070E+01 0.000000E+00 0.000000E+00 0.000000E+00 7.045649E+04 6.920939E+04 2.244225E+04 1.620717E+02 0.000000E+00 0.000000E+00
2.925000E+00 4.882142E+04 1.361982E+04 7.061371E+04 1.384711E+02 8.555400E+01 0.000000E+00 0.000000E+00 0.000000E+00 7.035224E+04 6.910471E+04 2.244551E+04 1.620952E+02 0.000000E+00 0.000000E+00
2.926000E+00 4.875157E+04 1.358620E+04 7.050915E+04 1.384711E+02 8.563730E+01 0.000000E+00 0.000000E+00 0.000000E+00 7.024814E+04 6.899986E+04 2.244649E+04 1.621023E+02 0.000000E+00 0.000000E+00
2.927000E+00 4.868108E+04 1.355059E+04 7.040476E+04 1.384711E+02 8.572060E+01 0.000000E+00 0.000000E+00 0.000000E+00 7.014419E+04 6.889483E+04 2.244521E+04 1.620930E+02 0.000000E+00 0.000000E+00
2.928000E+00 4.860992E+04 1.351306E+04 7.030052E+04 1.384711E+02 8.580390E+01 0.000000E+00 0.000000E+00 0.000000E+00 7.004039E+04 6.878965E+04 2.244166E+04 1.620674E+02 0.000000E+00 0.000000E+00
2.929000E+00 4.853808E+04 1.347355E+04 7.019643E+04 1.384711E+02 8.588720E+01 0.000000E+00 0.000000E+00 0.000000E+00 6.993674E+04 6.868431E+04 2.243579E+04 1.620250E+02 0.000000E+00 0.000000E+00
2.930000E+00 4.846555E+04 1.343200E+04 7.009250E+04 1.384711E+02 8.597050E+01 0.000000E+00 0.000000E+00 0.000000E+00 6.983323E+04 6.857885E+04 2.242750E+04 1.619651E+02 0.000000E+00 0.000000E+00
2.931000E+00 4.839232E+04 1.338872E+04 6.998873E+04 1.384711E+02 8.605380E+01 0.000000E+00 0.000000E+00 0.000000E+00 6.972987E+04 6.847326E+04 2.241706E+04 1.618897E+02 0.000000E+00 0.000000E+00
2.932000E+00 4.831838E+04 1.334379E+04 6.988511E+04 1.384711E+02 8.613710E+01 0.000000E+00 0.000000E+00 0.000000E+00 6.962666E+04 6.836757E+04 2.240453E+04 1.617993E+02 0.000000E+00 0.000000E+00
2.933000E+00 4.824375E+04 1.329729E+04 6.978164E+04 1.384711E+02 8.622040E+01 0.000000E+00 0.000000E+00 0.000000E+00 6.952359E+04 6.826179E+04 2.238997E+04 1.616941E+02 0.000000E+00 0.000000E+00
2.934000E+00 4.816842E+04 1.324915E+04 6.967832E+04 1.384711E+02 8.630370E+01 0.000000E+00 0.000000E+00 0.000000E+00 6.942067E+04 6.815595E+04 2.237329E+04 1.615737E+02 0.000000E+00 0.000000E+00
2.935000E+00 4.809240E+04 1.319953E+04 6.957516E+04 1.384711E+02 8.638700E+01 0.000000E+00 0.000000E+00 0.000000E+00 6.931789E+04 6.805006E+04 2.235463E+04 1.614389E+02 0.000000E+00 0.000000E+00
2.936000E+00 4.801570E+04 1.314866E+04 6.947215E+04 1.384711E+02 8.647030E+01 0.000000E+00 0.000000E+00 0.000000E+00 6.921526E+04 6.794414E+04 2.233419E+04 1.612913E+02 0.000000E+00 0.000000E+00
2.937000E+00 4.793834E+04 1.309666E+04 6.936930E+04 1.384711E+02 8.655360E+01 0.000000E+00 0.000000E+00 0.000000E+00 6.911277E+04 6.783822E+04 2.231208E+04 1.611316E+02 0.000000E+00 0.000000E+00
2.938000E+00 4.786033E+04 1.304365E+04 6.926659E+04 1.384711E+02 8.663690E+01 0.000000E+00 0.000000E+00 0.000000E+00 6.901043E+04 6.773232E+04 2.228839E+04 1.609605E+02 0.000000E+00 0.000000E+00
2.939000E+00 4.778170E+04 1.298956E+04 6.916404E+04 1.384711E+02 8.672020E+01 0.000000E+00 0.000000E+00 0.000000E+00 6.890823E+04 6.762646E+04 2.226306E+04 1.607776E+02 0.000000E+00 0.000000E+00
2.940000E+00 4.770248E+04 1.293471E+04 6.906164E+04 1.384711E+02 8.680350E+01 0.000000E+00 0.000000E+00 0.000000E+00 6.880617E+04 6.752068E+04 2.223637E+04 1.605849E+02 0.000000E+00 0.000000E+00
2.941000E+00 4.762269E+04 1.287924E+04 6.895939E+04 1.384711E+02 8.688680E+01 0.000000E+00 0.000000E+00 0.000000E+00 6.870425E+04 6.741498E+04 2.220848E+04 1.603835E+02 0.000000E+00 0.000000E+00
2.942000E+00 4.754236E+04 1.282330E+04 6.885729E+04 1.384711E+02 8.697010E+01 0.000000E+00 0.000000E+00 0.000000E+00 6.860248E+04 6.730941E+04 2.217952E+04 1.601743E+02 0.000000E+00 0.000000E+00
2.943000E+00 4.746154E+04 1.276700E+04 6.875534E+04 1.384711E+02 8.705340E+01 0.000000E+00 0.000000E+00 0.000000E+00 6.850084E+04 6.720398E+04 2.214959E+04 1.599582E+02 0.000000E+00 0.000000E+00
2.944000E+00 4.738025E+04 1.271042E+04 6.865354E+04 1.384711E+02 8.713670E+01 0.000000E+00 0.000000E+00 0.000000E+00 6.839935E+04 6.709872E+04 2.211876E+04 1.597355E+02 0.000000E+00 0.000000E+00
2.945000E+00 4.729855E+04 1.265380E+04 6.855189E+04 1.384711E+02 8.722000E+01 0.000000E+00 0.000000E+00 0.000000E+00 6.829801E+04 6.699366E+04 2.208730E+04 1.595083E+02 0.000000E+00 0.000000E+00
2.946000E+00 4.721647E+04 1.259729E+04 6.845039E+04 1.384711E+02 8.730330E+01 0.000000E+00 0.000000E+00 0.000000E+00 6.819680E+04 6.688882E+04 2.205533E+04 1.592774E+02 0.000000E+00 0.000000E+00
2.947000E+00 4.713405E+04 1.254103E+04 6.834904E+04 1.384711E+02 8.738660E+01 0.000000E+00 0.000000E+00 0.000000E+00 6.809574E+04 6.678423E+04 2.202300E+04 1.590440E+02 0.000000E+00 0.000000E+00
2.948000E+00 4.705136E+04 1.248514E+04 6.824784E+04 1.384711E+02 8.746990E+01 0.000000E+00 0.000000E+00 0.000000E+00 6.799481E+04 6.667992E+04 2.199046E+04 1.588090E+02 0.000000E+00 0.000000E+00
2.949000E+00 4.696843E+04 1.242979E+04 6.814678E+04 1.384711E+02 8.755320E+01 0.000000E+00 0.000000E+00 0.000000E+00 6.789403E+04 6.657590E+04 2.195786E+04 1.585736E+02 0.000000E+00 0.000000E+00
2.950000E+00 4.688532E+04 1.237513E+04 6.804588E+04 1.384711E+02 8.763650E+01 0.000000E+00 0.000000E+00 0.000000E+00 6.779339E+04 6.647221E+04 2.192538E+04 1.583390E+02 0.000000E+00 0.000000E+00
2.951000E+00 4.680208E+04 1.232129E+04 6.794512E+04 1.384711E+02 8.771980E+01 0.000000E+00 0.000000E+00 0.000000E+00 6.769289E+04 6.636887E+04 2.189314E+04 1.581062E+02 0.000000E+00 0.000000E+00
2.952000E+00 4.671877E+04 1.226839E+04 6.784451E+04 1.384711E+02 8.780310E+01 0.000000E+00 0.000000E+00 0.000000E+00 6.759254E+04 6.626590E+04 2.186130E+04 1.578763E+02 0.000000E+00 0.000000E+00
2.953000E+00 4.663544E+04 1.221663E+04 6.774405E+04 1.384711E+02 8.788640E+01 0.000000E+00 0.000000E+00 0.000000E+00 6.749232E+04 6.616331E+04 2.183007E+04 1.576507E+02 0.000000E+00 0.000000E+00
2.954000E+00 4.655214E+04 1.216612E+04 6.764374E+04 1.384711E+02 8.796970E+01 0.000000E+00 0.000000E+00 0.000000E+00 6.739225E+04 6.606115E+04 2.179957E+04 1.574304E+02 0.000000E+00 0.000000E+00
2.955000E+00 4.646894E+04 1.211694E+04 6.754357E+04 1.384711E+02 8.805300E+01 0.000000E+00 0.000000E+00 0.000000E+00 6.729232E+04 6.595941E+04 2.176991E+04 1.572162E+02 0.000000E+00 0.000000E+00
2.956000E+00 4.638588E+04 1.206920E+04 6.744355E+04 1.384711E+02 8.813630E+01 0.000000E+00 0.000000E+00 0.000000E+00 6.719254E+04 6.585812E+04 2.174122E+04 1.570090E+02 0.000000E+00 0.000000E+00
2.957000E+00 4.630303E+04 1.202301E+04 6.734367E+04 1.384711E+02 8.821960E+01 0.000000E+00 0.000000E+00 0.000000E+00 6.709289E+04 6.575730E+04 2.171362E+04 1.568097E+02 0.000000E+00 0.000000E+00
2.958000E+00 4.622045E+04 1.197864E+04 6.724394E+04 1.384711E+02 8.830290E+01 0.000000E+00 0.000000E+00 0.000000E+00 6.699339E+04 6.565696E+04 2.168744E+04 1.566207E+02 0.000000E+00 0.000000E+00
2.959000E+00 4.613817E+04 1.193603E+04 6.714436E+04 1.384711E+02 8.838620E+01 0.000000E+00 0.000000E+00 0.000000E+00 6.689404E+04 6.555712E+04 2.166262E+04 1.564414E+02 0.000000E+00 0.000000E+00
2.960000E+00 4.605627E+04 1.189526E+04 6.704492E+04 1.384711E+02 8.846950E+01 0.000000E+00 0.000000E+00 0.000000E+00 6.679482E+04 6.545778E+04 2.163926E+04 1.562727E+02 0.000000E+00 0.000000E+00
2.961000E+00 4.597479E+04 1.185638E+04 6.694563E+04 1.384711E+02 8.855280E+01 0.000000E+00 0.000000E+00 0.000000E+00 6.669576E+04 6.535896E+04 2.161747E+04 1.561154E+02 0.000000E+00 0.000000E+00
2.962000E+00 4.589379E+04 1.181955E+04 6.684648E+04 1.384711E+02 8.863610E+01 0.000000E+00 0.000000E+00 0.000000E+00 6.659683E+04 6.526067E+04 2.159742E+04 1.559706E+02 0.000000E+00 0.000000E+00
2.963000E+00 4.581331E+04 1.178494E+04 6.674748E+04 1.384711E+02 8.871940E+01 0.000000E+00 0.000000E+00 0.000000E+00 6.649805E+04 6.516292E+04 2.157932E+04 1.558399E+02 0.000000E+00 0.000000E+00
2.964000E+00 4.573340E+04 1.175242E+04 6.664862E+04 1.384711E+02 8.880270E+01 0.000000E+00 0.000000E+00 0.000000E+00 6.639942E+04 6.506570E+04 2.156307E+04 1.557225E+02 0.000000E+00 0.000000E+00
2.965000E+00 4.565412E+04 1.172203E+04 6.654991E+04 1.384711E+02 8.888600E+01 0.000000E+00 0.000000E+00 0.000000E+00 6.630093E+04 6.496903E+04 2.154874E+04 1.556190E+02 0.000000E+00 0.000000E+00
2.966000E+00 4.557549E+04 1.169379E+04 6.645134E+04 1.384711E+02 8.896930E+01 0.000000E+00 0.000000E+00 0.000000E+00 6.620259E+04 6.487290E+04 2.153639E+04 1.555298E+02 0.000000E+00 0.000000E+00
2.967000E+00 4.549757E+04 1.166790E+04 6.635292E+04 1.384711E+02 8.905260E+01 0.000000E+00 0.000000E+00 0.000000E+00 6.610439E+04 6.477731E+04 2.152624E+04 1.554565E+02 0.000000E+00 0.000000E+00
2.968000E+00 4.542039E+04 1.164434E+04 6.625464E+04 1.384711E+02 8.913590E+01 0.000000E+00 0.000000E+00 0.000000E+00 6.600634E+04 6.468227E+04 2.151832E+04 1.553993E+02 0.000000E+00 0.000000E+00
2.969000E+00 4.534399E+04 1.162297E+04 6.615650E+04 1.384711E+02 8.921920E+01 0.000000E+00 0.000000E+00 0.000000E+00 6.590844E+04 6.458776E+04 2.151252E+04 1.553574E+02 0.000000E+00 0.000000E+00
2.970000E+00 4.526839E+04 1.160378E+04 6.605851E+04 1.384711E+02 8.930250E+01 0.000000E+00 0.000000E+00 0.000000E+00 6.581068E+04 6.449379E+04 2.150887E+04 1.553310E+02 0.000000E+00 0.000000E+00
2.971000E+00 4.519364E+04 1.158677E+04 6.596066E+04 1.384711E+02 8.938580E+01 0.000000E+00 0.000000E+00 0.000000E+00 6.571307E+04 6.440034E+04 2.150738E+04 1.553203E+02 0.000000E+00 0.000000E+00
2.972000E+00 4.511975E+04 1.157218E+04 6.586295E+04 1.384711E+02 8.946910E+01 0.000000E+00 0.000000E+00 0.000000E+00 6.561561E+04 6.430740E+04 2.150833E+04 1.553272E+02 0.000000E+00 0.000000E+00
2.973000E+00 4.504674E+04 1.155974E+04 6.576539E+04 1.384711E+02 8.955240E+01 0.000000E+00 0.000000E+00 0.000000E+00 6.551830E+04 6.421497E+04 2.151151E+04 1.553501E+02 0.000000E+00 0.000000E+00
2.974000E+00 4.497465E+04 1.154936E+04 6.566797E+04 1.384711E+02 8.963570E+01 0.000000E+00 0.000000E+00 0.000000E+00 6.542114E+04 6.412303E+04 2.151684E+04 1.553886E+02 0.000000E+00 0.000000E+00
2.975000E+00 4.490347E+04 1.154100E+04 6.557070E+04 1.384711E+02 8.971900E+01 0.000000E+00 0.000000E+00 0.000000E+00 6.532412E+04 6.403157E+04 2.152430E+04 1.554425E+02 0.000000E+00 0.000000E+00
2.976000E+00 4.483323E+04 1.153463E+04 6.547356E+04 1.384711E+02 8.980230E+01 0.000000E+00 0.000000E+00 0.000000E+00 6.522726E+04 6.394057E+04 2.153391E+04 1.555119E+02 0.000000E+00 0.000000E+00
2.977000E+00 4.476393E+04 1.153041E+04 6.537657E+04 1.384711E+02 8.988560E+01 0.000000E+00 0.000000E+00 0.000000E+00 6.513054E+04 6.385001E+04 2.154585E+04 1.555981E+02 0.000000E+00 0.000000E+00
2.978000E+00 4.469557E+04 1.152800E+04 6.527972E+04 1.384711E+02 8.996890E+01 0.000000E+00 0.000000E+00 0.000000E+00 6.503397E+04 6.375988E+04 2.155980E+04 1.556989E+02 0.000000E+00 0.000000E+00
2.979000E+00 4.462816E+04 1.152730E+04 6.518302E+04 1.384711E+02 9.005220E+01 0.000000E+00 0.000000E+00 0.000000E+00 6.493755E+04 6.367015E+04 2.157571E+04 1.558137E+02 0.000000E+00 0.000000E+00
2.980000E+00 4.456170E+04 1.152824E+04 6.508645E+04 1.384711E+02 9.013550E+01 0.000000E+00 0.000000E+00 0.000000E+00 6.484128E+04 6.358081E+04 2.159351E+04 1.559423E+02 0.000000E+00 0.000000E+00
2.981000E+00 4.449617E+04 1.153083E+04 6.499003E+04 1.384711E+02 9.021880E+01 0.000000E+00 0.000000E+00 0.000000E+00 6.474516E+04 6.349183E+04 2.161325E+04 1.560849E+02 0.000000E+00 0.000000E+00
2.982000E+00 4.443156E+04 1.153501E+04 6.489375E+04 1.384711E+02 9.030210E+01 0.000000E+00 0.000000E+00 0.000000E+00 6.464919E+04 6.340320E+04 2.163488E+04 1.562411E+02 0.000000E+00 0.000000E+00
2.983000E+00 4.436787E+04 1.154052E+04 6.479761E+04 1.384711E+02 9.038540E+01 0.000000E+00 0.000000E+00 0.000000E+00 6.455337E+04 6.331488E+04 2.165816E+04 1.564092E+02 0.000000E+00 0.000000E+00
2.984000E+00 4.430507E+04 1.154725E+04 6.470162E+04 1.384711E+02 9.046870E+01 0.000000E+00 0.000000E+00 0.000000E+00 6.445770E+04 6.322686E+04 2.168301E+04 1.565886E+02 0.000000E+00 0.000000E+00
2.985000E+00 4.424315E+04 1.155509E+04 6.460576E+04 1.384711E+02 9.055200E+01 0.000000E+00 0.000000E+00 0.000000E+00 6.436218E+04 6.313911E+04 2.170932E+04 1.567787E+02 0.000000E+00 0.000000E+00
2.986000E+00 4.418208E+04 1.156408E+04 6.451005E+04 1.384711E+02 9.063530E+01 0.000000E+00 0.000000E+00 0.000000E+00 6.426681E+04 6.305160E+04 2.173716E+04 1.569797E+02 0.000000E+00 0.000000E+00
2.987000E+00 4.412184E+04 1.157399E+04 6.441448E+04 1.384711E+02 9.071860E+01 0.000000E+00 0.000000E+00 0.000000E+00 6.417159E+04 6.296431E+04 2.176630E+04 1.571902E+02 0.000000E+00 0.000000E+00
2.988000E+00 4.406240E+04 1.158466E+04 6.431905E+04 1.384711E+02 9.080190E+01 0.000000E+00 0.000000E+00 0.000000E+00 6.407652E+04 6.287722E+04 2.179660E+04 1.574090E+02 0.000000E+00 0.000000E+00
2.989000E+00 4.400371E+04 1.159597E+04 6.422376E+04 1.384711E+02 9.088520E+01 0.000000E+00 0.000000E+00 0.000000E+00 6.398159E+04 6.279029E+04 2.182795E+04 1.576353E+02 0.000000E+00 0.000000E+00
2.990000E+00 4.394576E+04 1.160780E+04 6.412862E+04 1.384711E+02 9.096850E+01 0.000000E+00 0.000000E+00 0.000000E+00 6.388682E+04 6.270351E+04 2.186023E+04 1.578685E+02 0.000000E+00 0.000000E+00
2.991000E+00 4.388851E+04 1.162017E+04 6.403361E+04 1.384711E+02 9.105180E+01 0.000000E+00 0.000000E+00 0.000000E+00 6.379219E+04 6.261685E+04 2.189346E+04 1.581085E+02 0.000000E+00 0.000000E+00
2.992000E+00 4.383191E+04 1.163281E+04 6.393875E+04 1.384711E+02 9.113510E+01 0.000000E+00 0.000000E+00 0.000000E+00 6.369771E+04 6.253029E+04 2.192739E+04 1.583535E+02 0.000000E+00 0.000000E+00
2.993000E+00 4.377593E+04 1.164562E+04 6.384402E+04 1.384711E+02 9.121840E+01 0.000000E+00 0.000000E+00 0.000000E+00 6.360338E+04 6.244380E+04 2.196192E+04 1.586028E+02 0.000000E+00 0.000000E+00
2.994000E+00 4.372052E+04 1.165850E+04 6.374944E+04 1.384711E+02 9.130170E+01 0.000000E+00 0.000000E+00 0.000000E+00 6.350920E+04 6.235736E+04 2.199693E+04 1.588557E+02 0.000000E+00 0.000000E+00
2.995000E+00 4.366565E+04 1.167135E+04 6.365500E+04 1.384711E+02 9.138500E+01 0.000000E+00 0.000000E+00 0.000000E+00 6.341517E+04 6.227095E+04 2.203234E+04 1.591114E+02 0.000000E+00 0.000000E+00
2.996000E+00 4.361126E+04 1.168409E+04 6.356070E+04 1.384711E+02 9.146830E+01 0.000000E+00 0.000000E+00 0.000000E+00 6.332128E+04 6.218454E+04 2.206805E+04 1.593693E+02 0.000000E+00 0.000000E+00
2.997000E+00 4.355732E+04 1.169658E+04 6.346654E+04 1.384711E+02 9.155160E+01 0.000000E+00 0.000000E+00 0.000000E+00 6.322754E+04 6.209812E+04 2.210393E+04 1.596284E+02 0.000000E+00 0.000000E+00
2.998000E+00 4.350379E+04 1.170873E+04 6.337252E+04 1.384711E+02 9.163490E+01 0.000000E+00 0.000000E+00 0.000000E+00 6.313394E+04 6.201167E+04 2.213988E+04 1.598880E+02 0.000000E+00 0.000000E+00
2.999000E+00 4.345061E+04 1.172047E+04 6.327864E+04 1.384711E+02 9.171820E+01 0.000000E+00 0.000000E+00 0.000000E+00 6.304049E+04 6.192518E+04 2.217581E+04 1.601475E+02 0.000000E+00 0.000000E+00
3.000000E+00 4.339774E+04 1.173171E+04 6.318490E+04 1.384711E+02 9.180150E+01 0.000000E+00 0.000000E+00 0.000000E+00 6.294718E+04 6.183862E+04 2.221163E+04 1.604062E+02 0.000000E+00 0.000000E+00
3.001000E+00 4.334866E+04 1.197513E+04 6.309130E+04 1.384711E+02 9.188480E+01 0.000000E+00 0.000000E+00 0.000000E+00 6.285403E+04 6.175517E+04 2.941524E+04 2.124287E+02 0.000000E+00 0.000000E+00
3.002000E+00 4.330712E+04 1.224300E+04 6.299784E+04 1.384711E+02 9.196810E+01 0.000000E+00 0.000000E+00 0.000000E+00 6.276103E+04 6.167794E+04 2.971429E+04 2.145884E+02 0.000000E+00 0.000000E+00
3.003000E+00 4.327358E+04 1.253558E+04 6.290452E+04 1.384711E+02 9.205140E+01 0.000000E+00 0.000000E+00 0.000000E+00 6.266819E+04 6.160669E+04 3.004274E+04 2.169603E+02 0.000000E+00 0.000000E+00
3.004000E+00 4.324846E+04 1.285329E+04 6.281134E+04 1.384711E+02 9.213470E+01 0.000000E+00 0.000000E+00 0.000000E+00 6.257553E+04 6.154122E+04 3.040143E+04 2.195507E+02 0.000000E+00 0.000000E+00
3.005000E+00 4.323217E+04 1.319792E+04 6.271830E+04 1.384711E+02 9.221800E+01 0.000000E+00 0.000000E+00 0.000000E+00 6.248306E+04 6.148134E+04 3.079254E+04 2.223751E+02 0.000000E+00 0.000000E+00
3.006000E+00 4.322508E+04 1.357205E+04 6.262540E+04 1.384711E+02 9.230130E+01 0.000000E+00 0.000000E+00 0.000000E+00 6.239077E+04 6.142688E+04 3.121900E+04 2.254550E+02 0.000000E+00 0.000000E+00
3.007000E+00 4.322756E+04 1.397258E+04 6.253264E+04 1.384711E+02 9.238460E+01 0.000000E+00 0.000000E+00 0.000000E+00 6.229868E+04 6.137767E+04 3.167822E+04 2.287713E+02 0.000000E+00 0.000000E+00
3.008000E+00 4.323992E+04 1.439987E+04 6.244003E+04 1.384711E+02 9.246790E+01 0.000000E+00 0.000000E+00 0.000000E+00 6.220679E+04 6.133354E+04 3.217086E+04 2.323290E+02 0.000000E+00 0.000000E+00
3.009000E+00 4.326246E+04 1.485405E+04 6.234756E+04 1.384711E+02 9.255120E+01 0.000000E+00 0.000000E+00 0.000000E+00 6.211511E+04 6.129431E+04 3.269757E+04 2.361327E+02 0.000000E+00 0.000000E+00
3.010000E+00 4.329545E+04 1.533832E+04 6.225523E+04 1.384711E+02 9.263450E+01 0.000000E+00 0.000000E+00 0.000000E+00 6.202365E+04 6.125983E+04 3.326191E+04 2.402082E+02 0.000000E+00 0.000000E+00
3.011000E+00 4.333915E+04 1.585217E+04 6.216304E+04 1.384711E+02 9.271780E+01 0.000000E+00 0.000000E+00 0.000000E+00 6.193242E+04 6.122995E+04 3.386377E+04 2.445547E+02 0.000000E+00 0.000000E+00
3.012000E+00 4.339380E+04 1.639336E+04 6.207100E+04 1.384711E+02 9.280110E+01 0.000000E+00 0.000000E+00 0.000000E+00 6.184141E+04 6.120451E+04 3.450140E+04 2.491595E+02 0.000000E+00 0.000000E+00
3.013000E+00 4.345960E+04 1.696195E+04 6.197911E+04 1.384711E+02 9.288440E+01 0.000000E+00 0.000000E+00 0.000000E+00 6.175064E+04 6.118334E+04 3.517521E+04 2.540256E+02 0.000000E+00 0.000000E+00
3.014000E+00 4.353670E+04 1.755780E+04 6.188736E+04 1.384711E+02 9.296770E+01 0.000000E+00 0.000000E+00 0.000000E+00 6.166010E+04 6.116628E+04 3.588555E+04 2.591555E+02 0.000000E+00 0.000000E+00
3.015000E+00 4.362529E+04 1.818557E+04 6.179576E+04 1.384711E+02 9.305100E+01 0.000000E+00 0.000000E+00 0.000000E+00 6.156981E+04 6.115318E+04 3.663746E+04 2.645856E+02 0.000000E+00 0.000000E+00
3.016000E+00 4.372550E+04 1.884121E+04 6.170431E+04 1.384711E+02 9.313430E+01 0.000000E+00 0.000000E+00 0.000000E+00 6.147977E+04 6.114389E+04 3.742729E+04 2.702894E+02 0.000000E+00 0.000000E+00
3.017000E+00 4.383743E+04 1.952361E+04 6.161300E+04 1.384711E+02 9.321760E+01 0.000000E+00 0.000000E+00 0.000000E+00 6.138999E+04 6.113823E+04 3.825440E+04 2.762626E+02 0.000000E+00 0.000000E+00
3.018000E+00 4.396117E+04 2.023255E+04 6.152185E+04 1.384711E+02 9.330090E+01 0.000000E+00 0.000000E+00 0.000000E+00 6.130046E+04 6.113604E+04 3.911891E+04 2.825059E+02 0.000000E+00 0.000000E+00
3.019000E+00 4.409677E+04 2.096841E+04 6.143086E+04 1.384711E+02 9.338420E+01 0.000000E+00 0.000000E+00 0.000000E+00 6.121119E+04 6.113715E+04 4.002166E+04 2.890253E+02 0.000000E+00 0.000000E+00
3.020000E+00 4.424427E+04 2.173476E+04 6.134001E+04 1.384711E+02 9.346750E+01 0.000000E+00 0.000000E+00 0.000000E+00 6.112220E+04 6.114140E+04 4.096660E+04 2.958494E+02 0.000000E+00 0.000000E+00
3.021000E+00 4.440370E+04 2.252639E+04 6.124932E+04 1.384711E+02 9.355080E+01 0.000000E+00 0.000000E+00 0.000000E+00 6.103347E+04 6.114862E+04 4.194887E+04 3.029430E+02 0.000000E+00 0.000000E+00
3.022000E+00 4.457503E+04 2.334267E+04 6.115879E+04 1.384711E+02 9.363410E+01 0.000000E+00 0.000000E+00 0.000000E+00 6.094501E+04 6.115863E+04 4.296830E+04 3.103051E+02 0.000000E+00 0.000000E+00
3.023000E+00 4.475822E+04 2.418311E+04 6.106841E+04 1.384711E+02 9.371740E+01 0.000000E+00 0.000000E+00 0.000000E+00 6.085684E+04 6.117125E+04 4.402467E+04 3.179339E+02 0.000000E+00 0.000000E+00
3.024000E+00 4.495319E+04 2.504930E+04 6.097819E+04 1.384711E+02 9.380070E+01 0.000000E+00 0.000000E+00 0.000000E+00 6.076894E+04 6.118629E+04 4.512002E+04 3.258442E+02 0.000000E+00 0.000000E+00
3.025000E+00 4.515989E+04 2.594128E+04 6.088813E+04 1.384711E+02 9.388400E+01 0.000000E+00 0.000000E+00 0.000000E+00 6.068132E+04 6.120358E+04 4.625472E+04 3.340387E+02 0.000000E+00 0.000000E+00
3.026000E+00 4.537820E+04 2.685523E+04 6.079824E+04 1.384711E+02 9.396730E+01 0.000000E+00 0.000000E+00 0.000000E+00 6.059399E+04 6.122292E+04 4.742523E+04 3.424918E+02 0.000000E+00 0.000000E+00
3.027000E+00 4.560796E+04 2.779026E+04 6.070850E+04 1.384711E+02 9.405060E+01 0.000000E+00 0.000000E+00 0.000000E+00 6.050694E+04 6.124413E+04 4.863107E+04 3.512000E+02 0.000000E+00 0.000000E+00
3.028000E+00 4.584902E+04 2.874561E+04 6.061893E+04 1.384711E+02 9.413390E+01 0.000000E+00 0.000000E+00 0.000000E+00 6.042019E+04 6.126699E+04 4.987171E+04 3.601596E+02 0.000000E+00 0.000000E+00
3.029000E+00 4.610119E+04 2.972387E+04 6.052953E+04 1.384711E+02 9.421720E+01 0.000000E+00 0.000000E+00 0.000000E+00 6.033372E+04 6.129132E+04 5.115011E+04 3.693918E+02 0.000000E+00 0.000000E+00
3.030000E+00 4.636427E+04 3.072186E+04 6.044029E+04 1.384711E+02 9.430050E+01 0.000000E+00 0.000000E+00 0.000000E+00 6.024754E+04 6.131692E+04 5.246333E+04 3.788756E+02 0.000000E+00 0.000000E+00
3.031000E+00 4.663803E+04 3.173716E+04 6.035122E+04 1.384711E+02 9.438380E+01 0.000000E+00 0.000000E+00 0.000000E+00 6.016166E+04 6.134358E+04 5.380921E+04 3.885951E+02 0.000000E+00 0.000000E+00
3.032000E+00 4.692219E+04 3.276868E+04 6.026232E+04 1.384711E+02 9.446710E+01 0.000000E+00 0.000000E+00 0.000000E+00 6.007607E+04 6.137109E+04 5.518695E+04 3.985448E+02 0.000000E+00 0.000000E+00
3.033000E+00 4.721648E+04 3.381544E+04 6.017359E+04 1.384711E+02 9.455040E+01 0.000000E+00 0.000000E+00 0.000000E+00 5.999077E+04 6.139925E+04 5.659574E+04 4.087186E+02 0.000000E+00 0.000000E+00
3.034000E+00 4.752059E+04 3.488063E+04 6.008503E+04 1.384711E+02 9.463370E+01 0.000000E+00 0.000000E+00 0.000000E+00 5.990576E+04 6.142783E+04 5.803905E+04 4.191418E+02 0.000000E+00 0.000000E+00
3.035000E+00 4.783421E+04 3.595855E+04 5.999665E+04 1.384711E+02 9.471700E+01 0.000000E+00 0.000000E+00 0.000000E+00 5.982105E+04 6.145665E+04 5.951134E+04 4.297743E+02 0.000000E+00 0.000000E+00
3.036000E+00 4.815713E+04 3.704805E+04 5.990848E+04 1.384711E+02 9.480030E+01 -4.300765E-02 0.000000E+00 -4.300765E-02 5.974322E+04 6.149164E+04 6.101164E+04 4.406091E+02 1.000000E+00 0.000000E+00
3.037000E+00 4.848956E+04 3.814787E+04 5.982070E+04 1.384710E+02 9.488360E+01 -2.125488E-01 0.000000E+00 -2.125488E-01 5.968482E+04 6.154438E+04 6.253886E+04 4.516387E+02 1.000000E+00 0.000000E+00
3.038000E+00 4.883196E+04 3.925780E+04 5.973356E+04 1.384707E+02 9.496690E+01 -5.090840E-01 0.000000E+00 -5.090840E-01 5.964738E+04 6.161627E+04 6.409293E+04 4.628629E+02 1.000000E+00 0.000000E+00
3.039000E+00 4.918474E+04 4.037798E+04 5.964730E+04 1.384699E+02 9.505020E+01 -9.361407E-01 0.000000E+00 -9.361407E-01 5.963035E+04 6.170673E+04 6.567404E+04 4.742837E+02 1.000000E+00 0.000000E+00
3.040000E+00 4.954824E+04 4.150430E+04 5.956219E+04 1.384687E+02 9.513350E+01 -1.491160E+00 0.000000E+00 -1.491160E+00 5.963471E+04 6.181675E+04 6.727825E+04 4.858731E+02 1.000000E+00 0.000000E+00
3.041000E+00 4.992274E+04 4.263547E+04 5.947849E+04 1.384669E+02 9.521680E+01 -2.176008E+00 0.000000E+00 -2.176008E+00 5.966022E+04 6.194608E+04 6.890426E+04 4.976225E+02 1.000000E+00 0.000000E+00
3.042000E+00 5.030847E+04 4.377012E+04 5.939644E+04 1.384644E+02 9.530010E+01 -2.989363E+00 0.000000E+00 -2.989363E+00 5.970733E+04 6.209515E+04 7.055078E+04 5.095231E+02 1.000000E+00 0.000000E+00
3.043000E+00 5.070561E+04 4.490847E+04 5.931631E+04 1.384609E+02 9.538340E+01 -3.931816E+00 0.000000E+00 -3.931816E+00 5.977614E+04 6.226399E+04 7.221803E+04 5.215771E+02 1.000000E+00 0.000000E+00
3.044000E+00 5.111429E+04 4.604851E+04 5.923834E+04 1.384564E+02 9.546670E+01 -5.002503E+00 0.000000E+00 -5.002503E+00 5.986692E+04 6.245283E+04 7.390397E+04 5.337705E+02 1.000000E+00 0.000000E+00
3.045000E+00 5.153458E+04 4.718761E+04 5.916278E+04 1.384509E+02 9.555000E+01 -6.201247E+00 0.000000E+00 -6.201247E+00 5.997982E+04 6.266169E+04 7.560596E+04 5.460852E+02 1.000000E+00 0.000000E+00
3.046000E+00 5.196652E+04 4.832441E+04 5.908989E+04 1.384440E+02 9.563330E+01 -7.527188E+00 0.000000E+00 -7.527188E+00 6.011501E+04 6.289063E+04 7.732255E+04 5.585114E+02 1.000000E+00 0.000000E+00
3.047000E+00 5.241008E+04 4.945754E+04 5.901991E+04 1.384358E+02 9.571660E+01 -8.979675E+00 0.000000E+00 -8.979675E+00 6.027260E+04 6.313962E+04 7.905230E+04 5.710396E+02 1.000000E+00 0.000000E+00
3.048000E+00 5.286522E+04 5.058707E+04 5.895309E+04 1.384260E+02 9.579990E+01 -1.055771E+01 0.000000E+00 -1.055771E+01 6.045271E+04 6.340862E+04 8.079517E+04 5.836705E+02 1.000000E+00 0.000000E+00
3.049000E+00 5.333181E+04 5.171014E+04 5.888968E+04 1.384146E+02 9.588320E+01 -1.226031E+01 0.000000E+00 -1.226031E+01 6.065541E+04 6.369757E+04 8.254815E+04 5.963832E+02 1.000000E+00 0.000000E+00
3.050000E+00 5.380974E+04 5.282510E+04 5.882991E+04 1.384014E+02 9.596650E+01 -1.408624E+01 0.000000E+00 -1.408624E+01 6.088076E+04 6.400633E+04 8.430945E+04 6.091660E+02 1.000000E+00 0.000000E+00
3.051000E+00 5.429880E+04 5.393064E+04 5.877402E+04 1.383864E+02 9.604980E+01 -1.603420E+01 0.000000E+00 -1.603420E+01 6.112879E+04 6.433476E+04 8.607757E+04 6.220089E+02 1.000000E+00 0.000000E+00
3.052000E+00 5.479878E+04 5.502555E+04 5.872226E+04 1.383693E+02 9.613310E+01 -1.810271E+01 0.000000E+00 -1.810271E+01 6.139952E+04 6.468270E+04 8.785110E+04 6.349030E+02 1.000000E+00 0.000000E+00
3.053000E+00 5.530942E+04 5.610892E+04 5.867485E+04 1.383501E+02 9.621640E+01 -2.029020E+01 0.000000E+00 -2.029020E+01 6.169293E+04 6.504993E+04 8.962890E+04 6.478410E+02 1.000000E+00 0.000000E+00
3.054000E+00 5.583045E+04 5.717864E+04 5.863201E+04 1.383287E+02 9.629970E+01 -2.259496E+01 0.000000E+00 -2.259496E+01 6.200897E+04 6.543624E+04 9.140861E+04 6.608072E+02 1.000000E+00 0.000000E+00
3.055000E+00 5.636155E+04 5.823346E+04 5.859398E+04 1.383049E+02 9.638300E+01 -2.501514E+01 0.000000E+00 -2.501514E+01 6.234760E+04 6.584138E+04 9.318872E+04 6.737918E+02 1.000000E+00 0.000000E+00
3.056000E+00 5.690237E+04 5.927218E+04 5.856098E+04 1.382786E+02 9.646630E+01 -2.754877E+01 0.000000E+00 -2.754877E+01 6.270872E+04 6.626508E+04 9.496772E+04 6.867852E+02 1.000000E+00 0.000000E+00
3.057000E+00 5.745255E+04 6.029352E+04 5.853321E+04 1.382498E+02 9.654960E+01 -3.019377E+01 0.000000E+00 -3.019377E+01 6.309222E+04 6.670706E+04 9.674405E+04 6.997772E+02 1.000000E+00 0.000000E+00
3.058000E+00 5.801169E+04 6.129607E+04 5.851090E+04 1.382182E+02 9.663290E+01 -3.294793E+01 0.000000E+00 -3.294793E+01 6.349798E+04 6.716700E+04 9.851594E+04 7.127566E+02 1.000000E+00 0.000000E+00
3.059000E+00 5.857937E+04 6.227876E+04 5.849425E+04 1.381839E+02 9.671620E+01 -3.580893E+01 0.000000E+00 -3.580893E+01 6.392584E+04 6.764461E+04 1.002820E+05 7.257143E+02 1.000000E+00 0.000000E+00
3.060000E+00 5.915518E+04 6.324054E+04 5.848346E+04 1.381466E+02 9.679950E+01 -3.877435E+01 0.000000E+00 -3.877435E+01 6.437563E+04 6.813953E+04 1.020408E+05 7.386416E+02 1.000000E+00 0.000000E+00
3.061000E+00 5.973865E+04 6.418039E+04 5.847872E+04 1.381063E+02 9.688280E+01 -4.184167E+01 0.000000E+00 -4.184167E+01 6.484714E+04 6.865143E+04 1.037909E+05 7.515295E+02 1.000000E+00 0.000000E+00
3.062000E+00 6.032933E+04 6.509651E+04 5.848023E+04 1.380629E+02 9.696610E+01 -4.500824E+01 0.000000E+00 -4.500824E+01 6.534016E+04 6.917995E+04 1.055302E+05 7.643635E+02 1.000000E+00 0.000000E+00
3.063000E+00 6.092674E+04 6.598822E+04 5.848817E+04 1.380162E+02 9.704940E+01 -4.827133E+01 0.000000E+00 -4.827133E+01 6.585445E+04 6.972473E+04 1.072575E+05 7.771371E+02 1.000000E+00 0.000000E+00
3.064000E+00 6.153039E+04 6.685495E+04 5.850273E+04 1.379663E+02 9.713270E+01 -5.162812E+01 0.000000E+00 -5.162812E+01 6.638975E+04 7.028538E+04 1.089719E+05 7.898445E+02 1.000000E+00 0.000000E+00
3.065000E+00 6.213979E+04 6.769590E+04 5.852407E+04 1.379129E+02 9.721600E+01 -5.507572E+01 0.000000E+00 -5.507572E+01 6.694578E+04 7.086154E+04 1.106721E+05 8.024778E+02 1.000000E+00 0.000000E+00
3.066000E+00 6.275444E+04 6.851028E+04 5.855236E+04 1.378561E+02 9.729930E+01 -5.861114E+01 0.000000E+00 -5.861114E+01 6.752224E+04 7.145281E+04 1.123568E+05 8.150297E+02 1.000000E+00 0.000000E+00
3.067000E+00 6.337383E+04 6.929545E+04 5.858776E+04 1.377957E+02 9.738260E+01 -6.223131E+01 0.000000E+00 -6.223131E+01 6.811882E+04 7.205879E+04 1.140230E+05 8.274788E+02 1.000000E+00 0.000000E+00
3.068000E+00 6.399746E+04 7.005247E+04 5.863043E+04 1.377316E+02 9.746590E+01 -6.593309E+01 0.000000E+00 -6.593309E+01 6.873519E+04 7.267910E+04 1.156712E+05 8.398308E+02 1.000000E+00 0.000000E+00
3.069000E+00 6.462481E+04 7.078076E+04 5.868052E+04 1.376638E+02 9.754920E+01 -6.971329E+01 0.000000E+00 -6.971329E+01 6.937100E+04 7.331332E+04 1.173005E+05 8.520793E+02 1.000000E+00 0.000000E+00
3.070000E+00 6.525540E+04 7.147981E+04 5.873816E+04 1.375922E+02 9.763250E+01 -7.356865E+01 0.000000E+00 -7.356865E+01 7.002588E+04 7.396107E+04 1.189096E+05 8.642182E+02 1.000000E+00 0.000000E+00
3.071000E+00 6.588871E+04 7.214843E+04 5.880350E+04 1.375166E+02 9.771580E+01 -7.749589E+01 0.000000E+00 -7.749589E+01 7.069945E+04 7.462194E+04 1.204971E+05 8.762366E+02 1.000000E+00 0.000000E+00
3.072000E+00 6.652424E+04 7.278503E+04 5.887665E+04 1.374371E+02 9.779910E+01 -8.149161E+01 0.000000E+00 -8.149161E+01 7.139133E+04 7.529552E+04 1.220608E+05 8.881207E+02 1.000000E+00 0.000000E+00
3.073000E+00 6.716150E+04 7.339100E+04 5.895774E+04 1.373536E+02 9.788240E+01 -8.555243E+01 0.000000E+00 -8.555243E+01 7.210109E+04 7.598141E+04 1.236015E+05 8.998779E+02 1.000000E+00 0.000000E+00
3.074000E+00 6.780002E+04 7.396605E+04 5.904688E+04 1.372660E+02 9.796570E+01 -8.967493E+01 0.000000E+00 -8.967493E+01 7.282833E+04 7.667921E+04 1.251185E+05 9.115036E+02 1.000000E+00 0.000000E+00
3.075000E+00 6.843931E+04 7.450999E+04 5.914418E+04 1.371743E+02 9.804900E+01 -9.385565E+01 0.000000E+00 -9.385565E+01 7.357261E+04 7.738853E+04 1.266110E+05 9.229938E+02 1.000000E+00 0.000000E+00
3.076000E+00 6.907893E+04 7.502099E+04 5.924974E+04 1.370783E+02 9.813230E+01 -9.809112E+01 0.000000E+00 -9.809112E+01 7.433350E+04 7.810896E+04 1.280767E+05 9.343325E+02 1.000000E+00 0.000000E+00
3.077000E+00 6.971841E+04 7.549925E+04 5.936365E+04 1.369781E+02 9.821560E+01 -1.023778E+02 0.000000E+00 -1.023778E+02 7.511054E+04 7.884011E+04 1.295153E+05 9.455187E+02 1.000000E+00 0.000000E+00
3.078000E+00 7.035731E+04 7.594604E+04 5.948599E+04 1.368735E+02 9.829890E+01 -1.067123E+02 0.000000E+00 -1.067123E+02 7.590328E+04 7.958157E+04 1.309275E+05 9.565584E+02 1.000000E+00 0.000000E+00
3.079000E+00 7.099523E+04 7.636133E+04 5.961685E+04 1.367646E+02 9.838220E+01 -1.110909E+02 0.000000E+00 -1.110909E+02 7.671124E+04 8.033299E+04 1.323128E+05 9.674493E+02 1.000000E+00 0.000000E+00
3.080000E+00 7.163175E+04 7.674528E+04 5.975629E+04 1.366513E+02 9.846550E+01 -1.155103E+02 0.000000E+00 -1.155103E+02 7.753396E+04 8.109397E+04 1.336708E+05 9.781890E+02 1.000000E+00 0.000000E+00
3.081000E+00 7.226648E+04 7.709530E+04 5.990438E+04 1.365336E+02 9.854880E+01 -1.199670E+02 0.000000E+00 -1.199670E+02 7.837095E+04 8.186415E+04 1.349984E+05 9.887563E+02 1.000000E+00 0.000000E+00
3.082000E+00 7.289905E+04 7.741380E+04 6.006118E+04 1.364114E+02 9.863210E+01 -1.244574E+02 0.000000E+00 -1.244574E+02 7.922174E+04 8.264314E+04 1.362976E+05 9.991658E+02 1.000000E+00 0.000000E+00
3.083000E+00 7.352910E+04 7.770154E+04 6.022673E+04 1.362847E+02 9.871540E+01 -1.289780E+02 0.000000E+00 -1.289780E+02 8.008584E+04 8.343058E+04 1.375685E+05 1.009420E+03 1.000000E+00 0.000000E+00
3.084000E+00 7.415631E+04 7.795879E+04 6.040107E+04 1.361534E+02 9.879870E+01 -1.335255E+02 0.000000E+00 -1.335255E+02 8.096275E+04 8.422614E+04 1.388109E+05 1.019518E+03 1.000000E+00 0.000000E+00
3.085000E+00 7.478035E+04 7.818552E+04 6.058425E+04 1.360176E+02 9.888200E+01 -1.380965E+02 0.000000E+00 -1.380965E+02 8.185200E+04 8.502944E+04 1.400244E+05 1.029458E+03 1.000000E+00 0.000000E+00
3.086000E+00 7.540094E+04 7.837989E+04 6.077630E+04 1.358772E+02 9.896530E+01 -1.426876E+02 0.000000E+00 -1.426876E+02 8.275307E+04 8.584016E+04 1.412065E+05 1.039221E+03 1.000000E+00 0.000000E+00
3.087000E+00 7.601778E+04 7.854506E+04 6.097722E+04 1.357322E+02 9.904860E+01 -1.472954E+02 0.000000E+00 -1.472954E+02 8.366549E+04 8.665795E+04 1.423600E+05 1.048830E+03 1.000000E+00 0.000000E+00
3.088000E+00 7.663063E+04 7.868160E+04 6.118705E+04 1.355826E+02 9.913190E+01 -1.519166E+02 0.000000E+00 -1.519166E+02 8.458876E+04 8.748250E+04 1.434849E+05 1.058284E+03 1.000000E+00 0.000000E+00
3.089000E+00 7.723926E+04 7.879003E+04 6.140579E+04 1.354284E+02 9.921520E+01 -1.565481E+02 0.000000E+00 -1.565481E+02 8.552238E+04 8.831347E+04 1.445814E+05 1.067586E+03 1.000000E+00 0.000000E+00
3.090000E+00 7.784346E+04 7.886970E+04 6.163344E+04 1.352695E+02 9.929850E+01 -1.611867E+02 0.000000E+00 -1.611867E+02 8.646588E+04 8.915058E+04 1.456484E+05 1.076727E+03 1.000000E+00 0.000000E+00
3.091000E+00 7.844302E+04 7.892087E+04 6.186999E+04 1.351060E+02 9.938180E+01 -1.658292E+02 0.000000E+00 -1.658292E+02 8.741877E+04 8.999351E+04 1.466856E+05 1.085707E+03 1.000000E+00 0.000000E+00
3.092000E+00 7.903779E+04 7.894593E+04 6.211545E+04 1.349379E+02 9.946510E+01 -1.704726E+02 0.000000E+00 -1.704726E+02 8.838055E+04 9.084197E+04 1.476950E+05 1.094541E+03 1.000000E+00 0.000000E+00
3.093000E+00 7.962760E+04 7.894565E+04 6.236979E+04 1.347651E+02 9.954840E+01 -1.751139E+02 0.000000E+00 -1.751139E+02 8.935077E+04 9.169567E+04 1.486770E+05 1.103231E+03 1.000000E+00 0.000000E+00
3.094000E+00 8.021235E+04 7.892071E+04 6.263299E+04 1.345876E+02 9.963170E+01 -1.797502E+02 0.000000E+00 -1.797502E+02 9.032894E+04 9.255435E+04 1.496319E+05 1.111781E+03 1.000000E+00 0.000000E+00
3.095000E+00 8.079191E+04 7.887001E+04 6.290503E+04 1.344056E+02 9.971500E+01 -1.843786E+02 0.000000E+00 -1.843786E+02 9.131460E+04 9.341773E+04 1.505582E+05 1.120178E+03 1.000000E+00 0.000000E+00
3.096000E+00 8.136620E+04 7.879559E+04 6.318586E+04 1.342189E+02 9.979830E+01 -1.889964E+02 0.000000E+00 -1.889964E+02 9.230730E+04 9.428554E+04 1.514576E+05 1.128437E+03 1.000000E+00 0.000000E+00
3.097000E+00 8.193514E+04 7.869902E+04 6.347546E+04 1.340276E+02 9.988160E+01 -1.936009E+02 0.000000E+00 -1.936009E+02 9.330657E+04 9.515754E+04 1.523312E+05 1.136566E+03 1.000000E+00 0.000000E+00
3.098000E+00 8.249870E+04 7.858118E+04 6.377379E+04 1.338317E+02 9.996490E+01 -1.981895E+02 0.000000E+00 -1.981895E+02 9.431197E+04 9.603348E+04 1.531796E+05 1.144569E+03 1.000000E+00 0.000000E+00
3.099000E+00 8.305685E+04 7.844288E+04 6.408078E+04 1.336312E+02 1.000482E+02 -2.027596E+02 0.000000E+00 -2.027596E+02 9.532308E+04 9.691315E+04 1.540033E+05 1.152450E+03 1.000000E+00 0.000000E+00
3.100000E+00 8.360956E+04 7.828277E+04 6.439639E+04 1.334262E+02 1.001315E+02 -2.073089E+02 0.000000E+00 -2.073089E+02 9.633945E+04 9.779628E+04 1.548006E+05 1.160197E+03 1.000000E+00 0.000000E+00
3.101000E+00 8.415685E+04 7.810411E+04 6.472056E+04 1.332166E+02 1.002148E+02 -2.118350E+02 0.000000E+00 -2.118350E+02 9.736068E+04 9.868268E+04 1.555746E+05 1.167832E+03 1.000000E+00 0.000000E+00
3.102000E+00 8.469874E+04 7.790777E+04 6.505324E+04 1.330025E+02 1.002981E+02 -2.163355E+02 0.000000E+00 -2.163355E+02 9.838634E+04 9.957213E+04 1.563257E+05 1.175359E+03 1.000000E+00 0.000000E+00
3.103000E+00 8.523527E+04 7.769466E+04 6.539434E+04 1.327839E+02 1.003814E+02 -2.208085E+02 0.000000E+00 -2.208085E+02 9.941605E+04 1.004644E+05 1.570546E+05 1.182783E+03 1.000000E+00 0.000000E+00
3.104000E+00 8.576649E+04 7.746512E+04 6.574380E+04 1.325609E+02 1.004647E+02 -2.252516E+02 0.000000E+00 -2.252516E+02 1.004494E+05 1.013594E+05 1.577614E+05 1.190105E+03 1.000000E+00 0.000000E+00
3.105000E+00 8.629247E+04 7.721934E+04 6.610156E+04 1.323335E+02 1.005480E+02 -2.296630E+02 0.000000E+00 -2.296630E+02 1.014860E+05 1.022568E+05 1.584461E+05 1.197325E+03 1.000000E+00 0.000000E+00
3.106000E+00 8.681329E+04 7.695961E+04 6.646751E+04 1.321016E+02 1.006313E+02 -2.340408E+02 0.000000E+00 -2.340408E+02 1.025256E+05 1.031564E+05 1.591107E+05 1.204457E+03 1.000000E+00 0.000000E+00
3.107000E+00 8.732905E+04 7.668677E+04 6.684160E+04 1.318654E+02 1.007146E+02 -2.383831E+02 0.000000E+00 -2.383831E+02 1.035676E+05 1.040581E+05 1.597559E+05 1.211508E+03 1.000000E+00 0.000000E+00
3.108000E+00 8.783985E+04 7.640169E+04 6.722372E+04 1.316248E+02 1.007979E+02 -2.426883E+02 0.000000E+00 -2.426883E+02 1.046119E+05 1.049618E+05 1.603824E+05 1.218481E+03 1.000000E+00 0.000000E+00
3.109000E+00 8.834582E+04 7.610447E+04 6.761380E+04 1.313800E+02 1.008812E+02 -2.469546E+02 0.000000E+00 -2.469546E+02 1.056580E+05 1.058672E+05 1.609900E+05 1.225376E+03 1.000000E+00 0.000000E+00
3.110000E+00 8.884706E+04 7.579626E+04 6.801174E+04 1.311310E+02 1.009645E+02 -2.511805E+02 0.000000E+00 -2.511805E+02 1.067056E+05 1.067741E+05 1.615797E+05 1.232201E+03 1.000000E+00 0.000000E+00
3.111000E+00 8.934373E+04 7.547848E+04 6.841744E+04 1.308777E+02 1.010478E+02 -2.553646E+02 0.000000E+00 -2.553646E+02 1.077544E+05 1.076825E+05 1.621529E+05 1.238965E+03 1.000000E+00 0.000000E+00
3.112000E+00 8.983596E+04 7.515193E+04 6.883081E+04 1.306202E+02 1.011311E+02 -2.595054E+02 0.000000E+00 -2.595054E+02 1.088041E+05 1.085922E+05 1.627101E+05 1.245673E+03 1.000000E+00 0.000000E+00
3.113000E+00 9.032390E+04 7.481738E+04 6.925176E+04 1.303587E+02 1.012144E+02 -2.636018E+02 0.000000E+00 -2.636018E+02 1.098545E+05 1.095030E+05 1.632521E+05 1.252330E+03 1.000000E+00 0.000000E+00
3.114000E+00 9.080770E+04 7.447489E+04 6.968016E+04 1.300931E+02 1.012977E+02 -2.676524E+02 0.000000E+00 -2.676524E+02 1.109051E+05 1.104147E+05 1.637787E+05 1.258935E+03 1.000000E+00 0.000000E+00
3.115000E+00 9.128754E+04 7.412593E+04 7.011594E+04 1.298234E+02 1.013810E+02 -2.716562E+02 0.000000E+00 -2.716562E+02 1.119558E+05 1.113273E+05 1.642914E+05 1.265500E+03 1.000000E+00 0.000000E+00
3.116000E+00 9.176356E+04 7.377131E+04 7.055896E+04 1.295498E+02 1.014643E+02 -2.756120E+02 0.000000E+00 -2.756120E+02 1.130062E+05 1.122405E+05 1.647909E+05 1.272028E+03 1.000000E+00 0.000000E+00
3.117000E+00 9.223593E+04 7.341171E+04 7.100914E+04 1.292722E+02 1.015476E+02 -2.795191E+02 0.000000E+00 -2.795191E+02 1.140561E+05 1.131543E+05 1.652778E+05 1.278526E+03 1.000000E+00 0.000000E+00
3.118000E+00 9.270483E+04 7.304773E+04 7.146636E+04 1.289907E+02 1.016309E+02 -2.833763E+02 0.000000E+00 -2.833763E+02 1.151054E+05 1.140685E+05 1.657526E+05 1.284996E+03 1.000000E+00 0.000000E+00
3.119000E+00 9.317042E+04 7.267975E+04 7.193051E+04 1.287055E+02 1.017142E+02 -2.871829E+02 0.000000E+00 -2.871829E+02 1.161537E+05 1.149830E+05 1.662156E+05 1.291442E+03 1.000000E+00 0.000000E+00
3.120000E+00 9.363287E+04 7.230878E+04 7.240147E+04 1.284164E+02 1.017975E+02 -2.909381E+02 0.000000E+00 -2.909381E+02 1.172008E+05 1.158977E+05 1.666678E+05 1.297870E+03 1.000000E+00 0.000000E+00
3.121000E+00 9.409234E+04 7.193539E+04 7.287913E+04 1.281236E+02 1.018808E+02 -2.946411E+02 0.000000E+00 -2.946411E+02 1.182465E+05 1.168123E+05 1.671098E+05 1.304286E+03 1.000000E+00 0.000000E+00
3.122000E+00 9.454900E+04 7.156007E+04 7.336339E+04 1.278271E+02 1.019641E+02 -2.982915E+02 0.000000E+00 -2.982915E+02 1.192905E+05 1.177269E+05 1.675420E+05 1.310692E+03 1.000000E+00 0.000000E+00
3.123000E+00 9.500301E+04 7.118332E+04 7.385411E+04 1.275270E+02 1.020474E+02 -3.018885E+02 0.000000E+00 -3.018885E+02 1.203328E+05 1.186412E+05 1.679649E+05 1.317093E+03 1.000000E+00 0.000000E+00
3.124000E+00 9.545453E+04 7.080566E+04 7.435119E+04 1.272234E+02 1.021307E+02 -3.054316E+02 0.000000E+00 -3.054316E+02 1.213730E+05 1.195551E+05 1.683790E+05 1.323491E+03 1.000000E+00 0.000000E+00
3.125000E+00 9.590371E+04 7.042757E+04 7.485451E+04 1.269162E+02 1.022140E+02 -3.089204E+02 0.000000E+00 -3.089204E+02 1.224110E+05 1.204684E+05 1.687848E+05 1.329892E+03 1.000000E+00 0.000000E+00
3.126000E+00 9.635070E+04 7.004943E+04 7.536395E+04 1.266055E+02 1.022973E+02 -3.123545E+02 0.000000E+00 -3.123545E+02 1.234467E+05 1.213812E+05 1.691826E+05 1.336297E+03 1.000000E+00 0.000000E+00
3.127000E+00 9.679563E+04 6.967161E+04 7.587939E+04 1.262915E+02 1.023806E+02 -3.157335E+02 0.000000E+00 -3.157335E+02 1.244798E+05 1.222931E+05 1.695729E+05 1.342711E+03 1.000000E+00 0.000000E+00
3.128000E+00 9.723866E+04 6.929460E+04 7.640071E+04 1.259741E+02 1.024639E+02 -3.190571E+02 0.000000E+00 -3.190571E+02 1.255101E+05 1.232042E+05 1.699562E+05 1.349136E+03 1.000000E+00 0.000000E+00
3.129000E+00 9.767990E+04 6.891865E+04 7.692779E+04 1.256534E+02 1.025472E+02 -3.223249E+02 0.000000E+00 -3.223249E+02 1.265376E+05 1.241142E+05 1.703327E+05 1.355576E+03 1.000000E+00 0.000000E+00
3.130000E+00 9.811947E+04 6.854397E+04 7.746051E+04 1.253295E+02 1.026305E+02 -3.255368E+02 0.000000E+00 -3.255368E+02 1.275621E+05 1.250230E+05 1.707026E+05 1.362031E+03 1.000000E+00 0.000000E+00
3.131000E+00 9.855749E+04 6.817077E+04 7.799876E+04 1.250023E+02 1.027138E+02 -3.286926E+02 0.000000E+00 -3.286926E+02 1.285833E+05 1.259304E+05 1.710663E+05 1.368505E+03 1.000000E+00 0.000000E+00
3.132000E+00 9.899407E+04 6.779927E+04 7.854241E+04 1.246721E+02 1.027971E+02 -3.317920E+02 0.000000E+00 -3.317920E+02 1.296013E+05 1.268364E+05 1.714239E+05 1.374998E+03 1.000000E+00 0.000000E+00
3.133000E+00 9.942928E+04 6.743004E+04 7.909134E+04 1.243388E+02 1.028804E+02 -3.348349E+02 0.000000E+00 -3.348349E+02 1.306157E+05 1.277408E+05 1.717761E+05 1.381517E+03 1.000000E+00 0.000000E+00
3.134000E+00 9.986323E+04 6.706285E+04 7.964542E+04 1.240025E+02 1.029637E+02 -3.378213E+02 0.000000E+00 -3.378213E+02 1.316266E+05 1.286434E+05 1.721227E+05 1.388059E+03 1.000000E+00 0.000000E+00
3.135000E+00 1.002960E+05 6.669781E+04 8.020455E+04 1.236632E+02 1.030470E+02 -3.407510E+02 0.000000E+00 -3.407510E+02 1.326337E+05 1.295442E+05 1.724637E+05 1.394625E+03 1.000000E+00 0.000000E+00
3.136000E+00 1.007276E+05 6.633499E+04 8.076860E+04 1.233210E+02 1.031303E+02 -3.436239E+02 0.000000E+00 -3.436239E+02 1.336370E+05 1.304428E+05 1.727994E+05 1.401217E+03 1.000000E+00 0.000000E+00
3.137000E+00 1.011582E+05 6.597460E+04 8.133745E+04 1.229759E+02 1.032136E+02 -3.464400E+02 0.000000E+00 -3.464400E+02 1.346363E+05 1.313393E+05 1.731300E+05 1.407837E+03 1.000000E+00 0.000000E+00
3.138000E+00 1.015877E+05 6.561690E+04 8.191097E+04 1.226281E+02 1.032969E+02 -3.491993E+02 0.000000E+00 -3.491993E+02 1.356314E+05 1.322333E+05 1.734558E+05 1.414487E+03 1.000000E+00 0.000000E+00
3.139000E+00 1.020162E+05 6.526154E+04 8.248906E+04 1.222776E+02 1.033802E+02 -3.519018E+02 0.000000E+00 -3.519018E+02 1.366224E+05 1.331249E+05 1.737765E+05 1.421164E+03 1.000000E+00 0.000000E+00
3.140000E+00 1.024438E+05 6.490852E+04 8.307158E+04 1.219243E+02 1.034635E+02 -3.545474E+02 0.000000E+00 -3.545474E+02 1.376090E+05 1.340138E+05 1.740921E+05 1.427870E+03 1.000000E+00 0.000000E+00
3.141000E+00 1.028704E+05 6.455779E+04 8.365843E+04 1.215685E+02 1.035468E+02 -3.571362E+02 0.000000E+00 -3.571362E+02 1.385911E+05 1.348998E+05 1.744026E+05 1.434604E+03 1.000000E+00 0.000000E+00
3.142000E+00 1.032960E+05 6.420961E+04 8.424947E+04 1.212101E+02 1.036301E+02 -3.596683E+02 0.000000E+00 -3.596683E+02 1.395687E+05 1.357829E+05 1.747083E+05 1.441368E+03 1.000000E+00 0.000000E+00
3.143000E+00 1.037208E+05 6.386383E+04 8.484460E+04 1.208492E+02 1.037134E+02 -3.621435E+02 0.000000E+00 -3.621435E+02 1.405415E+05 1.366628E+05 1.750092E+05 1.448162E+03 1.000000E+00 0.000000E+00
3.144000E+00 1.041445E+05 6.352014E+04 8.544368E+04 1.204858E+02 1.037967E+02 -3.645620E+02 0.000000E+00 -3.645620E+02 1.415096E+05 1.375394E+05 1.753049E+05 1.454984E+03 1.000000E+00 0.000000E+00
3.145000E+00 1.045672E+05 6.317845E+04 8.604662E+04 1.201201E+02 1.038800E+02 -3.669238E+02 0.000000E+00 -3.669238E+02 1.424727E+05 1.384124E+05 1.755954E+05 1.461832E+03 1.000000E+00 0.000000E+00
3.146000E+00 1.049889E+05 6.283866E+04 8.665327E+04 1.197520E+02 1.039633E+02 -3.692289E+02 0.000000E+00 -3.692289E+02 1.434309E+05 1.392818E+05 1.758806E+05 1.468707E+03 1.000000E+00 0.000000E+00
3.147000E+00 1.054096E+05 6.250102E+04 8.726353E+04 1.193816E+02 1.040466E+02 -3.714774E+02 0.000000E+00 -3.714774E+02 1.443839E+05 1.401474E+05 1.761608E+05 1.475611E+03 1.000000E+00 0.000000E+00
3.148000E+00 1.058291E+05 6.216507E+04 8.787728E+04 1.190090E+02 1.041299E+02 -3.736694E+02 0.000000E+00 -3.736694E+02 1.453316E+05 1.410090E+05 1.764356E+05 1.482540E+03 1.000000E+00 0.000000E+00
3.149000E+00 1.062474E+05 6.183060E+04 8.849441E+04 1.186343E+02 1.042132E+02 -3.758048E+02 0.000000E+00 -3.758048E+02 1.462740E+05 1.418664E+05 1.767049E+05 1.489492E+03 1.000000E+00 0.000000E+00
3.150000E+00 1.066645E+05 6.149748E+04 8.911479E+04 1.182575E+02 1.042965E+02 -3.778837E+02 0.000000E+00 -3.778837E+02 1.472110E+05 1.427195E+05 1.769684E+05 1.496467E+03 1.000000E+00 0.000000E+00
3.151000E+00 1.070802E+05 6.116562E+04 8.973830E+04 1.178786E+02 1.043798E+02 -3.799062E+02 0.000000E+00 -3.799062E+02 1.481424E+05 1.435680E+05 1.772262E+05 1.503465E+03 1.000000E+00 0.000000E+00
3.152000E+00 1.074945E+05 6.083510E+04 9.036484E+04 1.174977E+02 1.044631E+02 -3.818723E+02 0.000000E+00 -3.818723E+02 1.490681E+05 1.444119E+05 1.774784E+05 1.510484E+03 1.000000E+00 0.000000E+00
3.153000E+00 1.079074E+05 6.050545E+04 9.099428E+04 1.171148E+02 1.045464E+02 -3.837820E+02 0.000000E+00 -3.837820E+02 1.499880E+05 1.452510E+05 1.777244E+05 1.517523E+03 1.000000E+00 0.000000E+00
3.154000E+00 1.083186E+05 6.017652E+04 9.162650E+04 1.167301E+02 1.046297E+02 -3.856354E+02 0.000000E+00 -3.856354E+02 1.509020E+05 1.460850E+05 1.779642E+05 1.524579E+03 1.000000E+00 0.000000E+00
3.155000E+00 1.087281E+05 5.984817E+04 9.226140E+04 1.163436E+02 1.047130E+02 -3.874325E+02 0.000000E+00 -3.874325E+02 1.518100E+05 1.469139E+05 1.781977E+05 1.531651E+03 1.000000E+00 0.000000E+00
3.156000E+00 1.091359E+05 5.952035E+04 9.289886E+04 1.159553E+02 1.047963E+02 -3.891733E+02 0.000000E+00 -3.891733E+02 1.527119E+05 1.477374E+05 1.784248E+05 1.538738E+03 1.000000E+00 0.000000E+00
3.157000E+00 1.095417E+05 5.919292E+04 9.353876E+04 1.155652E+02 1.048796E+02 -3.908579E+02 0.000000E+00 -3.908579E+02 1.536076E+05 1.485554E+05 1.786454E+05 1.545840E+03 1.000000E+00 0.000000E+00
3.158000E+00 1.099455E+05 5.886561E+04 9.418098E+04 1.151736E+02 1.049629E+02 -3.924863E+02 0.000000E+00 -3.924863E+02 1.544969E+05 1.493677E+05 1.788592E+05 1.552954E+03 1.000000E+00 0.000000E+00
3.159000E+00 1.103471E+05 5.853829E+04 9.482541E+04 1.147803E+02 1.050462E+02 -3.940585E+02 0.000000E+00 -3.940585E+02 1.553798E+05 1.501742E+05 1.790661E+05 1.560077E+03 1.000000E+00 0.000000E+00
3.160000E+00 1.107465E+05 5.821084E+04 9.547194E+04 1.143855E+02 1.051295E+02 -3.955745E+02 0.000000E+00 -3.955745E+02 1.562561E+05 1.509748E+05 1.792661E+05 1.567210E+03 1.000000E+00 0.000000E+00
3.161000E+00 1.111435E+05 5.788321E+04 9.612045E+04 1.139892E+02 1.052128E+02 -3.970344E+02 0.000000E+00 -3.970344E+02 1.571258E+05 1.517692E+05 1.794589E+05 1.574351E+03 1.000000E+00 0.000000E+00
3.162000E+00 1.115379E+05 5.755523E+04 9.677083E+04 1.135914E+02 1.052961E+02 -3.984382E+02 0.000000E+00 -3.984382E+02 1.579886E+05 1.525573E+05 1.796446E+05 1.581498E+03 1.000000E+00 0.000000E+00
3.163000E+00 1.119298E+05 5.722677E+04 9.742296E+04 1.131923E+02 1.053794E+02 -3.997859E+02 0.000000E+00 -3.997859E+02 1.588446E+05 1.533389E+05 1.798230E+05 1.588650E+03 1.000000E+00 0.000000E+00
3.164000E+00 1.123189E+05 5.689773E+04 9.807673E+04 1.127919E+02 1.054627E+02 -4.010775E+02 0.000000E+00 -4.010775E+02 1.596936E+05 1.541140E+05 1.799939E+05 1.595805E+03 1.000000E+00 0.000000E+00
3.165000E+00 1.127051E+05 5.656805E+04 9.873202E+04 1.123902E+02 1.055460E+02 -4.023130E+02 0.000000E+00 -4.023130E+02 1.605354E+05 1.548824E+05 1.801573E+05 1.602963E+03 1.000000E+00 0.000000E+00
3.166000E+00 1.130883E+05 5.623767E+04 9.938872E+04 1.119873E+02 1.056293E+02 -4.034925E+02 0.000000E+00 -4.034925E+02 1.613701E+05 1.556439E+05 1.803131E+05 1.610122E+03 1.000000E+00 0.000000E+00
3.167000E+00 1.134684E+05 5.590650E+04 1.000467E+05 1.115832E+02 1.057126E+02 -4.046160E+02 0.000000E+00 -4.046160E+02 1.621974E+05 1.563985E+05 1.804613E+05 1.617281E+03 1.000000E+00 0.000000E+00
3.168000E+00 1.138452E+05 5.557450E+04 1.007059E+05 1.111781E+02 1.057959E+02 -4.056835E+02 0.000000E+00 -4.056835E+02 1.630172E+05 1.571459E+05 1.806019E+05 1.624438E+03 1.000000E+00 0.000000E+00
3.169000E+00 1.142187E+05 5.524165E+04 1.013662E+05 1.107719E+02 1.058792E+02 -4.066951E+02 0.000000E+00 -4.066951E+02 1.638295E+05 1.578861E+05 1.807347E+05 1.631594E+03 1.000000E+00 0.000000E+00
3.170000E+00 1.145887E+05 5.490791E+04 1.020274E+05 1.103647E+02 1.059625E+02 -4.076508E+02 0.000000E+00 -4.076508E+02 1.646342E+05 1.586189E+05 1.808598E+05 1.638747E+03 1.000000E+00 0.000000E+00
3.171000E+00 1.149550E+05 5.457326E+04 1.026894E+05 1.099566E+02 1.060458E+02 -4.085506E+02 0.000000E+00 -4.085506E+02 1.654311E+05 1.593442E+05 1.809771E+05 1.645896E+03 1.000000E+00 0.000000E+00
3.172000E+00 1.153177E+05 5.423772E+04 1.033522E+05 1.095476E+02 1.061291E+02 -4.093947E+02 0.000000E+00 -4.093947E+02 1.662202E+05 1.600620E+05 1.810867E+05 1.653041E+03 1.000000E+00 0.000000E+00
3.173000E+00 1.156766E+05 5.390133E+04 1.040157E+05 1.091378E+02 1.062124E+02 -4.101831E+02 0.000000E+00 -4.101831E+02 1.670013E+05 1.607721E+05 1.811885E+05 1.660181E+03 1.000000E+00 0.000000E+00
3.174000E+00 1.160315E+05 5.356411E+04 1.046796E+05 1.087273E+02 1.062957E+02 -4.109158E+02 0.000000E+00 -4.109158E+02 1.677743E+05 1.614744E+05 1.812827E+05 1.667316E+03 1.000000E+00 0.000000E+00
3.175000E+00 1.163825E+05 5.322607E+04 1.053439E+05 1.083160E+02 1.063790E+02 -4.115930E+02 0.000000E+00 -4.115930E+02 1.685392E+05 1.621689E+05 1.813692E+05 1.674445E+03 1.000000E+00 0.000000E+00
3.176000E+00 1.167293E+05 5.288727E+04 1.060086E+05 1.079041E+02 1.064623E+02 -4.122148E+02 0.000000E+00 -4.122148E+02 1.692958E+05 1.628553E+05 1.814481E+05 1.681568E+03 1.000000E+00 0.000000E+00
3.177000E+00 1.170720E+05 5.254782E+04 1.066734E+05 1.074916E+02 1.065456E+02 -4.127812E+02 0.000000E+00 -4.127812E+02 1.700440E+05 1.635338E+05 1.815194E+05 1.688685E+03 1.000000E+00 0.000000E+00
3.178000E+00 1.174103E+05 5.220779E+04 1.073382E+05 1.070785E+02 1.066289E+02 -4.132924E+02 0.000000E+00 -4.132924E+02 1.707839E+05 1.642041E+05 1.815834E+05 1.695796E+03 1.000000E+00 0.000000E+00
3.179000E+00 1.177444E+05 5.186728E+04 1.080031E+05 1.066650E+02 1.067122E+02 -4.137486E+02 0.000000E+00 -4.137486E+02 1.715152E+05 1.648662E+05 1.816400E+05 1.702902E+03 1.000000E+00 0.000000E+00
3.180000E+00 1.180740E+05 5.152630E+04 1.086677E+05 1.062511E+02 1.067955E+02 -4.141499E+02 0.000000E+00 -4.141499E+02 1.722379E+05 1.655201E+05 1.816894E+05 1.710001E+03 1.000000E+00 0.000000E+00
3.181000E+00 1.183991E+05 5.118504E+04 1.093322E+05 1.058367E+02 1.068788E+02 -4.144964E+02 0.000000E+00 -4.144964E+02 1.729519E+05 1.661656E+05 1.817317E+05 1.717094E+03 1.000000E+00 0.000000E+00
3.182000E+00 1.187196E+05 5.084363E+04 1.099962E+05 1.054221E+02 1.069621E+02 -4.147884E+02 0.000000E+00 -4.147884E+02 1.736572E+05 1.668028E+05 1.817670E+05 1.724183E+03 1.000000E+00 0.000000E+00
3.183000E+00 1.190356E+05 5.050218E+04 1.106598E+05 1.050072E+02 1.070454E+02 -4.150261E+02 0.000000E+00 -4.150261E+02 1.743536E+05 1.674316E+05 1.817954E+05 1.731267E+03 1.000000E+00 0.000000E+00
3.184000E+00 1.193469E+05 5.016082E+04 1.113228E+05 1.045921E+02 1.071287E+02 -4.152097E+02 0.000000E+00 -4.152097E+02 1.750410E+05 1.680519E+05 1.818172E+05 1.738347E+03 1.000000E+00 0.000000E+00
3.185000E+00 1.196536E+05 4.981966E+04 1.119851E+05 1.041768E+02 1.072120E+02 -4.153395E+02 0.000000E+00 -4.153395E+02 1.757195E+05 1.686637E+05 1.818325E+05 1.745423E+03 1.000000E+00 0.000000E+00
3.186000E+00 1.199554E+05 4.947889E+04 1.126466E+05 1.037614E+02 1.072953E+02 -4.154156E+02 0.000000E+00 -4.154156E+02 1.763890E+05 1.692669E+05 1.818414E+05 1.752496E+03 1.000000E+00 0.000000E+00
3.187000E+00 1.202526E+05 4.913865E+04 1.133072E+05 1.033460E+02 1.073786E+02 -4.154384E+02 0.000000E+00 -4.154384E+02 1.770493E+05 1.698616E+05 1.818442E+05 1.759567E+03 1.000000E+00 0.000000E+00
3.188000E+00 1.205449E+05 4.879909E+04 1.139669E+05 1.029305E+02 1.074619E+02 -4.154082E+02 0.000000E+00 -4.154082E+02 1.777005E+05 1.704477E+05 1.818410E+05 1.766638E+03 1.000000E+00 0.000000E+00
3.189000E+00 1.208325E+05 4.846037E+04 1.146254E+05 1.025152E+02 1.075452E+02 -4.153253E+02 0.000000E+00 -4.153253E+02 1.783424E+05 1.710252E+05 1.818319E+05 1.773708E+03 1.000000E+00 0.000000E+00
3.190000E+00 1.211152E+05 4.812266E+04 1.152827E+05 1.020999E+02 1.076285E+02 -4.151901E+02 0.000000E+00 -4.151901E+02 1.789751E+05 1.715941E+05 1.818173E+05 1.780778E+03 1.000000E+00 0.000000E+00
3.191000E+00 1.213931E+05 4.778611E+04 1.159387E+05 1.016848E+02 1.077118E+02 -4.150028E+02 0.000000E+00 -4.150028E+02 1.795984E+05 1.721543E+05 1.817973E+05 1.787851E+03 1.000000E+00 0.000000E+00
3.192000E+00 1.216662E+05 4.745088E+04 1.165932E+05 1.012699E+02 1.077951E+02 -4.147640E+02 0.000000E+00 -4.147640E+02 1.802124E+05 1.727059E+05 1.817720E+05 1.794926E+03 1.000000E+00 0.000000E+00
3.193000E+00 1.219344E+05 4.711712E+04 1.172463E+05 1.008553E+02 1.078784E+02 -4.144739E+02 0.000000E+00 -4.144739E+02 1.808170E+05 1.732488E+05 1.817418E+05 1.802005E+03 1.000000E+00 0.000000E+00
3.194000E+00 1.221978E+05 4.678504E+04 1.178978E+05 1.004410E+02 1.079617E+02 -4.141330E+02 0.000000E+00 -4.141330E+02 1.814122E+05 1.737831E+05 1.817068E+05 1.809090E+03 1.000000E+00 0.000000E+00
3.195000E+00 1.224564E+05 4.645477E+04 1.185475E+05 1.000270E+02 1.080450E+02 -4.137417E+02 0.000000E+00 -4.137417E+02 1.819978E+05 1.743088E+05 1.816671E+05 1.816180E+03 1.000000E+00 0.000000E+00
3.196000E+00 1.227102E+05 4.612644E+04 1.191954E+05 9.961352E+01 1.081283E+02 -4.133005E+02 0.000000E+00 -4.133005E+02 1.825740E+05 1.748258E+05 1.816231E+05 1.823278E+03 1.000000E+00 0.000000E+00
3.197000E+00 1.229593E+05 4.580019E+04 1.198415E+05 9.920046E+01 1.082116E+02 -4.128098E+02 0.000000E+00 -4.128098E+02 1.831407E+05 1.753342E+05 1.815749E+05 1.830384E+03 1.000000E+00 0.000000E+00
3.198000E+00 1.232035E+05 4.547616E+04 1.204855E+05 9.878792E+01 1.082949E+02 -4.122702E+02 0.000000E+00 -4.122702E+02 1.836978E+05 1.758340E+05 1.815226E+05 1.837498E+03 1.000000E+00 0.000000E+00
3.199000E+00 1.234431E+05 4.515463E+04 1.211274E+05 9.837594E+01 1.083782E+02 -4.116821E+02 0.000000E+00 -4.116821E+02 1.842454E+05 1.763252E+05 1.814667E+05 1.844625E+03 1.000000E+00 0.000000E+00
3.200000E+00 1.236779E+05 4.483561E+04 1.217672E+05 9.796457E+01 1.084615E+02 -4.110461E+02 0.000000E+00 -4.110461E+02 1.847834E+05 1.768078E+05 1.814071E+05 1.851762E+03 1.000000E+00 0.000000E+00
3.201000E+00 1.239080E+05 4.451920E+04 1.224047E+05 9.755386E+01 1.085448E+02 -4.103626E+02 0.000000E+00 -4.103626E+02 1.853118E+05 1.772819E+05 1.813441E+05 1.858912E+03 1.000000E+00 0.000000E+00
3.202000E+00 1.241335E+05 4.420552E+04 1.230398E+05 9.714386E+01 1.086281E+02 -4.096324E+02 0.000000E+00 -4.096324E+02 1.858307E+05 1.777475E+05 1.812778E+05 1.866076E+03 1.000000E+00 0.000000E+00
3.203000E+00 1.243544E+05 4.389474E+04 1.236725E+05 9.673461E+01 1.087114E+02 -4.088558E+02 0.000000E+00 -4.088558E+02 1.863400E+05 1.782045E+05 1.812084E+05 1.873253E+03 1.000000E+00 0.000000E+00
3.204000E+00 1.245708E+05 4.358706E+04 1.243026E+05 9.632617E+01 1.087947E+02 -4.080335E+02 0.000000E+00 -4.080335E+02 1.868397E+05 1.786531E+05 1.811363E+05 1.880448E+03 1.000000E+00 0.000000E+00
3.205000E+00 1.247826E+05 4.328241E+04 1.249301E+05 9.591856E+01 1.088780E+02 -4.071662E+02 0.000000E+00 -4.071662E+02 1.873298E+05 1.790932E+05 1.810614E+05 1.887658E+03 1.000000E+00 0.000000E+00
3.206000E+00 1.249899E+05 4.298087E+04 1.255548E+05 9.551185E+01 1.089613E+02 -4.062543E+02 0.000000E+00 -4.062543E+02 1.878104E+05 1.795249E+05 1.809839E+05 1.894884E+03 1.000000E+00 0.000000E+00
3.207000E+00 1.251927E+05 4.268253E+04 1.261768E+05 9.510607E+01 1.090446E+02 -4.052985E+02 0.000000E+00 -4.052985E+02 1.882814E+05 1.799482E+05 1.809039E+05 1.902127E+03 1.000000E+00 0.000000E+00
3.208000E+00 1.253912E+05 4.238758E+04 1.267959E+05 9.470127E+01 1.091279E+02 -4.042995E+02 0.000000E+00 -4.042995E+02 1.887429E+05 1.803632E+05 1.808216E+05 1.909390E+03 1.000000E+00 0.000000E+00
3.209000E+00 1.255852E+05 4.209605E+04 1.274120E+05 9.429748E+01 1.092112E+02 -4.032578E+02 0.000000E+00 -4.032578E+02 1.891949E+05 1.807698E+05 1.807373E+05 1.916671E+03 1.000000E+00 0.000000E+00
3.210000E+00 1.257750E+05 4.180787E+04 1.280251E+05 9.389476E+01 1.092945E+02 -4.021741E+02 0.000000E+00 -4.021741E+02 1.896374E+05 1.811681E+05 1.806509E+05 1.923972E+03 1.000000E+00 0.000000E+00
3.211000E+00 1.259604E+05 4.152308E+04 1.286351E+05 9.349315E+01 1.093778E+02 -4.010490E+02 0.000000E+00 -4.010490E+02 1.900704E+05 1.815582E+05 1.805624E+05 1.931290E+03 1.000000E+00 0.000000E+00
3.212000E+00 1.261416E+05 4.124170E+04 1.292419E+05 9.309268E+01 1.094611E+02 -3.998833E+02 0.000000E+00 -3.998833E+02 1.904939E+05 1.819400E+05 1.804721E+05 1.938628E+03 1.000000E+00 0.000000E+00
3.213000E+00 1.263186E+05 4.096398E+04 1.298454E+05 9.269340E+01 1.095444E+02 -3.986775E+02 0.000000E+00 -3.986775E+02 1.909080E+05 1.823137E+05 1.803801E+05 1.945987E+03 1.000000E+00 0.000000E+00
3.214000E+00 1.264914E+05 4.068972E+04 1.304455E+05 9.229534E+01 1.096277E+02 -3.974323E+02 0.000000E+00 -3.974323E+02 1.913127E+05 1.826791E+05 1.802865E+05 1.953365E+03 1.000000E+00 0.000000E+00
3.215000E+00 1.266601E+05 4.041889E+04 1.310423E+05 9.189855E+01 1.097110E+02 -3.961484E+02 0.000000E+00 -3.961484E+02 1.917081E+05 1.830364E+05 1.801912E+05 1.960762E+03 1.000000E+00 0.000000E+00
3.216000E+00 1.268246E+05 4.015148E+04 1.316355E+05 9.150306E+01 1.097943E+02 -3.948264E+02 0.000000E+00 -3.948264E+02 1.920941E+05 1.833856E+05 1.800943E+05 1.968178E+03 1.000000E+00 0.000000E+00
3.217000E+00 1.269851E+05 3.988750E+04 1.322252E+05 9.110891E+01 1.098776E+02 -3.934671E+02 0.000000E+00 -3.934671E+02 1.924708E+05 1.837267E+05 1.799958E+05 1.975612E+03 1.000000E+00 0.000000E+00
3.218000E+00 1.271415E+05 3.962708E+04 1.328113E+05 9.071613E+01 1.099609E+02 -3.920710E+02 0.000000E+00 -3.920710E+02 1.928383E+05 1.840598E+05 1.798961E+05 1.983066E+03 1.000000E+00 0.000000E+00
3.219000E+00 1.272939E+05 3.936998E+04 1.333936E+05 9.032478E+01 1.100442E+02 -3.906389E+02 0.000000E+00 -3.906389E+02 1.931965E+05 1.843848E+05 1.797949E+05 1.990538E+03 1.000000E+00 0.000000E+00
3.220000E+00 1.274424E+05 3.911615E+04 1.339722E+05 8.993487E+01 1.101275E+02 -3.891714E+02 0.000000E+00 -3.891714E+02 1.935455E+05 1.847018E+05 1.796922E+05 1.998025E+03 1.000000E+00 0.000000E+00
3.221000E+00 1.275868E+05 3.886554E+04 1.345470E+05 8.954644E+01 1.102108E+02 -3.876691E+02 0.000000E+00 -3.876691E+02 1.938853E+05 1.850109E+05 1.795880E+05 2.005529E+03 1.000000E+00 0.000000E+00
3.222000E+00 1.277273E+05 3.861817E+04 1.351179E+05 8.915954E+01 1.102941E+02 -3.861328E+02 0.000000E+00 -3.861328E+02 1.942161E+05 1.853120E+05 1.794825E+05 2.013048E+03 1.000000E+00 0.000000E+00
3.223000E+00 1.278639E+05 3.837399E+04 1.356848E+05 8.877419E+01 1.103774E+02 -3.845631E+02 0.000000E+00 -3.845631E+02 1.945378E+05 1.856052E+05 1.793756E+05 2.020583E+03 1.000000E+00 0.000000E+00
3.224000E+00 1.279966E+05 3.813282E+04 1.362478E+05 8.839043E+01 1.104607E+02 -3.829606E+02 0.000000E+00 -3.829606E+02 1.948504E+05 1.858906E+05 1.792673E+05 2.028130E+03 1.000000E+00 0.000000E+00
3.225000E+00 1.281254E+05 3.789457E+04 1.368067E+05 8.800828E+01 1.105440E+02 -3.813259E+02 0.000000E+00 -3.813259E+02 1.951540E+05 1.861680E+05 1.791574E+05 2.035689E+03 1.000000E+00 0.000000E+00
3.226000E+00 1.282502E+05 3.765917E+04 1.373614E+05 8.762779E+01 1.106273E+02 -3.796598E+02 0.000000E+00 -3.796598E+02 1.954487E+05 1.864376E+05 1.790461E+05 2.043258E+03 1.000000E+00 0.000000E+00
3.227000E+00 1.283713E+05 3.742662E+04 1.379120E+05 8.724897E+01 1.107106E+02 -3.779628E+02 0.000000E+00 -3.779628E+02 1.957345E+05 1.866994E+05 1.789334E+05 2.050837E+03 1.000000E+00 0.000000E+00
3.228000E+00 1.284884E+05 3.719675E+04 1.384583E+05 8.687187E+01 1.107939E+02 -3.762356E+02 0.000000E+00 -3.762356E+02 1.960114E+05 1.869533E+05 1.788191E+05 2.058423E+03 1.000000E+00 0.000000E+00
3.229000E+00 1.286017E+05 3.696944E+04 1.390004E+05 8.649651E+01 1.108772E+02 -3.744788E+02 0.000000E+00 -3.744788E+02 1.962795E+05 1.871995E+05 1.787032E+05 2.066016E+03 1.000000E+00 0.000000E+00
3.230000E+00 1.287111E+05 3.674461E+04 1.395381E+05 8.612292E+01 1.109605E+02 -3.726930E+02 0.000000E+00 -3.726930E+02 1.965388E+05 1.874380E+05 1.785857E+05 2.073614E+03 1.000000E+00 0.000000E+00
3.231000E+00 1.288166E+05 3.652215E+04 1.400714E+05 8.575113E+01 1.110438E+02 -3.708788E+02 0.000000E+00 -3.708788E+02 1.967894E+05 1.876687E+05 1.784664E+05 2.081214E+03 1.000000E+00 0.000000E+00
3.232000E+00 1.289183E+05 3.630198E+04 1.406003E+05 8.538117E+01 1.111271E+02 -3.690368E+02 0.000000E+00 -3.690368E+02 1.970312E+05 1.878916E+05 1.783455E+05 2.088815E+03 1.000000E+00 0.000000E+00
3.233000E+00 1.290161E+05 3.608396E+04 1.411247E+05 8.501307E+01 1.112104E+02 -3.671675E+02 0.000000E+00 -3.671675E+02 1.972644E+05 1.881069E+05 1.782228E+05 2.096416E+03 1.000000E+00 0.000000E+00
3.234000E+00 1.291100E+05 3.586802E+04 1.416445E+05 8.464685E+01 1.112937E+02 -3.652717E+02 0.000000E+00 -3.652717E+02 1.974890E+05 1.883145E+05 1.780982E+05 2.104015E+03 1.000000E+00 0.000000E+00
3.235000E+00 1.292001E+05 3.565405E+04 1.421598E+05 8.428253E+01 1.113770E+02 -3.633497E+02 0.000000E+00 -3.633497E+02 1.977051E+05 1.885144E+05 1.779718E+05 2.111609E+03 1.000000E+00 0.000000E+00
3.236000E+00 1.292862E+05 3.544193E+04 1.426705E+05 8.392016E+01 1.114603E+02 -3.614023E+02 0.000000E+00 -3.614023E+02 1.979126E+05 1.887067E+05 1.778434E+05 2.119198E+03 1.000000E+00 0.000000E+00
3.237000E+00 1.293685E+05 3.523153E+04 1.431765E+05 8.355974E+01 1.115436E+02 -3.594298E+02 0.000000E+00 -3.594298E+02 1.981116E+05 1.888914E+05 1.777129E+05 2.126777E+03 1.000000E+00 0.000000E+00
3.238000E+00 1.294468E+05 3.502281E+04 1.436777E+05 8.320131E+01 1.116269E+02 -3.574330E+02 0.000000E+00 -3.574330E+02 1.983022E+05 1.890684E+05 1.775805E+05 2.134347E+03 1.000000E+00 0.000000E+00
3.239000E+00 1.295211E+05 3.481570E+04 1.441743E+05 8.284488E+01 1.117102E+02 -3.554123E+02 0.000000E+00 -3.554123E+02 1.984843E+05 1.892379E+05 1.774459E+05 2.141905E+03 1.000000E+00 0.000000E+00
3.240000E+00 1.295916E+05 3.461010E+04 1.446660E+05 8.249049E+01 1.117935E+02 -3.533682E+02 0.000000E+00 -3.533682E+02 1.986581E+05 1.893998E+05 1.773092E+05 2.149450E+03 1.000000E+00 0.000000E+00
3.241000E+00 1.296581E+05 3.440585E+04 1.451530E+05 8.213815E+01 1.118768E+02 -3.513013E+02 0.000000E+00 -3.513013E+02 1.988236E+05 1.895542E+05 1.771703E+05 2.156979E+03 1.000000E+00 0.000000E+00
3.242000E+00 1.297205E+05 3.420287E+04 1.456350E+05 8.178789E+01 1.119601E+02 -3.492121E+02 0.000000E+00 -3.492121E+02 1.989808E+05 1.897010E+05 1.770290E+05 2.164489E+03 1.000000E+00 0.000000E+00
3.243000E+00 1.297791E+05 3.400118E+04 1.461122E+05 8.143974E+01 1.120434E+02 -3.471011E+02 0.000000E+00 -3.471011E+02 1.991298E+05 1.898404E+05 1.768855E+05 2.171981E+03 1.000000E+00 0.000000E+00
3.244000E+00 1.298336E+05 3.380073E+04 1.465844E+05 8.109370E+01 1.121267E+02 -3.449687E+02 0.000000E+00 -3.449687E+02 1.992706E+05 1.899722E+05 1.767398E+05 2.179452E+03 1.000000E+00 0.000000E+00
3.245000E+00 1.298840E+05 3.360148E+04 1.470516E+05 8.074980E+01 1.122100E+02 -3.428156E+02 0.000000E+00 -3.428156E+02 1.994032E+05 1.900966E+05 1.765918E+05 2.186901E+03 1.000000E+00 0.000000E+00
3.246000E+00 1.299305E+05 3.340311E+04 1.475139E+05 8.040807E+01 1.122933E+02 -3.406422E+02 0.000000E+00 -3.406422E+02 1.995277E+05 1.902136E+05 1.764413E+05 2.194323E+03 1.000000E+00 0.000000E+00
3.247000E+00 1.299729E+05 3.320578E+04 1.479711E+05 8.006853E+01 1.123766E+02 -3.384489E+02 0.000000E+00 -3.384489E+02 1.996441E+05 1.903232E+05 1.762884E+05 2.201719E+03 1.000000E+00 0.000000E+00
3.248000E+00 1.300113E+05 3.300951E+04 1.484232E+05 7.973118E+01 1.124599E+02 -3.362362E+02 0.000000E+00 -3.362362E+02 1.997525E+05 1.904255E+05 1.761332E+05 2.209088E+03 1.000000E+00 0.000000E+00
3.249000E+00 1.300456E+05 3.281428E+04 1.488702E+05 7.939606E+01 1.125432E+02 -3.340046E+02 0.000000E+00 -3.340046E+02 1.998529E+05 1.905204E+05 1.759757E+05 2.216429E+03 1.000000E+00 0.000000E+00
3.250000E+00 1.300758E+05 3.262001E+04 1.493122E+05 7.906318E+01 1.126265E+02 -3.317546E+02 0.000000E+00 -3.317546E+02 1.999454E+05 1.906080E+05 1.758159E+05 2.223740E+03 1.000000E+00 0.000000E+00
3.251000E+00 1.301020E+05 3.242643E+04 1.497489E+05 7.873256E+01 1.127098E+02 -3.294867E+02 0.000000E+00 -3.294867E+02 2.000300E+05 1.906883E+05 1.756535E+05 2.231015E+03 1.000000E+00 0.000000E+00
3.252000E+00 1.301240E+05 3.223384E+04 1.501805E+05 7.840421E+01 1.127931E+02 -3.272012E+02 0.000000E+00 -3.272012E+02 2.001068E+05 1.907614E+05 1.754889E+05 2.238258E+03 1.000000E+00 0.000000E+00
3.253000E+00 1.301420E+05 3.204225E+04 1.506068E+05 7.807816E+01 1.128764E+02 -3.248988E+02 0.000000E+00 -3.248988E+02 2.001757E+05 1.908273E+05 1.753220E+05 2.245468E+03 1.000000E+00 0.000000E+00
3.254000E+00 1.301559E+05 3.185167E+04 1.510279E+05 7.775442E+01 1.129597E+02 -3.225797E+02 0.000000E+00 -3.225797E+02 2.002368E+05 1.908861E+05 1.751530E+05 2.252644E+03 1.000000E+00 0.000000E+00
3.255000E+00 1.301657E+05 3.166195E+04 1.514438E+05 7.743301E+01 1.130430E+02 -3.202446E+02 0.000000E+00 -3.202446E+02 2.002903E+05 1.909378E+05 1.749817E+05 2.259782E+03 1.000000E+00 0.000000E+00
3.256000E+00 1.301714E+05 3.147304E+04 1.518544E+05 7.711394E+01 1.131263E+02 -3.178938E+02 0.000000E+00 -3.178938E+02 2.003360E+05 1.909824E+05 1.748081E+05 2.266881E+03 1.000000E+00 0.000000E+00
3.257000E+00 1.301731E+05 3.128522E+04 1.522596E+05 7.679722E+01 1.132096E+02 -3.155279E+02 0.000000E+00 -3.155279E+02 2.003742E+05 1.910200E+05 1.746325E+05 2.273943E+03 1.000000E+00 0.000000E+00
3.258000E+00 1.301707E+05 3.109853E+04 1.526596E+05 7.648289E+01 1.132929E+02 -3.131472E+02 0.000000E+00 -3.131472E+02 2.004048E+05 1.910506E+05 1.744550E+05 2.280968E+03 1.000000E+00 0.000000E+00
3.259000E+00 1.301643E+05 3.091301E+04 1.530542E+05 7.617094E+01 1.133762E+02 -3.107522E+02 0.000000E+00 -3.107522E+02 2.004278E+05 1.910743E+05 1.742756E+05 2.287955E+03 1.000000E+00 0.000000E+00
3.260000E+00 1.301538E+05 3.072840E+04 1.534434E+05 7.586139E+01 1.134595E+02 -3.083436E+02 0.000000E+00 -3.083436E+02 2.004433E+05 1.910912E+05 1.740942E+05 2.294899E+03 1.000000E+00 0.000000E+00
3.261000E+00 1.301393E+05 3.054495E+04 1.538272E+05 7.555425E+01 1.135428E+02 -3.059216E+02 0.000000E+00 -3.059216E+02 2.004515E+05 1.911012E+05 1.739110E+05 2.301803E+03 1.000000E+00 0.000000E+00
3.262000E+00 1.301208E+05 3.036284E+04 1.542056E+05 7.524955E+01 1.136261E+02 -3.034869E+02 0.000000E+00 -3.034869E+02 2.004523E+05 1.911046E+05 1.737262E+05 2.308668E+03 1.000000E+00 0.000000E+00
3.263000E+00 1.300984E+05 3.018215E+04 1.545786E+05 7.494728E+01 1.137094E+02 -3.010397E+02 0.000000E+00 -3.010397E+02 2.004458E+05 1.911013E+05 1.735399E+05 2.315493E+03 1.000000E+00 0.000000E+00
3.264000E+00 1.300720E+05 3.000293E+04 1.549461E+05 7.464747E+01 1.137927E+02 -2.985807E+02 0.000000E+00 -2.985807E+02 2.004320E+05 1.910914E+05 1.733523E+05 2.322280E+03 1.000000E+00 0.000000E+00
3.265000E+00 1.300418E+05 2.982484E+04 1.553082E+05 7.435013E+01 1.138760E+02 -2.961101E+02 0.000000E+00 -2.961101E+02 2.004112E+05 1.910750E+05 1.731630E+05 2.329021E+03 1.000000E+00 0.000000E+00
3.266000E+00 1.300076E+05 2.964839E+04 1.556649E+05 7.405526E+01 1.139593E+02 -2.936285E+02 0.000000E+00 -2.936285E+02 2.003831E+05 1.910520E+05 1.729726E+05 2.335723E+03 1.000000E+00 0.000000E+00
3.267000E+00 1.299697E+05 2.947365E+04 1.560160E+05 7.376287E+01 1.140426E+02 -2.911366E+02 0.000000E+00 -2.911366E+02 2.003480E+05 1.910227E+05 1.727811E+05 2.342386E+03 1.000000E+00 0.000000E+00
3.268000E+00 1.299279E+05 2.930070E+04 1.563617E+05 7.347299E+01 1.141259E+02 -2.886347E+02 0.000000E+00 -2.886347E+02 2.003058E+05 1.909870E+05 1.725888E+05 2.349010E+03 1.000000E+00 0.000000E+00
3.269000E+00 1.298824E+05 2.912952E+04 1.567018E+05 7.318561E+01 1.142092E+02 -2.861233E+02 0.000000E+00 -2.861233E+02 2.002567E+05 1.909451E+05 1.723956E+05 2.355594E+03 1.000000E+00 0.000000E+00
3.270000E+00 1.298332E+05 2.895999E+04 1.570364E+05 7.290074E+01 1.142925E+02 -2.836030E+02 0.000000E+00 -2.836030E+02 2.002008E+05 1.908970E+05 1.722015E+05 2.362136E+03 1.000000E+00 0.000000E+00
3.271000E+00 1.297804E+05 2.879252E+04 1.573656E+05 7.261840E+01 1.143758E+02 -2.810743E+02 0.000000E+00 -2.810743E+02 2.001380E+05 1.908429E+05 1.720068E+05 2.368640E+03 1.000000E+00 0.000000E+00
3.272000E+00 1.297239E+05 2.862717E+04 1.576891E+05 7.233860E+01 1.144591E+02 -2.785376E+02 0.000000E+00 -2.785376E+02 2.000685E+05 1.907827E+05 1.718118E+05 2.375106E+03 1.000000E+00 0.000000E+00
3.273000E+00 1.296640E+05 2.846402E+04 1.580072E+05 7.206133E+01 1.145424E+02 -2.759936E+02 0.000000E+00 -2.759936E+02 1.999924E+05 1.907165E+05 1.716165E+05 2.381534E+03 1.000000E+00 0.000000E+00
3.274000E+00 1.296005E+05 2.830293E+04 1.583196E+05 7.178661E+01 1.146257E+02 -2.734426E+02 0.000000E+00 -2.734426E+02 1.999097E+05 1.906446E+05 1.714209E+05 2.387923E+03 1.000000E+00 0.000000E+00
3.275000E+00 1.295336E+05 2.814402E+04 1.586266E+05 7.151445E+01 1.147090E+02 -2.708853E+02 0.000000E+00 -2.708853E+02 1.998204E+05 1.905669E+05 1.712251E+05 2.394273E+03 1.000000E+00 0.000000E+00
3.276000E+00 1.294634E+05 2.798753E+04 1.589280E+05 7.124484E+01 1.147923E+02 -2.683222E+02 0.000000E+00 -2.683222E+02 1.997248E+05 1.904835E+05 1.710295E+05 2.400587E+03 1.000000E+00 0.000000E+00
3.277000E+00 1.293898E+05 2.783353E+04 1.592238E+05 7.097780E+01 1.148756E+02 -2.657537E+02 0.000000E+00 -2.657537E+02 1.996228E+05 1.903945E+05 1.708340E+05 2.406865E+03 1.000000E+00 0.000000E+00
3.278000E+00 1.293130E+05 2.768206E+04 1.595140E+05 7.071334E+01 1.149589E+02 -2.631805E+02 0.000000E+00 -2.631805E+02 1.995145E+05 1.903000E+05 1.706389E+05 2.413108E+03 1.000000E+00 0.000000E+00
3.279000E+00 1.292330E+05 2.753287E+04 1.597988E+05 7.045144E+01 1.150422E+02 -2.606030E+02 0.000000E+00 -2.606030E+02 1.994000E+05 1.902001E+05 1.704439E+05 2.419310E+03 1.000000E+00 0.000000E+00
3.280000E+00 1.291499E+05 2.738625E+04 1.600779E+05 7.019213E+01 1.151255E+02 -2.580218E+02 0.000000E+00 -2.580218E+02 1.992794E+05 1.900949E+05 1.702494E+05 2.425477E+03 1.000000E+00 0.000000E+00
3.281000E+00 1.290637E+05 2.724231E+04 1.603515E+05 6.993540E+01 1.152088E+02 -2.554375E+02 0.000000E+00 -2.554375E+02 1.991528E+05 1.899844E+05 1.700555E+05 2.431609E+03 1.000000E+00 0.000000E+00
3.282000E+00 1.289746E+05 2.710106E+04 1.606195E+05 6.968126E+01 1.152921E+02 -2.528505E+02 0.000000E+00 -2.528505E+02 1.990203E+05 1.898688E+05 1.698624E+05 2.437705E+03 1.000000E+00 0.000000E+00
3.283000E+00 1.288825E+05 2.696246E+04 1.608820E+05 6.942970E+01 1.153754E+02 -2.502613E+02 0.000000E+00 -2.502613E+02 1.988820E+05 1.897482E+05 1.696699E+05 2.443766E+03 1.000000E+00 0.000000E+00
3.284000E+00 1.287876E+05 2.682627E+04 1.611389E+05 6.918074E+01 1.154587E+02 -2.476705E+02 0.000000E+00 -2.476705E+02 1.987378E+05 1.896225E+05 1.694780E+05 2.449786E+03 1.000000E+00 0.000000E+00
3.285000E+00 1.286899E+05 2.669279E+04 1.613903E+05 6.893436E+01 1.155420E+02 -2.450787E+02 0.000000E+00 -2.450787E+02 1.985880E+05 1.894919E+05 1.692870E+05 2.455770E+03 1.000000E+00 0.000000E+00
3.286000E+00 1.285895E+05 2.656200E+04 1.616362E+05 6.869058E+01 1.156253E+02 -2.424864E+02 0.000000E+00 -2.424864E+02 1.984325E+05 1.893565E+05 1.690968E+05 2.461718E+03 1.000000E+00 0.000000E+00
3.287000E+00 1.284863E+05 2.643388E+04 1.618765E+05 6.844939E+01 1.157086E+02 -2.398940E+02 0.000000E+00 -2.398940E+02 1.982716E+05 1.892164E+05 1.689077E+05 2.467629E+03 1.000000E+00 0.000000E+00
3.288000E+00 1.283806E+05 2.630823E+04 1.621113E+05 6.821079E+01 1.157919E+02 -2.373021E+02 0.000000E+00 -2.373021E+02 1.981052E+05 1.890716E+05 1.687193E+05 2.473498E+03 1.000000E+00 0.000000E+00
3.289000E+00 1.282723E+05 2.618492E+04 1.623406E+05 6.797478E+01 1.158752E+02 -2.347113E+02 0.000000E+00 -2.347113E+02 1.979336E+05 1.889223E+05 1.685316E+05 2.479326E+03 1.000000E+00 0.000000E+00
3.290000E+00 1.281615E+05 2.606412E+04 1.625644E+05 6.774137E+01 1.159585E+02 -2.321219E+02 0.000000E+00 -2.321219E+02 1.977566E+05 1.887684E+05 1.683449E+05 2.485113E+03 1.000000E+00 0.000000E+00
3.291000E+00 1.280483E+05 2.594574E+04 1.627827E+05 6.751054E+01 1.160418E+02 -2.295345E+02 0.000000E+00 -2.295345E+02 1.975746E+05 1.886101E+05 1.681591E+05 2.490857E+03 1.000000E+00 0.000000E+00
3.292000E+00 1.279326E+05 2.582970E+04 1.629956E+05 6.728230E+01 1.161251E+02 -2.269496E+02 0.000000E+00 -2.269496E+02 1.973874E+05 1.884474E+05 1.679742E+05 2.496558E+03 1.000000E+00 0.000000E+00
3.293000E+00 1.278146E+05 2.571556E+04 1.632030E+05 6.705664E+01 1.162084E+02 -2.243676E+02 0.000000E+00 -2.243676E+02 1.971953E+05 1.882804E+05 1.677897E+05 2.502209E+03 1.000000E+00 0.000000E+00
3.294000E+00 1.276942E+05 2.560337E+04 1.634049E+05 6.683356E+01 1.162917E+02 -2.217890E+02 0.000000E+00 -2.217890E+02 1.969983E+05 1.881092E+05 1.676058E+05 2.507809E+03 1.000000E+00 0.000000E+00
3.295000E+00 1.275715E+05 2.549315E+04 1.636014E+05 6.661306E+01 1.163750E+02 -2.192142E+02 0.000000E+00 -2.192142E+02 1.967964E+05 1.879338E+05 1.674225E+05 2.513359E+03 1.000000E+00 0.000000E+00
3.296000E+00 1.274466E+05 2.538473E+04 1.637925E+05 6.639513E+01 1.164583E+02 -2.166436E+02 0.000000E+00 -2.166436E+02 1.965899E+05 1.877542E+05 1.672398E+05 2.518856E+03 1.000000E+00 0.000000E+00
3.297000E+00 1.273195E+05 2.527797E+04 1.639782E+05 6.617977E+01 1.165416E+02 -2.140776E+02 0.000000E+00 -2.140776E+02 1.963786E+05 1.875706E+05 1.670574E+05 2.524297E+03 1.000000E+00 0.000000E+00
3.298000E+00 1.271901E+05 2.517209E+04 1.641585E+05 6.596697E+01 1.166249E+02 -2.115167E+02 0.000000E+00 -2.115167E+02 1.961628E+05 1.873830E+05 1.668746E+05 2.529669E+03 1.000000E+00 0.000000E+00
3.299000E+00 1.270586E+05 2.506745E+04 1.643335E+05 6.575673E+01 1.167082E+02 -2.089611E+02 0.000000E+00 -2.089611E+02 1.959425E+05 1.871913E+05 1.666919E+05 2.534978E+03 1.000000E+00 0.000000E+00
3.300000E+00 1.269249E+05 2.496385E+04 1.645031E+05 6.554905E+01 1.167915E+02 -2.064112E+02 0.000000E+00 -2.064112E+02 1.957178E+05 1.869957E+05 1.665090E+05 2.540220E+03 1.000000E+00 0.000000E+00
3.301000E+00 1.267889E+05 2.486109E+04 1.646674E+05 6.534391E+01 1.168748E+02 -2.038673E+02 0.000000E+00 -2.038673E+02 1.954887E+05 1.867962E+05 1.663258E+05 2.545391E+03 1.000000E+00 0.000000E+00
3.302000E+00 1.266508E+05 2.475872E+04 1.648264E+05 6.514131E+01 1.169581E+02 -2.013298E+02 0.000000E+00 -2.013298E+02 1.952552E+05 1.865927E+05 1.661418E+05 2.550483E+03 1.000000E+00 0.000000E+00
3.303000E+00 1.265105E+05 2.465610E+04 1.649801E+05 6.494125E+01 1.170414E+02 -1.987989E+02 0.000000E+00 -1.987989E+02 1.950176E+05 1.863854E+05 1.659565E+05 2.555487E+03 1.000000E+00 0.000000E+00
3.304000E+00 1.263680E+05 2.455353E+04 1.651285E+05 6.474371E+01 1.171247E+02 -1.962748E+02 0.000000E+00 -1.962748E+02 1.947758E+05 1.861742E+05 1.657701E+05 2.560404E+03 1.000000E+00 0.000000E+00
3.305000E+00 1.262233E+05 2.445073E+04 1.652717E+05 6.454870E+01 1.172080E+02 -1.937578E+02 0.000000E+00 -1.937578E+02 1.945298E+05 1.859591E+05 1.655823E+05 2.565231E+03 1.000000E+00 0.000000E+00
3.306000E+00 1.260763E+05 2.434744E+04 1.654097E+05 6.435619E+01 1.172913E+02 -1.912480E+02 0.000000E+00 -1.912480E+02 1.942798E+05 1.857402E+05 1.653929E+05 2.569961E+03 1.000000E+00 0.000000E+00
3.307000E+00 1.259270E+05 2.424277E+04 1.655425E+05 6.416620E+01 1.173746E+02 -1.887456E+02 0.000000E+00 -1.887456E+02 1.940257E+05 1.855174E+05 1.652010E+05 2.574580E+03 1.000000E+00 0.000000E+00
3.308000E+00 1.257753E+05 2.413649E+04 1.656702E+05 6.397870E+01 1.174579E+02 -1.862507E+02 0.000000E+00 -1.862507E+02 1.937677E+05 1.852908E+05 1.650064E+05 2.579083E+03 1.000000E+00 0.000000E+00
3.309000E+00 1.256213E+05 2.402873E+04 1.657926E+05 6.379369E+01 1.175412E+02 -1.837634E+02 0.000000E+00 -1.837634E+02 1.935057E+05 1.850602E+05 1.648091E+05 2.583470E+03 1.000000E+00 0.000000E+00
3.310000E+00 1.254648E+05 2.391916E+04 1.659100E+05 6.361117E+01 1.176245E+02 -1.812839E+02 0.000000E+00 -1.812839E+02 1.932398E+05 1.848258E+05 1.646088E+05 2.587735E+03 1.000000E+00 0.000000E+00
3.311000E+00 1.253058E+05 2.380747E+04 1.660222E+05 6.343112E+01 1.177078E+02 -1.788120E+02 0.000000E+00 -1.788120E+02 1.929700E+05 1.845874E+05 1.644052E+05 2.591870E+03 1.000000E+00 0.000000E+00
3.312000E+00 1.251442E+05 2.369215E+04 1.661294E+05 6.325354E+01 1.177911E+02 -1.763479E+02 0.000000E+00 -1.763479E+02 1.926963E+05 1.843451E+05 1.641968E+05 2.595851E+03 1.000000E+00 0.000000E+00
3.313000E+00 1.249800E+05 2.357372E+04 1.662315E+05 6.307842E+01 1.178744E+02 -1.738914E+02 0.000000E+00 -1.738914E+02 1.924188E+05 1.840987E+05 1.639840E+05 2.599684E+03 1.000000E+00 0.000000E+00
3.314000E+00 1.248130E+05 2.345204E+04 1.663286E+05 6.290576E+01 1.179577E+02 -1.714425E+02 0.000000E+00 -1.714425E+02 1.921374E+05 1.838483E+05 1.637665E+05 2.603363E+03 1.000000E+00 0.000000E+00
3.315000E+00 1.246431E+05 2.332673E+04 1.664206E+05 6.273554E+01 1.180410E+02 -1.690011E+02 0.000000E+00 -1.690011E+02 1.918522E+05 1.835938E+05 1.635441E+05 2.606882E+03 1.000000E+00 0.000000E+00
3.316000E+00 1.244703E+05 2.319722E+04 1.665077E+05 6.256775E+01 1.181243E+02 -1.665671E+02 0.000000E+00 -1.665671E+02 1.915632E+05 1.833351E+05 1.633161E+05 2.610228E+03 1.000000E+00 0.000000E+00
3.317000E+00 1.242945E+05 2.306189E+04 1.665898E+05 6.240240E+01 1.182076E+02 -1.641402E+02 0.000000E+00 -1.641402E+02 1.912703E+05 1.830722E+05 1.630808E+05 2.613373E+03 1.000000E+00 0.000000E+00
3.318000E+00 1.241154E+05 2.292172E+04 1.666670E+05 6.223947E+01 1.182909E+02 -1.617202E+02 0.000000E+00 -1.617202E+02 1.909736E+05 1.828050E+05 1.628390E+05 2.616331E+03 1.000000E+00 0.000000E+00
3.319000E+00 1.239331E+05 2.277639E+04 1.667392E+05 6.207896E+01 1.183742E+02 -1.593069E+02 0.000000E+00 -1.593069E+02 1.906730E+05 1.825334E+05 1.625905E+05 2.619092E+03 1.000000E+00 0.000000E+00
3.320000E+00 1.237474E+05 2.262549E+04 1.668066E+05 6.192085E+01 1.184575E+02 -1.569000E+02 0.000000E+00 -1.569000E+02 1.903685E+05 1.822574E+05 1.623347E+05 2.621648E+03 1.000000E+00 0.000000E+00
3.321000E+00 1.235581E+05 2.246781E+04 1.668690E+05 6.176515E+01 1.185408E+02 -1.544992E+02 0.000000E+00 -1.544992E+02 1.900600E+05 1.819767E+05 1.620703E+05 2.623976E+03 1.000000E+00 0.000000E+00
3.322000E+00 1.233651E+05 2.230259E+04 1.669266E+05 6.161185E+01 1.186241E+02 -1.521040E+02 0.000000E+00 -1.521040E+02 1.897476E+05 1.816915E+05 1.617965E+05 2.626061E+03 1.000000E+00 0.000000E+00
3.323000E+00 1.231682E+05 2.213060E+04 1.669793E+05 6.146094E+01 1.187074E+02 -1.497141E+02 0.000000E+00 -1.497141E+02 1.894312E+05 1.814015E+05 1.615139E+05 2.627911E+03 1.000000E+00 0.000000E+00
3.324000E+00 1.229674E+05 2.195150E+04 1.670272E+05 6.131242E+01 1.187907E+02 -1.473290E+02 0.000000E+00 -1.473290E+02 1.891107E+05 1.811066E+05 1.612221E+05 2.629518E+03 1.000000E+00 0.000000E+00
3.325000E+00 1.227624E+05 2.176491E+04 1.670703E+05 6.116628E+01 1.188740E+02 -1.449483E+02 0.000000E+00 -1.449483E+02 1.887860E+05 1.808068E+05 1.609206E+05 2.630871E+03 1.000000E+00 0.000000E+00
3.326000E+00 1.225531E+05 2.156877E+04 1.671086E+05 6.102252E+01 1.189573E+02 -1.425714E+02 0.000000E+00 -1.425714E+02 1.884572E+05 1.805019E+05 1.606072E+05 2.631934E+03 1.000000E+00 0.000000E+00
3.327000E+00 1.223393E+05 2.136366E+04 1.671421E+05 6.088114E+01 1.190406E+02 -1.401978E+02 0.000000E+00 -1.401978E+02 1.881241E+05 1.801918E+05 1.602824E+05 2.632711E+03 1.000000E+00 0.000000E+00
3.328000E+00 1.221209E+05 2.114993E+04 1.671708E+05 6.074213E+01 1.191239E+02 -1.378269E+02 0.000000E+00 -1.378269E+02 1.877866E+05 1.798764E+05 1.599465E+05 2.633205E+03 1.000000E+00 0.000000E+00
3.329000E+00 1.218976E+05 2.092730E+04 1.671947E+05 6.060549E+01 1.192072E+02 -1.354581E+02 0.000000E+00 -1.354581E+02 1.874448E+05 1.795555E+05 1.595988E+05 2.633406E+03 1.000000E+00 0.000000E+00
3.330000E+00 1.216694E+05 2.069542E+04 1.672140E+05 6.047121E+01 1.192905E+02 -1.330908E+02 0.000000E+00 -1.330908E+02 1.870984E+05 1.792291E+05 1.592391E+05 2.633305E+03 1.000000E+00 0.000000E+00
3.331000E+00 1.214359E+05 2.045115E+04 1.672284E+05 6.033930E+01 1.193738E+02 -1.307242E+02 0.000000E+00 -1.307242E+02 1.867474E+05 1.788969E+05 1.588641E+05 2.632845E+03 1.000000E+00 0.000000E+00
3.332000E+00 1.211971E+05 2.019696E+04 1.672382E+05 6.020976E+01 1.194571E+02 -1.283576E+02 0.000000E+00 -1.283576E+02 1.863916E+05 1.785589E+05 1.584759E+05 2.632063E+03 1.000000E+00 0.000000E+00
3.333000E+00 1.209527E+05 1.993255E+04 1.672432E+05 6.008259E+01 1.195404E+02 -1.259903E+02 0.000000E+00 -1.259903E+02 1.860311E+05 1.782149E+05 1.580742E+05 2.630949E+03 1.000000E+00 0.000000E+00
3.334000E+00 1.207026E+05 1.965771E+04 1.672435E+05 5.995778E+01 1.196237E+02 -1.236216E+02 0.000000E+00 -1.236216E+02 1.856656E+05 1.778647E+05 1.576587E+05 2.629495E+03 1.000000E+00 0.000000E+00
3.335000E+00 1.204465E+05 1.937126E+04 1.672390E+05 5.983535E+01 1.197070E+02 -1.212507E+02 0.000000E+00 -1.212507E+02 1.852950E+05 1.775083E+05 1.572279E+05 2.627676E+03 1.000000E+00 0.000000E+00
3.336000E+00 1.201844E+05 1.907153E+04 1.672299E+05 5.971528E+01 1.197903E+02 -1.188767E+02 0.000000E+00 -1.188767E+02 1.849192E+05 1.771454E+05 1.567801E+05 2.625460E+03 1.000000E+00 0.000000E+00
3.337000E+00 1.199159E+05 1.876059E+04 1.672160E+05 5.959759E+01 1.198736E+02 -1.164988E+02 0.000000E+00 -1.164988E+02 1.845382E+05 1.767760E+05 1.563171E+05 2.622876E+03 1.000000E+00 0.000000E+00
3.338000E+00 1.196409E+05 1.843823E+04 1.671974E+05 5.948228E+01 1.199569E+02 -1.141161E+02 0.000000E+00 -1.141161E+02 1.841516E+05 1.763998E+05 1.558386E+05 2.619916E+03 1.000000E+00 0.000000E+00
3.339000E+00 1.193593E+05 1.810431E+04 1.671741E+05 5.936936E+01 1.200402E+02 -1.117278E+02 0.000000E+00 -1.117278E+02 1.837595E+05 1.760167E+05 1.553442E+05 2.616572E+03 1.000000E+00 0.000000E+00
3.340000E+00 1.190708E+05 1.775667E+04 1.671460E+05 5.925883E+01 1.201235E+02 -1.093330E+02 0.000000E+00 -1.093330E+02 1.833616E+05 1.756266E+05 1.548316E+05 2.612803E+03 1.000000E+00 0.000000E+00
3.341000E+00 1.187753E+05 1.739558E+04 1.671133E+05 5.915070E+01 1.202068E+02 -1.069307E+02 0.000000E+00 -1.069307E+02 1.829579E+05 1.752293E+05 1.543010E+05 2.608608E+03 1.000000E+00 0.000000E+00
3.342000E+00 1.184725E+05 1.702248E+04 1.670757E+05 5.904497E+01 1.202901E+02 -1.045201E+02 0.000000E+00 -1.045201E+02 1.825481E+05 1.748246E+05 1.537535E+05 2.604006E+03 1.000000E+00 0.000000E+00
3.343000E+00 1.181624E+05 1.663724E+04 1.670334E+05 5.894166E+01 1.203734E+02 -1.021001E+02 0.000000E+00 -1.021001E+02 1.821321E+05 1.744125E+05 1.531889E+05 2.598991E+03 1.000000E+00 0.000000E+00
3.344000E+00 1.178446E+05 1.623984E+04 1.669864E+05 5.884077E+01 1.204567E+02 -9.966993E+01 0.000000E+00 -9.966993E+01 1.817098E+05 1.739927E+05 1.526069E+05 2.593556E+03 1.000000E+00 0.000000E+00
3.345000E+00 1.175192E+05 1.582702E+04 1.669345E+05 5.874232E+01 1.205400E+02 -9.722856E+01 0.000000E+00 -9.722856E+01 1.812809E+05 1.735651E+05 1.520041E+05 2.587641E+03 1.000000E+00 0.000000E+00
3.346000E+00 1.171858E+05 1.540134E+04 1.668779E+05 5.864632E+01 1.206233E+02 -9.477503E+01 0.000000E+00 -9.477503E+01 1.808454E+05 1.731295E+05 1.513829E+05 2.581285E+03 1.000000E+00 0.000000E+00
3.347000E+00 1.168443E+05 1.496342E+04 1.668165E+05 5.855278E+01 1.207066E+02 -9.230838E+01 0.000000E+00 -9.230838E+01 1.804030E+05 1.726859E+05 1.507437E+05 2.574493E+03 1.000000E+00 0.000000E+00
3.348000E+00 1.164947E+05 1.451324E+04 1.667502E+05 5.846171E+01 1.207899E+02 -8.982768E+01 0.000000E+00 -8.982768E+01 1.799536E+05 1.722341E+05 1.500864E+05 2.567260E+03 1.000000E+00 0.000000E+00
3.349000E+00 1.161366E+05 1.405035E+04 1.666790E+05 5.837313E+01 1.208732E+02 -8.733199E+01 0.000000E+00 -8.733199E+01 1.794970E+05 1.717739E+05 1.494102E+05 2.559572E+03 1.000000E+00 0.000000E+00
3.350000E+00 1.157701E+05 1.357201E+04 1.666030E+05 5.828705E+01 1.209565E+02 -8.482032E+01 0.000000E+00 -8.482032E+01 1.790330E+05 1.713051E+05 1.487123E+05 2.551378E+03 1.000000E+00 0.000000E+00
3.351000E+00 1.153949E+05 1.308162E+04 1.665220E+05 5.820349E+01 1.210398E+02 -8.229174E+01 0.000000E+00 -8.229174E+01 1.785615E+05 1.708278E+05 1.479960E+05 2.542733E+03 1.000000E+00 0.000000E+00
3.352000E+00 1.150109E+05 1.257938E+04 1.664361E+05 5.812247E+01 1.211231E+02 -7.974532E+01 0.000000E+00 -7.974532E+01 1.780824E+05 1.703416E+05 1.472611E+05 2.533634E+03 1.000000E+00 0.000000E+00
3.353000E+00 1.146181E+05 1.206539E+04 1.663453E+05 5.804401E+01 1.212064E+02 -7.718016E+01 0.000000E+00 -7.718016E+01 1.775953E+05 1.698466E+05 1.465077E+05 2.524079E+03 1.000000E+00 0.000000E+00
3.354000E+00 1.142163E+05 1.153819E+04 1.662494E+05 5.796812E+01 1.212897E+02 -7.459535E+01 0.000000E+00 -7.459535E+01 1.771002E+05 1.693426E+05 1.457341E+05 2.514038E+03 1.000000E+00 0.000000E+00
3.355000E+00 1.138053E+05 1.099739E+04 1.661485E+05 5.789482E+01 1.213730E+02 -7.198998E+01 0.000000E+00 -7.198998E+01 1.765969E+05 1.688294E+05 1.449397E+05 2.503501E+03 1.000000E+00 0.000000E+00
3.356000E+00 1.133852E+05 1.044546E+04 1.660426E+05 5.782414E+01 1.214563E+02 -6.936319E+01 0.000000E+00 -6.936319E+01 1.760852E+05 1.683070E+05 1.441270E+05 2.492505E+03 1.000000E+00 0.000000E+00
3.357000E+00 1.129558E+05 9.882711E+03 1.659315E+05 5.775610E+01 1.215396E+02 -6.671413E+01 0.000000E+00 -6.671413E+01 1.755649E+05 1.677752E+05 1.432959E+05 2.481052E+03 1.000000E+00 0.000000E+00
3.358000E+00 1.125171E+05 9.309351E+03 1.658153E+05 5.769072E+01 1.216229E+02 -6.404199E+01 0.000000E+00 -6.404199E+01 1.750359E+05 1.672340E+05 1.424467E+05 2.469144E+03 1.000000E+00 0.000000E+00
3.359000E+00 1.120689E+05 8.722959E+03 1.656939E+05 5.762803E+01 1.217062E+02 -6.134598E+01 0.000000E+00 -6.134598E+01 1.744981E+05 1.666833E+05 1.415766E+05 2.456732E+03 1.000000E+00 0.000000E+00
3.360000E+00 1.116113E+05 8.125533E+03 1.655673E+05 5.756804E+01 1.217895E+02 -5.862530E+01 0.000000E+00 -5.862530E+01 1.739512E+05 1.661230E+05 1.406877E+05 2.443850E+03 1.000000E+00 0.000000E+00
3.361000E+00 1.111441E+05 7.518502E+03 1.654355E+05 5.751078E+01 1.218728E+02 -5.587922E+01 0.000000E+00 -5.587922E+01 1.733951E+05 1.655529E+05 1.397811E+05 2.430519E+03 1.000000E+00 0.000000E+00
3.362000E+00 1.106675E+05 6.902277E+03 1.652983E+05 5.745629E+01 1.219561E+02 -5.310704E+01 0.000000E+00 -5.310704E+01 1.728296E+05 1.649731E+05 1.388571E+05 2.416743E+03 1.000000E+00 0.000000E+00
3.363000E+00 1.101812E+05 6.277181E+03 1.651558E+05 5.740458E+01 1.220394E+02 -5.030809E+01 0.000000E+00 -5.030809E+01 1.722547E+05 1.643834E+05 1.379160E+05 2.402526E+03 1.000000E+00 0.000000E+00
3.364000E+00 1.096855E+05 5.639982E+03 1.650078E+05 5.735568E+01 1.221227E+02 -4.748174E+01 0.000000E+00 -4.748174E+01 1.716701E+05 1.637838E+05 1.369543E+05 2.387808E+03 1.000000E+00 0.000000E+00
3.365000E+00 1.091801E+05 4.994839E+03 1.648545E+05 5.730962E+01 1.222060E+02 -4.462737E+01 0.000000E+00 -4.462737E+01 1.710758E+05 1.631743E+05 1.359762E+05 2.372660E+03 1.000000E+00 0.000000E+00
3.366000E+00 1.086651E+05 4.342164E+03 1.646956E+05 5.726644E+01 1.222893E+02 -4.174442E+01 0.000000E+00 -4.174442E+01 1.704715E+05 1.625548E+05 1.349820E+05 2.357088E+03 1.000000E+00 0.000000E+00
3.367000E+00 1.081407E+05 3.682454E+03 1.645312E+05 5.722614E+01 1.223726E+02 -3.883240E+01 0.000000E+00 -3.883240E+01 1.698571E+05 1.619252E+05 1.339720E+05 2.341098E+03 1.000000E+00 0.000000E+00
3.368000E+00 1.076067E+05 3.015164E+03 1.643612E+05 5.718878E+01 1.224559E+02 -3.589084E+01 0.000000E+00 -3.589084E+01 1.692326E+05 1.612856E+05 1.329457E+05 2.324681E+03 1.000000E+00 0.000000E+00
3.369000E+00 1.070633E+05 2.339364E+03 1.641855E+05 5.715437E+01 1.225392E+02 -3.291928E+01 0.000000E+00 -3.291928E+01 1.685979E+05 1.606359E+05 1.319020E+05 2.307819E+03 1.000000E+00 0.000000E+00
3.370000E+00 1.065104E+05 1.658086E+03 1.640042E+05 5.712295E+01 1.226225E+02 -2.991735E+01 0.000000E+00 -2.991735E+01 1.679527E+05 1.599760E+05 1.308438E+05 2.290564E+03 1.000000E+00 0.000000E+00
3.371000E+00 1.059483E+05 9.717885E+02 1.638171E+05 5.709455E+01 1.227058E+02 -2.688473E+01 0.000000E+00 -2.688473E+01 1.672970E+05 1.593061E+05 1.297716E+05 2.272925E+03 1.000000E+00 0.000000E+00
3.372000E+00 1.053769E+05 2.810311E+02 1.636241E+05 5.706919E+01 1.227891E+02 -2.382112E+01 0.000000E+00 -2.382112E+01 1.666307E+05 1.586260E+05 1.286859E+05 2.254911E+03 1.000000E+00 0.000000E+00
3.373000E+00 1.047963E+05 -4.154097E+02 1.634254E+05 5.704691E+01 1.228724E+02 -2.072632E+01 0.000000E+00 -2.072632E+01 1.659537E+05 1.579359E+05 1.275854E+05 2.236500E+03 1.000000E+00 0.000000E+00
3.374000E+00 1.042067E+05 -1.116464E+03 1.632207E+05 5.702775E+01 1.229557E+02 -1.760010E+01 0.000000E+00 -1.760010E+01 1.652660E+05 1.572356E+05 1.264712E+05 2.217714E+03 1.000000E+00 0.000000E+00
3.375000E+00 1.036081E+05 -1.820222E+03 1.630100E+05 5.701172E+01 1.230390E+02 -1.444234E+01 0.000000E+00 -1.444234E+01 1.645675E+05 1.565254E+05 1.253451E+05 2.198585E+03 1.000000E+00 0.000000E+00
3.376000E+00 1.030007E+05 -2.526177E+03 1.627933E+05 5.699887E+01 1.231223E+02 -1.125298E+01 0.000000E+00 -1.125298E+01 1.638580E+05 1.558050E+05 1.242077E+05 2.179125E+03 1.000000E+00 0.000000E+00
3.377000E+00 1.023846E+05 -3.233736E+03 1.625706E+05 5.698923E+01 1.232056E+02 -8.031990E+00 0.000000E+00 -8.031990E+00 1.631375E+05 1.550747E+05 1.230594E+05 2.159345E+03 1.000000E+00 0.000000E+00
3.378000E+00 1.017599E+05 -3.944512E+03 1.623417E+05 5.698282E+01 1.232889E+02 -4.779400E+00 0.000000E+00 -4.779400E+00 1.624061E+05 1.543345E+05 1.218988E+05 2.139219E+03 1.000000E+00 0.000000E+00
3.379000E+00 1.011268E+05 -4.655998E+03 1.621066E+05 5.697968E+01 1.233722E+02 -1.495279E+00 0.000000E+00 -1.495279E+00 1.616636E+05 1.535844E+05 1.207282E+05 2.118795E+03 1.000000E+00 0.000000E+00
3.380000E+00 1.004918E+05 -5.368235E+03 1.618671E+05 5.697935E+01 1.234555E+02 9.591916E-03 0.000000E+00 9.591916E-03 1.611877E+05 1.530832E+05 1.195478E+05 2.098090E+03 0.000000E+00 0.000000E+00
3.381000E+00 9.986631E+04 -6.085786E+03 1.616264E+05 5.697935E+01 1.235388E+02 3.528669E-03 0.000000E+00 3.528669E-03 1.609435E+05 1.528015E+05 1.183528E+05 2.077118E+03 0.000000E+00 0.000000E+00
3.382000E+00 9.925466E+04 -6.808705E+03 1.613860E+05 5.697935E+01 1.236221E+02 1.298125E-03 0.000000E+00 1.298125E-03 1.606991E+05 1.525224E+05 1.171431E+05 2.055887E+03 0.000000E+00 0.000000E+00
3.383000E+00 9.865581E+04 -7.537442E+03 1.611458E+05 5.697935E+01 1.237054E+02 4.775534E-04 0.000000E+00 4.775534E-04 1.604549E+05 1.522478E+05 1.159181E+05 2.034387E+03 0.000000E+00 0.000000E+00
3.384000E+00 9.806891E+04 -8.269286E+03 1.609060E+05 5.697935E+01 1.237887E+02 1.756821E-04 0.000000E+00 1.756821E-04 1.602110E+05 1.519791E+05 1.146803E+05 2.012664E+03 0.000000E+00 0.000000E+00
3.385000E+00 9.749319E+04 -9.003321E+03 1.606664E+05 5.697935E+01 1.238720E+02 6.462982E-05 0.000000E+00 6.462982E-05 1.599675E+05 1.517155E+05 1.134306E+05 1.990732E+03 0.000000E+00 0.000000E+00
3.386000E+00 9.692796E+04 -9.738690E+03 1.604272E+05 5.697935E+01 1.239553E+02 2.377598E-05 0.000000E+00 2.377598E-05 1.597243E+05 1.514569E+05 1.121698E+05 1.968604E+03 0.000000E+00 0.000000E+00
3.387000E+00 9.637258E+04 -1.047510E+04 1.601882E+05 5.697935E+01 1.240386E+02 8.746695E-06 0.000000E+00 8.746695E-06 1.594814E+05 1.512024E+05 1.108981E+05 1.946286E+03 0.000000E+00 0.000000E+00
3.388000E+00 9.582647E+04 -1.121174E+04 1.599495E+05 5.697935E+01 1.241219E+02 3.217729E-06 0.000000E+00 3.217729E-06 1.592389E+05 1.509516E+05 1.096163E+05 1.923790E+03 0.000000E+00 0.000000E+00
3.389000E+00 9.528908E+04 -1.194690E+04 1.597112E+05 5.697935E+01 1.242052E+02 1.183736E-06 0.000000E+00 1.183736E-06 1.589968E+05 1.507039E+05 1.083261E+05 1.901146E+03 0.000000E+00 0.000000E+00
3.390000E+00 9.475992E+04 -1.267973E+04 1.594731E+05 5.697935E+01 1.242885E+02 4.354723E-07 0.000000E+00 4.354723E-07 1.587551E+05 1.504588E+05 1.070282E+05 1.878369E+03 0.000000E+00 0.000000E+00
3.391000E+00 9.423855E+04 -1.340941E+04 1.592353E+05 5.697935E+01 1.243718E+02 1.602013E-07 0.000000E+00 1.602013E-07 1.585137E+05 1.502159E+05 1.057236E+05 1.855473E+03 0.000000E+00 0.000000E+00
3.392000E+00 9.372454E+04 -1.413566E+04 1.589978E+05 5.697935E+01 1.244551E+02 5.893477E-08 0.000000E+00 5.893477E-08 1.582727E+05 1.499749E+05 1.044126E+05 1.832464E+03 0.000000E+00 0.000000E+00
3.393000E+00 9.321755E+04 -1.485718E+04 1.587606E+05 5.697935E+01 1.245384E+02 2.168089E-08 0.000000E+00 2.168089E-08 1.580320E+05 1.497356E+05 1.030965E+05 1.809365E+03 0.000000E+00 0.000000E+00
3.394000E+00 9.271724E+04 -1.557294E+04 1.585237E+05 5.697935E+01 1.246217E+02 7.975954E-09 0.000000E+00 7.975954E-09 1.577917E+05 1.494976E+05 1.017763E+05 1.786196E+03 0.000000E+00 0.000000E+00
3.395000E+00 9.222334E+04 -1.628218E+04 1.582871E+05 5.697935E+01 1.247050E+02 2.934189E-09 0.000000E+00 2.934189E-09 1.575518E+05 1.492608E+05 1.004530E+05 1.762971E+03 0.000000E+00 0.000000E+00
3.396000E+00 9.173560E+04 -1.698417E+04 1.580508E+05 5.697935E+01 1.247883E+02 1.079428E-09 0.000000E+00 1.079428E-09 1.573123E+05 1.490250E+05 9.912725E+04 1.739705E+03 0.000000E+00 0.000000E+00
3.397000E+00 9.125381E+04 -1.767828E+04 1.578147E+05 5.697935E+01 1.248716E+02 3.970993E-10 0.000000E+00 3.970993E-10 1.570731E+05 1.487901E+05 9.779989E+04 1.716409E+03 0.000000E+00 0.000000E+00
3.398000E+00 9.077781E+04 -1.836351E+04 1.575790E+05 5.697935E+01 1.249549E+02 1.460847E-10 0.000000E+00 1.460847E-10 1.568342E+05 1.485561E+05 9.647202E+04 1.693105E+03 0.000000E+00 0.000000E+00
3.399000E+00 9.030745E+04 -1.903918E+04 1.573436E+05 5.697935E+01 1.250382E+02 5.374155E-11 0.000000E+00 5.374155E-11 1.565958E+05 1.483229E+05 9.514444E+04 1.669806E+03 0.000000E+00 0.000000E+00
3.400000E+00 8.984264E+04 -1.970463E+04 1.571085E+05 5.697935E+01 1.251215E+02 1.977041E-11 0.000000E+00 1.977041E-11 1.563576E+05 1.480905E+05 9.381793E+04 1.646525E+03 0.000000E+00 0.000000E+00
3.401000E+00 8.938327E+04 -2.035913E+04 1.568737E+05 5.697935E+01 1.252048E+02 7.273128E-12 0.000000E+00 7.273128E-12 1.561199E+05 1.478589E+05 9.249340E+04 1.623279E+03 0.000000E+00 0.000000E+00
3.402000E+00 8.892932E+04 -2.100177E+04 1.566391E+05 5.697935E+01 1.252881E+02 2.675634E-12 0.000000E+00 2.675634E-12 1.558825E+05 1.476280E+05 9.117190E+04 1.600087E+03 0.000000E+00 0.000000E+00
3.403000E+00 8.848075E+04 -2.163221E+04 1.564049E+05 5.697935E+01 1.253714E+02 9.843109E-13 0.000000E+00 9.843109E-13 1.556454E+05 1.473981E+05 8.985397E+04 1.576957E+03 0.000000E+00 0.000000E+00
3.404000E+00 8.803756E+04 -2.224988E+04 1.561710E+05 5.697935E+01 1.254547E+02 3.621077E-13 0.000000E+00 3.621077E-13 1.554088E+05 1.471690E+05 8.854033E+04 1.553902E+03 0.000000E+00 0.000000E+00
3.405000E+00 8.759976E+04 -2.285428E+04 1.559374E+05 5.697935E+01 1.255380E+02 1.332120E-13 0.000000E+00 1.332120E-13 1.551724E+05 1.469409E+05 8.723171E+04 1.530935E+03 0.000000E+00 0.000000E+00
3.406000E+00 8.716739E+04 -2.344436E+04 1.557041E+05 5.697935E+01 1.256213E+02 4.900595E-14 0.000000E+00 4.900595E-14 1.549365E+05 1.467137E+05 8.592934E+04 1.508079E+03 0.000000E+00 0.000000E+00
3.407000E+00 8.674050E+04 -2.401966E+04 1.554710E+05 5.697935E+01 1.257046E+02 1.802828E-14 0.000000E+00 1.802828E-14 1.547009E+05 1.464877E+05 8.463390E+04 1.485343E+03 0.000000E+00 0.000000E+00
3.408000E+00 8.631916E+04 -2.458013E+04 1.552383E+05 5.697935E+01 1.257879E+02 6.632235E-15 0.000000E+00 6.632235E-15 1.544656E+05 1.462628E+05 8.334567E+04 1.462735E+03 0.000000E+00 0.000000E+00
3.409000E+00 8.590345E+04 -2.512534E+04 1.550059E+05 5.697935E+01 1.258712E+02 2.439863E-15 0.000000E+00 2.439863E-15 1.542307E+05 1.460392E+05 8.206528E+04 1.440263E+03 0.000000E+00 0.000000E+00
3.410000E+00 8.549345E+04 -2.565495E+04 1.547738E+05 5.697935E+01 1.259545E+02 8.975753E-16 0.000000E+00 8.975753E-16 1.539962E+05 1.458168E+05 8.079333E+04 1.417940E+03 0.000000E+00 0.000000E+00
3.411000E+00 8.508927E+04 -2.616738E+04 1.545420E+05 5.697935E+01 1.260378E+02 3.301995E-16 0.000000E+00 3.301995E-16 1.537620E+05 1.455959E+05 7.953163E+04 1.395797E+03 0.000000E+00 0.000000E+00
3.412000E+00 8.469101E+04 -2.666319E+04 1.543104E+05 5.697935E+01 1.261211E+02 1.214736E-16 0.000000E+00 1.214736E-16 1.535282E+05 1.453764E+05 7.827987E+04 1.373829E+03 0.000000E+00 0.000000E+00
3.413000E+00 8.429879E+04 -2.714231E+04 1.540792E+05 5.697935E+01 1.262044E+02 4.468764E-17 0.000000E+00 4.468764E-17 1.532947E+05 1.451584E+05 7.703837E+04 1.352040E+03 0.000000E+00 0.000000E+00
3.414000E+00 8.391270E+04 -2.760447E+04 1.538483E+05 5.697935E+01 1.262877E+02 1.643967E-17 0.000000E+00 1.643967E-17 1.530616E+05 1.449420E+05 7.580764E+04 1.330441E+03 0.000000E+00 0.000000E+00
3.415000E+00 8.353288E+04 -2.804923E+04 1.536177E+05 5.697935E+01 1.263710E+02 6.047815E-18 0.000000E+00 6.047815E-18 1.528289E+05 1.447273E+05 7.458842E+04 1.309043E+03 0.000000E+00 0.000000E+00
3.416000E+00 8.315944E+04 -2.847506E+04 1.533874E+05 5.697935E+01 1.264543E+02 2.224867E-18 0.000000E+00 2.224867E-18 1.525965E+05 1.445143E+05 7.338247E+04 1.287878E+03 0.000000E+00 0.000000E+00
3.417000E+00 8.279251E+04 -2.888325E+04 1.531574E+05 5.697935E+01 1.265376E+02 8.184828E-19 0.000000E+00 8.184828E-19 1.523645E+05 1.443030E+05 7.218877E+04 1.266929E+03 0.000000E+00 0.000000E+00
3.418000E+00 8.243219E+04 -2.927369E+04 1.529277E+05 5.697935E+01 1.266209E+02 3.011030E-19 0.000000E+00 3.011030E-19 1.521329E+05 1.440935E+05 7.100771E+04 1.246201E+03 0.000000E+00 0.000000E+00
3.419000E+00 8.207860E+04 -2.964627E+04 1.526983E+05 5.697935E+01 1.267042E+02 1.107696E-19 0.000000E+00 1.107696E-19 1.519016E+05 1.438859E+05 6.983967E+04 1.225701E+03 0.000000E+00 0.000000E+00
3.420000E+00 8.173184E+04 -3.000005E+04 1.524692E+05 5.697935E+01 1.267875E+02 4.074986E-20 0.000000E+00 4.074986E-20 1.516707E+05 1.436801E+05 6.868585E+04 1.205452E+03 0.000000E+00 0.000000E+00
3.421000E+00 8.139203E+04 -3.033464E+04 1.522404E+05 5.697935E+01 1.268708E+02 1.499103E-20 0.000000E+00 1.499103E-20 1.514401E+05 1.434762E+05 6.754694E+04 1.185463E+03 0.000000E+00 0.000000E+00
3.422000E+00 8.105926E+04 -3.065116E+04 1.520120E+05 5.697935E+01 1.269541E+02 5.514893E-21 0.000000E+00 5.514893E-21 1.512100E+05 1.432742E+05 6.642206E+04 1.165722E+03 0.000000E+00 0.000000E+00
3.423000E+00 8.073364E+04 -3.094964E+04 1.517838E+05 5.697935E+01 1.270374E+02 2.028816E-21 0.000000E+00 2.028816E-21 1.509802E+05 1.430742E+05 6.531148E+04 1.146231E+03 0.000000E+00 0.000000E+00
3.424000E+00 8.041523E+04 -3.123011E+04 1.515559E+05 5.697935E+01 1.271207E+02 7.463597E-22 0.000000E+00 7.463597E-22 1.507508E+05 1.428761E+05 6.421543E+04 1.126995E+03 0.000000E+00 0.000000E+00
3.425000E+00 8.010412E+04 -3.149107E+04 1.513284E+05 5.697935E+01 1.272040E+02 2.745704E-22 0.000000E+00 2.745704E-22 1.505217E+05 1.426799E+05 6.313570E+04 1.108045E+03 0.000000E+00 0.000000E+00
3.426000E+00 7.980038E+04 -3.173352E+04 1.511011E+05 5.697935E+01 1.272873E+02 1.010088E-22 0.000000E+00 1.010088E-22 1.502931E+05 1.424856E+05 6.207156E+04 1.089369E+03 0.000000E+00 0.000000E+00
3.427000E+00 7.950408E+04 -3.195819E+04 1.508742E+05 5.697935E+01 1.273706E+02 3.715906E-23 0.000000E+00 3.715906E-23 1.500648E+05 1.422932E+05 6.102251E+04 1.070958E+03 0.000000E+00 0.000000E+00
3.428000E+00 7.921526E+04 -3.216525E+04 1.506476E+05 5.697935E+01 1.274539E+02 1.367005E-23 0.000000E+00 1.367005E-23 1.498369E+05 1.421027E+05 5.998870E+04 1.052815E+03 0.000000E+00 0.000000E+00
3.429000E+00 7.893396E+04 -3.235484E+04 1.504212E+05 5.697935E+01 1.275372E+02 5.028932E-24 0.000000E+00 5.028932E-24 1.496094E+05 1.419141E+05 5.897022E+04 1.034940E+03 0.000000E+00 0.000000E+00
3.430000E+00 7.866022E+04 -3.252487E+04 1.501952E+05 5.697935E+01 1.276205E+02 1.850041E-24 0.000000E+00 1.850041E-24 1.493822E+05 1.417273E+05 5.796944E+04 1.017376E+03 0.000000E+00 0.000000E+00
3.431000E+00 7.839407E+04 -3.267784E+04 1.499695E+05 5.697935E+01 1.277038E+02 6.805919E-25 0.000000E+00 6.805919E-25 1.491555E+05 1.415423E+05 5.698412E+04 1.000084E+03 0.000000E+00 0.000000E+00
3.432000E+00 7.813551E+04 -3.281394E+04 1.497441E+05 5.697935E+01 1.277871E+02 2.503758E-25 0.000000E+00 2.503758E-25 1.489291E+05 1.413591E+05 5.601429E+04 9.830630E+02 0.000000E+00 0.000000E+00
3.433000E+00 7.788454E+04 -3.293348E+04 1.495190E+05 5.697935E+01 1.278704E+02 9.210810E-26 0.000000E+00 9.210810E-26 1.487031E+05 1.411776E+05 5.505996E+04 9.663143E+02 0.000000E+00 0.000000E+00
3.434000E+00 7.764117E+04 -3.303602E+04 1.492943E+05 5.697935E+01 1.279537E+02 3.388468E-26 0.000000E+00 3.388468E-26 1.484776E+05 1.409977E+05 5.412175E+04 9.498485E+02 0.000000E+00 0.000000E+00
3.435000E+00 7.740536E+04 -3.312087E+04 1.490698E+05 5.697935E+01 1.280370E+02 1.246548E-26 0.000000E+00 1.246548E-26 1.482524E+05 1.408194E+05 5.320061E+04 9.336823E+02 0.000000E+00 0.000000E+00
3.436000E+00 7.717711E+04 -3.319002E+04 1.488457E+05 5.697935E+01 1.281203E+02 4.585792E-27 0.000000E+00 4.585792E-27 1.480275E+05 1.406427E+05 5.229483E+04 9.177857E+02 0.000000E+00 0.000000E+00
3.437000E+00 7.695636E+04 -3.324373E+04 1.486218E+05 5.697935E+01 1.282036E+02 1.687019E-27 0.000000E+00 1.687019E-27 1.478031E+05 1.404676E+05 5.140433E+04 9.021571E+02 0.000000E+00 0.000000E+00
3.438000E+00 7.674307E+04 -3.328236E+04 1.483983E+05 5.697935E+01 1.282869E+02 6.206195E-28 0.000000E+00 6.206195E-28 1.475791E+05 1.402938E+05 5.052900E+04 8.867948E+02 0.000000E+00 0.000000E+00
3.439000E+00 7.653718E+04 -3.330497E+04 1.481751E+05 5.697935E+01 1.283702E+02 2.283132E-28 0.000000E+00 2.283132E-28 1.473555E+05 1.401214E+05 4.967000E+04 8.717192E+02 0.000000E+00 0.000000E+00
3.440000E+00 7.633862E+04 -3.331224E+04 1.479522E+05 5.697935E+01 1.284535E+02 8.399172E-29 0.000000E+00 8.399172E-29 1.471322E+05 1.399504E+05 4.882685E+04 8.569219E+02 0.000000E+00 0.000000E+00
3.441000E+00 7.614734E+04 -3.330552E+04 1.477296E+05 5.697935E+01 1.285368E+02 3.089883E-29 0.000000E+00 3.089883E-29 1.469094E+05 1.397806E+05 4.799845E+04 8.423832E+02 0.000000E+00 0.000000E+00
3.442000E+00 7.596323E+04 -3.328515E+04 1.475074E+05 5.697935E+01 1.286201E+02 1.136704E-29 0.000000E+00 1.136704E-29 1.466869E+05 1.396119E+05 4.718463E+04 8.281005E+02 0.000000E+00 0.000000E+00
3.443000E+00 7.578620E+04 -3.325152E+04 1.472854E+05 5.697935E+01 1.287034E+02 4.181701E-30 0.000000E+00 4.181701E-30 1.464648E+05 1.394444E+05 4.638521E+04 8.140706E+02 0.000000E+00 0.000000E+00
3.444000E+00 7.561616E+04 -3.320323E+04 1.470638E+05 5.697935E+01 1.287867E+02 1.538362E-30 0.000000E+00 1.538362E-30 1.462432E+05 1.392779E+05 4.560181E+04 8.003216E+02 0.000000E+00 0.000000E+00
3.445000E+00 7.545300E+04 -3.314217E+04 1.468425E+05 5.697935E+01 1.288700E+02 5.659317E-31 0.000000E+00 5.659317E-31 1.460219E+05 1.391124E+05 4.483267E+04 7.868230E+02 0.000000E+00 0.000000E+00
3.446000E+00 7.529661E+04 -3.306907E+04 1.466215E+05 5.697935E+01 1.289533E+02 2.081946E-31 0.000000E+00 2.081946E-31 1.458010E+05 1.389478E+05 4.407728E+04 7.735659E+02 0.000000E+00 0.000000E+00
3.447000E+00 7.514686E+04 -3.298430E+04 1.464008E+05 5.697935E+01 1.290366E+02 7.659053E-32 0.000000E+00 7.659053E-32 1.455805E+05 1.387840E+05 4.333544E+04 7.605464E+02 0.000000E+00 0.000000E+00
3.448000E+00 7.500362E+04 -3.288799E+04 1.461805E+05 5.697935E+01 1.291199E+02 2.817608E-32 0.000000E+00 2.817608E-32 1.453604E+05 1.386209E+05 4.260719E+04 7.477655E+02 0.000000E+00 0.000000E+00
3.449000E+00 7.486677E+04 -3.277918E+04 1.459604E+05 5.697935E+01 1.292032E+02 1.036540E-32 0.000000E+00 1.036540E-32 1.451407E+05 1.384586E+05 4.189365E+04 7.352427E+02 0.000000E+00 0.000000E+00
3.450000E+00 7.473616E+04 -3.265993E+04 1.457407E+05 5.697935E+01 1.292865E+02 3.813218E-33 0.000000E+00 3.813218E-33 1.449214E+05 1.382969E+05 4.119290E+04 7.229443E+02 0.000000E+00 0.000000E+00
3.451000E+00 7.461166E+04 -3.253067E+04 1.455213E+05 5.697935E+01 1.293698E+02 1.402805E-33 0.000000E+00 1.402805E-33 1.447025E+05 1.381357E+05 4.050468E+04 7.108660E+02 0.000000E+00 0.000000E+00
3.452000E+00 7.449311E+04 -3.239176E+04 1.453023E+05 5.697935E+01 1.294531E+02 5.160629E-34 0.000000E+00 5.160629E-34 1.444839E+05 1.379750E+05 3.982876E+04 6.990035E+02 0.000000E+00 0.000000E+00
3.453000E+00 7.438036E+04 -3.224286E+04 1.450835E+05 5.697935E+01 1.295364E+02 1.898489E-34 0.000000E+00 1.898489E-34 1.442658E+05 1.378148E+05 3.916564E+04 6.873655E+02 0.000000E+00 0.000000E+00
3.454000E+00 7.427326E+04 -3.208413E+04 1.448651E+05 5.697935E+01 1.296197E+02 6.984152E-35 0.000000E+00 6.984152E-35 1.440480E+05 1.376549E+05 3.851526E+04 6.759513E+02 0.000000E+00 0.000000E+00
3.455000E+00 7.417165E+04 -3.191697E+04 1.446470E+05 5.697935E+01 1.297030E+02 2.569326E-35 0.000000E+00 2.569326E-35 1.438307E+05 1.374953E+05 3.787637E+04 6.647385E+02 0.000000E+00 0.000000E+00
3.456000E+00 7.407537E+04 -3.174176E+04 1.444292E+05 5.697935E+01 1.297863E+02 9.452022E-36 0.000000E+00 9.452022E-36 1.436137E+05 1.373360E+05 3.724870E+04 6.537228E+02 0.000000E+00 0.000000E+00
3.457000E+00 7.398426E+04 -3.155883E+04 1.442117E+05 5.697935E+01 1.298696E+02 3.477205E-36 0.000000E+00 3.477205E-36 1.433971E+05 1.371768E+05 3.663201E+04 6.428998E+02 0.000000E+00 0.000000E+00
3.458000E+00 7.389816E+04 -3.136747E+04 1.439946E+05 5.697935E+01 1.299529E+02 1.279192E-36 0.000000E+00 1.279192E-36 1.431809E+05 1.370178E+05 3.602717E+04 6.322847E+02 0.000000E+00 0.000000E+00
3.459000E+00 7.381690E+04 -3.116872E+04 1.437778E+05 5.697935E+01 1.300362E+02 4.705885E-37 0.000000E+00 4.705885E-37 1.429651E+05 1.368589E+05 3.543321E+04 6.218605E+02 0.000000E+00 0.000000E+00
3.460000E+00 7.374031E+04 -3.096337E+04 1.435613E+05 5.697935E+01 1.301195E+02 1.731198E-37 0.000000E+00 1.731198E-37 1.427497E+05 1.367000E+05 3.484943E+04 6.116150E+02 0.000000E+00 0.000000E+00
3.461000E+00 7.366825E+04 -3.075177E+04 1.433451E+05 5.697935E+01 1.302028E+02 6.368723E-38 0.000000E+00 6.368723E-38 1.425346E+05 1.365411E+05 3.427559E+04 6.015441E+02 0.000000E+00 0.000000E+00
3.462000E+00 7.360053E+04 -3.053422E+04 1.431293E+05 5.697935E+01 1.302861E+02 2.342922E-38 0.000000E+00 2.342922E-38 1.423200E+05 1.363821E+05 3.371147E+04 5.916437E+02 0.000000E+00 0.000000E+00
3.463000E+00 7.353699E+04 -3.030966E+04 1.429137E+05 5.697935E+01 1.303694E+02 8.619129E-39 0.000000E+00 8.619129E-39 1.421057E+05 1.362231E+05 3.315822E+04 5.819340E+02 0.000000E+00 0.000000E+00
3.464000E+00 7.347749E+04 -3.007982E+04 1.426985E+05 5.697935E+01 1.304527E+02 3.170800E-39 0.000000E+00 3.170800E-39 1.418918E+05 1.360639E+05 3.261418E+04 5.723860E+02 0.000000E+00 0.000000E+00
3.465000E+00 7.342184E+04 -2.984498E+04 1.424837E+05 5.697935E+01 1.305360E+02 1.166472E-39 0.000000E+00 1.166472E-39 1.416782E+05 1.359045E+05 3.207915E+04 5.629960E+02 0.000000E+00 0.000000E+00
3.466000E+00 7.336991E+04 -2.960542E+04 1.422691E+05 5.697935E+01 1.306193E+02 4.291212E-40 0.000000E+00 4.291212E-40 1.414651E+05 1.357450E+05 3.155290E+04 5.537603E+02 0.000000E+00 0.000000E+00
3.467000E+00 7.332152E+04 -2.936106E+04 1.420549E+05 5.697935E+01 1.307026E+02 1.578649E-40 0.000000E+00 1.578649E-40 1.412523E+05 1.355852E+05 3.103561E+04 5.446817E+02 0.000000E+00 0.000000E+00
3.468000E+00 7.327653E+04 -2.911162E+04 1.418410E+05 5.697935E+01 1.307859E+02 5.807523E-41 0.000000E+00 5.807523E-41 1.410399E+05 1.354252E+05 3.052758E+04 5.357657E+02 0.000000E+00 0.000000E+00
3.469000E+00 7.323479E+04 -2.885827E+04 1.416275E+05 5.697935E+01 1.308692E+02 2.136468E-41 0.000000E+00 2.136468E-41 1.408279E+05 1.352649E+05 3.002773E+04 5.269932E+02 0.000000E+00 0.000000E+00
3.470000E+00 7.319615E+04 -2.860122E+04 1.414142E+05 5.697935E+01 1.309525E+02 7.859628E-42 0.000000E+00 7.859628E-42 1.406162E+05 1.351043E+05 2.953588E+04 5.183612E+02 0.000000E+00 0.000000E+00
3.471000E+00 7.316047E+04 -2.834071E+04 1.412013E+05 5.697935E+01 1.310358E+02 2.891396E-42 0.000000E+00 2.891396E-42 1.404049E+05 1.349433E+05 2.905187E+04 5.098667E+02 0.000000E+00 0.000000E+00
3.472000E+00 7.312760E+04 -2.807628E+04 1.409887E+05 5.697935E+01 1.311191E+02 1.063685E-42 0.000000E+00 1.063685E-42 1.401940E+05 1.347821E+05 2.857619E+04 5.015183E+02 0.000000E+00 0.000000E+00
3.473000E+00 7.309741E+04 -2.780831E+04 1.407765E+05 5.697935E+01 1.312024E+02 3.913078E-43 0.000000E+00 3.913078E-43 1.399834E+05 1.346205E+05 2.810849E+04 4.933101E+02 0.000000E+00 0.000000E+00
3.474000E+00 7.306978E+04 -2.753749E+04 1.405645E+05 5.697935E+01 1.312857E+02 1.439541E-43 0.000000E+00 1.439541E-43 1.397732E+05 1.344586E+05 2.764816E+04 4.852312E+02 0.000000E+00 0.000000E+00
3.475000E+00 7.304457E+04 -2.726395E+04 1.403529E+05 5.697935E+01 1.313690E+02 5.295776E-44 0.000000E+00 5.295776E-44 1.395634E+05 1.342963E+05 2.719506E+04 4.772792E+02 0.000000E+00 0.000000E+00
3.476000E+00 7.302166E+04 -2.698789E+04 1.401416E+05 5.697935E+01 1.314523E+02 1.948207E-44 0.000000E+00 1.948207E-44 1.393539E+05 1.341336E+05 2.674908E+04 4.694522E+02 0.000000E+00 0.000000E+00
3.477000E+00 7.300094E+04 -2.670854E+04 1.399307E+05 5.697935E+01 1.315356E+02 7.167053E-45 0.000000E+00 7.167053E-45 1.391448E+05 1.339706E+05 2.631099E+04 4.617636E+02 0.000000E+00 0.000000E+00
3.478000E+00 7.298229E+04 -2.642677E+04 1.397201E+05 5.697942E+01 1.316188E+02 2.636612E-45 -2.202677E-01 2.636612E-45 1.389360E+05 1.338072E+05 2.587996E+04 4.541984E+02 0.000000E+00 1.000000E+00
3.479000E+00 7.296560E+04 -2.614269E+04 1.395098E+05 5.697994E+01 1.317016E+02 9.699552E-46 -8.825477E-01 9.699552E-46 1.387276E+05 1.336434E+05 2.545592E+04 4.467524E+02 0.000000E+00 1.000000E+00
3.480000E+00 7.295079E+04 -2.585623E+04 1.392998E+05 5.698133E+01 1.317835E+02 3.568266E-46 -1.977324E+00 3.568266E-46 1.385195E+05 1.334794E+05 2.503897E+04 4.394241E+02 0.000000E+00 1.000000E+00
3.481000E+00 7.293777E+04 -2.556720E+04 1.390901E+05 5.698404E+01 1.318641E+02 1.312692E-46 -3.494934E+00 1.312692E-46 1.383118E+05 1.333150E+05 2.462933E+04 4.322146E+02 0.000000E+00 1.000000E+00
3.482000E+00 7.292645E+04 -2.527487E+04 1.388808E+05 5.698846E+01 1.319430E+02 4.829122E-47 -5.425492E+00 4.829122E-47 1.381045E+05 1.331502E+05 2.422779E+04 4.251350E+02 0.000000E+00 1.000000E+00
3.483000E+00 7.291678E+04 -2.498003E+04 1.386718E+05 5.699502E+01 1.320197E+02 1.776535E-47 -7.759048E+00 1.776535E-47 1.378975E+05 1.329853E+05 2.383357E+04 4.181693E+02 0.000000E+00 1.000000E+00
3.484000E+00 7.290870E+04 -2.468265E+04 1.384631E+05 5.700411E+01 1.320939E+02 6.535507E-48 -1.048562E+01 6.535507E-48 1.376908E+05 1.328200E+05 2.344674E+04 4.113167E+02 0.000000E+00 1.000000E+00
3.485000E+00 7.290214E+04 -2.438271E+04 1.382548E+05 5.701612E+01 1.321652E+02 2.404278E-48 -1.359512E+01 2.404278E-48 1.374845E+05 1.326546E+05 2.306737E+04 4.045763E+02 0.000000E+00 1.000000E+00
3.486000E+00 7.289707E+04 -2.407979E+04 1.380468E+05 5.703143E+01 1.322332E+02 8.844846E-49 -1.707738E+01 8.844846E-49 1.372786E+05 1.324889E+05 2.269593E+04 3.979548E+02 0.000000E+00 1.000000E+00
3.487000E+00 7.289344E+04 -2.377374E+04 1.378391E+05 5.705040E+01 1.322976E+02 3.253837E-49 -2.092202E+01 3.253837E-49 1.370730E+05 1.323232E+05 2.233258E+04 3.914536E+02 0.000000E+00 1.000000E+00
3.488000E+00 7.289122E+04 -2.346510E+04 1.376317E+05 5.707339E+01 1.323579E+02 1.197020E-49 -2.511873E+01 1.197020E-49 1.368677E+05 1.321572E+05 2.197685E+04 3.850630E+02 0.000000E+00 1.000000E+00
3.489000E+00 7.289037E+04 -2.315386E+04 1.374246E+05 5.710075E+01 1.324138E+02 4.403590E-50 -2.965712E+01 4.403590E-50 1.366628E+05 1.319912E+05 2.162877E+04 3.787826E+02 0.000000E+00 1.000000E+00
3.490000E+00 7.289087E+04 -2.284003E+04 1.372179E+05 5.713281E+01 1.324650E+02 1.619990E-50 -3.452677E+01 1.619990E-50 1.364582E+05 1.318252E+05 2.128838E+04 3.726122E+02 0.000000E+00 1.000000E+00
3.491000E+00 7.289269E+04 -2.252295E+04 1.370115E+05 5.716991E+01 1.325112E+02 5.959611E-51 -3.971717E+01 5.959611E-51 1.362540E+05 1.316591E+05 2.095638E+04 3.665631E+02 0.000000E+00 1.000000E+00
3.492000E+00 7.289581E+04 -2.220303E+04 1.368054E+05 5.721235E+01 1.325521E+02 2.192418E-51 -4.521768E+01 2.192418E-51 1.360501E+05 1.314929E+05 2.063239E+04 3.606283E+02 0.000000E+00 1.000000E+00
3.493000E+00 7.290021E+04 -2.188055E+04 1.365997E+05 5.726044E+01 1.325873E+02 8.065456E-52 -5.101776E+01 8.065456E-52 1.358465E+05 1.313269E+05 2.031618E+04 3.548031E+02 0.000000E+00 1.000000E+00
3.494000E+00 7.290587E+04 -2.155554E+04 1.363942E+05 5.731448E+01 1.326166E+02 2.967115E-52 -5.710682E+01 2.967115E-52 1.356433E+05 1.311608E+05 2.000776E+04 3.490874E+02 0.000000E+00 1.000000E+00
3.495000E+00 7.291279E+04 -2.122801E+04 1.361891E+05 5.737475E+01 1.326396E+02 1.091541E-52 -6.347427E+01 1.091541E-52 1.354404E+05 1.309949E+05 1.970715E+04 3.434812E+02 0.000000E+00 1.000000E+00
3.496000E+00 7.292094E+04 -2.089707E+04 1.359843E+05 5.744152E+01 1.326561E+02 4.015554E-53 -7.010940E+01 4.015554E-53 1.352379E+05 1.308290E+05 1.941529E+04 3.380011E+02 0.000000E+00 1.000000E+00
3.497000E+00 7.293031E+04 -2.056367E+04 1.357799E+05 5.751505E+01 1.326659E+02 1.477240E-53 -7.700150E+01 1.477240E-53 1.350357E+05 1.306633E+05 1.913127E+04 3.326306E+02 0.000000E+00 1.000000E+00
3.498000E+00 7.294090E+04 -2.022785E+04 1.355757E+05 5.759560E+01 1.326687E+02 5.434461E-54 -8.413995E+01 5.434461E-54 1.348338E+05 1.304976E+05 1.885507E+04 3.273700E+02 0.000000E+00 1.000000E+00
3.499000E+00 7.295269E+04 -1.988966E+04 1.353719E+05 5.768341E+01 1.326641E+02 1.999227E-54 -9.151411E+01 1.999227E-54 1.346323E+05 1.303322E+05 1.858671E+04 3.222193E+02 0.000000E+00 1.000000E+00
3.500000E+00 7.296567E+04 -1.954886E+04 1.351684E+05 5.777871E+01 1.326521E+02 7.354744E-55 -9.911336E+01 7.354744E-55 1.344311E+05 1.301669E+05 1.832644E+04 3.171834E+02 0.000000E+00 1.000000E+00
3.501000E+00 7.297984E+04 -1.920507E+04 1.349652E+05 5.788171E+01 1.326324E+02 2.705659E-55 -1.069270E+02 2.705659E-55 1.342302E+05 1.300018E+05 1.807467E+04 3.122692E+02 0.000000E+00 1.000000E+00
3.502000E+00 7.299518E+04 -1.885905E+04 1.347624E+05 5.799263E+01 1.326048E+02 9.953563E-56 -1.149443E+02 9.953563E-56 1.340297E+05 1.298369E+05 1.783071E+04 3.074652E+02 0.000000E+00 1.000000E+00
3.503000E+00 7.301168E+04 -1.851082E+04 1.345599E+05 5.811166E+01 1.325691E+02 3.661711E-56 -1.231548E+02 3.661711E-56 1.338295E+05 1.296721E+05 1.759455E+04 3.027714E+02 0.000000E+00 1.000000E+00
3.504000E+00 7.302934E+04 -1.816046E+04 1.343576E+05 5.823900E+01 1.325251E+02 1.347068E-56 -1.315480E+02 1.347068E-56 1.336296E+05 1.295076E+05 1.736615E+04 2.981877E+02 0.000000E+00 1.000000E+00
3.505000E+00 7.304814E+04 -1.780746E+04 1.341558E+05 5.837482E+01 1.324725E+02 4.955587E-57 -1.401132E+02 4.955587E-57 1.334301E+05 1.293434E+05 1.714606E+04 2.937235E+02 0.000000E+00 1.000000E+00
3.506000E+00 7.306807E+04 -1.745201E+04 1.339542E+05 5.851928E+01 1.324114E+02 1.823059E-57 -1.488400E+02 1.823059E-57 1.332309E+05 1.291793E+05 1.693409E+04 2.893763E+02 0.000000E+00 1.000000E+00
3.507000E+00 7.308912E+04 -1.709461E+04 1.337529E+05 5.867255E+01 1.323414E+02 6.706658E-58 -1.577179E+02 6.706658E-58 1.330320E+05 1.290155E+05 1.672982E+04 2.851389E+02 0.000000E+00 1.000000E+00
3.508000E+00 7.311127E+04 -1.673530E+04 1.335520E+05 5.883476E+01 1.322625E+02 2.467242E-58 -1.667366E+02 2.467242E-58 1.328335E+05 1.288519E+05 1.653321E+04 2.810110E+02 0.000000E+00 1.000000E+00
3.509000E+00 7.313452E+04 -1.637416E+04 1.333514E+05 5.900606E+01 1.321745E+02 9.076475E-59 -1.758858E+02 9.076475E-59 1.326352E+05 1.286886E+05 1.634422E+04 2.769922E+02 0.000000E+00 1.000000E+00
3.510000E+00 7.315885E+04 -1.601044E+04 1.331511E+05 5.918657E+01 1.320773E+02 3.339048E-59 -1.851551E+02 3.339048E-59 1.324374E+05 1.285255E+05 1.616362E+04 2.730961E+02 0.000000E+00 1.000000E+00
3.511000E+00 7.318424E+04 -1.564489E+04 1.329511E+05 5.937641E+01 1.319707E+02 1.228367E-59 -1.945345E+02 1.228367E-59 1.322398E+05 1.283626E+05 1.599069E+04 2.693106E+02 0.000000E+00 1.000000E+00
3.512000E+00 7.321069E+04 -1.527774E+04 1.327514E+05 5.957568E+01 1.318548E+02 4.518911E-60 -2.040136E+02 4.518911E-60 1.320426E+05 1.282000E+05 1.582524E+04 2.656326E+02 0.000000E+00 1.000000E+00
3.513000E+00 7.323816E+04 -1.490905E+04 1.325521E+05 5.978447E+01 1.317293E+02 1.662414E-60 -2.135827E+02 1.662414E-60 1.318457E+05 1.280376E+05 1.566722E+04 2.620617E+02 0.000000E+00 1.000000E+00
3.514000E+00 7.326664E+04 -1.453878E+04 1.323531E+05 6.000287E+01 1.315942E+02 6.115681E-61 -2.232317E+02 6.115681E-61 1.316491E+05 1.278754E+05 1.551670E+04 2.585993E+02 0.000000E+00 1.000000E+00
3.515000E+00 7.329611E+04 -1.416635E+04 1.321544E+05 6.023095E+01 1.314494E+02 2.249833E-61 -2.329508E+02 2.249833E-61 1.314529E+05 1.277135E+05 1.537428E+04 2.552555E+02 0.000000E+00 1.000000E+00
3.516000E+00 7.332655E+04 -1.379263E+04 1.319560E+05 6.046879E+01 1.312949E+02 8.276674E-62 -2.427303E+02 8.276674E-62 1.312570E+05 1.275518E+05 1.523910E+04 2.520160E+02 0.000000E+00 1.000000E+00
3.517000E+00 7.335793E+04 -1.341774E+04 1.317579E+05 6.071643E+01 1.311305E+02 3.044818E-62 -2.525604E+02 3.044818E-62 1.310614E+05 1.273903E+05 1.511108E+04 2.488796E+02 0.000000E+00 1.000000E+00
3.518000E+00 7.339024E+04 -1.304175E+04 1.315601E+05 6.097392E+01 1.309563E+02 1.120126E-62 -2.624318E+02 1.120126E-62 1.308661E+05 1.272289E+05 1.499015E+04 2.458453E+02 0.000000E+00 1.000000E+00
3.519000E+00 7.342344E+04 -1.266438E+04 1.313627E+05 6.124131E+01 1.307722E+02 4.120713E-63 -2.723350E+02 4.120713E-63 1.306712E+05 1.270678E+05 1.487663E+04 2.429182E+02 0.000000E+00 1.000000E+00
3.520000E+00 7.345752E+04 -1.228561E+04 1.311655E+05 6.151860E+01 1.305783E+02 1.515926E-63 -2.822607E+02 1.515926E-63 1.304765E+05 1.269069E+05 1.477053E+04 2.400987E+02 0.000000E+00 1.000000E+00
3.521000E+00 7.349243E+04 -1.190604E+04 1.309687E+05 6.180583E+01 1.303743E+02 5.576779E-64 -2.921997E+02 5.576779E-64 1.302823E+05 1.267462E+05 1.467127E+04 2.373769E+02 0.000000E+00 1.000000E+00
3.522000E+00 7.352816E+04 -1.152579E+04 1.307722E+05 6.210300E+01 1.301605E+02 2.051582E-64 -3.021432E+02 2.051582E-64 1.300883E+05 1.265856E+05 1.457875E+04 2.347512E+02 0.000000E+00 1.000000E+00
3.523000E+00 7.356467E+04 -1.114496E+04 1.305760E+05 6.241012E+01 1.299366E+02 7.547349E-65 -3.120822E+02 7.547349E-65 1.298946E+05 1.264252E+05 1.449288E+04 2.322200E+02 0.000000E+00 1.000000E+00
3.524000E+00 7.360192E+04 -1.076306E+04 1.303802E+05 6.272716E+01 1.297029E+02 2.776515E-65 -3.220080E+02 2.776515E-65 1.297013E+05 1.262650E+05 1.441415E+04 2.297912E+02 0.000000E+00 1.000000E+00
3.525000E+00 7.363989E+04 -1.038056E+04 1.301846E+05 6.305412E+01 1.294592E+02 1.021423E-65 -3.319120E+02 1.021423E-65 1.295083E+05 1.261049E+05 1.434210E+04 2.274570E+02 0.000000E+00 1.000000E+00
3.526000E+00 7.367854E+04 -9.997836E+03 1.299894E+05 6.339098E+01 1.292057E+02 3.757604E-66 -3.417858E+02 3.757604E-66 1.293156E+05 1.259449E+05 1.427636E+04 2.252113E+02 0.000000E+00 1.000000E+00
3.527000E+00 7.371782E+04 -9.614997E+03 1.297944E+05 6.373768E+01 1.289423E+02 1.382345E-66 -3.516212E+02 1.382345E-66 1.291233E+05 1.257850E+05 1.421683E+04 2.230522E+02 0.000000E+00 1.000000E+00
3.528000E+00 7.375771E+04 -9.232152E+03 1.295998E+05 6.409420E+01 1.286691E+02 5.085364E-67 -3.614102E+02 5.085364E-67 1.289312E+05 1.256252E+05 1.416339E+04 2.209777E+02 0.000000E+00 1.000000E+00
3.529000E+00 7.379817E+04 -8.848661E+03 1.294055E+05 6.446049E+01 1.283861E+02 1.870801E-67 -3.711448E+02 1.870801E-67 1.287395E+05 1.254655E+05 1.411669E+04 2.189976E+02 0.000000E+00 1.000000E+00
3.530000E+00 7.383914E+04 -8.465436E+03 1.292115E+05 6.483647E+01 1.280934E+02 6.882292E-68 -3.808173E+02 6.882292E-68 1.285481E+05 1.253059E+05 1.407581E+04 2.170971E+02 0.000000E+00 1.000000E+00
3.531000E+00 7.388060E+04 -8.082596E+03 1.290178E+05 6.522210E+01 1.277911E+02 2.531854E-68 -3.904201E+02 2.531854E-68 1.283570E+05 1.251464E+05 1.404063E+04 2.152741E+02 0.000000E+00 1.000000E+00
3.532000E+00 7.392249E+04 -7.700274E+03 1.288244E+05 6.561729E+01 1.274792E+02 9.314169E-69 -3.999460E+02 9.314169E-69 1.281662E+05 1.249868E+05 1.401101E+04 2.135262E+02 0.000000E+00 1.000000E+00
3.533000E+00 7.396477E+04 -7.318393E+03 1.286314E+05 6.602196E+01 1.271578E+02 3.426491E-69 -4.093878E+02 3.426491E-69 1.279757E+05 1.248274E+05 1.398701E+04 2.118539E+02 0.000000E+00 1.000000E+00
3.534000E+00 7.400740E+04 -6.936804E+03 1.284386E+05 6.643603E+01 1.268270E+02 1.260536E-69 -4.187386E+02 1.260536E-69 1.277856E+05 1.246679E+05 1.396878E+04 2.102590E+02 0.000000E+00 1.000000E+00
3.535000E+00 7.405032E+04 -6.556149E+03 1.282462E+05 6.685941E+01 1.264869E+02 4.637252E-70 -4.279916E+02 4.637252E-70 1.275957E+05 1.245084E+05 1.395566E+04 2.087314E+02 0.000000E+00 1.000000E+00
3.536000E+00 7.409349E+04 -6.176549E+03 1.280540E+05 6.729198E+01 1.261377E+02 1.705950E-70 -4.371402E+02 1.705950E-70 1.274062E+05 1.243489E+05 1.394751E+04 2.072685E+02 0.000000E+00 1.000000E+00
3.537000E+00 7.413686E+04 -5.798143E+03 1.278622E+05 6.773365E+01 1.257793E+02 6.275838E-71 -4.461783E+02 6.275838E-71 1.272170E+05 1.241894E+05 1.394418E+04 2.058678E+02 0.000000E+00 1.000000E+00
3.538000E+00 7.418037E+04 -5.420727E+03 1.276707E+05 6.818430E+01 1.254120E+02 2.308752E-71 -4.550996E+02 2.308752E-71 1.270281E+05 1.240299E+05 1.394585E+04 2.045317E+02 0.000000E+00 1.000000E+00
3.539000E+00 7.422398E+04 -5.044543E+03 1.274795E+05 6.864381E+01 1.250357E+02 8.493423E-72 -4.638983E+02 8.493423E-72 1.268395E+05 1.238702E+05 1.395226E+04 2.032560E+02 0.000000E+00 1.000000E+00
3.540000E+00 7.426763E+04 -4.669987E+03 1.272886E+05 6.911205E+01 1.246508E+02 3.124556E-72 -4.725687E+02 3.124556E-72 1.266512E+05 1.237105E+05 1.396300E+04 2.020342E+02 0.000000E+00 1.000000E+00
3.541000E+00 7.431126E+04 -4.297184E+03 1.270980E+05 6.958890E+01 1.242573E+02 1.149460E-72 -4.811053E+02 1.149460E-72 1.264633E+05 1.235507E+05 1.397790E+04 2.008639E+02 0.000000E+00 1.000000E+00
3.542000E+00 7.435483E+04 -3.926274E+03 1.269077E+05 7.007422E+01 1.238552E+02 4.228626E-73 -4.895031E+02 4.228626E-73 1.262756E+05 1.233908E+05 1.399680E+04 1.997426E+02 0.000000E+00 1.000000E+00
3.543000E+00 7.439827E+04 -3.556989E+03 1.267177E+05 7.056786E+01 1.234449E+02 1.555625E-73 -4.977569E+02 1.555625E-73 1.260883E+05 1.232308E+05 1.401995E+04 1.986733E+02 0.000000E+00 1.000000E+00
3.544000E+00 7.444153E+04 -3.189822E+03 1.265281E+05 7.106968E+01 1.230264E+02 5.722823E-74 -5.058620E+02 5.722823E-74 1.259012E+05 1.230707E+05 1.404680E+04 1.976483E+02 0.000000E+00 1.000000E+00
3.545000E+00 7.448456E+04 -2.824980E+03 1.263387E+05 7.157953E+01 1.225998E+02 2.105309E-74 -5.138139E+02 2.105309E-74 1.257145E+05 1.229104E+05 1.407714E+04 1.966643E+02 0.000000E+00 1.000000E+00
3.546000E+00 7.452729E+04 -2.462583E+03 1.261496E+05 7.209726E+01 1.221654E+02 7.744999E-75 -5.216082E+02 7.744999E-75 1.255280E+05 1.227499E+05 1.411078E+04 1.957187E+02 0.000000E+00 1.000000E+00
3.547000E+00 7.456966E+04 -2.102711E+03 1.259609E+05 7.262269E+01 1.217233E+02 2.849226E-75 -5.292411E+02 2.849226E-75 1.253419E+05 1.225893E+05 1.414763E+04 1.948100E+02 0.000000E+00 1.000000E+00
3.548000E+00 7.461163E+04 -1.745250E+03 1.257724E+05 7.315568E+01 1.212736E+02 1.048172E-75 -5.367084E+02 1.048172E-75 1.251560E+05 1.224284E+05 1.418775E+04 1.939391E+02 0.000000E+00 1.000000E+00
3.549000E+00 7.465313E+04 -1.390644E+03 1.255843E+05 7.369605E+01 1.208165E+02 3.856008E-76 -5.440068E+02 3.856008E-76 1.249705E+05 1.222674E+05 1.423065E+04 1.930992E+02 0.000000E+00 1.000000E+00
3.550000E+00 7.469410E+04 -1.039018E+03 1.253964E+05 7.424364E+01 1.203522E+02 1.418546E-76 -5.511327E+02 1.418546E-76 1.247852E+05 1.221061E+05 1.427617E+04 1.922881E+02 0.000000E+00 1.000000E+00
3.551000E+00 7.473448E+04 -6.904812E+02 1.252089E+05 7.479826E+01 1.198809E+02 5.218539E-77 -5.580830E+02 5.218539E-77 1.246003E+05 1.219447E+05 1.432415E+04 1.915038E+02 0.000000E+00 1.000000E+00
3.552000E+00 7.477422E+04 -3.450423E+02 1.250216E+05 7.535975E+01 1.194027E+02 1.919793E-77 -5.648549E+02 1.919793E-77 1.244157E+05 1.217829E+05 1.437453E+04 1.907455E+02 0.000000E+00 1.000000E+00
3.553000E+00 7.481326E+04 -2.794782E+00 1.248347E+05 7.592791E+01 1.189178E+02 7.062525E-78 -5.714455E+02 7.062525E-78 1.242313E+05 1.216210E+05 1.442718E+04 1.900115E+02 0.000000E+00 1.000000E+00
3.554000E+00 7.485154E+04 3.360055E+02 1.246481E+05 7.650258E+01 1.184265E+02 2.598158E-78 -5.778525E+02 2.598158E-78 1.240473E+05 1.214587E+05 1.448177E+04 1.892978E+02 0.000000E+00 1.000000E+00
3.555000E+00 7.488901E+04 6.712576E+02 1.244617E+05 7.708355E+01 1.179288E+02 9.558088E-79 -5.840734E+02 9.558088E-79 1.238635E+05 1.212962E+05 1.453817E+04 1.886027E+02 0.000000E+00 1.000000E+00
3.556000E+00 7.492561E+04 1.002871E+03 1.242757E+05 7.767066E+01 1.174250E+02 3.516224E-79 -5.901063E+02 3.516224E-79 1.236800E+05 1.211335E+05 1.459621E+04 1.879244E+02 0.000000E+00 1.000000E+00
3.557000E+00 7.496129E+04 1.330868E+03 1.240899E+05 7.826370E+01 1.169153E+02 1.293547E-79 -5.959493E+02 1.293547E-79 1.234969E+05 1.209704E+05 1.465588E+04 1.872628E+02 0.000000E+00 1.000000E+00
3.558000E+00 7.499599E+04 1.655075E+03 1.239045E+05 7.886249E+01 1.163998E+02 4.758692E-80 -6.016006E+02 4.758692E-80 1.233140E+05 1.208071E+05 1.471694E+04 1.866152E+02 0.000000E+00 1.000000E+00
3.559000E+00 7.502966E+04 1.975369E+03 1.237194E+05 7.946684E+01 1.158787E+02 1.750625E-80 -6.070589E+02 1.750625E-80 1.231314E+05 1.206434E+05 1.477920E+04 1.859795E+02 0.000000E+00 1.000000E+00
3.560000E+00 7.506225E+04 2.291678E+03 1.235345E+05 8.007655E+01 1.153523E+02 6.440189E-81 -6.123227E+02 6.440189E-81 1.229491E+05 1.204795E+05 1.484254E+04 1.853544E+02 0.000000E+00 1.000000E+00
3.561000E+00 7.509371E+04 2.603941E+03 1.233500E+05 8.069142E+01 1.148207E+02 2.369213E-81 -6.173911E+02 2.369213E-81 1.227670E+05 1.203153E+05 1.490683E+04 1.847387E+02 0.000000E+00 1.000000E+00
3.562000E+00 7.512400E+04 2.912186E+03 1.231657E+05 8.131126E+01 1.142842E+02 8.715848E-82 -6.222631E+02 8.715848E-82 1.225853E+05 1.201507E+05 1.497204E+04 1.841325E+02 0.000000E+00 1.000000E+00
3.563000E+00 7.515306E+04 3.216257E+03 1.229818E+05 8.193588E+01 1.137429E+02 3.206381E-82 -6.269379E+02 3.206381E-82 1.224038E+05 1.199859E+05 1.503795E+04 1.835332E+02 0.000000E+00 1.000000E+00
3.564000E+00 7.518086E+04 3.516114E+03 1.227981E+05 8.256507E+01 1.131970E+02 1.179562E-82 -6.314148E+02 1.179562E-82 1.222227E+05 1.198207E+05 1.510446E+04 1.829401E+02 0.000000E+00 1.000000E+00
3.565000E+00 7.520735E+04 3.811720E+03 1.226147E+05 8.319864E+01 1.126467E+02 4.339365E-83 -6.356935E+02 4.339365E-83 1.220418E+05 1.196553E+05 1.517147E+04 1.823524E+02 0.000000E+00 1.000000E+00
3.566000E+00 7.523250E+04 4.103062E+03 1.224317E+05 8.383639E+01 1.120923E+02 1.596363E-83 -6.397735E+02 1.596363E-83 1.218612E+05 1.194896E+05 1.523890E+04 1.817695E+02 0.000000E+00 1.000000E+00
3.567000E+00 7.525627E+04 4.390136E+03 1.222489E+05 8.447813E+01 1.115338E+02 5.872692E-84 -6.436548E+02 5.872692E-84 1.216809E+05 1.193235E+05 1.530667E+04 1.811909E+02 0.000000E+00 1.000000E+00
3.568000E+00 7.527861E+04 4.672888E+03 1.220664E+05 8.512364E+01 1.109716E+02 2.160443E-84 -6.473372E+02 2.160443E-84 1.215008E+05 1.191572E+05 1.537468E+04 1.806159E+02 0.000000E+00 1.000000E+00
3.569000E+00 7.529952E+04 4.951316E+03 1.218842E+05 8.577273E+01 1.104058E+02 7.947825E-85 -6.508207E+02 7.947825E-85 1.213210E+05 1.189906E+05 1.544285E+04 1.800439E+02 0.000000E+00 1.000000E+00
3.570000E+00 7.531894E+04 5.225421E+03 1.217023E+05 8.642521E+01 1.098366E+02 2.923841E-85 -6.541057E+02 2.923841E-85 1.211415E+05 1.188238E+05 1.551113E+04 1.794746E+02 0.000000E+00 1.000000E+00
3.571000E+00 7.533686E+04 5.495233E+03 1.215207E+05 8.708088E+01 1.092643E+02 1.075621E-85 -6.571922E+02 1.075621E-85 1.209623E+05 1.186566E+05 1.557947E+04 1.789081E+02 0.000000E+00 1.000000E+00
3.572000E+00 7.535326E+04 5.760762E+03 1.213394E+05 8.773953E+01 1.086889E+02 3.956989E-86 -6.600806E+02 3.956989E-86 1.207834E+05 1.184892E+05 1.564783E+04 1.783441E+02 0.000000E+00 1.000000E+00
3.573000E+00 7.536811E+04 6.022022E+03 1.211584E+05 8.840097E+01 1.081108E+02 1.455695E-86 -6.627714E+02 1.455695E-86 1.206047E+05 1.183216E+05 1.571615E+04 1.777825E+02 0.000000E+00 1.000000E+00
3.574000E+00 7.538139E+04 6.279044E+03 1.209777E+05 8.906501E+01 1.075300E+02 5.355202E-87 -6.652651E+02 5.355202E-87 1.204263E+05 1.181537E+05 1.578440E+04 1.772233E+02 0.000000E+00 1.000000E+00
3.575000E+00 7.539311E+04 6.531869E+03 1.207972E+05 8.973144E+01 1.069469E+02 1.970069E-87 -6.675622E+02 1.970069E-87 1.202482E+05 1.179857E+05 1.585255E+04 1.766667E+02 0.000000E+00 1.000000E+00
3.576000E+00 7.540323E+04 6.780575E+03 1.206171E+05 9.040007E+01 1.063616E+02 7.247478E-88 -6.696633E+02 7.247478E-88 1.200703E+05 1.178174E+05 1.592064E+04 1.761131E+02 0.000000E+00 1.000000E+00
3.577000E+00 7.541176E+04 7.025194E+03 1.204372E+05 9.107070E+01 1.057743E+02 2.666198E-88 -6.715692E+02 2.666198E-88 1.198927E+05 1.176489E+05 1.598862E+04 1.755627E+02 0.000000E+00 1.000000E+00
3.578000E+00 7.541868E+04 7.265779E+03 1.202576E+05 9.174314E+01 1.051851E+02 9.808395E-89 -6.732804E+02 9.808395E-89 1.197154E+05 1.174803E+05 1.605649E+04 1.750157E+02 0.000000E+00 1.000000E+00
3.579000E+00 7.542401E+04 7.502394E+03 1.200783E+05 9.241720E+01 1.045944E+02 3.608307E-89 -6.747977E+02 3.608307E-89 1.195384E+05 1.173115E+05 1.612425E+04 1.744724E+02 0.000000E+00 1.000000E+00
3.580000E+00 7.542774E+04 7.735118E+03 1.198993E+05 9.309267E+01 1.040022E+02 1.327422E-89 -6.761219E+02 1.327422E-89 1.193616E+05 1.171426E+05 1.619193E+04 1.739335E+02 0.000000E+00 1.000000E+00
3.581000E+00 7.542987E+04 7.964078E+03 1.197206E+05 9.376938E+01 1.034088E+02 4.883312E-90 -6.772537E+02 4.883312E-90 1.191851E+05 1.169736E+05 1.625960E+04 1.733999E+02 0.000000E+00 1.000000E+00
3.582000E+00 7.543041E+04 8.189306E+03 1.195422E+05 9.444712E+01 1.028143E+02 1.796470E-90 -6.781939E+02 1.796470E-90 1.190088E+05 1.168045E+05 1.632723E+04 1.728717E+02 0.000000E+00 1.000000E+00
3.583000E+00 7.542938E+04 8.410882E+03 1.193640E+05 9.512570E+01 1.022191E+02 6.608845E-91 -6.789433E+02 6.608845E-91 1.188328E+05 1.166353E+05 1.639485E+04 1.723493E+02 0.000000E+00 1.000000E+00
3.584000E+00 7.542678E+04 8.628894E+03 1.191861E+05 9.580494E+01 1.016231E+02 2.431258E-91 -6.795027E+02 2.431258E-91 1.186571E+05 1.164661E+05 1.646250E+04 1.718335E+02 0.000000E+00 1.000000E+00
3.585000E+00 7.542263E+04 8.843478E+03 1.190085E+05 9.648464E+01 1.010267E+02 8.944099E-92 -6.798728E+02 8.944099E-92 1.184817E+05 1.162968E+05 1.653025E+04 1.713252E+02 0.000000E+00 1.000000E+00
3.586000E+00 7.541696E+04 9.054753E+03 1.188312E+05 9.716462E+01 1.004300E+02 3.290350E-92 -6.800543E+02 3.290350E-92 1.183065E+05 1.161275E+05 1.659818E+04 1.708254E+02 0.000000E+00 1.000000E+00
3.587000E+00 7.540978E+04 9.262757E+03 1.186542E+05 9.784469E+01 9.983327E+01 1.210452E-92 -6.800481E+02 1.210452E-92 1.181315E+05 1.159582E+05 1.666628E+04 1.703341E+02 0.000000E+00 1.000000E+00
3.588000E+00 7.540112E+04 9.467581E+03 1.184775E+05 9.852466E+01 9.923660E+01 4.453005E-93 -6.798549E+02 4.453005E-93 1.179568E+05 1.157890E+05 1.673460E+04 1.698519E+02 0.000000E+00 1.000000E+00
3.589000E+00 7.539099E+04 9.669323E+03 1.183010E+05 9.920434E+01 9.864022E+01 1.638169E-93 -6.794753E+02 1.638169E-93 1.177824E+05 1.156198E+05 1.680319E+04 1.693795E+02 0.000000E+00 1.000000E+00
3.590000E+00 7.537944E+04 9.868195E+03 1.181248E+05 9.988354E+01 9.804431E+01 6.026486E-94 -6.789100E+02 6.026486E-94 1.176083E+05 1.154507E+05 1.687220E+04 1.689188E+02 0.000000E+00 1.000000E+00
3.591000E+00 7.536649E+04 1.006424E+04 1.179489E+05 1.005621E+02 9.744906E+01 2.217020E-94 -6.781597E+02 2.217020E-94 1.174344E+05 1.152817E+05 1.694166E+04 1.684696E+02 0.000000E+00 1.000000E+00
3.592000E+00 7.535217E+04 1.025750E+04 1.177733E+05 1.012398E+02 9.685465E+01 8.155962E-95 -6.772250E+02 8.155962E-95 1.172607E+05 1.151128E+05 1.701156E+04 1.680323E+02 0.000000E+00 1.000000E+00
3.593000E+00 7.533651E+04 1.044808E+04 1.175979E+05 1.019165E+02 9.626127E+01 3.000411E-95 -6.761064E+02 3.000411E-95 1.170874E+05 1.149441E+05 1.708195E+04 1.676074E+02 0.000000E+00 1.000000E+00
3.594000E+00 7.531955E+04 1.063606E+04 1.174228E+05 1.025920E+02 9.566910E+01 1.103789E-95 -6.748047E+02 1.103789E-95 1.169142E+05 1.147755E+05 1.715290E+04 1.671954E+02 0.000000E+00 1.000000E+00
3.595000E+00 7.530133E+04 1.082174E+04 1.172480E+05 1.032660E+02 9.507832E+01 4.060615E-96 -6.733203E+02 4.060615E-96 1.167414E+05 1.146071E+05 1.722466E+04 1.667989E+02 0.000000E+00 1.000000E+00
3.596000E+00 7.528187E+04 1.100501E+04 1.170735E+05 1.039385E+02 9.448912E+01 1.493817E-96 -6.716537E+02 1.493817E-96 1.165688E+05 1.144389E+05 1.729709E+04 1.664166E+02 0.000000E+00 1.000000E+00
3.597000E+00 7.526122E+04 1.118596E+04 1.168993E+05 1.046093E+02 9.390168E+01 5.495444E-97 -6.698054E+02 5.495444E-97 1.163964E+05 1.142708E+05 1.737024E+04 1.660487E+02 0.000000E+00 1.000000E+00
3.598000E+00 7.523942E+04 1.136465E+04 1.167253E+05 1.052781E+02 9.331617E+01 2.021661E-97 -6.677760E+02 2.021661E-97 1.162243E+05 1.141031E+05 1.744414E+04 1.656959E+02 0.000000E+00 1.000000E+00
3.599000E+00 7.521650E+04 1.154123E+04 1.165516E+05 1.059448E+02 9.273278E+01 7.437275E-98 -6.655660E+02 7.437275E-98 1.160525E+05 1.139355E+05 1.751892E+04 1.653590E+02 0.000000E+00 1.000000E+00
3.600000E+00 7.519249E+04 1.171587E+04 1.163782E+05 1.066092E+02 9.215170E+01 2.736021E-98 -6.631757E+02 2.736021E-98 1.158809E+05 1.137683E+05 1.759471E+04 1.650394E+02 0.000000E+00 1.000000E+00
3.601000E+00 7.516744E+04 1.188847E+04 1.162050E+05 1.072711E+02 9.157309E+01 1.006526E-98 -6.606057E+02 1.006526E-98 1.157096E+05 1.136013E+05 1.767138E+04 1.647357E+02 0.000000E+00 1.000000E+00
3.602000E+00 7.514139E+04 1.205908E+04 1.160321E+05 1.079303E+02 9.099715E+01 3.702801E-99 -6.578564E+02 3.702801E-99 1.155385E+05 1.134345E+05 1.774894E+04 1.644482E+02 0.000000E+00 1.000000E+00
3.603000E+00 7.511436E+04 1.222774E+04 1.158595E+05 1.085867E+02 9.042404E+01 1.362184E-99 -6.549283E+02 1.362184E-99 1.153677E+05 1.132681E+05 1.782744E+04 1.641770E+02 0.000000E+00 1.000000E+00
3.604000E+00 7.508640E+04 1.239465E+04 1.156871E+05 1.092401E+02 8.985395E+01 0.000000E+00 -6.518219E+02 0.000000E+00 1.151971E+05 1.131020E+05 1.790702E+04 1.639235E+02 0.000000E+00 1.000000E+00
3.605000E+00 7.505753E+04 1.255981E+04 1.155151E+05 1.098903E+02 8.928706E+01 0.000000E+00 -6.485377E+02 0.000000E+00 1.150268E+05 1.129362E+05 1.798766E+04 1.636874E+02 0.000000E+00 1.000000E+00
3.606000E+00 7.502779E+04 1.272313E+04 1.153433E+05 1.105371E+02 8.872353E+01 0.000000E+00 -6.450763E+02 0.000000E+00 1.148567E+05 1.127707E+05 1.806925E+04 1.634677E+02 0.000000E+00 1.000000E+00
3.607000E+00 7.499721E+04 1.288463E+04 1.151717E+05 1.111804E+02 8.816356E+01 0.000000E+00 -6.414382E+02 0.000000E+00 1.146869E+05 1.126055E+05 1.815178E+04 1.632642E+02 0.000000E+00 1.000000E+00
3.608000E+00 7.496582E+04 1.304431E+04 1.150005E+05 1.118199E+02 8.760732E+01 0.000000E+00 -6.376240E+02 0.000000E+00 1.145174E+05 1.124406E+05 1.823523E+04 1.630768E+02 0.000000E+00 1.000000E+00
3.609000E+00 7.493364E+04 1.320242E+04 1.148295E+05 1.124556E+02 8.705497E+01 0.000000E+00 -6.336345E+02 0.000000E+00 1.143481E+05 1.122761E+05 1.831982E+04 1.629072E+02 0.000000E+00 1.000000E+00
3.610000E+00 7.490071E+04 1.335875E+04 1.146587E+05 1.130871E+02 8.650671E+01 0.000000E+00 -6.294702E+02 0.000000E+00 1.141790E+05 1.121119E+05 1.840531E+04 1.627534E+02 0.000000E+00 1.000000E+00
3.611000E+00 7.486703E+04 1.351325E+04 1.144883E+05 1.137145E+02 8.596269E+01 0.000000E+00 -6.251322E+02 0.000000E+00 1.140103E+05 1.119480E+05 1.849164E+04 1.626147E+02 0.000000E+00 1.000000E+00
3.612000E+00 7.483264E+04 1.366591E+04 1.143180E+05 1.143374E+02 8.542310E+01 0.000000E+00 -6.206211E+02 0.000000E+00 1.138417E+05 1.117844E+05 1.857876E+04 1.624907E+02 0.000000E+00 1.000000E+00
3.613000E+00 7.479755E+04 1.381672E+04 1.141481E+05 1.149556E+02 8.488811E+01 0.000000E+00 -6.159380E+02 0.000000E+00 1.136734E+05 1.116211E+05 1.866665E+04 1.623813E+02 0.000000E+00 1.000000E+00
3.614000E+00 7.476178E+04 1.396583E+04 1.139784E+05 1.155692E+02 8.435788E+01 0.000000E+00 -6.110839E+02 0.000000E+00 1.135054E+05 1.114582E+05 1.875540E+04 1.622872E+02 0.000000E+00 1.000000E+00
3.615000E+00 7.472533E+04 1.411298E+04 1.138090E+05 1.161778E+02 8.383259E+01 0.000000E+00 -6.060599E+02 0.000000E+00 1.133376E+05 1.112955E+05 1.884475E+04 1.622061E+02 0.000000E+00 1.000000E+00
3.616000E+00 7.468822E+04 1.425812E+04 1.136399E+05 1.167812E+02 8.331242E+01 0.000000E+00 -6.008673E+02 0.000000E+00 1.131701E+05 1.111331E+05 1.893461E+04 1.621374E+02 0.000000E+00 1.000000E+00
3.617000E+00 7.465045E+04 1.440120E+04 1.134710E+05 1.173794E+02 8.279752E+01 0.000000E+00 -5.955075E+02 0.000000E+00 1.130028E+05 1.109710E+05 1.902490E+04 1.620803E+02 0.000000E+00 1.000000E+00
3.618000E+00 7.461202E+04 1.454224E+04 1.133024E+05 1.179722E+02 8.228806E+01 0.000000E+00 -5.899819E+02 0.000000E+00 1.128358E+05 1.108092E+05 1.911561E+04 1.620349E+02 0.000000E+00 1.000000E+00
3.619000E+00 7.457294E+04 1.468117E+04 1.131340E+05 1.185593E+02 8.178421E+01 0.000000E+00 -5.842922E+02 0.000000E+00 1.126690E+05 1.106476E+05 1.920665E+04 1.620003E+02 0.000000E+00 1.000000E+00
3.620000E+00 7.453321E+04 1.481783E+04 1.129659E+05 1.191407E+02 8.128613E+01 0.000000E+00 -5.784400E+02 0.000000E+00 1.125025E+05 1.104863E+05 1.929781E+04 1.619749E+02 0.000000E+00 1.000000E+00
3.621000E+00 7.449281E+04 1.495214E+04 1.127981E+05 1.197162E+02 8.079398E+01 0.000000E+00 -5.724273E+02 0.000000E+00 1.123362E+05 1.103252E+05 1.938898E+04 1.619579E+02 0.000000E+00 1.000000E+00
3.622000E+00 7.445175E+04 1.508401E+04 1.126305E+05 1.202855E+02 8.030792E+01 0.000000E+00 -5.662561E+02 0.000000E+00 1.121702E+05 1.101643E+05 1.948004E+04 1.619483E+02 0.000000E+00 1.000000E+00
3.623000E+00 7.441000E+04 1.521344E+04 1.124632E+05 1.208486E+02 7.982812E+01 0.000000E+00 -5.599286E+02 0.000000E+00 1.120044E+05 1.100035E+05 1.957094E+04 1.619459E+02 0.000000E+00 1.000000E+00
3.624000E+00 7.436755E+04 1.534028E+04 1.122962E+05 1.214053E+02 7.935472E+01 0.000000E+00 -5.534470E+02 0.000000E+00 1.118389E+05 1.098430E+05 1.966150E+04 1.619492E+02 0.000000E+00 1.000000E+00
3.625000E+00 7.432440E+04 1.546439E+04 1.121294E+05 1.219555E+02 7.888788E+01 0.000000E+00 -5.468138E+02 0.000000E+00 1.116736E+05 1.096826E+05 1.975155E+04 1.619570E+02 0.000000E+00 1.000000E+00
3.626000E+00 7.428051E+04 1.558570E+04 1.119628E+05 1.224989E+02 7.842774E+01 0.000000E+00 -5.400318E+02 0.000000E+00 1.115085E+05 1.095223E+05 1.984096E+04 1.619684E+02 0.000000E+00 1.000000E+00
3.627000E+00 7.423587E+04 1.570411E+04 1.117965E+05 1.230355E+02 7.797446E+01 0.000000E+00 -5.331037E+02 0.000000E+00 1.113437E+05 1.093622E+05 1.992959E+04 1.619824E+02 0.000000E+00 1.000000E+00
3.628000E+00 7.419046E+04 1.581954E+04 1.116305E+05 1.235651E+02 7.752818E+01 0.000000E+00 -5.260324E+02 0.000000E+00 1.111792E+05 1.092021E+05 2.001732E+04 1.619982E+02 0.000000E+00 1.000000E+00
3.629000E+00 7.414424E+04 1.593187E+04 1.114648E+05 1.240875E+02 7.708904E+01 0.000000E+00 -5.188210E+02 0.000000E+00 1.110149E+05 1.090421E+05 2.010398E+04 1.620145E+02 0.000000E+00 1.000000E+00
3.630000E+00 7.409719E+04 1.604099E+04 1.112992E+05 1.246027E+02 7.665718E+01 0.000000E+00 -5.114729E+02 0.000000E+00 1.108508E+05 1.088822E+05 2.018941E+04 1.620303E+02 0.000000E+00 1.000000E+00
3.631000E+00 7.404928E+04 1.614682E+04 1.111340E+05 1.251104E+02 7.623274E+01 0.000000E+00 -5.039915E+02 0.000000E+00 1.106870E+05 1.087223E+05 2.027349E+04 1.620448E+02 0.000000E+00 1.000000E+00
3.632000E+00 7.400048E+04 1.624926E+04 1.109690E+05 1.256106E+02 7.581584E+01 0.000000E+00 -4.963804E+02 0.000000E+00 1.105235E+05 1.085625E+05 2.035606E+04 1.620569E+02 0.000000E+00 1.000000E+00
3.633000E+00 7.395075E+04 1.634818E+04 1.108042E+05 1.261031E+02 7.540662E+01 0.000000E+00 -4.886432E+02 0.000000E+00 1.103601E+05 1.084026E+05 2.043695E+04 1.620653E+02 0.000000E+00 1.000000E+00
3.634000E+00 7.390007E+04 1.644354E+04 1.106398E+05 1.265879E+02 7.500520E+01 0.000000E+00 -4.807840E+02 0.000000E+00 1.101971E+05 1.082428E+05 2.051604E+04 1.620696E+02 0.000000E+00 1.000000E+00
3.635000E+00 7.384840E+04 1.653526E+04 1.104755E+05 1.270647E+02 7.461169E+01 0.000000E+00 -4.728067E+02 0.000000E+00 1.100342E+05 1.080828E+05 2.059321E+04 1.620688E+02 0.000000E+00 1.000000E+00
3.636000E+00 7.379570E+04 1.662327E+04 1.103115E+05 1.275334E+02 7.422622E+01 0.000000E+00 -4.647156E+02 0.000000E+00 1.098716E+05 1.079229E+05 2.066834E+04 1.620621E+02 0.000000E+00 1.000000E+00
3.637000E+00 7.374195E+04 1.670742E+04 1.101478E+05 1.279941E+02 7.384890E+01 0.000000E+00 -4.565149E+02 0.000000E+00 1.097093E+05 1.077629E+05 2.074123E+04 1.620484E+02 0.000000E+00 1.000000E+00
3.638000E+00 7.368709E+04 1.678767E+04 1.099843E+05 1.284464E+02 7.347983E+01 0.000000E+00 -4.482091E+02 0.000000E+00 1.095471E+05 1.076028E+05 2.081175E+04 1.620267E+02 0.000000E+00 1.000000E+00
3.639000E+00 7.363111E+04 1.686403E+04 1.098211E+05 1.288904E+02 7.311911E+01 0.000000E+00 -4.398027E+02 0.000000E+00 1.093853E+05 1.074426E+05 2.087987E+04 1.619970E+02 0.000000E+00 1.000000E+00
3.640000E+00 7.357396E+04 1.693643E+04 1.096581E+05 1.293260E+02 7.276686E+01 0.000000E+00 -4.313005E+02 0.000000E+00 1.092236E+05 1.072823E+05 2.094547E+04 1.619587E+02 0.000000E+00 1.000000E+00
3.641000E+00 7.351562E+04 1.700487E+04 1.094954E+05 1.297530E+02 7.242314E+01 0.000000E+00 -4.227071E+02 0.000000E+00 1.090622E+05 1.071219E+05 2.100846E+04 1.619112E+02 0.000000E+00 1.000000E+00
3.642000E+00 7.345604E+04 1.706913E+04 1.093329E+05 1.301714E+02 7.208807E+01 0.000000E+00 -4.140275E+02 0.000000E+00 1.089010E+05 1.069614E+05 2.106859E+04 1.618527E+02 0.000000E+00 1.000000E+00
3.643000E+00 7.339521E+04 1.712932E+04 1.091707E+05 1.305810E+02 7.176172E+01 0.000000E+00 -4.052666E+02 0.000000E+00 1.087401E+05 1.068008E+05 2.112590E+04 1.617838E+02 0.000000E+00 1.000000E+00
3.644000E+00 7.333309E+04 1.718548E+04 1.090087E+05 1.309819E+02 7.144416E+01 0.000000E+00 -3.964293E+02 0.000000E+00 1.085794E+05 1.066400E+05 2.118035E+04 1.617044E+02 0.000000E+00 1.000000E+00
3.645000E+00 7.326965E+04 1.723759E+04 1.088470E+05 1.313739E+02 7.113548E+01 0.000000E+00 -3.875209E+02 0.000000E+00 1.084189E+05 1.064791E+05 2.123189E+04 1.616142E+02 0.000000E+00 1.000000E+00
3.646000E+00 7.320487E+04 1.728565E+04 1.086855E+05 1.317569E+02 7.083574E+01 0.000000E+00 -3.785463E+02 0.000000E+00 1.082587E+05 1.063181E+05 2.128043E+04 1.615128E+02 0.000000E+00 1.000000E+00
3.647000E+00 7.313872E+04 1.732951E+04 1.085243E+05 1.321309E+02 7.054501E+01 0.000000E+00 -3.695107E+02 0.000000E+00 1.080987E+05 1.061570E+05 2.132577E+04 1.613987E+02 0.000000E+00 1.000000E+00
3.648000E+00 7.307120E+04 1.736939E+04 1.083633E+05 1.324959E+02 7.026334E+01 0.000000E+00 -3.604193E+02 0.000000E+00 1.079389E+05 1.059957E+05 2.136807E+04 1.612734E+02 0.000000E+00 1.000000E+00
3.649000E+00 7.300227E+04 1.740533E+04 1.082026E+05 1.328518E+02 6.999079E+01 0.000000E+00 -3.512773E+02 0.000000E+00 1.077794E+05 1.058343E+05 2.140731E+04 1.611368E+02 0.000000E+00 1.000000E+00
3.650000E+00 7.293192E+04 1.743739E+04 1.080421E+05 1.331985E+02 6.972740E+01 0.000000E+00 -3.420899E+02 0.000000E+00 1.076200E+05 1.056727E+05 2.144350E+04 1.609891E+02 0.000000E+00 1.000000E+00
3.651000E+00 7.286015E+04 1.746554E+04 1.078818E+05 1.335359E+02 6.947322E+01 0.000000E+00 -3.328622E+02 0.000000E+00 1.074609E+05 1.055111E+05 2.147653E+04 1.608296E+02 0.000000E+00 1.000000E+00
3.652000E+00 7.278694E+04 1.748983E+04 1.077218E+05 1.338642E+02 6.922829E+01 0.000000E+00 -3.235993E+02 0.000000E+00 1.073021E+05 1.053494E+05 2.150640E+04 1.606584E+02 0.000000E+00 1.000000E+00
3.653000E+00 7.271230E+04 1.751045E+04 1.075621E+05 1.341831E+02 6.899263E+01 0.000000E+00 -3.143064E+02 0.000000E+00 1.071434E+05 1.051876E+05 2.153326E+04 1.604767E+02 0.000000E+00 1.000000E+00
3.654000E+00 7.263622E+04 1.752752E+04 1.074026E+05 1.344928E+02 6.876628E+01 0.000000E+00 -3.049884E+02 0.000000E+00 1.069850E+05 1.050257E+05 2.155716E+04 1.602849E+02 0.000000E+00 1.000000E+00
3.655000E+00 7.255870E+04 1.754112E+04 1.072433E+05 1.347931E+02 6.854926E+01 0.000000E+00 -2.956503E+02 0.000000E+00 1.068269E+05 1.048637E+05 2.157814E+04 1.600834E+02 0.000000E+00 1.000000E+00
3.656000E+00 7.247976E+04 1.755124E+04 1.070843E+05 1.350841E+02 6.834159E+01 0.000000E+00 -2.862970E+02 0.000000E+00 1.066689E+05 1.047017E+05 2.159614E+04 1.598718E+02 0.000000E+00 1.000000E+00
3.657000E+00 7.239940E+04 1.755811E+04 1.069255E+05 1.353657E+02 6.814327E+01 0.000000E+00 -2.769333E+02 0.000000E+00 1.065112E+05 1.045397E+05 2.161131E+04 1.596514E+02 0.000000E+00 1.000000E+00
3.658000E+00 7.231764E+04 1.756188E+04 1.067669E+05 1.356379E+02 6.795432E+01 0.000000E+00 -2.675638E+02 0.000000E+00 1.063536E+05 1.043777E+05 2.162381E+04 1.594230E+02 0.000000E+00 1.000000E+00
3.659000E+00 7.223450E+04 1.756272E+04 1.066086E+05 1.359008E+02 6.777474E+01 0.000000E+00 -2.581932E+02 0.000000E+00 1.061963E+05 1.042157E+05 2.163370E+04 1.591874E+02 0.000000E+00 1.000000E+00
3.660000E+00 7.215000E+04 1.756074E+04 1.064505E+05 1.361543E+02 6.760454E+01 0.000000E+00 -2.488258E+02 0.000000E+00 1.060393E+05 1.040537E+05 2.164111E+04 1.589454E+02 0.000000E+00 1.000000E+00
3.661000E+00 7.206417E+04 1.755601E+04 1.062927E+05 1.363985E+02 6.744369E+01 0.000000E+00 -2.394660E+02 0.000000E+00 1.058824E+05 1.038919E+05 2.164603E+04 1.586970E+02 0.000000E+00 1.000000E+00
3.662000E+00 7.197703E+04 1.754881E+04 1.061351E+05 1.366333E+02 6.729220E+01 0.000000E+00 -2.301180E+02 0.000000E+00 1.057258E+05 1.037301E+05 2.164871E+04 1.584440E+02 0.000000E+00 1.000000E+00
3.663000E+00 7.188864E+04 1.753931E+04 1.059778E+05 1.368587E+02 6.715005E+01 0.000000E+00 -2.207856E+02 0.000000E+00 1.055694E+05 1.035684E+05 2.164929E+04 1.581872E+02 0.000000E+00 1.000000E+00
3.664000E+00 7.179901E+04 1.752765E+04 1.058206E+05 1.370748E+02 6.701722E+01 0.000000E+00 -2.114728E+02 0.000000E+00 1.054132E+05 1.034069E+05 2.164789E+04 1.579275E+02 0.000000E+00 1.000000E+00
3.665000E+00 7.170821E+04 1.751402E+04 1.056638E+05 1.372817E+02 6.689370E+01 0.000000E+00 -2.021832E+02 0.000000E+00 1.052572E+05 1.032456E+05 2.164465E+04 1.576660E+02 0.000000E+00 1.000000E+00
3.666000E+00 7.161626E+04 1.749859E+04 1.055071E+05 1.374792E+02 6.677945E+01 0.000000E+00 -1.929203E+02 0.000000E+00 1.051015E+05 1.030844E+05 2.163973E+04 1.574036E+02 0.000000E+00 1.000000E+00
3.667000E+00 7.152323E+04 1.748157E+04 1.053507E+05 1.376675E+02 6.667445E+01 0.000000E+00 -1.836874E+02 0.000000E+00 1.049460E+05 1.029235E+05 2.163330E+04 1.571417E+02 0.000000E+00 1.000000E+00
3.668000E+00 7.142916E+04 1.746313E+04 1.051945E+05 1.378466E+02 6.657866E+01 0.000000E+00 -1.744876E+02 0.000000E+00 1.047906E+05 1.027629E+05 2.162552E+04 1.568811E+02 0.000000E+00 1.000000E+00
3.669000E+00 7.133410E+04 1.744344E+04 1.050386E+05 1.380165E+02 6.649206E+01 0.000000E+00 -1.653239E+02 0.000000E+00 1.046355E+05 1.026026E+05 2.161656E+04 1.566230E+02 0.000000E+00 1.000000E+00
3.670000E+00 7.123813E+04 1.742275E+04 1.048829E+05 1.381773E+02 6.641460E+01 0.000000E+00 -1.561989E+02 0.000000E+00 1.044807E+05 1.024425E+05 2.160661E+04 1.563688E+02 0.000000E+00 1.000000E+00
3.671000E+00 7.114129E+04 1.740122E+04 1.047274E+05 1.383289E+02 6.634625E+01 0.000000E+00 -1.471153E+02 0.000000E+00 1.043260E+05 1.022829E+05 2.159587E+04 1.561197E+02 0.000000E+00 1.000000E+00
3.672000E+00 7.104365E+04 1.737902E+04 1.045722E+05 1.384715E+02 6.628696E+01 0.000000E+00 -1.380753E+02 0.000000E+00 1.041716E+05 1.021236E+05 2.158446E+04 1.558766E+02 0.000000E+00 1.000000E+00
3.673000E+00 7.094528E+04 1.735630E+04 1.044172E+05 1.386051E+02 6.623668E+01 0.000000E+00 -1.290811E+02 0.000000E+00 1.040173E+05 1.019647E+05 2.157255E+04 1.556404E+02 0.000000E+00 1.000000E+00
3.674000E+00 7.084623E+04 1.733323E+04 1.042624E+05 1.387297E+02 6.619538E+01 0.000000E+00 -1.201347E+02 0.000000E+00 1.038633E+05 1.018062E+05 2.156029E+04 1.554122E+02 0.000000E+00 1.000000E+00
3.675000E+00 7.074658E+04 1.731014E+04 1.041079E+05 1.388454E+02 6.616300E+01 0.000000E+00 -1.112378E+02 0.000000E+00 1.037096E+05 1.016482E+05 2.154802E+04 1.551944E+02 0.000000E+00 1.000000E+00
3.676000E+00 7.064641E+04 1.728709E+04 1.039536E+05 1.389522E+02 6.613948E+01 0.000000E+00 -1.023919E+02 0.000000E+00 1.035560E+05 1.014907E+05 2.153579E+04 1.549871E+02 0.000000E+00 1.000000E+00
3.677000E+00 7.054576E+04 1.726419E+04 1.037995E+05 1.390502E+02 6.612479E+01 0.000000E+00 -9.359857E+01 0.000000E+00 1.034026E+05 1.013337E+05 2.152372E+04 1.547911E+02 0.000000E+00 1.000000E+00
3.678000E+00 7.044472E+04 1.724158E+04 1.036457E+05 1.391394E+02 6.611887E+01 0.000000E+00 -8.485888E+01 0.000000E+00 1.032495E+05 1.011773E+05 2.151196E+04 1.546073E+02 0.000000E+00 1.000000E+00
3.679000E+00 7.034336E+04 1.721944E+04 1.034920E+05 1.392199E+02 6.612166E+01 0.000000E+00 -7.617391E+01 0.000000E+00 1.030966E+05 1.010214E+05 2.150069E+04 1.544369E+02 0.000000E+00 1.000000E+00
3.680000E+00 7.024174E+04 1.719811E+04 1.033387E+05 1.392918E+02 6.613310E+01 0.000000E+00 -6.754451E+01 0.000000E+00 1.029439E+05 1.008660E+05 2.149028E+04 1.542825E+02 0.000000E+00 1.000000E+00
3.681000E+00 7.013994E+04 1.717749E+04 1.031855E+05 1.393550E+02 6.615315E+01 0.000000E+00 -5.897138E+01 0.000000E+00 1.027914E+05 1.007113E+05 2.148061E+04 1.541431E+02 0.000000E+00 1.000000E+00
3.682000E+00 7.003801E+04 1.715767E+04 1.030326E+05 1.394097E+02 6.618174E+01 0.000000E+00 -5.045510E+01 0.000000E+00 1.026392E+05 1.005571E+05 2.147181E+04 1.540195E+02 0.000000E+00 1.000000E+00
3.683000E+00 6.993604E+04 1.713876E+04 1.028799E+05 1.394559E+02 6.621882E+01 0.000000E+00 -4.199610E+01 0.000000E+00 1.024871E+05 1.004036E+05 2.146399E+04 1.539123E+02 0.000000E+00 1.000000E+00
3.684000E+00 6.983407E+04 1.712099E+04 1.027274E+05 1.394937E+02 6.626433E+01 0.000000E+00 -3.359468E+01 0.000000E+00 1.023353E+05 1.002507E+05 2.145740E+04 1.538234E+02 0.000000E+00 1.000000E+00
3.685000E+00 6.973219E+04 1.710451E+04 1.025751E+05 1.395231E+02 6.631821E+01 0.000000E+00 -2.525099E+01 0.000000E+00 1.021837E+05 1.000984E+05 2.145222E+04 1.537538E+02 0.000000E+00 1.000000E+00
3.686000E+00 6.963044E+04 1.708917E+04 1.024231E+05 1.395442E+02 6.638041E+01 0.000000E+00 -1.696510E+01 0.000000E+00 1.020323E+05 9.994684E+04 2.144831E+04 1.537025E+02 0.000000E+00 1.000000E+00
3.687000E+00 6.952888E+04 1.707503E+04 1.022713E+05 1.395571E+02 6.645086E+01 0.000000E+00 -8.737001E+00 0.000000E+00 1.018812E+05 9.979588E+04 2.144574E+04 1.536700E+02 0.000000E+00 1.000000E+00
3.688000E+00 6.942757E+04 1.706212E+04 1.021197E+05 1.395617E+02 6.652952E+01 0.000000E+00 -5.666009E-01 0.000000E+00 1.017302E+05 9.964558E+04 2.144458E+04 1.536566E+02 0.000000E+00 1.000000E+00
3.689000E+00 6.932657E+04 1.705131E+04 1.019684E+05 1.395618E+02 6.661280E+01 0.000000E+00 1.331185E-02 0.000000E+00 1.015795E+05 9.949594E+04 2.144571E+04 1.536646E+02 0.000000E+00 0.000000E+00
3.690000E+00 6.922596E+04 1.704311E+04 1.018173E+05 1.395618E+02 6.669610E+01 0.000000E+00 4.897156E-03 0.000000E+00 1.014290E+05 9.934698E+04 2.144968E+04 1.536931E+02 0.000000E+00 0.000000E+00
3.691000E+00 6.912581E+04 1.703740E+04 1.016664E+05 1.395618E+02 6.677940E+01 0.000000E+00 1.801563E-03 0.000000E+00 1.012787E+05 9.919873E+04 2.145641E+04 1.537413E+02 0.000000E+00 0.000000E+00
3.692000E+00 6.902621E+04 1.703413E+04 1.015157E+05 1.395618E+02 6.686270E+01 0.000000E+00 6.627580E-04 0.000000E+00 1.011287E+05 9.905121E+04 2.146589E+04 1.538092E+02 0.000000E+00 0.000000E+00
3.693000E+00 6.892721E+04 1.703326E+04 1.013653E+05 1.395618E+02 6.694600E+01 0.000000E+00 2.438150E-04 0.000000E+00 1.009788E+05 9.890443E+04 2.147811E+04 1.538968E+02 0.000000E+00 0.000000E+00
3.694000E+00 6.882888E+04 1.703512E+04 1.012150E+05 1.395618E+02 6.702930E+01 0.000000E+00 8.969454E-05 0.000000E+00 1.008292E+05 9.875838E+04 2.149346E+04 1.540068E+02 0.000000E+00 0.000000E+00
3.695000E+00 6.873127E+04 1.703925E+04 1.010650E+05 1.395618E+02 6.711260E+01 0.000000E+00 3.299678E-05 0.000000E+00 1.006798E+05 9.861308E+04 2.151150E+04 1.541361E+02 0.000000E+00 0.000000E+00
3.696000E+00 6.863444E+04 1.704555E+04 1.009153E+05 1.395618E+02 6.719590E+01 0.000000E+00 1.213884E-05 0.000000E+00 1.005307E+05 9.846851E+04 2.153217E+04 1.542842E+02 0.000000E+00 0.000000E+00
3.697000E+00 6.853841E+04 1.705394E+04 1.007657E+05 1.395618E+02 6.727920E+01 0.000000E+00 4.465628E-06 0.000000E+00 1.003817E+05 9.832466E+04 2.155542E+04 1.544507E+02 0.000000E+00 0.000000E+00
3.698000E+00 6.844324E+04 1.706442E+04 1.006164E+05 1.395618E+02 6.736250E+01 0.000000E+00 1.642813E-06 0.000000E+00 1.002330E+05 9.818151E+04 2.158128E+04 1.546360E+02 0.000000E+00 0.000000E+00
3.699000E+00 6.834894E+04 1.707702E+04 1.004673E+05 1.395618E+02 6.744580E+01 0.000000E+00 6.043571E-07 0.000000E+00 1.000845E+05 9.803905E+04 2.160980E+04 1.548404E+02 0.000000E+00 0.000000E+00
3.700000E+00 6.825553E+04 1.709135E+04 1.003184E+05 1.395618E+02 6.752910E+01 0.000000E+00 2.223305E-07 0.000000E+00 9.993626E+04 9.789726E+04 2.164064E+04 1.550614E+02 0.000000E+00 0.000000E+00
3.701000E+00 6.816303E+04 1.710728E+04 1.001697E+05 1.395618E+02 6.761240E+01 0.000000E+00 8.179083E-08 0.000000E+00 9.978822E+04 9.775610E+04 2.167368E+04 1.552981E+02 0.000000E+00 0.000000E+00
3.702000E+00 6.807144E+04 1.712467E+04 1.000212E+05 1.395618E+02 6.769570E+01 0.000000E+00 3.008917E-08 0.000000E+00 9.964040E+04 9.761554E+04 2.170881E+04 1.555498E+02 0.000000E+00 0.000000E+00
3.703000E+00 6.798077E+04 1.714353E+04 9.987302E+04 1.395618E+02 6.777900E+01 0.000000E+00 1.106919E-08 0.000000E+00 9.949281E+04 9.747557E+04 2.174605E+04 1.558167E+02 0.000000E+00 0.000000E+00
3.704000E+00 6.789100E+04 1.716364E+04 9.972501E+04 1.395618E+02 6.786230E+01 0.000000E+00 4.072126E-09 0.000000E+00 9.934544E+04 9.733613E+04 2.178520E+04 1.560972E+02 0.000000E+00 0.000000E+00
3.705000E+00 6.780213E+04 1.718470E+04 9.957722E+04 1.395618E+02 6.794560E+01 0.000000E+00 1.498051E-09 0.000000E+00 9.919830E+04 9.719720E+04 2.182598E+04 1.563894E+02 0.000000E+00 0.000000E+00
3.706000E+00 6.771414E+04 1.720656E+04 9.942966E+04 1.395618E+02 6.802890E+01 0.000000E+00 5.511023E-10 0.000000E+00 9.905139E+04 9.705873E+04 2.186825E+04 1.566923E+02 0.000000E+00 0.000000E+00
3.707000E+00 6.762699E+04 1.722903E+04 9.928231E+04 1.395618E+02 6.811220E+01 0.000000E+00 2.027392E-10 0.000000E+00 9.890470E+04 9.692070E+04 2.191183E+04 1.570046E+02 0.000000E+00 0.000000E+00
3.708000E+00 6.754067E+04 1.725207E+04 9.913519E+04 1.395618E+02 6.819550E+01 0.000000E+00 7.458359E-11 0.000000E+00 9.875823E+04 9.678305E+04 2.195668E+04 1.573259E+02 0.000000E+00 0.000000E+00
3.709000E+00 6.745513E+04 1.727533E+04 9.898828E+04 1.395618E+02 6.827880E+01 0.000000E+00 2.743777E-11 0.000000E+00 9.861199E+04 9.664576E+04 2.200246E+04 1.576539E+02 0.000000E+00 0.000000E+00
3.710000E+00 6.737034E+04 1.729862E+04 9.884159E+04 1.395618E+02 6.836210E+01 0.000000E+00 1.009379E-11 0.000000E+00 9.846598E+04 9.650877E+04 2.204897E+04 1.579872E+02 0.000000E+00 0.000000E+00
3.711000E+00 6.728624E+04 1.732173E+04 9.869512E+04 1.395618E+02 6.844540E+01 0.000000E+00 3.713298E-12 0.000000E+00 9.832019E+04 9.637204E+04 2.209601E+04 1.583243E+02 0.000000E+00 0.000000E+00
3.712000E+00 6.720279E+04 1.734449E+04 9.854887E+04 1.395618E+02 6.852870E+01 0.000000E+00 1.366046E-12 0.000000E+00 9.817462E+04 9.623554E+04 2.214339E+04 1.586637E+02 0.000000E+00 0.000000E+00
3.713000E+00 6.711994E+04 1.736667E+04 9.840284E+04 1.395618E+02 6.861200E+01 0.000000E+00 5.025403E-13 0.000000E+00 9.802928E+04 9.609922E+04 2.219087E+04 1.590040E+02 0.000000E+00 0.000000E+00
3.714000E+00 6.703761E+04 1.738804E+04 9.825703E+04 1.395618E+02 6.869530E+01 0.000000E+00 1.848742E-13 0.000000E+00 9.788416E+04 9.596304E+04 2.223823E+04 1.593433E+02 0.000000E+00 0.000000E+00
3.715000E+00 6.695576E+04 1.740842E+04 9.811143E+04 1.395618E+02 6.877860E+01 0.000000E+00 6.801143E-14 0.000000E+00 9.773926E+04 9.582696E+04 2.228524E+04 1.596801E+02 0.000000E+00 0.000000E+00
3.716000E+00 6.687431E+04 1.742761E+04 9.796605E+04 1.395618E+02 6.886190E+01 0.000000E+00 2.502001E-14 0.000000E+00 9.759459E+04 9.569094E+04 2.233170E+04 1.600130E+02 0.000000E+00 0.000000E+00
3.717000E+00 6.679320E+04 1.744536E+04 9.782089E+04 1.395618E+02 6.894520E+01 0.000000E+00 9.204346E-15 0.000000E+00 9.745013E+04 9.555493E+04 2.237732E+04 1.603399E+02 0.000000E+00 0.000000E+00
3.718000E+00 6.671235E+04 1.746141E+04 9.767595E+04 1.395618E+02 6.902850E+01 0.000000E+00 3.386090E-15 0.000000E+00 9.730590E+04 9.541891E+04 2.242185E+04 1.606590E+02 0.000000E+00 0.000000E+00
3.719000E+00 6.663169E+04 1.747566E+04 9.753122E+04 1.395618E+02 6.911180E+01 0.000000E+00 1.245673E-15 0.000000E+00 9.716189E+04 9.528282E+04 2.246512E+04 1.609690E+02 0.000000E+00 0.000000E+00
3.720000E+00 6.655114E+04 1.748793E+04 9.738671E+04 1.395618E+02 6.919510E+01 0.000000E+00 4.582574E-16 0.000000E+00 9.701810E+04 9.514665E+04 2.250694E+04 1.612686E+02 0.000000E+00 0.000000E+00
3.721000E+00 6.647063E+04 1.749803E+04 9.724242E+04 1.395618E+02 6.927840E+01 0.000000E+00 1.685835E-16 0.000000E+00 9.687452E+04 9.501034E+04 2.254708E+04 1.615563E+02 0.000000E+00 0.000000E+00
3.722000E+00 6.639007E+04 1.750560E+04 9.709834E+04 1.395618E+02 6.936170E+01 0.000000E+00 6.201839E-17 0.000000E+00 9.673116E+04 9.487387E+04 2.258514E+04 1.618290E+02 0.000000E+00 0.000000E+00
3.723000E+00 6.630939E+04 1.751054E+04 9.695448E+04 1.395618E+02 6.944500E+01 0.000000E+00 2.281529E-17 0.000000E+00 9.658802E+04 9.473721E+04 2.262098E+04 1.620858E+02 0.000000E+00 0.000000E+00
3.724000E+00 6.622851E+04 1.751279E+04 9.681083E+04 1.395618E+02 6.952830E+01 0.000000E+00 8.393277E-18 0.000000E+00 9.644510E+04 9.460033E+04 2.265451E+04 1.623261E+02 0.000000E+00 0.000000E+00
3.725000E+00 6.614734E+04 1.751221E+04 9.666740E+04 1.395618E+02 6.961160E+01 0.000000E+00 3.087714E-18 0.000000E+00 9.630239E+04 9.446320E+04 2.268553E+04 1.625483E+02 0.000000E+00 0.000000E+00
3.726000E+00 6.606581E+04 1.750866E+04 9.652418E+04 1.395618E+02 6.969490E+01 0.000000E+00 1.135907E-18 0.000000E+00 9.615989E+04 9.432579E+04 2.271386E+04 1.627513E+02 0.000000E+00 0.000000E+00
3.727000E+00 6.598384E+04 1.750157E+04 9.638118E+04 1.395618E+02 6.977820E+01 0.000000E+00 4.178767E-19 0.000000E+00 9.601761E+04 9.418809E+04 2.273886E+04 1.629305E+02 0.000000E+00 0.000000E+00
3.728000E+00 6.590135E+04 1.749122E+04 9.623839E+04 1.395618E+02 6.986150E+01 0.000000E+00 1.537282E-19 0.000000E+00 9.587554E+04 9.405007E+04 2.276079E+04 1.630876E+02 0.000000E+00 0.000000E+00
3.729000E+00 6.581826E+04 1.747752E+04 9.609582E+04 1.395618E+02 6.994480E+01 0.000000E+00 5.655346E-20 0.000000E+00 9.573368E+04 9.391171E+04 2.277948E+04 1.632215E+02 0.000000E+00 0.000000E+00
3.730000E+00 6.573450E+04 1.746037E+04 9.595346E+04 1.395618E+02 7.002810E+01 0.000000E+00 2.080485E-20 0.000000E+00 9.559202E+04 9.377300E+04 2.279480E+04 1.633313E+02 0.000000E+00 0.000000E+00
3.731000E+00 6.565000E+04 1.743953E+04 9.581131E+04 1.395618E+02 7.011140E+01 0.000000E+00 7.653678E-21 0.000000E+00 9.545058E+04 9.363393E+04 2.280644E+04 1.634146E+02 0.000000E+00 0.000000E+00
3.732000E+00 6.556469E+04 1.741468E+04 9.566938E+04 1.395618E+02 7.019470E+01 0.000000E+00 2.815631E-21 0.000000E+00 9.530934E+04 9.349448E+04 2.281402E+04 1.634690E+02 0.000000E+00 0.000000E+00
3.733000E+00 6.547849E+04 1.738615E+04 9.552765E+04 1.395618E+02 7.027800E+01 0.000000E+00 1.035813E-21 0.000000E+00 9.516831E+04 9.335464E+04 2.281782E+04 1.634962E+02 0.000000E+00 0.000000E+00
3.734000E+00 6.539135E+04 1.735389E+04 9.538614E+04 1.395618E+02 7.036130E+01 0.000000E+00 3.810542E-22 0.000000E+00 9.502748E+04 9.321442E+04 2.281772E+04 1.634955E+02 0.000000E+00 0.000000E+00
3.735000E+00 6.530321E+04 1.731788E+04 9.524484E+04 1.395618E+02 7.044460E+01 0.000000E+00 1.401820E-22 0.000000E+00 9.488686E+04 9.307381E+04 2.281365E+04 1.634663E+02 0.000000E+00 0.000000E+00
3.736000E+00 6.521400E+04 1.727774E+04 9.510375E+04 1.395618E+02 7.052790E+01 0.000000E+00 5.157008E-23 0.000000E+00 9.474644E+04 9.293281E+04 2.280517E+04 1.634056E+02 0.000000E+00 0.000000E+00
3.737000E+00 6.512369E+04 1.723355E+04 9.496288E+04 1.395618E+02 7.061120E+01 0.000000E+00 1.897157E-23 0.000000E+00 9.460622E+04 9.279143E+04 2.279231E+04 1.633134E+02 0.000000E+00 0.000000E+00
3.738000E+00 6.503221E+04 1.718559E+04 9.482221E+04 1.395618E+02 7.069450E+01 0.000000E+00 6.979251E-24 0.000000E+00 9.446620E+04 9.264966E+04 2.277526E+04 1.631913E+02 0.000000E+00 0.000000E+00
3.739000E+00 6.493952E+04 1.713387E+04 9.468175E+04 1.395618E+02 7.077780E+01 0.000000E+00 2.567523E-24 0.000000E+00 9.432638E+04 9.250752E+04 2.275400E+04 1.630389E+02 0.000000E+00 0.000000E+00
3.740000E+00 6.484560E+04 1.707845E+04 9.454151E+04 1.395618E+02 7.086110E+01 0.000000E+00 9.445389E-25 0.000000E+00 9.418676E+04 9.236501E+04 2.272851E+04 1.628563E+02 0.000000E+00 0.000000E+00
3.741000E+00 6.475039E+04 1.701882E+04 9.440147E+04 1.395618E+02 7.094440E+01 0.000000E+00 3.474764E-25 0.000000E+00 9.404734E+04 9.222216E+04 2.269825E+04 1.626395E+02 0.000000E+00 0.000000E+00
3.742000E+00 6.465388E+04 1.695551E+04 9.426164E+04 1.395618E+02 7.102770E+01 0.000000E+00 1.278294E-25 0.000000E+00 9.390811E+04 9.207898E+04 2.266368E+04 1.623918E+02 0.000000E+00 0.000000E+00
3.743000E+00 6.455604E+04 1.688870E+04 9.412201E+04 1.395618E+02 7.111100E+01 0.000000E+00 4.702582E-26 0.000000E+00 9.376908E+04 9.193549E+04 2.262491E+04 1.621140E+02 0.000000E+00 0.000000E+00
3.744000E+00 6.445686E+04 1.681847E+04 9.398260E+04 1.395618E+02 7.119430E+01 0.000000E+00 1.729983E-26 0.000000E+00 9.363024E+04 9.179170E+04 2.258199E+04 1.618064E+02 0.000000E+00 0.000000E+00
3.745000E+00 6.435631E+04 1.674484E+04 9.384339E+04 1.395618E+02 7.127760E+01 0.000000E+00 6.364253E-27 0.000000E+00 9.349159E+04 9.164764E+04 2.253488E+04 1.614689E+02 0.000000E+00 0.000000E+00
3.746000E+00 6.425440E+04 1.666753E+04 9.370439E+04 1.395618E+02 7.136090E+01 0.000000E+00 2.341278E-27 0.000000E+00 9.335314E+04 9.150335E+04 2.248324E+04 1.610989E+02 0.000000E+00 0.000000E+00
3.747000E+00 6.415112E+04 1.658718E+04 9.356560E+04 1.395618E+02 7.144420E+01 0.000000E+00 8.613080E-28 0.000000E+00 9.321487E+04 9.135883E+04 2.242767E+04 1.607007E+02 0.000000E+00 0.000000E+00
3.748000E+00 6.404648E+04 1.650393E+04 9.342701E+04 1.395618E+02 7.152750E+01 0.000000E+00 3.168575E-28 0.000000E+00 9.307680E+04 9.121414E+04 2.236828E+04 1.602751E+02 0.000000E+00 0.000000E+00
3.749000E+00 6.394050E+04 1.641794E+04 9.328862E+04 1.395618E+02 7.161080E+01 0.000000E+00 1.165654E-28 0.000000E+00 9.293892E+04 9.106928E+04 2.230517E+04 1.598229E+02 0.000000E+00 0.000000E+00
3.750000E+00 6.383317E+04 1.632917E+04 9.315044E+04 1.395618E+02 7.169410E+01 0.000000E+00 4.288200E-29 0.000000E+00 9.280122E+04 9.092431E+04 2.223824E+04 1.593434E+02 0.000000E+00 0.000000E+00
3.751000E+00 6.372454E+04 1.623772E+04 9.301247E+04 1.395618E+02 7.177740E+01 0.000000E+00 1.577541E-29 0.000000E+00 9.266372E+04 9.077926E+04 2.216760E+04 1.588372E+02 0.000000E+00 0.000000E+00
3.752000E+00 6.361462E+04 1.614410E+04 9.287470E+04 1.395618E+02 7.186070E+01 0.000000E+00 5.803448E-30 0.000000E+00 9.252640E+04 9.063415E+04 2.209370E+04 1.583077E+02 0.000000E+00 0.000000E+00
3.753000E+00 6.350346E+04 1.604849E+04 9.273713E+04 1.395618E+02 7.194400E+01 0.000000E+00 2.134969E-30 0.000000E+00 9.238927E+04 9.048904E+04 2.201669E+04 1.577559E+02 0.000000E+00 0.000000E+00
3.754000E+00 6.339108E+04 1.595110E+04 9.259976E+04 1.395618E+02 7.202730E+01 0.000000E+00 7.854112E-31 0.000000E+00 9.225232E+04 9.034395E+04 2.193675E+04 1.571831E+02 0.000000E+00 0.000000E+00
3.755000E+00 6.327754E+04 1.585187E+04 9.246260E+04 1.395618E+02 7.211060E+01 0.000000E+00 2.889366E-31 0.000000E+00 9.211557E+04 9.019893E+04 2.185380E+04 1.565887E+02 0.000000E+00 0.000000E+00
3.756000E+00 6.316288E+04 1.575121E+04 9.232564E+04 1.395618E+02 7.219390E+01 0.000000E+00 1.062938E-31 0.000000E+00 9.197899E+04 9.005402E+04 2.176824E+04 1.559756E+02 0.000000E+00 0.000000E+00
3.757000E+00 6.304717E+04 1.564947E+04 9.218888E+04 1.395618E+02 7.227720E+01 0.000000E+00 3.910332E-32 0.000000E+00 9.184261E+04 8.990926E+04 2.168038E+04 1.553461E+02 0.000000E+00 0.000000E+00
3.758000E+00 6.293045E+04 1.554686E+04 9.205232E+04 1.395618E+02 7.236050E+01 0.000000E+00 1.438531E-32 0.000000E+00 9.170641E+04 8.976470E+04 2.159044E+04 1.547017E+02 0.000000E+00 0.000000E+00
3.759000E+00 6.281280E+04 1.544362E+04 9.191596E+04 1.395618E+02 7.244380E+01 0.000000E+00 5.292059E-33 0.000000E+00 9.157039E+04 8.962037E+04 2.149863E+04 1.540439E+02 0.000000E+00 0.000000E+00
3.760000E+00 6.269428E+04 1.533978E+04 9.177980E+04 1.395618E+02 7.252710E+01 0.000000E+00 1.946840E-33 0.000000E+00 9.143456E+04 8.947631E+04 2.140499E+04 1.533729E+02 0.000000E+00 0.000000E+00
3.761000E+00 6.257498E+04 1.523582E+04 9.164384E+04 1.395618E+02 7.261040E+01 0.000000E+00 7.162023E-34 0.000000E+00 9.129891E+04 8.933258E+04 2.131000E+04 1.526923E+02 0.000000E+00 0.000000E+00
3.762000E+00 6.245495E+04 1.513200E+04 9.150807E+04 1.395618E+02 7.269370E+01 0.000000E+00 2.634761E-34 0.000000E+00 9.116345E+04 8.918920E+04 2.121391E+04 1.520038E+02 0.000000E+00 0.000000E+00
3.763000E+00 6.233429E+04 1.502855E+04 9.137251E+04 1.395618E+02 7.277700E+01 0.000000E+00 9.692744E-35 0.000000E+00 9.102818E+04 8.904623E+04 2.111697E+04 1.513091E+02 0.000000E+00 0.000000E+00
3.764000E+00 6.221309E+04 1.492569E+04 9.123714E+04 1.395618E+02 7.286030E+01 0.000000E+00 3.565761E-35 0.000000E+00 9.089309E+04 8.890371E+04 2.101939E+04 1.506100E+02 0.000000E+00 0.000000E+00
3.765000E+00 6.209142E+04 1.482367E+04 9.110198E+04 1.395618E+02 7.294360E+01 0.000000E+00 1.311770E-35 0.000000E+00 9.075818E+04 8.876167E+04 2.092145E+04 1.499082E+02 0.000000E+00 0.000000E+00
3.766000E+00 6.196938E+04 1.472279E+04 9.096700E+04 1.395618E+02 7.302690E+01 0.000000E+00 4.825733E-36 0.000000E+00 9.062346E+04 8.862016E+04 2.082347E+04 1.492061E+02 0.000000E+00 0.000000E+00
3.767000E+00 6.184706E+04 1.462327E+04 9.083223E+04 1.395618E+02 7.311020E+01 0.000000E+00 1.775288E-36 0.000000E+00 9.048892E+04 8.847921E+04 2.072568E+04 1.485054E+02 0.000000E+00 0.000000E+00
3.768000E+00 6.172456E+04 1.452534E+04 9.069765E+04 1.395618E+02 7.319350E+01 0.000000E+00 6.530920E-37 0.000000E+00 9.035458E+04 8.833886E+04 2.062835E+04 1.478080E+02 0.000000E+00 0.000000E+00
3.769000E+00 6.160197E+04 1.442930E+04 9.056327E+04 1.395618E+02 7.327680E+01 0.000000E+00 2.402591E-37 0.000000E+00 9.022041E+04 8.819915E+04 2.053179E+04 1.471162E+02 0.000000E+00 0.000000E+00
3.770000E+00 6.147938E+04 1.433540E+04 9.042908E+04 1.395618E+02 7.336010E+01 0.000000E+00 8.838639E-38 0.000000E+00 9.008644E+04 8.806011E+04 2.043629E+04 1.464319E+02 0.000000E+00 0.000000E+00
3.771000E+00 6.135691E+04 1.424379E+04 9.029509E+04 1.395618E+02 7.344340E+01 0.000000E+00 3.251554E-38 0.000000E+00 8.995265E+04 8.792177E+04 2.034204E+04 1.457566E+02 0.000000E+00 0.000000E+00
3.772000E+00 6.123464E+04 1.415468E+04 9.016129E+04 1.395618E+02 7.352670E+01 0.000000E+00 1.196180E-38 0.000000E+00 8.981905E+04 8.778417E+04 2.024929E+04 1.450919E+02 0.000000E+00 0.000000E+00
3.773000E+00 6.111268E+04 1.406825E+04 9.002769E+04 1.395618E+02 7.361000E+01 0.000000E+00 4.400499E-39 0.000000E+00 8.968564E+04 8.764733E+04 2.015825E+04 1.444397E+02 0.000000E+00 0.000000E+00
3.774000E+00 6.099112E+04 1.398496E+04 8.989428E+04 1.395618E+02 7.369330E+01 0.000000E+00 1.618853E-39 0.000000E+00 8.955241E+04 8.751128E+04 2.006945E+04 1.438034E+02 0.000000E+00 0.000000E+00
3.775000E+00 6.087007E+04 1.390483E+04 8.976106E+04 1.395618E+02 7.377660E+01 0.000000E+00 5.955428E-40 0.000000E+00 8.941938E+04 8.737605E+04 1.998293E+04 1.431834E+02 0.000000E+00 0.000000E+00
3.776000E+00 6.074961E+04 1.382795E+04 8.962804E+04 1.395618E+02 7.385990E+01 0.000000E+00 2.190880E-40 0.000000E+00 8.928654E+04 8.724166E+04 1.989885E+04 1.425809E+02 0.000000E+00 0.000000E+00
3.777000E+00 6.062986E+04 1.375448E+04 8.949521E+04 1.395618E+02 7.394320E+01 0.000000E+00 8.059795E-41 0.000000E+00 8.915388E+04 8.710812E+04 1.981741E+04 1.419975E+02 0.000000E+00 0.000000E+00
3.778000E+00 6.051089E+04 1.368464E+04 8.936257E+04 1.395618E+02 7.402650E+01 0.000000E+00 2.965033E-41 0.000000E+00 8.902142E+04 8.697546E+04 1.973889E+04 1.414348E+02 0.000000E+00 0.000000E+00
3.779000E+00 6.039281E+04 1.361889E+04 8.923012E+04 1.395618E+02 7.410980E+01 0.000000E+00 1.090775E-41 0.000000E+00 8.888915E+04 8.684370E+04 1.966383E+04 1.408969E+02 0.000000E+00 0.000000E+00
3.780000E+00 6.027569E+04 1.355700E+04 8.909787E+04 1.395618E+02 7.419310E+01 0.000000E+00 4.012736E-42 0.000000E+00 8.875708E+04 8.671283E+04 1.959201E+04 1.403824E+02 0.000000E+00 0.000000E+00
3.781000E+00 6.015964E+04 1.349905E+04 8.896581E+04 1.395618E+02 7.427640E+01 0.000000E+00 1.476203E-42 0.000000E+00 8.862520E+04 8.658289E+04 1.952362E+04 1.398923E+02 0.000000E+00 0.000000E+00
3.782000E+00 6.004474E+04 1.344514E+04 8.883394E+04 1.395618E+02 7.435970E+01 0.000000E+00 5.430647E-43 0.000000E+00 8.849351E+04 8.645386E+04 1.945879E+04 1.394278E+02 0.000000E+00 0.000000E+00
3.783000E+00 5.993105E+04 1.339560E+04 8.870226E+04 1.395618E+02 7.444300E+01 0.000000E+00 1.997824E-43 0.000000E+00 8.836202E+04 8.632576E+04 1.939793E+04 1.389917E+02 0.000000E+00 0.000000E+00
3.784000E+00 5.981867E+04 1.335058E+04 8.857077E+04 1.395618E+02 7.452630E+01 0.000000E+00 7.349582E-44 0.000000E+00 8.823072E+04 8.619858E+04 1.934126E+04 1.385857E+02 0.000000E+00 0.000000E+00
3.785000E+00 5.970767E+04 1.330983E+04 8.843948E+04 1.395618E+02 7.460960E+01 0.000000E+00 2.703760E-44 0.000000E+00 8.809962E+04 8.607233E+04 1.928858E+04 1.382082E+02 0.000000E+00 0.000000E+00
3.786000E+00 5.959810E+04 1.327337E+04 8.830837E+04 1.395618E+02 7.469290E+01 0.000000E+00 9.946578E-45 0.000000E+00 8.796872E+04 8.594701E+04 1.923999E+04 1.378600E+02 0.000000E+00 0.000000E+00
3.787000E+00 5.949004E+04 1.324123E+04 8.817745E+04 1.395618E+02 7.477620E+01 0.000000E+00 3.659141E-45 0.000000E+00 8.783801E+04 8.582260E+04 1.919557E+04 1.375418E+02 0.000000E+00 0.000000E+00
3.788000E+00 5.938355E+04 1.321387E+04 8.804673E+04 1.395618E+02 7.485950E+01 0.000000E+00 1.346123E-45 0.000000E+00 8.770751E+04 8.569910E+04 1.915587E+04 1.372573E+02 0.000000E+00 0.000000E+00
3.789000E+00 5.927868E+04 1.319103E+04 8.791619E+04 1.395618E+02 7.494280E+01 0.000000E+00 4.952109E-46 0.000000E+00 8.757720E+04 8.557650E+04 1.912067E+04 1.370051E+02 0.000000E+00 0.000000E+00
3.790000E+00 5.917548E+04 1.317249E+04 8.778585E+04 1.395618E+02 7.502610E+01 0.000000E+00 1.821779E-46 0.000000E+00 8.744709E+04 8.545478E+04 1.908984E+04 1.367842E+02 0.000000E+00 0.000000E+00
3.791000E+00 5.907399E+04 1.315823E+04 8.765570E+04 1.395618E+02 7.510940E+01 0.000000E+00 6.701951E-47 0.000000E+00 8.731719E+04 8.533393E+04 1.906342E+04 1.365948E+02 0.000000E+00 0.000000E+00
3.792000E+00 5.897425E+04 1.314820E+04 8.752573E+04 1.395618E+02 7.519270E+01 0.000000E+00 2.465510E-47 0.000000E+00 8.718748E+04 8.521392E+04 1.904141E+04 1.364371E+02 0.000000E+00 0.000000E+00
3.793000E+00 5.887630E+04 1.314298E+04 8.739595E+04 1.395618E+02 7.527600E+01 0.000000E+00 9.070105E-48 0.000000E+00 8.705798E+04 8.509473E+04 1.902447E+04 1.363158E+02 0.000000E+00 0.000000E+00
3.794000E+00 5.878015E+04 1.314185E+04 8.726637E+04 1.395618E+02 7.535930E+01 0.000000E+00 3.336705E-48 0.000000E+00 8.692868E+04 8.497635E+04 1.901194E+04 1.362260E+02 0.000000E+00 0.000000E+00
3.795000E+00 5.868584E+04 1.314472E+04 8.713697E+04 1.395618E+02 7.544260E+01 0.000000E+00 1.227505E-48 0.000000E+00 8.679959E+04 8.485875E+04 1.900378E+04 1.361675E+02 0.000000E+00 0.000000E+00
3.796000E+00 5.859338E+04 1.315148E+04 8.700777E+04 1.395618E+02 7.552590E+01 0.000000E+00 4.515739E-49 0.000000E+00 8.667070E+04 8.474189E+04 1.899996E+04 1.361402E+02 0.000000E+00 0.000000E+00
3.797000E+00 5.850277E+04 1.316221E+04 8.687875E+04 1.395618E+02 7.560920E+01 0.000000E+00 1.661248E-49 0.000000E+00 8.654201E+04 8.462574E+04 1.900060E+04 1.361447E+02 0.000000E+00 0.000000E+00
3.798000E+00 5.841403E+04 1.317704E+04 8.674992E+04 1.395618E+02 7.569250E+01 0.000000E+00 6.111389E-50 0.000000E+00 8.641352E+04 8.451028E+04 1.900589E+04 1.361826E+02 0.000000E+00 0.000000E+00
3.799000E+00 5.832714E+04 1.319537E+04 8.662128E+04 1.395618E+02 7.577580E+01 0.000000E+00 2.248254E-50 0.000000E+00 8.628524E+04 8.439548E+04 1.901529E+04 1.362500E+02 0.000000E+00 0.000000E+00
3.800000E+00 5.824210E+04 1.321707E+04 8.649283E+04 1.395618E+02 7.585910E+01 0.000000E+00 8.270865E-51 0.000000E+00 8.615717E+04 8.428129E+04 1.902871E+04 1.363462E+02 0.000000E+00 0.000000E+00
3.801000E+00 5.815890E+04 1.324198E+04 8.636457E+04 1.395618E+02 7.594240E+01 0.000000E+00 3.042681E-51 0.000000E+00 8.602930E+04 8.416768E+04 1.904605E+04 1.364704E+02 0.000000E+00 0.000000E+00
3.802000E+00 5.807751E+04 1.327025E+04 8.623650E+04 1.395618E+02 7.602570E+01 0.000000E+00 1.119340E-51 0.000000E+00 8.590164E+04 8.405461E+04 1.906750E+04 1.366241E+02 0.000000E+00 0.000000E+00
3.803000E+00 5.799791E+04 1.330161E+04 8.610861E+04 1.395618E+02 7.610900E+01 0.000000E+00 4.117821E-52 0.000000E+00 8.577418E+04 8.394204E+04 1.909283E+04 1.368056E+02 0.000000E+00 0.000000E+00
3.804000E+00 5.792007E+04 1.333564E+04 8.598092E+04 1.395618E+02 7.619230E+01 0.000000E+00 1.514862E-52 0.000000E+00 8.564692E+04 8.382994E+04 1.912166E+04 1.370122E+02 0.000000E+00 0.000000E+00
3.805000E+00 5.784396E+04 1.337215E+04 8.585341E+04 1.395618E+02 7.627560E+01 0.000000E+00 5.572865E-53 0.000000E+00 8.551988E+04 8.371826E+04 1.915384E+04 1.372427E+02 0.000000E+00 0.000000E+00
3.806000E+00 5.776952E+04 1.341095E+04 8.572610E+04 1.395618E+02 7.635890E+01 0.000000E+00 2.050142E-53 0.000000E+00 8.539304E+04 8.360697E+04 1.918922E+04 1.374963E+02 0.000000E+00 0.000000E+00
3.807000E+00 5.769673E+04 1.345222E+04 8.559897E+04 1.395618E+02 7.644220E+01 0.000000E+00 7.542053E-54 0.000000E+00 8.526640E+04 8.349601E+04 1.922800E+04 1.377741E+02 0.000000E+00 0.000000E+00
3.808000E+00 5.762551E+04 1.349540E+04 8.547203E+04 1.395618E+02 7.652550E+01 0.000000E+00 2.774566E-54 0.000000E+00 8.513997E+04 8.338535E+04 1.926966E+04 1.380726E+02 0.000000E+00 0.000000E+00
3.809000E+00 5.755583E+04 1.354024E+04 8.534528E+04 1.395618E+02 7.660880E+01 0.000000E+00 1.020706E-54 0.000000E+00 8.501374E+04 8.327494E+04 1.931396E+04 1.383901E+02 0.000000E+00 0.000000E+00
3.810000E+00 5.748762E+04 1.358653E+04 8.521871E+04 1.395618E+02 7.669210E+01 0.000000E+00 3.754967E-55 0.000000E+00 8.488772E+04 8.316475E+04 1.936072E+04 1.387251E+02 0.000000E+00 0.000000E+00
3.811000E+00 5.742081E+04 1.363410E+04 8.509234E+04 1.395618E+02 7.677540E+01 0.000000E+00 1.381375E-55 0.000000E+00 8.476190E+04 8.305473E+04 1.940978E+04 1.390767E+02 0.000000E+00 0.000000E+00
3.812000E+00 5.735534E+04 1.368294E+04 8.496615E+04 1.395618E+02 7.685870E+01 0.000000E+00 5.081795E-56 0.000000E+00 8.463629E+04 8.294484E+04 1.946116E+04 1.394448E+02 0.000000E+00 0.000000E+00
3.813000E+00 5.729113E+04 1.373255E+04 8.484016E+04 1.395618E+02 7.694200E+01 0.000000E+00 1.869488E-56 0.000000E+00 8.451088E+04 8.283504E+04 1.951436E+04 1.398260E+02 0.000000E+00 0.000000E+00
3.814000E+00 5.722813E+04 1.378274E+04 8.471435E+04 1.395618E+02 7.702530E+01 0.000000E+00 6.877462E-57 0.000000E+00 8.438567E+04 8.272529E+04 1.956918E+04 1.402188E+02 0.000000E+00 0.000000E+00
3.815000E+00 5.716624E+04 1.383330E+04 8.458873E+04 1.395618E+02 7.710860E+01 0.000000E+00 2.530077E-57 0.000000E+00 8.426067E+04 8.261555E+04 1.962544E+04 1.406219E+02 0.000000E+00 0.000000E+00
3.816000E+00 5.710538E+04 1.388408E+04 8.446329E+04 1.395618E+02 7.719190E+01 0.000000E+00 9.307632E-58 0.000000E+00 8.413587E+04 8.250578E+04 1.968299E+04 1.410343E+02 0.000000E+00 0.000000E+00
3.817000E+00 5.704549E+04 1.393488E+04 8.433805E+04 1.395618E+02 7.727520E+01 0.000000E+00 3.424087E-58 0.000000E+00 8.401126E+04 8.239594E+04 1.974161E+04 1.414543E+02 0.000000E+00 0.000000E+00
3.818000E+00 5.698646E+04 1.398541E+04 8.421299E+04 1.395618E+02 7.735850E+01 0.000000E+00 1.259651E-58 0.000000E+00 8.388686E+04 8.228601E+04 1.980101E+04 1.418799E+02 0.000000E+00 0.000000E+00
3.819000E+00 5.692823E+04 1.403546E+04 8.408812E+04 1.395618E+02 7.744180E+01 0.000000E+00 4.633997E-59 0.000000E+00 8.376266E+04 8.217594E+04 1.986099E+04 1.423097E+02 0.000000E+00 0.000000E+00
3.820000E+00 5.687070E+04 1.408486E+04 8.396344E+04 1.395618E+02 7.752510E+01 0.000000E+00 1.704752E-59 0.000000E+00 8.363866E+04 8.206570E+04 1.992134E+04 1.427421E+02 0.000000E+00 0.000000E+00
3.821000E+00 5.681379E+04 1.413344E+04 8.383894E+04 1.395618E+02 7.760840E+01 0.000000E+00 6.271433E-60 0.000000E+00 8.351485E+04 8.195526E+04 1.998189E+04 1.431760E+02 0.000000E+00 0.000000E+00
3.822000E+00 5.675741E+04 1.418097E+04 8.371464E+04 1.395618E+02 7.769170E+01 0.000000E+00 2.307131E-60 0.000000E+00 8.339125E+04 8.184459E+04 2.004239E+04 1.436095E+02 0.000000E+00 0.000000E+00
3.823000E+00 5.670147E+04 1.422730E+04 8.359052E+04 1.395618E+02 7.777500E+01 0.000000E+00 8.487462E-61 0.000000E+00 8.326784E+04 8.173367E+04 2.010267E+04 1.440414E+02 0.000000E+00 0.000000E+00
3.824000E+00 5.664589E+04 1.427226E+04 8.346658E+04 1.395618E+02 7.785830E+01 0.000000E+00 3.122363E-61 0.000000E+00 8.314462E+04 8.162247E+04 2.016254E+04 1.444704E+02 0.000000E+00 0.000000E+00
3.825000E+00 5.659058E+04 1.431571E+04 8.334284E+04 1.395618E+02 7.794160E+01 0.000000E+00 1.148653E-61 0.000000E+00 8.302160E+04 8.151097E+04 2.022183E+04 1.448952E+02 0.000000E+00 0.000000E+00
3.826000E+00 5.653547E+04 1.435738E+04 8.321928E+04 1.395618E+02 7.802490E+01 0.000000E+00 4.225659E-62 0.000000E+00 8.289877E+04 8.139914E+04 2.028025E+04 1.453138E+02 0.000000E+00 0.000000E+00
3.827000E+00 5.648045E+04 1.439724E+04 8.309590E+04 1.395618E+02 7.810820E+01 0.000000E+00 1.554533E-62 0.000000E+00 8.277613E+04 8.128697E+04 2.033774E+04 1.457257E+02 0.000000E+00 0.000000E+00
3.828000E+00 5.642546E+04 1.443518E+04 8.297272E+04 1.395618E+02 7.819150E+01 0.000000E+00 5.718807E-63 0.000000E+00 8.265369E+04 8.117444E+04 2.039414E+04 1.461298E+02 0.000000E+00 0.000000E+00
3.829000E+00 5.637041E+04 1.447107E+04 8.284972E+04 1.395618E+02 7.827480E+01 0.000000E+00 2.103832E-63 0.000000E+00 8.253143E+04 8.106154E+04 2.044931E+04 1.465252E+02 0.000000E+00 0.000000E+00
3.830000E+00 5.631522E+04 1.450478E+04 8.272690E+04 1.395618E+02 7.835810E+01 0.000000E+00 7.739564E-64 0.000000E+00 8.240937E+04 8.094825E+04 2.050308E+04 1.469104E+02 0.000000E+00 0.000000E+00
3.831000E+00 5.625983E+04 1.453609E+04 8.260427E+04 1.395618E+02 7.844140E+01 0.000000E+00 2.847226E-64 0.000000E+00 8.228749E+04 8.083457E+04 2.055519E+04 1.472838E+02 0.000000E+00 0.000000E+00
3.832000E+00 5.620416E+04 1.456509E+04 8.248183E+04 1.395618E+02 7.852470E+01 0.000000E+00 1.047436E-64 0.000000E+00 8.216580E+04 8.072049E+04 2.060569E+04 1.476457E+02 0.000000E+00 0.000000E+00
3.833000E+00 5.614813E+04 1.459170E+04 8.235957E+04 1.395618E+02 7.860800E+01 0.000000E+00 3.853302E-65 0.000000E+00 8.204429E+04 8.060601E+04 2.065448E+04 1.479953E+02 0.000000E+00 0.000000E+00
3.834000E+00 5.609169E+04 1.461590E+04 8.223750E+04 1.395618E+02 7.869130E+01 0.000000E+00 1.417551E-65 0.000000E+00 8.192297E+04 8.049112E+04 2.070147E+04 1.483320E+02 0.000000E+00 0.000000E+00
3.835000E+00 5.603477E+04 1.463746E+04 8.211561E+04 1.395618E+02 7.877460E+01 0.000000E+00 5.214877E-66 0.000000E+00 8.180184E+04 8.037582E+04 2.074642E+04 1.486541E+02 0.000000E+00 0.000000E+00
3.836000E+00 5.597732E+04 1.465638E+04 8.199391E+04 1.395618E+02 7.885790E+01 0.000000E+00 1.918446E-66 0.000000E+00 8.168088E+04 8.026013E+04 2.078929E+04 1.489612E+02 0.000000E+00 0.000000E+00
3.837000E+00 5.591927E+04 1.467279E+04 8.187238E+04 1.395618E+02 7.894120E+01 0.000000E+00 7.057569E-67 0.000000E+00 8.156011E+04 8.014403E+04 2.083015E+04 1.492540E+02 0.000000E+00 0.000000E+00
3.838000E+00 5.586059E+04 1.468666E+04 8.175105E+04 1.395618E+02 7.902450E+01 0.000000E+00 2.596334E-67 0.000000E+00 8.143952E+04 8.002755E+04 2.086894E+04 1.495320E+02 0.000000E+00 0.000000E+00
3.839000E+00 5.580122E+04 1.469802E+04 8.162989E+04 1.395618E+02 7.910780E+01 0.000000E+00 9.551380E-68 0.000000E+00 8.131911E+04 7.991069E+04 2.090565E+04 1.497950E+02 0.000000E+00 0.000000E+00
3.840000E+00 5.574112E+04 1.470660E+04 8.150892E+04 1.395618E+02 7.919110E+01 0.000000E+00 3.513756E-68 0.000000E+00 8.119887E+04 7.979346E+04 2.093997E+04 1.500409E+02 0.000000E+00 0.000000E+00
3.841000E+00 5.568026E+04 1.471266E+04 8.138814E+04 1.395618E+02 7.927440E+01 0.000000E+00 1.292639E-68 0.000000E+00 8.107882E+04 7.967588E+04 2.097213E+04 1.502713E+02 0.000000E+00 0.000000E+00
3.842000E+00 5.561860E+04 1.471628E+04 8.126753E+04 1.395618E+02 7.935770E+01 0.000000E+00 4.755352E-69 0.000000E+00 8.095894E+04 7.955796E+04 2.100216E+04 1.504865E+02 0.000000E+00 0.000000E+00
3.843000E+00 5.555612E+04 1.471752E+04 8.114711E+04 1.395618E+02 7.944100E+01 0.000000E+00 1.749396E-69 0.000000E+00 8.083923E+04 7.943973E+04 2.103008E+04 1.506866E+02 0.000000E+00 0.000000E+00
3.844000E+00 5.549279E+04 1.471638E+04 8.102687E+04 1.395618E+02 7.952430E+01 0.000000E+00 6.435669E-70 0.000000E+00 8.071971E+04 7.932119E+04 2.105587E+04 1.508714E+02 0.000000E+00 0.000000E+00
3.845000E+00 5.542860E+04 1.471273E+04 8.090681E+04 1.395618E+02 7.960760E+01 0.000000E+00 2.367550E-70 0.000000E+00 8.060035E+04 7.920238E+04 2.107936E+04 1.510396E+02 0.000000E+00 0.000000E+00
3.846000E+00 5.536353E+04 1.470691E+04 8.078693E+04 1.395618E+02 7.969090E+01 0.000000E+00 8.709732E-71 0.000000E+00 8.048117E+04 7.908332E+04 2.110084E+04 1.511935E+02 0.000000E+00 0.000000E+00
3.847000E+00 5.529757E+04 1.469900E+04 8.066723E+04 1.395618E+02 7.977420E+01 0.000000E+00 3.204131E-71 0.000000E+00 8.036216E+04 7.896402E+04 2.112037E+04 1.513335E+02 0.000000E+00 0.000000E+00
3.848000E+00 5.523072E+04 1.468910E+04 8.054772E+04 1.395618E+02 7.985750E+01 0.000000E+00 1.178734E-71 0.000000E+00 8.024332E+04 7.884453E+04 2.113802E+04 1.514600E+02 0.000000E+00 0.000000E+00
3.849000E+00 5.516299E+04 1.467720E+04 8.042838E+04 1.395618E+02 7.994080E+01 0.000000E+00 4.336320E-72 0.000000E+00 8.012465E+04 7.872486E+04 2.115375E+04 1.515727E+02 0.000000E+00 0.000000E+00
3.850000E+00 5.509437E+04 1.466337E+04 8.030922E+04 1.395618E+02 8.002410E+01 0.000000E+00 1.595243E-72 0.000000E+00 8.000615E+04 7.860504E+04 2.116761E+04 1.516720E+02 0.000000E+00 0.000000E+00
3.851000E+00 5.502488E+04 1.464790E+04 8.019024E+04 1.395618E+02 8.010740E+01 0.000000E+00 5.868571E-73 0.000000E+00 7.988782E+04 7.848510E+04 2.117985E+04 1.517597E+02 0.000000E+00 0.000000E+00
3.852000E+00 5.495453E+04 1.463089E+04 8.007144E+04 1.395618E+02 8.019070E+01 0.000000E+00 2.158927E-73 0.000000E+00 7.976966E+04 7.836507E+04 2.119055E+04 1.518364E+02 0.000000E+00 0.000000E+00
3.853000E+00 5.488334E+04 1.461247E+04 7.995282E+04 1.395618E+02 8.027400E+01 0.000000E+00 7.942247E-74 0.000000E+00 7.965167E+04 7.824499E+04 2.119983E+04 1.519028E+02 0.000000E+00 0.000000E+00
3.854000E+00 5.481133E+04 1.459263E+04 7.983438E+04 1.395618E+02 8.035730E+01 0.000000E+00 2.921789E-74 0.000000E+00 7.953385E+04 7.812488E+04 2.120765E+04 1.519589E+02 0.000000E+00 0.000000E+00
3.855000E+00 5.473853E+04 1.457162E+04 7.971611E+04 1.395618E+02 8.044060E+01 0.000000E+00 1.074866E-74 0.000000E+00 7.941619E+04 7.800477E+04 2.121424E+04 1.520061E+02 0.000000E+00 0.000000E+00
3.856000E+00 5.466497E+04 1.454960E+04 7.959802E+04 1.395618E+02 8.052390E+01 0.000000E+00 3.954212E-75 0.000000E+00 7.929871E+04 7.788470E+04 2.121976E+04 1.520457E+02 0.000000E+00 0.000000E+00
3.857000E+00 5.459068E+04 1.452673E+04 7.948011E+04 1.395618E+02 8.060720E+01 0.000000E+00 1.454673E-75 0.000000E+00 7.918138E+04 7.776469E+04 2.122433E+04 1.520784E+02 0.000000E+00 0.000000E+00
3.858000E+00 5.451570E+04 1.450313E+04 7.936238E+04 1.395618E+02 8.069050E+01 0.000000E+00 5.351444E-76 0.000000E+00 7.906423E+04 7.764478E+04 2.122809E+04 1.521054E+02 0.000000E+00 0.000000E+00
3.859000E+00 5.444007E+04 1.447885E+04 7.924482E+04 1.395618E+02 8.077380E+01 0.000000E+00 1.968686E-76 0.000000E+00 7.894724E+04 7.752500E+04 2.123107E+04 1.521267E+02 0.000000E+00 0.000000E+00
3.860000E+00 5.436383E+04 1.445414E+04 7.912743E+04 1.395618E+02 8.085710E+01 0.000000E+00 7.242392E-77 0.000000E+00 7.883041E+04 7.740539E+04 2.123351E+04 1.521442E+02 0.000000E+00 0.000000E+00
3.861000E+00 5.428702E+04 1.442914E+04 7.901022E+04 1.395618E+02 8.094040E+01 0.000000E+00 2.664327E-77 0.000000E+00 7.871375E+04 7.728596E+04 2.123555E+04 1.521588E+02 0.000000E+00 0.000000E+00
3.862000E+00 5.420970E+04 1.440398E+04 7.889319E+04 1.395618E+02 8.102370E+01 0.000000E+00 9.801512E-78 0.000000E+00 7.859726E+04 7.716675E+04 2.123731E+04 1.521714E+02 0.000000E+00 0.000000E+00
3.863000E+00 5.413190E+04 1.437878E+04 7.877633E+04 1.395618E+02 8.110700E+01 0.000000E+00 3.605775E-78 0.000000E+00 7.848093E+04 7.704778E+04 2.123892E+04 1.521830E+02 0.000000E+00 0.000000E+00
3.864000E+00 5.405369E+04 1.435370E+04 7.865965E+04 1.395618E+02 8.119030E+01 0.000000E+00 1.326490E-78 0.000000E+00 7.836477E+04 7.692910E+04 2.124054E+04 1.521946E+02 0.000000E+00 0.000000E+00
3.865000E+00 5.397511E+04 1.432886E+04 7.854314E+04 1.395618E+02 8.127360E+01 0.000000E+00 4.879885E-79 0.000000E+00 7.824877E+04 7.681071E+04 2.124230E+04 1.522072E+02 0.000000E+00 0.000000E+00
3.866000E+00 5.389622E+04 1.430439E+04 7.842680E+04 1.395618E+02 8.135690E+01 0.000000E+00 1.795209E-79 0.000000E+00 7.813294E+04 7.669265E+04 2.124432E+04 1.522216E+02 0.000000E+00 0.000000E+00
3.867000E+00 5.381707E+04 1.428039E+04 7.831064E+04 1.395618E+02 8.144020E+01 0.000000E+00 6.604207E-80 0.000000E+00 7.801727E+04 7.657493E+04 2.124672E+04 1.522389E+02 0.000000E+00 0.000000E+00
3.868000E+00 5.373771E+04 1.425703E+04 7.819465E+04 1.395618E+02 8.152350E+01 0.000000E+00 2.429552E-80 0.000000E+00 7.790177E+04 7.645759E+04 2.124968E+04 1.522600E+02 0.000000E+00 0.000000E+00
3.869000E+00 5.365821E+04 1.423441E+04 7.807883E+04 1.395618E+02 8.160680E+01 0.000000E+00 8.937822E-81 0.000000E+00 7.778644E+04 7.634064E+04 2.125331E+04 1.522860E+02 0.000000E+00 0.000000E+00
3.870000E+00 5.357860E+04 1.421259E+04 7.796318E+04 1.395618E+02 8.169010E+01 0.000000E+00 3.288041E-81 0.000000E+00 7.767127E+04 7.622410E+04 2.125768E+04 1.523174E+02 0.000000E+00 0.000000E+00
3.871000E+00 5.349895E+04 1.419166E+04 7.784771E+04 1.395618E+02 8.177340E+01 0.000000E+00 1.209603E-81 0.000000E+00 7.755626E+04 7.610799E+04 2.126290E+04 1.523548E+02 0.000000E+00 0.000000E+00
3.872000E+00 5.341932E+04 1.417170E+04 7.773240E+04 1.395618E+02 8.185670E+01 0.000000E+00 4.449879E-82 0.000000E+00 7.744142E+04 7.599233E+04 2.126906E+04 1.523989E+02 0.000000E+00 0.000000E+00
3.873000E+00 5.333974E+04 1.415292E+04 7.761727E+04 1.395618E+02 8.194000E+01 0.000000E+00 1.637019E-82 0.000000E+00 7.732675E+04 7.587712E+04 2.127640E+04 1.524515E+02 0.000000E+00 0.000000E+00
3.874000E+00 5.326028E+04 1.413529E+04 7.750231E+04 1.395618E+02 8.202330E+01 0.000000E+00 6.022257E-83 0.000000E+00 7.721225E+04 7.576238E+04 2.128489E+04 1.525123E+02 0.000000E+00 0.000000E+00
3.875000E+00 5.318099E+04 1.411884E+04 7.738752E+04 1.395618E+02 8.210660E+01 0.000000E+00 2.215464E-83 0.000000E+00 7.709791E+04 7.564813E+04 2.129458E+04 1.525818E+02 0.000000E+00 0.000000E+00
3.876000E+00 5.310190E+04 1.410361E+04 7.727290E+04 1.395618E+02 8.218990E+01 0.000000E+00 8.150238E-84 0.000000E+00 7.698373E+04 7.553436E+04 2.130554E+04 1.526603E+02 0.000000E+00 0.000000E+00
3.877000E+00 5.302307E+04 1.408967E+04 7.715845E+04 1.395618E+02 8.227320E+01 0.000000E+00 2.998305E-84 0.000000E+00 7.686973E+04 7.542108E+04 2.131786E+04 1.527486E+02 0.000000E+00 0.000000E+00
3.878000E+00 5.294454E+04 1.407720E+04 7.704417E+04 1.395618E+02 8.235650E+01 0.000000E+00 1.103015E-84 0.000000E+00 7.675589E+04 7.530830E+04 2.133173E+04 1.528480E+02 0.000000E+00 0.000000E+00
3.879000E+00 5.286635E+04 1.406605E+04 7.693006E+04 1.395618E+02 8.243980E+01 0.000000E+00 4.057765E-85 0.000000E+00 7.664222E+04 7.519602E+04 2.134703E+04 1.529576E+02 0.000000E+00 0.000000E+00
3.880000E+00 5.278853E+04 1.405622E+04 7.681612E+04 1.395618E+02 8.252310E+01 0.000000E+00 1.492768E-85 0.000000E+00 7.652871E+04 7.508424E+04 2.136378E+04 1.530776E+02 0.000000E+00 0.000000E+00
3.881000E+00 5.271114E+04 1.404772E+04 7.670235E+04 1.395618E+02 8.260640E+01 0.000000E+00 5.491587E-86 0.000000E+00 7.641538E+04 7.497296E+04 2.138201E+04 1.532082E+02 0.000000E+00 0.000000E+00
3.882000E+00 5.263418E+04 1.404063E+04 7.658874E+04 1.395618E+02 8.268970E+01 0.000000E+00 2.020242E-86 0.000000E+00 7.630221E+04 7.486217E+04 2.140182E+04 1.533502E+02 0.000000E+00 0.000000E+00
3.883000E+00 5.255771E+04 1.403497E+04 7.647531E+04 1.395618E+02 8.277300E+01 0.000000E+00 7.432055E-87 0.000000E+00 7.618921E+04 7.475187E+04 2.142325E+04 1.535037E+02 0.000000E+00 0.000000E+00
3.884000E+00 5.248173E+04 1.403059E+04 7.636204E+04 1.395618E+02 8.285630E+01 0.000000E+00 2.734100E-87 0.000000E+00 7.607638E+04 7.464205E+04 2.144616E+04 1.536679E+02 0.000000E+00 0.000000E+00
3.885000E+00 5.240629E+04 1.402743E+04 7.624894E+04 1.395618E+02 8.293960E+01 0.000000E+00 1.005819E-87 0.000000E+00 7.596371E+04 7.453270E+04 2.147053E+04 1.538425E+02 0.000000E+00 0.000000E+00
3.886000E+00 5.233138E+04 1.402547E+04 7.613601E+04 1.395618E+02 8.302290E+01 0.000000E+00 3.700203E-88 0.000000E+00 7.585122E+04 7.442380E+04 2.149634E+04 1.540275E+02 0.000000E+00 0.000000E+00
3.887000E+00 5.225703E+04 1.402479E+04 7.602324E+04 1.395618E+02 8.310620E+01 0.000000E+00 1.361228E-88 0.000000E+00 7.573890E+04 7.431535E+04 2.152370E+04 1.542235E+02 0.000000E+00 0.000000E+00
3.888000E+00 5.218325E+04 1.402524E+04 7.591064E+04 1.395618E+02 8.318950E+01 0.000000E+00 5.007680E-89 0.000000E+00 7.562674E+04 7.420734E+04 2.155247E+04 1.544296E+02 0.000000E+00 0.000000E+00
3.889000E+00 5.211006E+04 1.402669E+04 7.579821E+04 1.395618E+02 8.327280E+01 0.000000E+00 1.842222E-89 0.000000E+00 7.551475E+04 7.409974E+04 2.158253E+04 1.546450E+02 0.000000E+00 0.000000E+00
3.890000E+00 5.203744E+04 1.402905E+04 7.568595E+04 1.395618E+02 8.335610E+01 0.000000E+00 6.777157E-90 0.000000E+00 7.540294E+04 7.399253E+04 2.161383E+04 1.548693E+02 0.000000E+00 0.000000E+00
3.891000E+00 5.196541E+04 1.403226E+04 7.557385E+04 1.395618E+02 8.343940E+01 0.000000E+00 2.493177E-90 0.000000E+00 7.529129E+04 7.388571E+04 2.164629E+04 1.551018E+02 0.000000E+00 0.000000E+00
3.892000E+00 5.189395E+04 1.403637E+04 7.546192E+04 1.395618E+02 8.352270E+01 0.000000E+00 9.171885E-91 0.000000E+00 7.517981E+04 7.377924E+04 2.167998E+04 1.553433E+02 0.000000E+00 0.000000E+00
3.893000E+00 5.182307E+04 1.404112E+04 7.535016E+04 1.395618E+02 8.360600E+01 0.000000E+00 3.374148E-91 0.000000E+00 7.506850E+04 7.367311E+04 2.171466E+04 1.555918E+02 0.000000E+00 0.000000E+00
3.894000E+00 5.175276E+04 1.404640E+04 7.523856E+04 1.395618E+02 8.368930E+01 0.000000E+00 1.241280E-91 0.000000E+00 7.495736E+04 7.356730E+04 2.175023E+04 1.558466E+02 0.000000E+00 0.000000E+00
3.895000E+00 5.168299E+04 1.405212E+04 7.512713E+04 1.395618E+02 8.377260E+01 0.000000E+00 4.566413E-92 0.000000E+00 7.484639E+04 7.346178E+04 2.178658E+04 1.561071E+02 0.000000E+00 0.000000E+00
3.896000E+00 5.161375E+04 1.405819E+04 7.501586E+04 1.395618E+02 8.385590E+01 0.000000E+00 1.679889E-92 0.000000E+00 7.473558E+04 7.335653E+04 2.182365E+04 1.563727E+02 0.000000E+00 0.000000E+00
3.897000E+00 5.154502E+04 1.406451E+04 7.490476E+04 1.395618E+02 8.393920E+01 0.000000E+00 6.179968E-93 0.000000E+00 7.462495E+04 7.325152E+04 2.186134E+04 1.566428E+02 0.000000E+00 0.000000E+00
3.898000E+00 5.147678E+04 1.407090E+04 7.479382E+04 1.395618E+02 8.402250E+01 0.000000E+00 2.273483E-93 0.000000E+00 7.451449E+04 7.314673E+04 2.189947E+04 1.569160E+02 0.000000E+00 0.000000E+00
3.899000E+00 5.140900E+04 1.407724E+04 7.468305E+04 1.395618E+02 8.410580E+01 0.000000E+00 8.363677E-94 0.000000E+00 7.440419E+04 7.304213E+04 2.193791E+04 1.571914E+02 0.000000E+00 0.000000E+00
3.900000E+00 5.134164E+04 1.408342E+04 7.457245E+04 1.395618E+02 8.418910E+01 0.000000E+00 3.076825E-94 0.000000E+00 7.429406E+04 7.293771E+04 2.197655E+04 1.574683E+02 0.000000E+00 0.000000E+00
3.901000E+00 5.127468E+04 1.408930E+04 7.446201E+04 1.395618E+02 8.427240E+01 0.000000E+00 1.131901E-94 0.000000E+00 7.418410E+04 7.283342E+04 2.201525E+04 1.577456E+02 0.000000E+00 0.000000E+00
3.902000E+00 5.120808E+04 1.409475E+04 7.435173E+04 1.395618E+02 8.435570E+01 0.000000E+00 4.164029E-95 0.000000E+00 7.407431E+04 7.272926E+04 2.205387E+04 1.580223E+02 0.000000E+00 0.000000E+00
3.903000E+00 5.114181E+04 1.409964E+04 7.424162E+04 1.395618E+02 8.443900E+01 0.000000E+00 1.531861E-95 0.000000E+00 7.396468E+04 7.262519E+04 2.209227E+04 1.582974E+02 0.000000E+00 0.000000E+00
3.904000E+00 5.107581E+04 1.410386E+04 7.413167E+04 1.395618E+02 8.452230E+01 0.000000E+00 5.635401E-96 0.000000E+00 7.385522E+04 7.252118E+04 2.213032E+04 1.585701E+02 0.000000E+00 0.000000E+00
3.905000E+00 5.101006E+04 1.410728E+04 7.402188E+04 1.395618E+02 8.460560E+01 0.000000E+00 2.073148E-96 0.000000E+00 7.374593E+04 7.241722E+04 2.216789E+04 1.588393E+02 0.000000E+00 0.000000E+00
3.906000E+00 5.094450E+04 1.410970E+04 7.391226E+04 1.395618E+02 8.468890E+01 0.000000E+00 7.626686E-97 0.000000E+00 7.363681E+04 7.231329E+04 2.220475E+04 1.591034E+02 0.000000E+00 0.000000E+00
3.907000E+00 5.087910E+04 1.411106E+04 7.380281E+04 1.395618E+02 8.477220E+01 0.000000E+00 2.805701E-97 0.000000E+00 7.352784E+04 7.220934E+04 2.224084E+04 1.593620E+02 0.000000E+00 0.000000E+00
3.908000E+00 5.081380E+04 1.411125E+04 7.369351E+04 1.395618E+02 8.485550E+01 0.000000E+00 1.032160E-97 0.000000E+00 7.341905E+04 7.210538E+04 2.227602E+04 1.596141E+02 0.000000E+00 0.000000E+00
3.909000E+00 5.074856E+04 1.411018E+04 7.358438E+04 1.395618E+02 8.493880E+01 0.000000E+00 3.797103E-98 0.000000E+00 7.331042E+04 7.200137E+04 2.231019E+04 1.598589E+02 0.000000E+00 0.000000E+00
3.910000E+00 5.068333E+04 1.410772E+04 7.347541E+04 1.395618E+02 8.502210E+01 0.000000E+00 1.396876E-98 0.000000E+00 7.320195E+04 7.189729E+04 2.234318E+04 1.600953E+02 0.000000E+00 0.000000E+00
3.911000E+00 5.061806E+04 1.410362E+04 7.336661E+04 1.395618E+02 8.510540E+01 0.000000E+00 5.138820E-99 0.000000E+00 7.309365E+04 7.179312E+04 2.237474E+04 1.603214E+02 0.000000E+00 0.000000E+00
3.912000E+00 5.055271E+04 1.409795E+04 7.325796E+04 1.395618E+02 8.518870E+01 0.000000E+00 1.890466E-99 0.000000E+00 7.298550E+04 7.168886E+04 2.240489E+04 1.605374E+02 0.000000E+00 0.000000E+00
3.913000E+00 5.048723E+04 1.409062E+04 7.314948E+04 1.395618E+02 8.527200E+01 0.000000E+00 0.000000E+00 0.000000E+00 7.287752E+04 7.158447E+04 2.243352E+04 1.607426E+02 0.000000E+00 0.000000E+00
3.914000E+00 5.042156E+04 1.408155E+04 7.304116E+04 1.395618E+02 8.535530E+01 0.000000E+00 0.000000E+00 0.000000E+00 7.276971E+04 7.147995E+04 2.246055E+04 1.609363E+02 0.000000E+00 0.000000E+00
3.915000E+00 5.035567E+04 1.407057E+04 7.293300E+04 1.395618E+02 8.543860E+01 0.000000E+00 0.000000E+00 0.000000E+00 7.266205E+04 7.137529E+04 2.248574E+04 1.611168E+02 0.000000E+00 0.000000E+00
3.916000E+00 5.028950E+04 1.405755E+04 7.282501E+04 1.395618E+02 8.552190E+01 0.000000E+00 0.000000E+00 0.000000E+00 7.255455E+04 7.127047E+04 2.250896E+04 1.612831E+02 0.000000E+00 0.000000E+00
3.917000E+00 5.022302E+04 1.404260E+04 7.271717E+04 1.395618E+02 8.560520E+01 0.000000E+00 0.000000E+00 0.000000E+00 7.244721E+04 7.116547E+04 2.253027E+04 1.614358E+02 0.000000E+00 0.000000E+00
3.918000E+00 5.015617E+04 1.402567E+04 7.260950E+04 1.395618E+02 8.568850E+01 0.000000E+00 0.000000E+00 0.000000E+00 7.234003E+04 7.106031E+04 2.254959E+04 1.615743E+02 0.000000E+00 0.000000E+00
3.919000E+00 5.008891E+04 1.400672E+04 7.250198E+04 1.395618E+02 8.577180E+01 0.000000E+00 0.000000E+00 0.000000E+00 7.223301E+04 7.095496E+04 2.256687E+04 1.616981E+02 0.000000E+00 0.000000E+00
3.920000E+00 5.002121E+04 1.398550E+04 7.239463E+04 1.395618E+02 8.585510E+01 0.000000E+00 0.000000E+00 0.000000E+00 7.212614E+04 7.084942E+04 2.258180E+04 1.618050E+02 0.000000E+00 0.000000E+00
3.921000E+00 4.995303E+04 1.396211E+04 7.228744E+04 1.395618E+02 8.593840E+01 0.000000E+00 0.000000E+00 0.000000E+00 7.201943E+04 7.074369E+04 2.259446E+04 1.618958E+02 0.000000E+00 0.000000E+00
3.922000E+00 4.988433E+04 1.393664E+04 7.218041E+04 1.395618E+02 8.602170E+01 0.000000E+00 0.000000E+00 0.000000E+00 7.191288E+04 7.063776E+04 2.260490E+04 1.619706E+02 0.000000E+00 0.000000E+00
3.923000E+00 4.981508E+04 1.390909E+04 7.207353E+04 1.395618E+02 8.610500E+01 0.000000E+00 0.000000E+00 0.000000E+00 7.180648E+04 7.053165E+04 2.261309E+04 1.620293E+02 0.000000E+00 0.000000E+00
3.924000E+00 4.974525E+04 1.387946E+04 7.196682E+04 1.395618E+02 8.618830E+01 0.000000E+00 0.000000E+00 0.000000E+00 7.170024E+04 7.042535E+04 2.261901E+04 1.620717E+02 0.000000E+00 0.000000E+00
3.925000E+00 4.967481E+04 1.384743E+04 7.186026E+04 1.395618E+02 8.627160E+01 0.000000E+00 0.000000E+00 0.000000E+00 7.159415E+04 7.031887E+04 2.262230E+04 1.620952E+02 0.000000E+00 0.000000E+00
3.926000E+00 4.960374E+04 1.381338E+04 7.175386E+04 1.395618E+02 8.635490E+01 0.000000E+00 0.000000E+00 0.000000E+00 7.148821E+04 7.021221E+04 2.262329E+04 1.621023E+02 0.000000E+00 0.000000E+00
3.927000E+00 4.953201E+04 1.377733E+04 7.164763E+04 1.395618E+02 8.643820E+01 0.000000E+00 0.000000E+00 0.000000E+00 7.138242E+04 7.010538E+04 2.262199E+04 1.620930E+02 0.000000E+00 0.000000E+00
3.928000E+00 4.945962E+04 1.373934E+04 7.154154E+04 1.395618E+02 8.652150E+01 0.000000E+00 0.000000E+00 0.000000E+00 7.127679E+04 6.999839E+04 2.261842E+04 1.620674E+02 0.000000E+00 0.000000E+00
3.929000E+00 4.938653E+04 1.369936E+04 7.143562E+04 1.395618E+02 8.660480E+01 0.000000E+00 0.000000E+00 0.000000E+00 7.117130E+04 6.989125E+04 2.261250E+04 1.620250E+02 0.000000E+00 0.000000E+00
3.930000E+00 4.931275E+04 1.365732E+04 7.132986E+04 1.395618E+02 8.668810E+01 0.000000E+00 0.000000E+00 0.000000E+00 7.106597E+04 6.978398E+04 2.260414E+04 1.619651E+02 0.000000E+00 0.000000E+00
3.931000E+00 4.923827E+04 1.361354E+04 7.122425E+04 1.395618E+02 8.677140E+01 0.000000E+00 0.000000E+00 0.000000E+00 7.096079E+04 6.967659E+04 2.259362E+04 1.618897E+02 0.000000E+00 0.000000E+00
3.932000E+00 4.916308E+04 1.356808E+04 7.111880E+04 1.395618E+02 8.685470E+01 0.000000E+00 0.000000E+00 0.000000E+00 7.085575E+04 6.956910E+04 2.258099E+04 1.617993E+02 0.000000E+00 0.000000E+00
3.933000E+00 4.908719E+04 1.352105E+04 7.101350E+04 1.395618E+02 8.693800E+01 0.000000E+00 0.000000E+00 0.000000E+00 7.075086E+04 6.946152E+04 2.256632E+04 1.616941E+02 0.000000E+00 0.000000E+00
3.934000E+00 4.901059E+04 1.347237E+04 7.090836E+04 1.395618E+02 8.702130E+01 0.000000E+00 0.000000E+00 0.000000E+00 7.064612E+04 6.935388E+04 2.254950E+04 1.615737E+02 0.000000E+00 0.000000E+00
3.935000E+00 4.893330E+04 1.342220E+04 7.080338E+04 1.395618E+02 8.710460E+01 0.000000E+00 0.000000E+00 0.000000E+00 7.054153E+04 6.924619E+04 2.253069E+04 1.614389E+02 0.000000E+00 0.000000E+00
3.936000E+00 4.885533E+04 1.337077E+04 7.069855E+04 1.395618E+02 8.718790E+01 0.000000E+00 0.000000E+00 0.000000E+00 7.043709E+04 6.913847E+04 2.251010E+04 1.612913E+02 0.000000E+00 0.000000E+00
3.937000E+00 4.877669E+04 1.331820E+04 7.059388E+04 1.395618E+02 8.727120E+01 0.000000E+00 0.000000E+00 0.000000E+00 7.033279E+04 6.903075E+04 2.248781E+04 1.611316E+02 0.000000E+00 0.000000E+00
3.938000E+00 4.869740E+04 1.326460E+04 7.048936E+04 1.395618E+02 8.735450E+01 0.000000E+00 0.000000E+00 0.000000E+00 7.022864E+04 6.892306E+04 2.246393E+04 1.609605E+02 0.000000E+00 0.000000E+00
3.939000E+00 4.861749E+04 1.320993E+04 7.038500E+04 1.395618E+02 8.743780E+01 0.000000E+00 0.000000E+00 0.000000E+00 7.012463E+04 6.881540E+04 2.243840E+04 1.607776E+02 0.000000E+00 0.000000E+00
3.940000E+00 4.853697E+04 1.315448E+04 7.028079E+04 1.395618E+02 8.752110E+01 0.000000E+00 0.000000E+00 0.000000E+00 7.002077E+04 6.870782E+04 2.241151E+04 1.605849E+02 0.000000E+00 0.000000E+00
3.941000E+00 4.845589E+04 1.309842E+04 7.017673E+04 1.395618E+02 8.760440E+01 0.000000E+00 0.000000E+00 0.000000E+00 6.991706E+04 6.860034E+04 2.238340E+04 1.603835E+02 0.000000E+00 0.000000E+00
3.942000E+00 4.837427E+04 1.304188E+04 7.007283E+04 1.395618E+02 8.768770E+01 0.000000E+00 0.000000E+00 0.000000E+00 6.981348E+04 6.849297E+04 2.235421E+04 1.601743E+02 0.000000E+00 0.000000E+00
3.943000E+00 4.829214E+04 1.298497E+04 6.996908E+04 1.395618E+02 8.777100E+01 0.000000E+00 0.000000E+00 0.000000E+00 6.971006E+04 6.838576E+04 2.232404E+04 1.599582E+02 0.000000E+00 0.000000E+00
3.944000E+00 4.820955E+04 1.292778E+04 6.986548E+04 1.395618E+02 8.785430E+01 0.000000E+00 0.000000E+00 0.000000E+00 6.960678E+04 6.827872E+04 2.229297E+04 1.597355E+02 0.000000E+00 0.000000E+00
3.945000E+00 4.812654E+04 1.287055E+04 6.976204E+04 1.395618E+02 8.793760E+01 0.000000E+00 0.000000E+00 0.000000E+00 6.950364E+04 6.817187E+04 2.226126E+04 1.595083E+02 0.000000E+00 0.000000E+00
3.946000E+00 4.804315E+04 1.281344E+04 6.965875E+04 1.395618E+02 8.802090E+01 0.000000E+00 0.000000E+00 0.000000E+00 6.940065E+04 6.806526E+04 2.222904E+04 1.592774E+02 0.000000E+00 0.000000E+00
3.947000E+00 4.795943E+04 1.275657E+04 6.955561E+04 1.395618E+02 8.810420E+01 0.000000E+00 0.000000E+00 0.000000E+00 6.929780E+04 6.795889E+04 2.219646E+04 1.590440E+02 0.000000E+00 0.000000E+00
3.948000E+00 4.787542E+04 1.270008E+04 6.945262E+04 1.395618E+02 8.818750E+01 0.000000E+00 0.000000E+00 0.000000E+00 6.919510E+04 6.785281E+04 2.216366E+04 1.588090E+02 0.000000E+00 0.000000E+00
3.949000E+00 4.779118E+04 1.264413E+04 6.934978E+04 1.395618E+02 8.827080E+01 0.000000E+00 0.000000E+00 0.000000E+00 6.909254E+04 6.774703E+04 2.213081E+04 1.585736E+02 0.000000E+00 0.000000E+00
3.950000E+00 4.770676E+04 1.258888E+04 6.924709E+04 1.395618E+02 8.835410E+01 0.000000E+00 0.000000E+00 0.000000E+00 6.899012E+04 6.764157E+04 2.209806E+04 1.583390E+02 0.000000E+00 0.000000E+00
3.951000E+00 4.762221E+04 1.253445E+04 6.914456E+04 1.395618E+02 8.843740E+01 0.000000E+00 0.000000E+00 0.000000E+00 6.888785E+04 6.753647E+04 2.206558E+04 1.581062E+02 0.000000E+00 0.000000E+00
3.952000E+00 4.753758E+04 1.248098E+04 6.904217E+04 1.395618E+02 8.852070E+01 0.000000E+00 0.000000E+00 0.000000E+00 6.878572E+04 6.743174E+04 2.203349E+04 1.578763E+02 0.000000E+00 0.000000E+00
3.953000E+00 4.745294E+04 1.242865E+04 6.893994E+04 1.395618E+02 8.860400E+01 0.000000E+00 0.000000E+00 0.000000E+00 6.868374E+04 6.732740E+04 2.200201E+04 1.576507E+02 0.000000E+00 0.000000E+00
3.954000E+00 4.736833E+04 1.237758E+04 6.883785E+04 1.395618E+02 8.868730E+01 0.000000E+00 0.000000E+00 0.000000E+00 6.858190E+04 6.722349E+04 2.197127E+04 1.574304E+02 0.000000E+00 0.000000E+00
3.955000E+00 4.728382E+04 1.232785E+04 6.873591E+04 1.395618E+02 8.877060E+01 0.000000E+00 0.000000E+00 0.000000E+00 6.848021E+04 6.712000E+04 2.194137E+04 1.572162E+02 0.000000E+00 0.000000E+00
3.956000E+00 4.719946E+04 1.227958E+04 6.863413E+04 1.395618E+02 8.885390E+01 0.000000E+00 0.000000E+00 0.000000E+00 6.837867E+04 6.701698E+04 2.191246E+04 1.570090E+02 0.000000E+00 0.000000E+00
3.957000E+00 4.711530E+04 1.223286E+04 6.853249E+04 1.395618E+02 8.893720E+01 0.000000E+00 0.000000E+00 0.000000E+00 6.827726E+04 6.691442E+04 2.188464E+04 1.568097E+02 0.000000E+00 0.000000E+00
3.958000E+00 4.703141E+04 1.218799E+04 6.843100E+04 1.395618E+02 8.902050E+01 0.000000E+00 0.000000E+00 0.000000E+00 6.817601E+04 6.681236E+04 2.185825E+04 1.566207E+02 0.000000E+00 0.000000E+00
3.959000E+00 4.694784E+04 1.214488E+04 6.832966E+04 1.395618E+02 8.910380E+01 0.000000E+00 0.000000E+00 0.000000E+00 6.807490E+04 6.671079E+04 2.183324E+04 1.564414E+02 0.000000E+00 0.000000E+00
3.960000E+00 4.686464E+04 1.210362E+04 6.822846E+04 1.395618E+02 8.918710E+01 0.000000E+00 0.000000E+00 0.000000E+00 6.797394E+04 6.660974E+04 2.180970E+04 1.562727E+02 0.000000E+00 0.000000E+00
3.961000E+00 4.678187E+04 1.206428E+04 6.812742E+04 1.395618E+02 8.927040E+01 0.000000E+00 0.000000E+00 0.000000E+00 6.787312E+04 6.650921E+04 2.178774E+04 1.561154E+02 0.000000E+00 0.000000E+00
3.962000E+00 4.669958E+04 1.202700E+04 6.802652E+04 1.395618E+02 8.935370E+01 0.000000E+00 0.000000E+00 0.000000E+00 6.777245E+04 6.640921E+04 2.176753E+04 1.559706E+02 0.000000E+00 0.000000E+00
3.963000E+00 4.661782E+04 1.199196E+04 6.792577E+04 1.395618E+02 8.943700E+01 0.000000E+00 0.000000E+00 0.000000E+00 6.767193E+04 6.630975E+04 2.174929E+04 1.558399E+02 0.000000E+00 0.000000E+00
3.964000E+00 4.653664E+04 1.195902E+04 6.782517E+04 1.395618E+02 8.952030E+01 0.000000E+00 0.000000E+00 0.000000E+00 6.757156E+04 6.621084E+04 2.173291E+04 1.557225E+02 0.000000E+00 0.000000E+00
3.965000E+00 4.645608E+04 1.192823E+04 6.772471E+04 1.395618E+02 8.960360E+01 0.000000E+00 0.000000E+00 0.000000E+00 6.747133E+04 6.611247E+04 2.171846E+04 1.556190E+02 0.000000E+00 0.000000E+00
3.966000E+00 4.637619E+04 1.189961E+04 6.762441E+04 1.395618E+02 8.968690E+01 0.000000E+00 0.000000E+00 0.000000E+00 6.737125E+04 6.601466E+04 2.170601E+04 1.555298E+02 0.000000E+00 0.000000E+00
3.967000E+00 4.629701E+04 1.187335E+04 6.752424E+04 1.395618E+02 8.977020E+01 0.000000E+00 0.000000E+00 0.000000E+00 6.727132E+04 6.591739E+04 2.169579E+04 1.554565E+02 0.000000E+00 0.000000E+00
3.968000E+00 4.621858E+04 1.184945E+04 6.742423E+04 1.395618E+02 8.985350E+01 0.000000E+00 0.000000E+00 0.000000E+00 6.717155E+04 6.582067E+04 2.168780E+04 1.553993E+02 0.000000E+00 0.000000E+00
3.969000E+00 4.614093E+04 1.182775E+04 6.732436E+04 1.395618E+02 8.993680E+01 0.000000E+00 0.000000E+00 0.000000E+00 6.707192E+04 6.572450E+04 2.168196E+04 1.553574E+02 0.000000E+00 0.000000E+00
3.970000E+00 4.606410E+04 1.180826E+04 6.722464E+04 1.395618E+02 9.002010E+01 0.000000E+00 0.000000E+00 0.000000E+00 6.697244E+04 6.562886E+04 2.167827E+04 1.553310E+02 0.000000E+00 0.000000E+00
3.971000E+00 4.598812E+04 1.179095E+04 6.712506E+04 1.395618E+02 9.010340E+01 0.000000E+00 0.000000E+00 0.000000E+00 6.687311E+04 6.553375E+04 2.167677E+04 1.553203E+02 0.000000E+00 0.000000E+00
3.972000E+00 4.591300E+04 1.177608E+04 6.702563E+04 1.395618E+02 9.018670E+01 0.000000E+00 0.000000E+00 0.000000E+00 6.677393E+04 6.543916E+04 2.167774E+04 1.553272E+02 0.000000E+00 0.000000E+00
3.973000E+00 4.583879E+04 1.176339E+04 6.692635E+04 1.395618E+02 9.027000E+01 0.000000E+00 0.000000E+00 0.000000E+00 6.667490E+04 6.534508E+04 2.168093E+04 1.553501E+02 0.000000E+00 0.000000E+00
3.974000E+00 4.576548E+04 1.175277E+04 6.682721E+04 1.395618E+02 9.035330E+01 0.000000E+00 0.000000E+00 0.000000E+00 6.657602E+04 6.525150E+04 2.168630E+04 1.553886E+02 0.000000E+00 0.000000E+00
3.975000E+00 4.569311E+04 1.174419E+04 6.672821E+04 1.395618E+02 9.043660E+01 0.000000E+00 0.000000E+00 0.000000E+00 6.647729E+04 6.515840E+04 2.169383E+04 1.554425E+02 0.000000E+00 0.000000E+00
3.976000E+00 4.562168E+04 1.173761E+04 6.662936E+04 1.395618E+02 9.051990E+01 0.000000E+00 0.000000E+00 0.000000E+00 6.637872E+04 6.506576E+04 2.170352E+04 1.555119E+02 0.000000E+00 0.000000E+00
3.977000E+00 4.555119E+04 1.173320E+04 6.653066E+04 1.395618E+02 9.060320E+01 0.000000E+00 0.000000E+00 0.000000E+00 6.628029E+04 6.497358E+04 2.171555E+04 1.555981E+02 0.000000E+00 0.000000E+00
3.978000E+00 4.548166E+04 1.173061E+04 6.643210E+04 1.395618E+02 9.068650E+01 0.000000E+00 0.000000E+00 0.000000E+00 6.618202E+04 6.488182E+04 2.172961E+04 1.556989E+02 0.000000E+00 0.000000E+00
3.979000E+00 4.541309E+04 1.172975E+04 6.633369E+04 1.395618E+02 9.076980E+01 0.000000E+00 0.000000E+00 0.000000E+00 6.608390E+04 6.479048E+04 2.174564E+04 1.558137E+02 0.000000E+00 0.000000E+00
3.980000E+00 4.534546E+04 1.173054E+04 6.623542E+04 1.395618E+02 9.085310E+01 0.000000E+00 0.000000E+00 0.000000E+00 6.598593E+04 6.469953E+04 2.176358E+04 1.559423E+02 0.000000E+00 0.000000E+00
3.981000E+00 4.527878E+04 1.173299E+04 6.613730E+04 1.395618E+02 9.093640E+01 0.000000E+00 0.000000E+00 0.000000E+00 6.588812E+04 6.460894E+04 2.178348E+04 1.560849E+02 0.000000E+00 0.000000E+00
3.982000E+00 4.521304E+04 1.173705E+04 6.603932E+04 1.395618E+02 9.101970E+01 0.000000E+00 0.000000E+00 0.000000E+00 6.579046E+04 6.451870E+04 2.180528E+04 1.562411E+02 0.000000E+00 0.000000E+00
3.983000E+00 4.514821E+04 1.174244E+04 6.594148E+04 1.395618E+02 9.110300E+01 0.000000E+00 0.000000E+00 0.000000E+00 6.569294E+04 6.442878E+04 2.182874E+04 1.564092E+02 0.000000E+00 0.000000E+00
3.984000E+00 4.508429E+04 1.174907E+04 6.584379E+04 1.395618E+02 9.118630E+01 0.000000E+00 0.000000E+00 0.000000E+00 6.559559E+04 6.433916E+04 2.185378E+04 1.565886E+02 0.000000E+00 0.000000E+00
3.985000E+00 4.502125E+04 1.175682E+04 6.574625E+04 1.395618E+02 9.126960E+01 0.000000E+00 0.000000E+00 0.000000E+00 6.549838E+04 6.424981E+04 2.188031E+04 1.567787E+02 0.000000E+00 0.000000E+00
3.986000E+00 4.495907E+04 1.176572E+04 6.564885E+04 1.395618E+02 9.135290E+01 0.000000E+00 0.000000E+00 0.000000E+00 6.540132E+04 6.416071E+04 2.190836E+04 1.569797E+02 0.000000E+00 0.000000E+00
3.987000E+00 4.489773E+04 1.177555E+04 6.555159E+04 1.395618E+02 9.143620E+01 0.000000E+00 0.000000E+00 0.000000E+00 6.530442E+04 6.407184E+04 2.193774E+04 1.571902E+02 0.000000E+00 0.000000E+00
3.988000E+00 4.483719E+04 1.178614E+04 6.545447E+04 1.395618E+02 9.151950E+01 0.000000E+00 0.000000E+00 0.000000E+00 6.520767E+04 6.398316E+04 2.196827E+04 1.574090E+02 0.000000E+00 0.000000E+00
3.989000E+00 4.477742E+04 1.179739E+04 6.535750E+04 1.395618E+02 9.160280E+01 0.000000E+00 0.000000E+00 0.000000E+00 6.511107E+04 6.389465E+04 2.199987E+04 1.576353E+02 0.000000E+00 0.000000E+00
3.990000E+00 4.471839E+04 1.180916E+04 6.526068E+04 1.395618E+02 9.168610E+01 0.000000E+00 0.000000E+00 0.000000E+00 6.501462E+04 6.380629E+04 2.203241E+04 1.578685E+02 0.000000E+00 0.000000E+00
3.991000E+00 4.466006E+04 1.182146E+04 6.516400E+04 1.395618E+02 9.176940E+01 0.000000E+00 0.000000E+00 0.000000E+00 6.491833E+04 6.371806E+04 2.206590E+04 1.581085E+02 0.000000E+00 0.000000E+00
3.992000E+00 4.460239E+04 1.183405E+04 6.506746E+04 1.395618E+02 9.185270E+01 0.000000E+00 0.000000E+00 0.000000E+00 6.482218E+04 6.362992E+04 2.210010E+04 1.583535E+02 0.000000E+00 0.000000E+00
3.993000E+00 4.454534E+04 1.184680E+04 6.497106E+04 1.395618E+02 9.193600E+01 0.000000E+00 0.000000E+00 0.000000E+00 6.472618E+04 6.354186E+04 2.213489E+04 1.586028E+02 0.000000E+00 0.000000E+00
3.994000E+00 4.448888E+04 1.185963E+04 6.487481E+04 1.395618E+02 9.201930E+01 0.000000E+00 0.000000E+00 0.000000E+00 6.463034E+04 6.345385E+04 2.217018E+04 1.588557E+02 0.000000E+00 0.000000E+00
3.995000E+00 4.443295E+04 1.187243E+04 6.477870E+04 1.395618E+02 9.210260E+01 0.000000E+00 0.000000E+00 0.000000E+00 6.453464E+04 6.336587E+04 2.220587E+04 1.591114E+02 0.000000E+00 0.000000E+00
3.996000E+00 4.437752E+04 1.188511E+04 6.468274E+04 1.395618E+02 9.218590E+01 0.000000E+00 0.000000E+00 0.000000E+00 6.443910E+04 6.327789E+04 2.224186E+04 1.593693E+02 0.000000E+00 0.000000E+00
3.997000E+00 4.432254E+04 1.189754E+04 6.458691E+04 1.395618E+02 9.226920E+01 0.000000E+00 0.000000E+00 0.000000E+00 6.434370E+04 6.318991E+04 2.227802E+04 1.596284E+02 0.000000E+00 0.000000E+00
3.998000E+00 4.426796E+04 1.190964E+04 6.449123E+04 1.395618E+02 9.235250E+01 0.000000E+00 0.000000E+00 0.000000E+00 6.424845E+04 6.310190E+04 2.231425E+04 1.598880E+02 0.000000E+00 0.000000E+00
3.999000E+00 4.421375E+04 1.192131E+04 6.439570E+04 1.395618E+02 9.243580E+01 0.000000E+00 0.000000E+00 0.000000E+00 6.415335E+04 6.301383E+04 2.235047E+04 1.601475E+02 0.000000E+00 0.000000E+00
4.000000E+00 4.415985E+04 1.193249E+04 6.430030E+04 1.395618E+02 9.251910E+01 0.000000E+00 0.000000E+00 0.000000E+00 6.405840E+04 6.292571E+04 2.238658E+04 1.604062E+02 0.000000E+00 0.000000E+00
4.001000E+00 4.410976E+04 1.217767E+04 6.420505E+04 1.395618E+02 9.260240E+01 0.000000E+00 0.000000E+00 0.000000E+00 6.396360E+04 6.284073E+04 2.964692E+04 2.124287E+02 0.000000E+00 0.000000E+00
4.002000E+00 4.406728E+04 1.244749E+04 6.410994E+04 1.395618E+02 9.268570E+01 0.000000E+00 0.000000E+00 0.000000E+00 6.386895E+04 6.276201E+04 2.994833E+04 2.145884E+02 0.000000E+00 0.000000E+00
4.003000E+00 4.403286E+04 1.274223E+04 6.401497E+04 1.395618E+02 9.276900E+01 0.000000E+00 0.000000E+00 0.000000E+00 6.377448E+04 6.268932E+04 3.027936E+04 2.169603E+02 0.000000E+00 0.000000E+00
4.004000E+00 4.400694E+04 1.306228E+04 6.392015E+04 1.395618E+02 9.285230E+01 0.000000E+00 0.000000E+00 0.000000E+00 6.368018E+04 6.262246E+04 3.064088E+04 2.195507E+02 0.000000E+00 0.000000E+00
4.005000E+00 4.398991E+04 1.340948E+04 6.382547E+04 1.395618E+02 9.293560E+01 0.000000E+00 0.000000E+00 0.000000E+00 6.358607E+04 6.256123E+04 3.103507E+04 2.223751E+02 0.000000E+00 0.000000E+00
4.006000E+00 4.398216E+04 1.378639E+04 6.373093E+04 1.395618E+02 9.301890E+01 0.000000E+00 0.000000E+00 0.000000E+00 6.349215E+04 6.250547E+04 3.146489E+04 2.254550E+02 0.000000E+00 0.000000E+00
4.007000E+00 4.398404E+04 1.418993E+04 6.363653E+04 1.395618E+02 9.310220E+01 0.000000E+00 0.000000E+00 0.000000E+00 6.339843E+04 6.245501E+04 3.192772E+04 2.287713E+02 0.000000E+00 0.000000E+00
4.008000E+00 4.399589E+04 1.462043E+04 6.354228E+04 1.395618E+02 9.318550E+01 0.000000E+00 0.000000E+00 0.000000E+00 6.330492E+04 6.240966E+04 3.242425E+04 2.323290E+02 0.000000E+00 0.000000E+00
4.009000E+00 4.401800E+04 1.507804E+04 6.344818E+04 1.395618E+02 9.326880E+01 0.000000E+00 0.000000E+00 0.000000E+00 6.321162E+04 6.236926E+04 3.295510E+04 2.361327E+02 0.000000E+00 0.000000E+00
4.010000E+00 4.405064E+04 1.556597E+04 6.335422E+04 1.395618E+02 9.335210E+01 0.000000E+00 0.000000E+00 0.000000E+00 6.311854E+04 6.233364E+04 3.352389E+04 2.402082E+02 0.000000E+00 0.000000E+00
4.011000E+00 4.409409E+04 1.608372E+04 6.326040E+04 1.395618E+02 9.343540E+01 0.000000E+00 0.000000E+00 0.000000E+00 6.302568E+04 6.230267E+04 3.413049E+04 2.445547E+02 0.000000E+00 0.000000E+00
4.012000E+00 4.414857E+04 1.662901E+04 6.316674E+04 1.395618E+02 9.351870E+01 0.000000E+00 0.000000E+00 0.000000E+00 6.293306E+04 6.227616E+04 3.477314E+04 2.491595E+02 0.000000E+00 0.000000E+00
4.013000E+00 4.421427E+04 1.720193E+04 6.307322E+04 1.395618E+02 9.360200E+01 0.000000E+00 0.000000E+00 0.000000E+00 6.284068E+04 6.225397E+04 3.545226E+04 2.540256E+02 0.000000E+00 0.000000E+00
4.014000E+00 4.429139E+04 1.780232E+04 6.297985E+04 1.395618E+02 9.368530E+01 0.000000E+00 0.000000E+00 0.000000E+00 6.274854E+04 6.223592E+04 3.616819E+04 2.591555E+02 0.000000E+00 0.000000E+00
4.015000E+00 4.438007E+04 1.843488E+04 6.288664E+04 1.395618E+02 9.376860E+01 0.000000E+00 0.000000E+00 0.000000E+00 6.265664E+04 6.222187E+04 3.692603E+04 2.645856E+02 0.000000E+00 0.000000E+00
4.016000E+00 4.448047E+04 1.909553E+04 6.279357E+04 1.395618E+02 9.385190E+01 0.000000E+00 0.000000E+00 0.000000E+00 6.256500E+04 6.221165E+04 3.772207E+04 2.702894E+02 0.000000E+00 0.000000E+00
4.017000E+00 4.459269E+04 1.978315E+04 6.270065E+04 1.395618E+02 9.393520E+01 0.000000E+00 0.000000E+00 0.000000E+00 6.247362E+04 6.220510E+04 3.855569E+04 2.762626E+02 0.000000E+00 0.000000E+00
4.018000E+00 4.471680E+04 2.049753E+04 6.260789E+04 1.395618E+02 9.401850E+01 0.000000E+00 0.000000E+00 0.000000E+00 6.238250E+04 6.220205E+04 3.942702E+04 2.825059E+02 0.000000E+00 0.000000E+00
4.019000E+00 4.485287E+04 2.123903E+04 6.251529E+04 1.395618E+02 9.410180E+01 0.000000E+00 0.000000E+00 0.000000E+00 6.229164E+04 6.220232E+04 4.033687E+04 2.890253E+02 0.000000E+00 0.000000E+00
4.020000E+00 4.500094E+04 2.201127E+04 6.242284E+04 1.395618E+02 9.418510E+01 0.000000E+00 0.000000E+00 0.000000E+00 6.220106E+04 6.220577E+04 4.128926E+04 2.958494E+02 0.000000E+00 0.000000E+00
4.021000E+00 4.516103E+04 2.280898E+04 6.233055E+04 1.395618E+02 9.426840E+01 0.000000E+00 0.000000E+00 0.000000E+00 6.211075E+04 6.221221E+04 4.227926E+04 3.029430E+02 0.000000E+00 0.000000E+00
4.022000E+00 4.533312E+04 2.363154E+04 6.223841E+04 1.395618E+02 9.435170E+01 0.000000E+00 0.000000E+00 0.000000E+00 6.202071E+04 6.222147E+04 4.330672E+04 3.103051E+02 0.000000E+00 0.000000E+00
4.023000E+00 4.551716E+04 2.447844E+04 6.214644E+04 1.395618E+02 9.443500E+01 0.000000E+00 0.000000E+00 0.000000E+00 6.193096E+04 6.223335E+04 4.437141E+04 3.179339E+02 0.000000E+00 0.000000E+00
4.024000E+00 4.571309E+04 2.535131E+04 6.205462E+04 1.395618E+02 9.451830E+01 0.000000E+00 0.000000E+00 0.000000E+00 6.184148E+04 6.224768E+04 4.547539E+04 3.258442E+02 0.000000E+00 0.000000E+00
4.025000E+00 4.592083E+04 2.625017E+04 6.196297E+04 1.395618E+02 9.460160E+01 0.000000E+00 0.000000E+00 0.000000E+00 6.175230E+04 6.226428E+04 4.661903E+04 3.340387E+02 0.000000E+00 0.000000E+00
4.026000E+00 4.614026E+04 2.717116E+04 6.187149E+04 1.395618E+02 9.468490E+01 0.000000E+00 0.000000E+00 0.000000E+00 6.166340E+04 6.228296E+04 4.779876E+04 3.424918E+02 0.000000E+00 0.000000E+00
4.027000E+00 4.637126E+04 2.811341E+04 6.178017E+04 1.395618E+02 9.476820E+01 0.000000E+00 0.000000E+00 0.000000E+00 6.157479E+04 6.230352E+04 4.901409E+04 3.512000E+02 0.000000E+00 0.000000E+00
4.028000E+00 4.661363E+04 2.907613E+04 6.168901E+04 1.395618E+02 9.485150E+01 0.000000E+00 0.000000E+00 0.000000E+00 6.148647E+04 6.232575E+04 5.026450E+04 3.601596E+02 0.000000E+00 0.000000E+00
4.029000E+00 4.686721E+04 3.006195E+04 6.159802E+04 1.395618E+02 9.493480E+01 0.000000E+00 0.000000E+00 0.000000E+00 6.139845E+04 6.234946E+04 5.155297E+04 3.693918E+02 0.000000E+00 0.000000E+00
4.030000E+00 4.713178E+04 3.106765E+04 6.150721E+04 1.395618E+02 9.501810E+01 0.000000E+00 0.000000E+00 0.000000E+00 6.131072E+04 6.237445E+04 5.287654E+04 3.788756E+02 0.000000E+00 0.000000E+00
4.031000E+00 4.740712E+04 3.209080E+04 6.141656E+04 1.395618E+02 9.510140E+01 0.000000E+00 0.000000E+00 0.000000E+00 6.122329E+04 6.240052E+04 5.423301E+04 3.885951E+02 0.000000E+00 0.000000E+00
4.032000E+00 4.769294E+04 3.313029E+04 6.132609E+04 1.395618E+02 9.518470E+01 0.000000E+00 0.000000E+00 0.000000E+00 6.113615E+04 6.242745E+04 5.562161E+04 3.985448E+02 0.000000E+00 0.000000E+00
4.033000E+00 4.798897E+04 3.418515E+04 6.123579E+04 1.395618E+02 9.526800E+01 0.000000E+00 0.000000E+00 0.000000E+00 6.104931E+04 6.245503E+04 5.704149E+04 4.087186E+02 0.000000E+00 0.000000E+00
4.034000E+00 4.829491E+04 3.525858E+04 6.114566E+04 1.395618E+02 9.535130E+01 0.000000E+00 0.000000E+00 0.000000E+00 6.096277E+04 6.248305E+04 5.849617E+04 4.191418E+02 0.000000E+00 0.000000E+00
4.035000E+00 4.861043E+04 3.634484E+04 6.105571E+04 1.395618E+02 9.543460E+01 0.000000E+00 0.000000E+00 0.000000E+00 6.087652E+04 6.251131E+04 5.998006E+04 4.297743E+02 0.000000E+00 0.000000E+00
4.036000E+00 4.893523E+04 3.744278E+04 6.096595E+04 1.395618E+02 9.551790E+01 -1.373866E-02 0.000000E+00 -1.373866E-02 6.079273E+04 6.254160E+04 6.149218E+04 4.406091E+02 1.000000E+00 0.000000E+00
4.037000E+00 4.926935E+04 3.855113E+04 6.087650E+04 1.395617E+02 9.560120E+01 -1.385315E-01 0.000000E+00 -1.385315E-01 6.072576E+04 6.258715E+04 6.303146E+04 4.516387E+02 1.000000E+00 0.000000E+00
4.038000E+00 4.961323E+04 3.966971E+04 6.078761E+04 1.395614E+02 9.568450E+01 -3.912992E-01 0.000000E+00 -3.912992E-01 6.067996E+04 6.265200E+04 6.459781E+04 4.628629E+02 1.000000E+00 0.000000E+00
4.039000E+00 4.996728E+04 4.079862E+04 6.069953E+04 1.395609E+02 9.576780E+01 -7.766445E-01 0.000000E+00 -7.766445E-01 6.065468E+04 6.273545E+04 6.619145E+04 4.742837E+02 1.000000E+00 0.000000E+00
4.040000E+00 5.033188E+04 4.193375E+04 6.061252E+04 1.395598E+02 9.585110E+01 -1.291588E+00 0.000000E+00 -1.291588E+00 6.065101E+04 6.283857E+04 6.780838E+04 4.858731E+02 1.000000E+00 0.000000E+00
4.041000E+00 5.070733E+04 4.307378E+04 6.052683E+04 1.395582E+02 9.593440E+01 -1.938123E+00 0.000000E+00 -1.938123E+00 6.066871E+04 6.296114E+04 6.944732E+04 4.976225E+02 1.000000E+00 0.000000E+00
4.042000E+00 5.109387E+04 4.421734E+04 6.044273E+04 1.395559E+02 9.601770E+01 -2.714854E+00 0.000000E+00 -2.714854E+00 6.070820E+04 6.310355E+04 7.110696E+04 5.095231E+02 1.000000E+00 0.000000E+00
4.043000E+00 5.149171E+04 4.536465E+04 6.036048E+04 1.395528E+02 9.610100E+01 -3.622410E+00 0.000000E+00 -3.622410E+00 6.076957E+04 6.326586E+04 7.278752E+04 5.215771E+02 1.000000E+00 0.000000E+00
4.044000E+00 5.190098E+04 4.651369E+04 6.028032E+04 1.395486E+02 9.618430E+01 -4.659909E+00 0.000000E+00 -4.659909E+00 6.085313E+04 6.344831E+04 7.448695E+04 5.337705E+02 1.000000E+00 0.000000E+00
4.045000E+00 5.232179E+04 4.766180E+04 6.020252E+04 1.395434E+02 9.626760E+01 -5.827179E+00 0.000000E+00 -5.827179E+00 6.095899E+04 6.365093E+04 7.620258E+04 5.460852E+02 1.000000E+00 0.000000E+00
4.046000E+00 5.275417E+04 4.880762E+04 6.012733E+04 1.395369E+02 9.635090E+01 -7.123349E+00 0.000000E+00 -7.123349E+00 6.108735E+04 6.387379E+04 7.793297E+04 5.585114E+02 1.000000E+00 0.000000E+00
4.047000E+00 5.319812E+04 4.994974E+04 6.005500E+04 1.395291E+02 9.643420E+01 -8.547765E+00 0.000000E+00 -8.547765E+00 6.123832E+04 6.411689E+04 7.967665E+04 5.710396E+02 1.000000E+00 0.000000E+00
4.048000E+00 5.365359E+04 5.108828E+04 5.998578E+04 1.395198E+02 9.651750E+01 -1.009942E+01 0.000000E+00 -1.009942E+01 6.141202E+04 6.438018E+04 8.143359E+04 5.836705E+02 1.000000E+00 0.000000E+00
4.049000E+00 5.412051E+04 5.222031E+04 5.991991E+04 1.395089E+02 9.660080E+01 -1.177732E+01 0.000000E+00 -1.177732E+01 6.160851E+04 6.466360E+04 8.320075E+04 5.963832E+02 1.000000E+00 0.000000E+00
4.050000E+00 5.459872E+04 5.334420E+04 5.985765E+04 1.394962E+02 9.668410E+01 -1.358023E+01 0.000000E+00 -1.358023E+01 6.182787E+04 6.496703E+04 8.497634E+04 6.091660E+02 1.000000E+00 0.000000E+00
4.051000E+00 5.508806E+04 5.445862E+04 5.979923E+04 1.394817E+02 9.676740E+01 -1.550682E+01 0.000000E+00 -1.550682E+01 6.207013E+04 6.529034E+04 8.675884E+04 6.220089E+02 1.000000E+00 0.000000E+00
4.052000E+00 5.558832E+04 5.556234E+04 5.974490E+04 1.394651E+02 9.685070E+01 -1.755563E+01 0.000000E+00 -1.755563E+01 6.233530E+04 6.563335E+04 8.854684E+04 6.349030E+02 1.000000E+00 0.000000E+00
4.053000E+00 5.609925E+04 5.665446E+04 5.969488E+04 1.394465E+02 9.693400E+01 -1.972505E+01 0.000000E+00 -1.972505E+01 6.262337E+04 6.599586E+04 9.033918E+04 6.478410E+02 1.000000E+00 0.000000E+00
4.054000E+00 5.662058E+04 5.773284E+04 5.964941E+04 1.394257E+02 9.701730E+01 -2.201335E+01 0.000000E+00 -2.201335E+01 6.293429E+04 6.637767E+04 9.213348E+04 6.608072E+02 1.000000E+00 0.000000E+00
4.055000E+00 5.715200E+04 5.879624E+04 5.960872E+04 1.394025E+02 9.710060E+01 -2.441869E+01 0.000000E+00 -2.441869E+01 6.326802E+04 6.677851E+04 9.392823E+04 6.737918E+02 1.000000E+00 0.000000E+00
4.056000E+00 5.769317E+04 5.984342E+04 5.957304E+04 1.393768E+02 9.718390E+01 -2.693906E+01 0.000000E+00 -2.693906E+01 6.362446E+04 6.719813E+04 9.572191E+04 6.867852E+02 1.000000E+00 0.000000E+00
4.057000E+00 5.824372E+04 6.087311E+04 5.954257E+04 1.393485E+02 9.726720E+01 -2.957238E+01 0.000000E+00 -2.957238E+01 6.400351E+04 6.763623E+04 9.751293E+04 6.997772E+02 1.000000E+00 0.000000E+00
4.058000E+00 5.880327E+04 6.188390E+04 5.951754E+04 1.393176E+02 9.735050E+01 -3.231642E+01 0.000000E+00 -3.231642E+01 6.440503E+04 6.809252E+04 9.929954E+04 7.127566E+02 1.000000E+00 0.000000E+00
4.059000E+00 5.937141E+04 6.287468E+04 5.949815E+04 1.392839E+02 9.743380E+01 -3.516884E+01 0.000000E+00 -3.516884E+01 6.482887E+04 6.856668E+04 1.010803E+05 7.257143E+02 1.000000E+00 0.000000E+00
4.060000E+00 5.994771E+04 6.384442E+04 5.948461E+04 1.392472E+02 9.751710E+01 -3.812719E+01 0.000000E+00 -3.812719E+01 6.527486E+04 6.905836E+04 1.028538E+05 7.386416E+02 1.000000E+00 0.000000E+00
4.061000E+00 6.053172E+04 6.479208E+04 5.947712E+04 1.392076E+02 9.760040E+01 -4.118893E+01 0.000000E+00 -4.118893E+01 6.574280E+04 6.956723E+04 1.046186E+05 7.515295E+02 1.000000E+00 0.000000E+00
4.062000E+00 6.112298E+04 6.571584E+04 5.947587E+04 1.391648E+02 9.768370E+01 -4.435140E+01 0.000000E+00 -4.435140E+01 6.623247E+04 7.009294E+04 1.063725E+05 7.643635E+02 1.000000E+00 0.000000E+00
4.063000E+00 6.172102E+04 6.661504E+04 5.948105E+04 1.391188E+02 9.776700E+01 -4.761184E+01 0.000000E+00 -4.761184E+01 6.674363E+04 7.063509E+04 1.081144E+05 7.771371E+02 1.000000E+00 0.000000E+00
4.064000E+00 6.232535E+04 6.748907E+04 5.949285E+04 1.390696E+02 9.785030E+01 -5.096742E+01 0.000000E+00 -5.096742E+01 6.727602E+04 7.119333E+04 1.098433E+05 7.898445E+02 1.000000E+00 0.000000E+00
4.065000E+00 6.293548E+04 6.833714E+04 5.951143E+04 1.390169E+02 9.793360E+01 -5.441519E+01 0.000000E+00 -5.441519E+01 6.782935E+04 7.176727E+04 1.115580E+05 8.024778E+02 1.000000E+00 0.000000E+00
4.066000E+00 6.355091E+04 6.915846E+04 5.953697E+04 1.389607E+02 9.801690E+01 -5.795217E+01 0.000000E+00 -5.795217E+01 6.840334E+04 7.235652E+04 1.132571E+05 8.150297E+02 1.000000E+00 0.000000E+00
4.067000E+00 6.417114E+04 6.995037E+04 5.956963E+04 1.389009E+02 9.810020E+01 -6.157525E+01 0.000000E+00 -6.157525E+01 6.899767E+04 7.296068E+04 1.149376E+05 8.274788E+02 1.000000E+00 0.000000E+00
4.068000E+00 6.479565E+04 7.071393E+04 5.960957E+04 1.388375E+02 9.818350E+01 -6.528127E+01 0.000000E+00 -6.528127E+01 6.961199E+04 7.357934E+04 1.166000E+05 8.398308E+02 1.000000E+00 0.000000E+00
4.069000E+00 6.542393E+04 7.144855E+04 5.965694E+04 1.387704E+02 9.826680E+01 -6.906701E+01 0.000000E+00 -6.906701E+01 7.024597E+04 7.421212E+04 1.182433E+05 8.520793E+02 1.000000E+00 0.000000E+00
4.070000E+00 6.605549E+04 7.215372E+04 5.971188E+04 1.386994E+02 9.835010E+01 -7.292918E+01 0.000000E+00 -7.292918E+01 7.089924E+04 7.485861E+04 1.198665E+05 8.642182E+02 1.000000E+00 0.000000E+00
4.071000E+00 6.668982E+04 7.282824E+04 5.977453E+04 1.386245E+02 9.843340E+01 -7.686446E+01 0.000000E+00 -7.686446E+01 7.157140E+04 7.551840E+04 1.214678E+05 8.762366E+02 1.000000E+00 0.000000E+00
4.072000E+00 6.732642E+04 7.347051E+04 5.984502E+04 1.385456E+02 9.851670E+01 -8.086946E+01 0.000000E+00 -8.086946E+01 7.226208E+04 7.619108E+04 1.230452E+05 8.881207E+02 1.000000E+00 0.000000E+00
4.073000E+00 6.796479E+04 7.408194E+04 5.992348E+04 1.384627E+02 9.860000E+01 -8.494073E+01 0.000000E+00 -8.494073E+01 7.297085E+04 7.687624E+04 1.245995E+05 8.998779E+02 1.000000E+00 0.000000E+00
4.074000E+00 6.860445E+04 7.466221E+04 6.001001E+04 1.383757E+02 9.868330E+01 -8.907484E+01 0.000000E+00 -8.907484E+01 7.369730E+04 7.757348E+04 1.261300E+05 9.115036E+02 1.000000E+00 0.000000E+00
4.075000E+00 6.924494E+04 7.521115E+04 6.010473E+04 1.382845E+02 9.876660E+01 -9.326830E+01 0.000000E+00 -9.326830E+01 7.444100E+04 7.828241E+04 1.276358E+05 9.229938E+02 1.000000E+00 0.000000E+00
4.076000E+00 6.988578E+04 7.572691E+04 6.020774E+04 1.381892E+02 9.884990E+01 -9.751760E+01 0.000000E+00 -9.751760E+01 7.520150E+04 7.900262E+04 1.291146E+05 9.343325E+02 1.000000E+00 0.000000E+00
4.077000E+00 7.052652E+04 7.620969E+04 6.031913E+04 1.380895E+02 9.893320E+01 -1.018192E+02 0.000000E+00 -1.018192E+02 7.597835E+04 7.973370E+04 1.305662E+05 9.455187E+02 1.000000E+00 0.000000E+00
4.078000E+00 7.116673E+04 7.666076E+04 6.043899E+04 1.379855E+02 9.901650E+01 -1.061696E+02 0.000000E+00 -1.061696E+02 7.677108E+04 8.047527E+04 1.319912E+05 9.565584E+02 1.000000E+00 0.000000E+00
4.079000E+00 7.180597E+04 7.708011E+04 6.056740E+04 1.378771E+02 9.909980E+01 -1.105652E+02 0.000000E+00 -1.105652E+02 7.757923E+04 8.122693E+04 1.333891E+05 9.674493E+02 1.000000E+00 0.000000E+00
4.080000E+00 7.244384E+04 7.746787E+04 6.070443E+04 1.377644E+02 9.918310E+01 -1.150025E+02 0.000000E+00 -1.150025E+02 7.840233E+04 8.198832E+04 1.347596E+05 9.781890E+02 1.000000E+00 0.000000E+00
4.081000E+00 7.307996E+04 7.782146E+04 6.085015E+04 1.376471E+02 9.926640E+01 -1.194780E+02 0.000000E+00 -1.194780E+02 7.923990E+04 8.275905E+04 1.360995E+05 9.887563E+02 1.000000E+00 0.000000E+00
4.082000E+00 7.371394E+04 7.814330E+04 6.100462E+04 1.375254E+02 9.934970E+01 -1.239882E+02 0.000000E+00 -1.239882E+02 8.009143E+04 8.353874E+04 1.374107E+05 9.991658E+02 1.000000E+00 0.000000E+00
4.083000E+00 7.434542E+04 7.843414E+04 6.116789E+04 1.373991E+02 9.943300E+01 -1.285295E+02 0.000000E+00 -1.285295E+02 8.095646E+04 8.432703E+04 1.386934E+05 1.009420E+03 1.000000E+00 0.000000E+00
4.084000E+00 7.497408E+04 7.869426E+04 6.134000E+04 1.372683E+02 9.951630E+01 -1.330986E+02 0.000000E+00 -1.330986E+02 8.183448E+04 8.512356E+04 1.399476E+05 1.019518E+03 1.000000E+00 0.000000E+00
4.085000E+00 7.559960E+04 7.892363E+04 6.152099E+04 1.371329E+02 9.959960E+01 -1.376919E+02 0.000000E+00 -1.376919E+02 8.272500E+04 8.592799E+04 1.411725E+05 1.029458E+03 1.000000E+00 0.000000E+00
4.086000E+00 7.622167E+04 7.912039E+04 6.171089E+04 1.369929E+02 9.968290E+01 -1.423061E+02 0.000000E+00 -1.423061E+02 8.362752E+04 8.673997E+04 1.423659E+05 1.039221E+03 1.000000E+00 0.000000E+00
4.087000E+00 7.684002E+04 7.928773E+04 6.190973E+04 1.368483E+02 9.976620E+01 -1.469377E+02 0.000000E+00 -1.469377E+02 8.454155E+04 8.755915E+04 1.435306E+05 1.048830E+03 1.000000E+00 0.000000E+00
4.088000E+00 7.745439E+04 7.942623E+04 6.211752E+04 1.366991E+02 9.984950E+01 -1.515836E+02 0.000000E+00 -1.515836E+02 8.546659E+04 8.838521E+04 1.446664E+05 1.058284E+03 1.000000E+00 0.000000E+00
4.089000E+00 7.806455E+04 7.953640E+04 6.233427E+04 1.365451E+02 9.993280E+01 -1.562404E+02 0.000000E+00 -1.562404E+02 8.640215E+04 8.921783E+04 1.457737E+05 1.067586E+03 1.000000E+00 0.000000E+00
4.090000E+00 7.867029E+04 7.961759E+04 6.255998E+04 1.363866E+02 1.000161E+02 -1.609050E+02 0.000000E+00 -1.609050E+02 8.734774E+04 9.005671E+04 1.468511E+05 1.076727E+03 1.000000E+00 0.000000E+00
4.091000E+00 7.927141E+04 7.967006E+04 6.279466E+04 1.362233E+02 1.000994E+02 -1.655741E+02 0.000000E+00 -1.655741E+02 8.830287E+04 9.090154E+04 1.478987E+05 1.085707E+03 1.000000E+00 0.000000E+00
4.092000E+00 7.986774E+04 7.969622E+04 6.303830E+04 1.360554E+02 1.001827E+02 -1.702448E+02 0.000000E+00 -1.702448E+02 8.926706E+04 9.175200E+04 1.489182E+05 1.094541E+03 1.000000E+00 0.000000E+00
4.093000E+00 8.045912E+04 7.969683E+04 6.329087E+04 1.358829E+02 1.002660E+02 -1.749139E+02 0.000000E+00 -1.749139E+02 9.023981E+04 9.260783E+04 1.499102E+05 1.103231E+03 1.000000E+00 0.000000E+00
4.094000E+00 8.104544E+04 7.967260E+04 6.355237E+04 1.357056E+02 1.003493E+02 -1.795786E+02 0.000000E+00 -1.795786E+02 9.122067E+04 9.346876E+04 1.508749E+05 1.111781E+03 1.000000E+00 0.000000E+00
4.095000E+00 8.162659E+04 7.962241E+04 6.382276E+04 1.355237E+02 1.004326E+02 -1.842359E+02 0.000000E+00 -1.842359E+02 9.220916E+04 9.433449E+04 1.518107E+05 1.120178E+03 1.000000E+00 0.000000E+00
4.096000E+00 8.220247E+04 7.954830E+04 6.410201E+04 1.353371E+02 1.005159E+02 -1.888832E+02 0.000000E+00 -1.888832E+02 9.320482E+04 9.520477E+04 1.527194E+05 1.128437E+03 1.000000E+00 0.000000E+00
4.097000E+00 8.277300E+04 7.945188E+04 6.439009E+04 1.351459E+02 1.005992E+02 -1.935176E+02 0.000000E+00 -1.935176E+02 9.420719E+04 9.607935E+04 1.536022E+05 1.136566E+03 1.000000E+00 0.000000E+00
4.098000E+00 8.333816E+04 7.933401E+04 6.468695E+04 1.349501E+02 1.006825E+02 -1.981365E+02 0.000000E+00 -1.981365E+02 9.521583E+04 9.695798E+04 1.544597E+05 1.144569E+03 1.000000E+00 0.000000E+00
4.099000E+00 8.389791E+04 7.919553E+04 6.499255E+04 1.347497E+02 1.007658E+02 -2.027375E+02 0.000000E+00 -2.027375E+02 9.623029E+04 9.784043E+04 1.552923E+05 1.152450E+03 1.000000E+00 0.000000E+00
4.100000E+00 8.445223E+04 7.903506E+04 6.530683E+04 1.345446E+02 1.008491E+02 -2.073179E+02 0.000000E+00 -2.073179E+02 9.725015E+04 9.872646E+04 1.560983E+05 1.160197E+03 1.000000E+00 0.000000E+00
4.101000E+00 8.500113E+04 7.885589E+04 6.562973E+04 1.343350E+02 1.009324E+02 -2.118756E+02 0.000000E+00 -2.118756E+02 9.827498E+04 9.961586E+04 1.568807E+05 1.167832E+03 1.000000E+00 0.000000E+00
4.102000E+00 8.554463E+04 7.865890E+04 6.596120E+04 1.341209E+02 1.010157E+02 -2.164081E+02 0.000000E+00 -2.164081E+02 9.930437E+04 1.005084E+05 1.576402E+05 1.175359E+03 1.000000E+00 0.000000E+00
4.103000E+00 8.608278E+04 7.844499E+04 6.630116E+04 1.339022E+02 1.010990E+02 -2.209132E+02 0.000000E+00 -2.209132E+02 1.003379E+05 1.014039E+05 1.583773E+05 1.182783E+03 1.000000E+00 0.000000E+00
4.104000E+00 8.661563E+04 7.821453E+04 6.664955E+04 1.336791E+02 1.011823E+02 -2.253890E+02 0.000000E+00 -2.253890E+02 1.013752E+05 1.023021E+05 1.590922E+05 1.190105E+03 1.000000E+00 0.000000E+00
4.105000E+00 8.714324E+04 7.796770E+04 6.700630E+04 1.334515E+02 1.012656E+02 -2.298332E+02 0.000000E+00 -2.298332E+02 1.024159E+05 1.032029E+05 1.597848E+05 1.197325E+03 1.000000E+00 0.000000E+00
4.106000E+00 8.766569E+04 7.770680E+04 6.737132E+04 1.332194E+02 1.013489E+02 -2.342441E+02 0.000000E+00 -2.342441E+02 1.034596E+05 1.041060E+05 1.604571E+05 1.204457E+03 1.000000E+00 0.000000E+00
4.107000E+00 8.818309E+04 7.743267E+04 6.774453E+04 1.329830E+02 1.014322E+02 -2.386198E+02 0.000000E+00 -2.386198E+02 1.045059E+05 1.050113E+05 1.611099E+05 1.211508E+03 1.000000E+00 0.000000E+00
4.108000E+00 8.869554E+04 7.714622E+04 6.812585E+04 1.327422E+02 1.015155E+02 -2.429585E+02 0.000000E+00 -2.429585E+02 1.055546E+05 1.059186E+05 1.617438E+05 1.218481E+03 1.000000E+00 0.000000E+00
4.109000E+00 8.920316E+04 7.684751E+04 6.851519E+04 1.324971E+02 1.015988E+02 -2.472586E+02 0.000000E+00 -2.472586E+02 1.066051E+05 1.068278E+05 1.623588E+05 1.225376E+03 1.000000E+00 0.000000E+00
4.110000E+00 8.970607E+04 7.653772E+04 6.891246E+04 1.322477E+02 1.016821E+02 -2.515186E+02 0.000000E+00 -2.515186E+02 1.076573E+05 1.077386E+05 1.629558E+05 1.232201E+03 1.000000E+00 0.000000E+00
4.111000E+00 9.020441E+04 7.621829E+04 6.931757E+04 1.319941E+02 1.017654E+02 -2.557368E+02 0.000000E+00 -2.557368E+02 1.087108E+05 1.086509E+05 1.635360E+05 1.238965E+03 1.000000E+00 0.000000E+00
4.112000E+00 9.069832E+04 7.589000E+04 6.973041E+04 1.317362E+02 1.018487E+02 -2.599120E+02 0.000000E+00 -2.599120E+02 1.097653E+05 1.095646E+05 1.641003E+05 1.245673E+03 1.000000E+00 0.000000E+00
4.113000E+00 9.118796E+04 7.555364E+04 7.015089E+04 1.314743E+02 1.019320E+02 -2.640428E+02 0.000000E+00 -2.640428E+02 1.108205E+05 1.104795E+05 1.646492E+05 1.252330E+03 1.000000E+00 0.000000E+00
4.114000E+00 9.167348E+04 7.520928E+04 7.057891E+04 1.312082E+02 1.020153E+02 -2.681280E+02 0.000000E+00 -2.681280E+02 1.118761E+05 1.113954E+05 1.651826E+05 1.258935E+03 1.000000E+00 0.000000E+00
4.115000E+00 9.215504E+04 7.485838E+04 7.101436E+04 1.309380E+02 1.020986E+02 -2.721665E+02 0.000000E+00 -2.721665E+02 1.129318E+05 1.123122E+05 1.657020E+05 1.265500E+03 1.000000E+00 0.000000E+00
4.116000E+00 9.263280E+04 7.450178E+04 7.145713E+04 1.306639E+02 1.021819E+02 -2.761571E+02 0.000000E+00 -2.761571E+02 1.139873E+05 1.132298E+05 1.662081E+05 1.272028E+03 1.000000E+00 0.000000E+00
4.117000E+00 9.310693E+04 7.414015E+04 7.190713E+04 1.303857E+02 1.022652E+02 -2.800990E+02 0.000000E+00 -2.800990E+02 1.150425E+05 1.141480E+05 1.667015E+05 1.278526E+03 1.000000E+00 0.000000E+00
4.118000E+00 9.357760E+04 7.377410E+04 7.236423E+04 1.301037E+02 1.023485E+02 -2.839911E+02 0.000000E+00 -2.839911E+02 1.160969E+05 1.150667E+05 1.671827E+05 1.284996E+03 1.000000E+00 0.000000E+00
4.119000E+00 9.404498E+04 7.340401E+04 7.282834E+04 1.298178E+02 1.024318E+02 -2.878327E+02 0.000000E+00 -2.878327E+02 1.171506E+05 1.159858E+05 1.676521E+05 1.291442E+03 1.000000E+00 0.000000E+00
4.120000E+00 9.450923E+04 7.303090E+04 7.329932E+04 1.295280E+02 1.025151E+02 -2.916230E+02 0.000000E+00 -2.916230E+02 1.182031E+05 1.169050E+05 1.681106E+05 1.297870E+03 1.000000E+00 0.000000E+00
4.121000E+00 9.497053E+04 7.265533E+04 7.377709E+04 1.292345E+02 1.025984E+02 -2.953611E+02 0.000000E+00 -2.953611E+02 1.192543E+05 1.178244E+05 1.685588E+05 1.304286E+03 1.000000E+00 0.000000E+00
4.122000E+00 9.542905E+04 7.227782E+04 7.426150E+04 1.289373E+02 1.026817E+02 -2.990465E+02 0.000000E+00 -2.990465E+02 1.203039E+05 1.187438E+05 1.689971E+05 1.310692E+03 1.000000E+00 0.000000E+00
4.123000E+00 9.588493E+04 7.189886E+04 7.475246E+04 1.286365E+02 1.027650E+02 -3.026786E+02 0.000000E+00 -3.026786E+02 1.213518E+05 1.196629E+05 1.694261E+05 1.317093E+03 1.000000E+00 0.000000E+00
4.124000E+00 9.633835E+04 7.151897E+04 7.524985E+04 1.283320E+02 1.028483E+02 -3.062568E+02 0.000000E+00 -3.062568E+02 1.223977E+05 1.205818E+05 1.698462E+05 1.323491E+03 1.000000E+00 0.000000E+00
4.125000E+00 9.678946E+04 7.113864E+04 7.575354E+04 1.280240E+02 1.029316E+02 -3.097808E+02 0.000000E+00 -3.097808E+02 1.234415E+05 1.215001E+05 1.702580E+05 1.329892E+03 1.000000E+00 0.000000E+00
4.126000E+00 9.723840E+04 7.075826E+04 7.626342E+04 1.277124E+02 1.030149E+02 -3.132499E+02 0.000000E+00 -3.132499E+02 1.244830E+05 1.224180E+05 1.706618E+05 1.336297E+03 1.000000E+00 0.000000E+00
4.127000E+00 9.768532E+04 7.037819E+04 7.677937E+04 1.273975E+02 1.030982E+02 -3.166639E+02 0.000000E+00 -3.166639E+02 1.255220E+05 1.233351E+05 1.710580E+05 1.342711E+03 1.000000E+00 0.000000E+00
4.128000E+00 9.813035E+04 6.999892E+04 7.730127E+04 1.270791E+02 1.031815E+02 -3.200225E+02 0.000000E+00 -3.200225E+02 1.265583E+05 1.242513E+05 1.714470E+05 1.349136E+03 1.000000E+00 0.000000E+00
4.129000E+00 9.857363E+04 6.962072E+04 7.782900E+04 1.267575E+02 1.032648E+02 -3.233253E+02 0.000000E+00 -3.233253E+02 1.275918E+05 1.251666E+05 1.718293E+05 1.355576E+03 1.000000E+00 0.000000E+00
4.130000E+00 9.901527E+04 6.924379E+04 7.836244E+04 1.264325E+02 1.033481E+02 -3.265720E+02 0.000000E+00 -3.265720E+02 1.286223E+05 1.260807E+05 1.722050E+05 1.362031E+03 1.000000E+00 0.000000E+00
4.131000E+00 9.945539E+04 6.886835E+04 7.890147E+04 1.261043E+02 1.034314E+02 -3.297626E+02 0.000000E+00 -3.297626E+02 1.296497E+05 1.269936E+05 1.725744E+05 1.368505E+03 1.000000E+00 0.000000E+00
4.132000E+00 9.989409E+04 6.849460E+04 7.944596E+04 1.257730E+02 1.035147E+02 -3.328967E+02 0.000000E+00 -3.328967E+02 1.306738E+05 1.279050E+05 1.729377E+05 1.374998E+03 1.000000E+00 0.000000E+00
4.133000E+00 1.003315E+05 6.812314E+04 7.999581E+04 1.254386E+02 1.035980E+02 -3.359743E+02 0.000000E+00 -3.359743E+02 1.316945E+05 1.288149E+05 1.732955E+05 1.381517E+03 1.000000E+00 0.000000E+00
4.134000E+00 1.007676E+05 6.775373E+04 8.055089E+04 1.251011E+02 1.036813E+02 -3.389952E+02 0.000000E+00 -3.389952E+02 1.327117E+05 1.297231E+05 1.736476E+05 1.388059E+03 1.000000E+00 0.000000E+00
4.135000E+00 1.012026E+05 6.738647E+04 8.111107E+04 1.247606E+02 1.037646E+02 -3.419594E+02 0.000000E+00 -3.419594E+02 1.337252E+05 1.306295E+05 1.739942E+05 1.394625E+03 1.000000E+00 0.000000E+00
4.136000E+00 1.016365E+05 6.702144E+04 8.167624E+04 1.244172E+02 1.038479E+02 -3.448667E+02 0.000000E+00 -3.448667E+02 1.347349E+05 1.315338E+05 1.743355E+05 1.401217E+03 1.000000E+00 0.000000E+00
4.137000E+00 1.020693E+05 6.665886E+04 8.224627E+04 1.240709E+02 1.039312E+02 -3.477171E+02 0.000000E+00 -3.477171E+02 1.357406E+05 1.324360E+05 1.746715E+05 1.407837E+03 1.000000E+00 0.000000E+00
4.138000E+00 1.025012E+05 6.629897E+04 8.282105E+04 1.237218E+02 1.040145E+02 -3.505105E+02 0.000000E+00 -3.505105E+02 1.367423E+05 1.333359E+05 1.750028E+05 1.414487E+03 1.000000E+00 0.000000E+00
4.139000E+00 1.029321E+05 6.594144E+04 8.340046E+04 1.233699E+02 1.040978E+02 -3.532470E+02 0.000000E+00 -3.532470E+02 1.377398E+05 1.342333E+05 1.753289E+05 1.421164E+03 1.000000E+00 0.000000E+00
4.140000E+00 1.033621E+05 6.558625E+04 8.398436E+04 1.230153E+02 1.041811E+02 -3.559266E+02 0.000000E+00 -3.559266E+02 1.387329E+05 1.351280E+05 1.756498E+05 1.427870E+03 1.000000E+00 0.000000E+00
4.141000E+00 1.037911E+05 6.523337E+04 8.457266E+04 1.226580E+02 1.042644E+02 -3.585492E+02 0.000000E+00 -3.585492E+02 1.397217E+05 1.360200E+05 1.759657E+05 1.434604E+03 1.000000E+00 0.000000E+00
4.142000E+00 1.042192E+05 6.488304E+04 8.516522E+04 1.222982E+02 1.043477E+02 -3.611148E+02 0.000000E+00 -3.611148E+02 1.407059E+05 1.369091E+05 1.762767E+05 1.441368E+03 1.000000E+00 0.000000E+00
4.143000E+00 1.046464E+05 6.453512E+04 8.576192E+04 1.219358E+02 1.044310E+02 -3.636235E+02 0.000000E+00 -3.636235E+02 1.416855E+05 1.377950E+05 1.765829E+05 1.448162E+03 1.000000E+00 0.000000E+00
4.144000E+00 1.050727E+05 6.418930E+04 8.636265E+04 1.215710E+02 1.045143E+02 -3.660753E+02 0.000000E+00 -3.660753E+02 1.426604E+05 1.386776E+05 1.768838E+05 1.454984E+03 1.000000E+00 0.000000E+00
4.145000E+00 1.054980E+05 6.384548E+04 8.696728E+04 1.212037E+02 1.045976E+02 -3.684703E+02 0.000000E+00 -3.684703E+02 1.436303E+05 1.395568E+05 1.771795E+05 1.461832E+03 1.000000E+00 0.000000E+00
4.146000E+00 1.059223E+05 6.350356E+04 8.757571E+04 1.208341E+02 1.046809E+02 -3.708084E+02 0.000000E+00 -3.708084E+02 1.445953E+05 1.404323E+05 1.774698E+05 1.468707E+03 1.000000E+00 0.000000E+00
4.147000E+00 1.063456E+05 6.316381E+04 8.818780E+04 1.204621E+02 1.047642E+02 -3.730898E+02 0.000000E+00 -3.730898E+02 1.455552E+05 1.413041E+05 1.777552E+05 1.475611E+03 1.000000E+00 0.000000E+00
4.148000E+00 1.067678E+05 6.282574E+04 8.880345E+04 1.200879E+02 1.048475E+02 -3.753144E+02 0.000000E+00 -3.753144E+02 1.465098E+05 1.421719E+05 1.780351E+05 1.482540E+03 1.000000E+00 0.000000E+00
4.149000E+00 1.071888E+05 6.248915E+04 8.942253E+04 1.197115E+02 1.049308E+02 -3.774822E+02 0.000000E+00 -3.774822E+02 1.474592E+05 1.430355E+05 1.783094E+05 1.489492E+03 1.000000E+00 0.000000E+00
4.150000E+00 1.076086E+05 6.215392E+04 9.004492E+04 1.193329E+02 1.050141E+02 -3.795934E+02 0.000000E+00 -3.795934E+02 1.484031E+05 1.438949E+05 1.785779E+05 1.496467E+03 1.000000E+00 0.000000E+00
4.151000E+00 1.080271E+05 6.181993E+04 9.067051E+04 1.189523E+02 1.050974E+02 -3.816480E+02 0.000000E+00 -3.816480E+02 1.493415E+05 1.447497E+05 1.788406E+05 1.503465E+03 1.000000E+00 0.000000E+00
4.152000E+00 1.084442E+05 6.148728E+04 9.129919E+04 1.185697E+02 1.051807E+02 -3.836460E+02 0.000000E+00 -3.836460E+02 1.502742E+05 1.456000E+05 1.790976E+05 1.510484E+03 1.000000E+00 0.000000E+00
4.153000E+00 1.088598E+05 6.115550E+04 9.193082E+04 1.181851E+02 1.052640E+02 -3.855874E+02 0.000000E+00 -3.855874E+02 1.512012E+05 1.464454E+05 1.793485E+05 1.517523E+03 1.000000E+00 0.000000E+00
4.154000E+00 1.092739E+05 6.082442E+04 9.256531E+04 1.177985E+02 1.053473E+02 -3.874722E+02 0.000000E+00 -3.874722E+02 1.521223E+05 1.472858E+05 1.795931E+05 1.524579E+03 1.000000E+00 0.000000E+00
4.155000E+00 1.096862E+05 6.049392E+04 9.320253E+04 1.174101E+02 1.054306E+02 -3.893005E+02 0.000000E+00 -3.893005E+02 1.530374E+05 1.481211E+05 1.798313E+05 1.531651E+03 1.000000E+00 0.000000E+00
4.156000E+00 1.100968E+05 6.016393E+04 9.384236E+04 1.170199E+02 1.055139E+02 -3.910724E+02 0.000000E+00 -3.910724E+02 1.539465E+05 1.489510E+05 1.800630E+05 1.538738E+03 1.000000E+00 0.000000E+00
4.157000E+00 1.105056E+05 5.983433E+04 9.448468E+04 1.166280E+02 1.055972E+02 -3.927878E+02 0.000000E+00 -3.927878E+02 1.548493E+05 1.497754E+05 1.802882E+05 1.545840E+03 1.000000E+00 0.000000E+00
4.158000E+00 1.109123E+05 5.950483E+04 9.512940E+04 1.162344E+02 1.056805E+02 -3.944467E+02 0.000000E+00 -3.944467E+02 1.557458E+05 1.505942E+05 1.805066E+05 1.552954E+03 1.000000E+00 0.000000E+00
4.159000E+00 1.113168E+05 5.917530E+04 9.577638E+04 1.158391E+02 1.057638E+02 -3.960492E+02 0.000000E+00 -3.960492E+02 1.566359E+05 1.514072E+05 1.807180E+05 1.560077E+03 1.000000E+00 0.000000E+00
4.160000E+00 1.117192E+05 5.884561E+04 9.642551E+04 1.154423E+02 1.058471E+02 -3.975953E+02 0.000000E+00 -3.975953E+02 1.575194E+05 1.522142E+05 1.809223E+05 1.567210E+03 1.000000E+00 0.000000E+00
4.161000E+00 1.121191E+05 5.851574E+04 9.707667E+04 1.150440E+02 1.059304E+02 -3.990849E+02 0.000000E+00 -3.990849E+02 1.583963E+05 1.530151E+05 1.811196E+05 1.574351E+03 1.000000E+00 0.000000E+00
4.162000E+00 1.125166E+05 5.818549E+04 9.772976E+04 1.146442E+02 1.060137E+02 -4.005182E+02 0.000000E+00 -4.005182E+02 1.592664E+05 1.538097E+05 1.813095E+05 1.581498E+03 1.000000E+00 0.000000E+00
4.163000E+00 1.129115E+05 5.785473E+04 9.838466E+04 1.142429E+02 1.060970E+02 -4.018951E+02 0.000000E+00 -4.018951E+02 1.601296E+05 1.545979E+05 1.814920E+05 1.588650E+03 1.000000E+00 0.000000E+00
4.164000E+00 1.133036E+05 5.752338E+04 9.904125E+04 1.138404E+02 1.061803E+02 -4.032157E+02 0.000000E+00 -4.032157E+02 1.609858E+05 1.553795E+05 1.816671E+05 1.595805E+03 1.000000E+00 0.000000E+00
4.165000E+00 1.136928E+05 5.719136E+04 9.969941E+04 1.134365E+02 1.062636E+02 -4.044799E+02 0.000000E+00 -4.044799E+02 1.618350E+05 1.561544E+05 1.818345E+05 1.602963E+03 1.000000E+00 0.000000E+00
4.166000E+00 1.140790E+05 5.685861E+04 1.003590E+05 1.130314E+02 1.063469E+02 -4.056878E+02 0.000000E+00 -4.056878E+02 1.626769E+05 1.569224E+05 1.819944E+05 1.610122E+03 1.000000E+00 0.000000E+00
4.167000E+00 1.144622E+05 5.652504E+04 1.010200E+05 1.126252E+02 1.064302E+02 -4.068393E+02 0.000000E+00 -4.068393E+02 1.635115E+05 1.576835E+05 1.821465E+05 1.617281E+03 1.000000E+00 0.000000E+00
4.168000E+00 1.148420E+05 5.619063E+04 1.016822E+05 1.122178E+02 1.065135E+02 -4.079346E+02 0.000000E+00 -4.079346E+02 1.643386E+05 1.584374E+05 1.822909E+05 1.624438E+03 1.000000E+00 0.000000E+00
4.169000E+00 1.152185E+05 5.585533E+04 1.023456E+05 1.118093E+02 1.065968E+02 -4.089737E+02 0.000000E+00 -4.089737E+02 1.651582E+05 1.591841E+05 1.824274E+05 1.631594E+03 1.000000E+00 0.000000E+00
4.170000E+00 1.155916E+05 5.551912E+04 1.030099E+05 1.113999E+02 1.066801E+02 -4.099566E+02 0.000000E+00 -4.099566E+02 1.659702E+05 1.599234E+05 1.825562E+05 1.638747E+03 1.000000E+00 0.000000E+00
4.171000E+00 1.159610E+05 5.518196E+04 1.036752E+05 1.109894E+02 1.067634E+02 -4.108832E+02 0.000000E+00 -4.108832E+02 1.667744E+05 1.606553E+05 1.826771E+05 1.645896E+03 1.000000E+00 0.000000E+00
4.172000E+00 1.163267E+05 5.484389E+04 1.043412E+05 1.105781E+02 1.068467E+02 -4.117538E+02 0.000000E+00 -4.117538E+02 1.675707E+05 1.613795E+05 1.827901E+05 1.653041E+03 1.000000E+00 0.000000E+00
4.173000E+00 1.166887E+05 5.450493E+04 1.050079E+05 1.101659E+02 1.069300E+02 -4.125684E+02 0.000000E+00 -4.125684E+02 1.683591E+05 1.620961E+05 1.828954E+05 1.660181E+03 1.000000E+00 0.000000E+00
4.174000E+00 1.170467E+05 5.416513E+04 1.056751E+05 1.097530E+02 1.070133E+02 -4.133269E+02 0.000000E+00 -4.133269E+02 1.691394E+05 1.628049E+05 1.829929E+05 1.667316E+03 1.000000E+00 0.000000E+00
4.175000E+00 1.174007E+05 5.382446E+04 1.063428E+05 1.093393E+02 1.070966E+02 -4.140296E+02 0.000000E+00 -4.140296E+02 1.699115E+05 1.635058E+05 1.830827E+05 1.674445E+03 1.000000E+00 0.000000E+00
4.176000E+00 1.177505E+05 5.348301E+04 1.070109E+05 1.089249E+02 1.071799E+02 -4.146765E+02 0.000000E+00 -4.146765E+02 1.706754E+05 1.641987E+05 1.831647E+05 1.681568E+03 1.000000E+00 0.000000E+00
4.177000E+00 1.180962E+05 5.314088E+04 1.076791E+05 1.085100E+02 1.072632E+02 -4.152677E+02 0.000000E+00 -4.152677E+02 1.714309E+05 1.648835E+05 1.832392E+05 1.688685E+03 1.000000E+00 0.000000E+00
4.178000E+00 1.184376E+05 5.279815E+04 1.083475E+05 1.080944E+02 1.073465E+02 -4.158033E+02 0.000000E+00 -4.158033E+02 1.721780E+05 1.655602E+05 1.833061E+05 1.695796E+03 1.000000E+00 0.000000E+00
4.179000E+00 1.187747E+05 5.245491E+04 1.090159E+05 1.076784E+02 1.074298E+02 -4.162835E+02 0.000000E+00 -4.162835E+02 1.729165E+05 1.662287E+05 1.833657E+05 1.702902E+03 1.000000E+00 0.000000E+00
4.180000E+00 1.191073E+05 5.211117E+04 1.096841E+05 1.072619E+02 1.075131E+02 -4.167085E+02 0.000000E+00 -4.167085E+02 1.736464E+05 1.668889E+05 1.834179E+05 1.710001E+03 1.000000E+00 0.000000E+00
4.181000E+00 1.194354E+05 5.176713E+04 1.103522E+05 1.068450E+02 1.075964E+02 -4.170783E+02 0.000000E+00 -4.170783E+02 1.743676E+05 1.675408E+05 1.834629E+05 1.717094E+03 1.000000E+00 0.000000E+00
4.182000E+00 1.197589E+05 5.142291E+04 1.110199E+05 1.064277E+02 1.076797E+02 -4.173932E+02 0.000000E+00 -4.173932E+02 1.750801E+05 1.681843E+05 1.835009E+05 1.724183E+03 1.000000E+00 0.000000E+00
4.183000E+00 1.200779E+05 5.107863E+04 1.116872E+05 1.060102E+02 1.077630E+02 -4.176534E+02 0.000000E+00 -4.176534E+02 1.757836E+05 1.688194E+05 1.835320E+05 1.731267E+03 1.000000E+00 0.000000E+00
4.184000E+00 1.203922E+05 5.073442E+04 1.123539E+05 1.055925E+02 1.078463E+02 -4.178591E+02 0.000000E+00 -4.178591E+02 1.764782E+05 1.694459E+05 1.835563E+05 1.738347E+03 1.000000E+00 0.000000E+00
4.185000E+00 1.207017E+05 5.039038E+04 1.130200E+05 1.051745E+02 1.079296E+02 -4.180106E+02 0.000000E+00 -4.180106E+02 1.771638E+05 1.700639E+05 1.835740E+05 1.745423E+03 1.000000E+00 0.000000E+00
4.186000E+00 1.210066E+05 5.004671E+04 1.136853E+05 1.047565E+02 1.080129E+02 -4.181080E+02 0.000000E+00 -4.181080E+02 1.778404E+05 1.706734E+05 1.835853E+05 1.752496E+03 1.000000E+00 0.000000E+00
4.187000E+00 1.213066E+05 4.970356E+04 1.143498E+05 1.043383E+02 1.080962E+02 -4.181518E+02 0.000000E+00 -4.181518E+02 1.785078E+05 1.712742E+05 1.835903E+05 1.759567E+03 1.000000E+00 0.000000E+00
4.188000E+00 1.216018E+05 4.936108E+04 1.150133E+05 1.039202E+02 1.081795E+02 -4.181421E+02 0.000000E+00 -4.181421E+02 1.791659E+05 1.718665E+05 1.835893E+05 1.766638E+03 1.000000E+00 0.000000E+00
4.189000E+00 1.218923E+05 4.901941E+04 1.156757E+05 1.035021E+02 1.082628E+02 -4.180793E+02 0.000000E+00 -4.180793E+02 1.798149E+05 1.724501E+05 1.835824E+05 1.773708E+03 1.000000E+00 0.000000E+00
4.190000E+00 1.221779E+05 4.867874E+04 1.163370E+05 1.030840E+02 1.083461E+02 -4.179637E+02 0.000000E+00 -4.179637E+02 1.804545E+05 1.730250E+05 1.835698E+05 1.780778E+03 1.000000E+00 0.000000E+00
4.191000E+00 1.224586E+05 4.833922E+04 1.169970E+05 1.026661E+02 1.084294E+02 -4.177957E+02 0.000000E+00 -4.177957E+02 1.810848E+05 1.735913E+05 1.835518E+05 1.787851E+03 1.000000E+00 0.000000E+00
4.192000E+00 1.227345E+05 4.800100E+04 1.176556E+05 1.022485E+02 1.085127E+02 -4.175757E+02 0.000000E+00 -4.175757E+02 1.817057E+05 1.741488E+05 1.835284E+05 1.794926E+03 1.000000E+00 0.000000E+00
4.193000E+00 1.230055E+05 4.766424E+04 1.183127E+05 1.018310E+02 1.085960E+02 -4.173040E+02 0.000000E+00 -4.173040E+02 1.823171E+05 1.746977E+05 1.835000E+05 1.802005E+03 1.000000E+00 0.000000E+00
4.194000E+00 1.232717E+05 4.732916E+04 1.189682E+05 1.014139E+02 1.086793E+02 -4.169811E+02 0.000000E+00 -4.169811E+02 1.829191E+05 1.752380E+05 1.834668E+05 1.809090E+03 1.000000E+00 0.000000E+00
4.195000E+00 1.235331E+05 4.699588E+04 1.196221E+05 1.009971E+02 1.087626E+02 -4.166074E+02 0.000000E+00 -4.166074E+02 1.835116E+05 1.757695E+05 1.834289E+05 1.816180E+03 1.000000E+00 0.000000E+00
4.196000E+00 1.237896E+05 4.666453E+04 1.202742E+05 1.005807E+02 1.088459E+02 -4.161833E+02 0.000000E+00 -4.161833E+02 1.840945E+05 1.762924E+05 1.833865E+05 1.823278E+03 1.000000E+00 0.000000E+00
4.197000E+00 1.240414E+05 4.633526E+04 1.209244E+05 1.001647E+02 1.089292E+02 -4.157094E+02 0.000000E+00 -4.157094E+02 1.846679E+05 1.768066E+05 1.833398E+05 1.830384E+03 1.000000E+00 0.000000E+00
4.198000E+00 1.242883E+05 4.600821E+04 1.215726E+05 9.974927E+01 1.090125E+02 -4.151860E+02 0.000000E+00 -4.151860E+02 1.852317E+05 1.773122E+05 1.832891E+05 1.837498E+03 1.000000E+00 0.000000E+00
4.199000E+00 1.245305E+05 4.568366E+04 1.222188E+05 9.933436E+01 1.090958E+02 -4.146138E+02 0.000000E+00 -4.146138E+02 1.857859E+05 1.778091E+05 1.832346E+05 1.844625E+03 1.000000E+00 0.000000E+00
4.200000E+00 1.247680E+05 4.536161E+04 1.228628E+05 9.892006E+01 1.091791E+02 -4.139932E+02 0.000000E+00 -4.139932E+02 1.863305E+05 1.782975E+05 1.831764E+05 1.851762E+03 1.000000E+00 0.000000E+00
4.201000E+00 1.250008E+05 4.504219E+04 1.235045E+05 9.850639E+01 1.092624E+02 -4.133247E+02 0.000000E+00 -4.133247E+02 1.868655E+05 1.787772E+05 1.831148E+05 1.858912E+03 1.000000E+00 0.000000E+00
4.202000E+00 1.252289E+05 4.472549E+04 1.241439E+05 9.809342E+01 1.093457E+02 -4.126090E+02 0.000000E+00 -4.126090E+02 1.873909E+05 1.792484E+05 1.830497E+05 1.866076E+03 1.000000E+00 0.000000E+00
4.203000E+00 1.254524E+05 4.441169E+04 1.247809E+05 9.768119E+01 1.094290E+02 -4.118465E+02 0.000000E+00 -4.118465E+02 1.879066E+05 1.797110E+05 1.829816E+05 1.873253E+03 1.000000E+00 0.000000E+00
4.204000E+00 1.256713E+05 4.410099E+04 1.254153E+05 9.726974E+01 1.095123E+02 -4.110379E+02 0.000000E+00 -4.110379E+02 1.884128E+05 1.801651E+05 1.829107E+05 1.880448E+03 1.000000E+00 0.000000E+00
4.205000E+00 1.258856E+05 4.379333E+04 1.260472E+05 9.685913E+01 1.095956E+02 -4.101838E+02 0.000000E+00 -4.101838E+02 1.889093E+05 1.806107E+05 1.828369E+05 1.887658E+03 1.000000E+00 0.000000E+00
4.206000E+00 1.260954E+05 4.348880E+04 1.266763E+05 9.644939E+01 1.096789E+02 -4.092847E+02 0.000000E+00 -4.092847E+02 1.893962E+05 1.810479E+05 1.827604E+05 1.894884E+03 1.000000E+00 0.000000E+00
4.207000E+00 1.263008E+05 4.318746E+04 1.273027E+05 9.604058E+01 1.097622E+02 -4.083412E+02 0.000000E+00 -4.083412E+02 1.898735E+05 1.814766E+05 1.826814E+05 1.902127E+03 1.000000E+00 0.000000E+00
4.208000E+00 1.265017E+05 4.288952E+04 1.279262E+05 9.563273E+01 1.098455E+02 -4.073541E+02 0.000000E+00 -4.073541E+02 1.903412E+05 1.818969E+05 1.826002E+05 1.909390E+03 1.000000E+00 0.000000E+00
4.209000E+00 1.266982E+05 4.259502E+04 1.285468E+05 9.522588E+01 1.099288E+02 -4.063239E+02 0.000000E+00 -4.063239E+02 1.907993E+05 1.823088E+05 1.825167E+05 1.916671E+03 1.000000E+00 0.000000E+00
4.210000E+00 1.268904E+05 4.230387E+04 1.291643E+05 9.482009E+01 1.100121E+02 -4.052512E+02 0.000000E+00 -4.052512E+02 1.912479E+05 1.827124E+05 1.824312E+05 1.923972E+03 1.000000E+00 0.000000E+00
4.211000E+00 1.270782E+05 4.201613E+04 1.297787E+05 9.441539E+01 1.100954E+02 -4.041368E+02 0.000000E+00 -4.041368E+02 1.916869E+05 1.831077E+05 1.823435E+05 1.931290E+03 1.000000E+00 0.000000E+00
4.212000E+00 1.272618E+05 4.173180E+04 1.303900E+05 9.401183E+01 1.101787E+02 -4.029812E+02 0.000000E+00 -4.029812E+02 1.921165E+05 1.834947E+05 1.822540E+05 1.938628E+03 1.000000E+00 0.000000E+00
4.213000E+00 1.274411E+05 4.145114E+04 1.309980E+05 9.360945E+01 1.102620E+02 -4.017851E+02 0.000000E+00 -4.017851E+02 1.925366E+05 1.838735E+05 1.821627E+05 1.945987E+03 1.000000E+00 0.000000E+00
4.214000E+00 1.276162E+05 4.117395E+04 1.316026E+05 9.320828E+01 1.103453E+02 -4.005493E+02 0.000000E+00 -4.005493E+02 1.929472E+05 1.842440E+05 1.820698E+05 1.953365E+03 1.000000E+00 0.000000E+00
4.215000E+00 1.277872E+05 4.090021E+04 1.322038E+05 9.280836E+01 1.104286E+02 -3.992742E+02 0.000000E+00 -3.992742E+02 1.933484E+05 1.846063E+05 1.819751E+05 1.960762E+03 1.000000E+00 0.000000E+00
4.216000E+00 1.279540E+05 4.062989E+04 1.328016E+05 9.240974E+01 1.105119E+02 -3.979607E+02 0.000000E+00 -3.979607E+02 1.937402E+05 1.849605E+05 1.818788E+05 1.968178E+03 1.000000E+00 0.000000E+00
4.217000E+00 1.281167E+05 4.036301E+04 1.333958E+05 9.201245E+01 1.105952E+02 -3.966094E+02 0.000000E+00 -3.966094E+02 1.941226E+05 1.853065E+05 1.817809E+05 1.975612E+03 1.000000E+00 0.000000E+00
4.218000E+00 1.282754E+05 4.009971E+04 1.339864E+05 9.161653E+01 1.106785E+02 -3.952209E+02 0.000000E+00 -3.952209E+02 1.944958E+05 1.856445E+05 1.816817E+05 1.983066E+03 1.000000E+00 0.000000E+00
4.219000E+00 1.284300E+05 3.983973E+04 1.345733E+05 9.122202E+01 1.107618E+02 -3.937959E+02 0.000000E+00 -3.937959E+02 1.948596E+05 1.859743E+05 1.815809E+05 1.990538E+03 1.000000E+00 0.000000E+00
4.220000E+00 1.285806E+05 3.958303E+04 1.351565E+05 9.082895E+01 1.108451E+02 -3.923352E+02 0.000000E+00 -3.923352E+02 1.952142E+05 1.862961E+05 1.814786E+05 1.998025E+03 1.000000E+00 0.000000E+00
4.221000E+00 1.287272E+05 3.932956E+04 1.357358E+05 9.043736E+01 1.109284E+02 -3.908392E+02 0.000000E+00 -3.908392E+02 1.955595E+05 1.866099E+05 1.813748E+05 2.005529E+03 1.000000E+00 0.000000E+00
4.222000E+00 1.288698E+05 3.907935E+04 1.363113E+05 9.004729E+01 1.110117E+02 -3.893088E+02 0.000000E+00 -3.893088E+02 1.958957E+05 1.869157E+05 1.812695E+05 2.013048E+03 1.000000E+00 0.000000E+00
4.223000E+00 1.290085E+05 3.883232E+04 1.368828E+05 8.965876E+01 1.110950E+02 -3.877446E+02 0.000000E+00 -3.877446E+02 1.962228E+05 1.872136E+05 1.811629E+05 2.020583E+03 1.000000E+00 0.000000E+00
4.224000E+00 1.291433E+05 3.858831E+04 1.374503E+05 8.927181E+01 1.111783E+02 -3.861471E+02 0.000000E+00 -3.861471E+02 1.965407E+05 1.875034E+05 1.810548E+05 2.028130E+03 1.000000E+00 0.000000E+00
4.225000E+00 1.292741E+05 3.834724E+04 1.380137E+05 8.888648E+01 1.112616E+02 -3.845171E+02 0.000000E+00 -3.845171E+02 1.968496E+05 1.877854E+05 1.809452E+05 2.035689E+03 1.000000E+00 0.000000E+00
4.226000E+00 1.294010E+05 3.810902E+04 1.385731E+05 8.850279E+01 1.113449E+02 -3.828552E+02 0.000000E+00 -3.828552E+02 1.971495E+05 1.880595E+05 1.808340E+05 2.043258E+03 1.000000E+00 0.000000E+00
4.227000E+00 1.295240E+05 3.787365E+04 1.391282E+05 8.812078E+01 1.114282E+02 -3.811621E+02 0.000000E+00 -3.811621E+02 1.974404E+05 1.883256E+05 1.807213E+05 2.050837E+03 1.000000E+00 0.000000E+00
4.228000E+00 1.296431E+05 3.764097E+04 1.396791E+05 8.774047E+01 1.115115E+02 -3.794383E+02 0.000000E+00 -3.794383E+02 1.977224E+05 1.885840E+05 1.806070E+05 2.058423E+03 1.000000E+00 0.000000E+00
4.229000E+00 1.297583E+05 3.741085E+04 1.402257E+05 8.736191E+01 1.115948E+02 -3.776844E+02 0.000000E+00 -3.776844E+02 1.979955E+05 1.888344E+05 1.804911E+05 2.066016E+03 1.000000E+00 0.000000E+00
4.230000E+00 1.298696E+05 3.718321E+04 1.407680E+05 8.698511E+01 1.116781E+02 -3.759012E+02 0.000000E+00 -3.759012E+02 1.982597E+05 1.890771E+05 1.803735E+05 2.073614E+03 1.000000E+00 0.000000E+00
4.231000E+00 1.299771E+05 3.695794E+04 1.413059E+05 8.661012E+01 1.117614E+02 -3.740892E+02 0.000000E+00 -3.740892E+02 1.985152E+05 1.893120E+05 1.802542E+05 2.081214E+03 1.000000E+00 0.000000E+00
4.232000E+00 1.300806E+05 3.673497E+04 1.418394E+05 8.623695E+01 1.118447E+02 -3.722489E+02 0.000000E+00 -3.722489E+02 1.987619E+05 1.895391E+05 1.801331E+05 2.088815E+03 1.000000E+00 0.000000E+00
4.233000E+00 1.301802E+05 3.651415E+04 1.423683E+05 8.586563E+01 1.119280E+02 -3.703811E+02 0.000000E+00 -3.703811E+02 1.989998E+05 1.897584E+05 1.800101E+05 2.096416E+03 1.000000E+00 0.000000E+00
4.234000E+00 1.302759E+05 3.629540E+04 1.428927E+05 8.549619E+01 1.120113E+02 -3.684861E+02 0.000000E+00 -3.684861E+02 1.992291E+05 1.899700E+05 1.798853E+05 2.104015E+03 1.000000E+00 0.000000E+00
4.235000E+00 1.303677E+05 3.607862E+04 1.434126E+05 8.512866E+01 1.120946E+02 -3.665648E+02 0.000000E+00 -3.665648E+02 1.994497E+05 1.901739E+05 1.797585E+05 2.111609E+03 1.000000E+00 0.000000E+00
4.236000E+00 1.304556E+05 3.586370E+04 1.439278E+05 8.476307E+01 1.121779E+02 -3.646175E+02 0.000000E+00 -3.646175E+02 1.996618E+05 1.903700E+05 1.796297E+05 2.119198E+03 1.000000E+00 0.000000E+00
4.237000E+00 1.305395E+05 3.565049E+04 1.444383E+05 8.439944E+01 1.122612E+02 -3.626448E+02 0.000000E+00 -3.626448E+02 1.998653E+05 1.905585E+05 1.794988E+05 2.126777E+03 1.000000E+00 0.000000E+00
4.238000E+00 1.306195E+05 3.543896E+04 1.449441E+05 8.403779E+01 1.123445E+02 -3.606473E+02 0.000000E+00 -3.606473E+02 2.000603E+05 1.907393E+05 1.793658E+05 2.134347E+03 1.000000E+00 0.000000E+00
4.239000E+00 1.306955E+05 3.522902E+04 1.454452E+05 8.367815E+01 1.124278E+02 -3.586256E+02 0.000000E+00 -3.586256E+02 2.002468E+05 1.909125E+05 1.792307E+05 2.141905E+03 1.000000E+00 0.000000E+00
4.240000E+00 1.307675E+05 3.502060E+04 1.459415E+05 8.332055E+01 1.125111E+02 -3.565801E+02 0.000000E+00 -3.565801E+02 2.004248E+05 1.910780E+05 1.790934E+05 2.149450E+03 1.000000E+00 0.000000E+00
4.241000E+00 1.308355E+05 3.481351E+04 1.464329E+05 8.296500E+01 1.125944E+02 -3.545114E+02 0.000000E+00 -3.545114E+02 2.005945E+05 1.912359E+05 1.789537E+05 2.156979E+03 1.000000E+00 0.000000E+00
4.242000E+00 1.308996E+05 3.460769E+04 1.469194E+05 8.261153E+01 1.126777E+02 -3.524199E+02 0.000000E+00 -3.524199E+02 2.007559E+05 1.913863E+05 1.788118E+05 2.164489E+03 1.000000E+00 0.000000E+00
4.243000E+00 1.309596E+05 3.440316E+04 1.474011E+05 8.226017E+01 1.127610E+02 -3.503063E+02 0.000000E+00 -3.503063E+02 2.009089E+05 1.915291E+05 1.786675E+05 2.171981E+03 1.000000E+00 0.000000E+00
4.244000E+00 1.310155E+05 3.419986E+04 1.478778E+05 8.191093E+01 1.128443E+02 -3.481710E+02 0.000000E+00 -3.481710E+02 2.010536E+05 1.916643E+05 1.785209E+05 2.179452E+03 1.000000E+00 0.000000E+00
4.245000E+00 1.310674E+05 3.399775E+04 1.483495E+05 8.156383E+01 1.129276E+02 -3.460144E+02 0.000000E+00 -3.460144E+02 2.011902E+05 1.917920E+05 1.783720E+05 2.186901E+03 1.000000E+00 0.000000E+00
4.246000E+00 1.311152E+05 3.379651E+04 1.488162E+05 8.121890E+01 1.130109E+02 -3.438372E+02 0.000000E+00 -3.438372E+02 2.013185E+05 1.919122E+05 1.782205E+05 2.194323E+03 1.000000E+00 0.000000E+00
4.247000E+00 1.311590E+05 3.359631E+04 1.492778E+05 8.087616E+01 1.130942E+02 -3.416398E+02 0.000000E+00 -3.416398E+02 2.014387E+05 1.920250E+05 1.780666E+05 2.201719E+03 1.000000E+00 0.000000E+00
4.248000E+00 1.311987E+05 3.339716E+04 1.497344E+05 8.053563E+01 1.131775E+02 -3.394226E+02 0.000000E+00 -3.394226E+02 2.015508E+05 1.921304E+05 1.779103E+05 2.209088E+03 1.000000E+00 0.000000E+00
4.249000E+00 1.312342E+05 3.319903E+04 1.501858E+05 8.019733E+01 1.132608E+02 -3.371861E+02 0.000000E+00 -3.371861E+02 2.016548E+05 1.922283E+05 1.777517E+05 2.216429E+03 1.000000E+00 0.000000E+00
4.250000E+00 1.312657E+05 3.300187E+04 1.506321E+05 7.986127E+01 1.133441E+02 -3.349308E+02 0.000000E+00 -3.349308E+02 2.017509E+05 1.923189E+05 1.775907E+05 2.223740E+03 1.000000E+00 0.000000E+00
4.251000E+00 1.312930E+05 3.280538E+04 1.510732E+05 7.952747E+01 1.134274E+02 -3.326572E+02 0.000000E+00 -3.326572E+02 2.018389E+05 1.924021E+05 1.774270E+05 2.231015E+03 1.000000E+00 0.000000E+00
4.252000E+00 1.313162E+05 3.260988E+04 1.515091E+05 7.919596E+01 1.135107E+02 -3.303657E+02 0.000000E+00 -3.303657E+02 2.019190E+05 1.924781E+05 1.772610E+05 2.238258E+03 1.000000E+00 0.000000E+00
4.253000E+00 1.313353E+05 3.241536E+04 1.519398E+05 7.886675E+01 1.135940E+02 -3.280568E+02 0.000000E+00 -3.280568E+02 2.019913E+05 1.925467E+05 1.770928E+05 2.245468E+03 1.000000E+00 0.000000E+00
4.254000E+00 1.313502E+05 3.222186E+04 1.523652E+05 7.853985E+01 1.136773E+02 -3.257310E+02 0.000000E+00 -3.257310E+02 2.020557E+05 1.926082E+05 1.769223E+05 2.252644E+03 1.000000E+00 0.000000E+00
4.255000E+00 1.313611E+05 3.202920E+04 1.527853E+05 7.821529E+01 1.137606E+02 -3.233887E+02 0.000000E+00 -3.233887E+02 2.021122E+05 1.926625E+05 1.767495E+05 2.259782E+03 1.000000E+00 0.000000E+00
4.256000E+00 1.313678E+05 3.183736E+04 1.532002E+05 7.789308E+01 1.138439E+02 -3.210304E+02 0.000000E+00 -3.210304E+02 2.021611E+05 1.927096E+05 1.765743E+05 2.266881E+03 1.000000E+00 0.000000E+00
4.257000E+00 1.313704E+05 3.164659E+04 1.536097E+05 7.757323E+01 1.139272E+02 -3.186565E+02 0.000000E+00 -3.186565E+02 2.022022E+05 1.927497E+05 1.763971E+05 2.273943E+03 1.000000E+00 0.000000E+00
4.258000E+00 1.313688E+05 3.145695E+04 1.540138E+05 7.725577E+01 1.140105E+02 -3.162675E+02 0.000000E+00 -3.162675E+02 2.022357E+05 1.927827E+05 1.762179E+05 2.280968E+03 1.000000E+00 0.000000E+00
4.259000E+00 1.313633E+05 3.126848E+04 1.544126E+05 7.694070E+01 1.140938E+02 -3.138640E+02 0.000000E+00 -3.138640E+02 2.022616E+05 1.928088E+05 1.760368E+05 2.287955E+03 1.000000E+00 0.000000E+00
4.260000E+00 1.313536E+05 3.108092E+04 1.548060E+05 7.662805E+01 1.141771E+02 -3.114463E+02 0.000000E+00 -3.114463E+02 2.022799E+05 1.928279E+05 1.758536E+05 2.294899E+03 1.000000E+00 0.000000E+00
4.261000E+00 1.313399E+05 3.089451E+04 1.551940E+05 7.631782E+01 1.142604E+02 -3.090150E+02 0.000000E+00 -3.090150E+02 2.022907E+05 1.928402E+05 1.756686E+05 2.301803E+03 1.000000E+00 0.000000E+00
4.262000E+00 1.313221E+05 3.070945E+04 1.555765E+05 7.601002E+01 1.143437E+02 -3.065705E+02 0.000000E+00 -3.065705E+02 2.022942E+05 1.928457E+05 1.754819E+05 2.308668E+03 1.000000E+00 0.000000E+00
4.263000E+00 1.313003E+05 3.052580E+04 1.559536E+05 7.570468E+01 1.144270E+02 -3.041133E+02 0.000000E+00 -3.041133E+02 2.022902E+05 1.928444E+05 1.752937E+05 2.315493E+03 1.000000E+00 0.000000E+00
4.264000E+00 1.312746E+05 3.034363E+04 1.563252E+05 7.540180E+01 1.145103E+02 -3.016439E+02 0.000000E+00 -3.016439E+02 2.022789E+05 1.928365E+05 1.751041E+05 2.322280E+03 1.000000E+00 0.000000E+00
4.265000E+00 1.312449E+05 3.016259E+04 1.566914E+05 7.510139E+01 1.145936E+02 -2.991625E+02 0.000000E+00 -2.991625E+02 2.022604E+05 1.928220E+05 1.749127E+05 2.329021E+03 1.000000E+00 0.000000E+00
4.266000E+00 1.312113E+05 2.998319E+04 1.570520E+05 7.480348E+01 1.146769E+02 -2.966699E+02 0.000000E+00 -2.966699E+02 2.022346E+05 1.928009E+05 1.747202E+05 2.335723E+03 1.000000E+00 0.000000E+00
4.267000E+00 1.311739E+05 2.980550E+04 1.574072E+05 7.450806E+01 1.147602E+02 -2.941665E+02 0.000000E+00 -2.941665E+02 2.022017E+05 1.927733E+05 1.745266E+05 2.342386E+03 1.000000E+00 0.000000E+00
4.268000E+00 1.311326E+05 2.962963E+04 1.577568E+05 7.421515E+01 1.148435E+02 -2.916528E+02 0.000000E+00 -2.916528E+02 2.021616E+05 1.927393E+05 1.743321E+05 2.349010E+03 1.000000E+00 0.000000E+00
4.269000E+00 1.310875E+05 2.945552E+04 1.581009E+05 7.392476E+01 1.149268E+02 -2.891294E+02 0.000000E+00 -2.891294E+02 2.021146E+05 1.926991E+05 1.741367E+05 2.355594E+03 1.000000E+00 0.000000E+00
4.270000E+00 1.310387E+05 2.928308E+04 1.584394E+05 7.363689E+01 1.150101E+02 -2.865966E+02 0.000000E+00 -2.865966E+02 2.020606E+05 1.926525E+05 1.739403E+05 2.362136E+03 1.000000E+00 0.000000E+00
4.271000E+00 1.309862E+05 2.911269E+04 1.587724E+05 7.335157E+01 1.150934E+02 -2.840551E+02 0.000000E+00 -2.840551E+02 2.019997E+05 1.925998E+05 1.737434E+05 2.368640E+03 1.000000E+00 0.000000E+00
4.272000E+00 1.309300E+05 2.894445E+04 1.590998E+05 7.306878E+01 1.151767E+02 -2.815054E+02 0.000000E+00 -2.815054E+02 2.019320E+05 1.925411E+05 1.735461E+05 2.375106E+03 1.000000E+00 0.000000E+00
4.273000E+00 1.308703E+05 2.877842E+04 1.594216E+05 7.278856E+01 1.152600E+02 -2.789479E+02 0.000000E+00 -2.789479E+02 2.018576E+05 1.924763E+05 1.733485E+05 2.381534E+03 1.000000E+00 0.000000E+00
4.274000E+00 1.308071E+05 2.861446E+04 1.597379E+05 7.251089E+01 1.153433E+02 -2.763833E+02 0.000000E+00 -2.763833E+02 2.017765E+05 1.924056E+05 1.731504E+05 2.387923E+03 1.000000E+00 0.000000E+00
4.275000E+00 1.307403E+05 2.845270E+04 1.600485E+05 7.223579E+01 1.154266E+02 -2.738119E+02 0.000000E+00 -2.738119E+02 2.016888E+05 1.923291E+05 1.729522E+05 2.394273E+03 1.000000E+00 0.000000E+00
4.276000E+00 1.306702E+05 2.829338E+04 1.603536E+05 7.196327E+01 1.155099E+02 -2.712345E+02 0.000000E+00 -2.712345E+02 2.015946E+05 1.922468E+05 1.727541E+05 2.400587E+03 1.000000E+00 0.000000E+00
4.277000E+00 1.305967E+05 2.813656E+04 1.606531E+05 7.169333E+01 1.155932E+02 -2.686514E+02 0.000000E+00 -2.686514E+02 2.014940E+05 1.921589E+05 1.725562E+05 2.406865E+03 1.000000E+00 0.000000E+00
4.278000E+00 1.305200E+05 2.798230E+04 1.609470E+05 7.142597E+01 1.156765E+02 -2.660632E+02 0.000000E+00 -2.660632E+02 2.013870E+05 1.920655E+05 1.723586E+05 2.413108E+03 1.000000E+00 0.000000E+00
4.279000E+00 1.304400E+05 2.783033E+04 1.612353E+05 7.116120E+01 1.157598E+02 -2.634705E+02 0.000000E+00 -2.634705E+02 2.012738E+05 1.919665E+05 1.721610E+05 2.419310E+03 1.000000E+00 0.000000E+00
4.280000E+00 1.303568E+05 2.768096E+04 1.615180E+05 7.089903E+01 1.158431E+02 -2.608738E+02 0.000000E+00 -2.608738E+02 2.011543E+05 1.918621E+05 1.719640E+05 2.425477E+03 1.000000E+00 0.000000E+00
4.281000E+00 1.302706E+05 2.753428E+04 1.617951E+05 7.063945E+01 1.159264E+02 -2.582737E+02 0.000000E+00 -2.582737E+02 2.010288E+05 1.917525E+05 1.717675E+05 2.431609E+03 1.000000E+00 0.000000E+00
4.282000E+00 1.301814E+05 2.739032E+04 1.620667E+05 7.038248E+01 1.160097E+02 -2.556706E+02 0.000000E+00 -2.556706E+02 2.008973E+05 1.916376E+05 1.715717E+05 2.437705E+03 1.000000E+00 0.000000E+00
4.283000E+00 1.300892E+05 2.724904E+04 1.623326E+05 7.012811E+01 1.160930E+02 -2.530651E+02 0.000000E+00 -2.530651E+02 2.007598E+05 1.915176E+05 1.713767E+05 2.443766E+03 1.000000E+00 0.000000E+00
4.284000E+00 1.299940E+05 2.711018E+04 1.625930E+05 6.987635E+01 1.161763E+02 -2.504577E+02 0.000000E+00 -2.504577E+02 2.006165E+05 1.913925E+05 1.711821E+05 2.449786E+03 1.000000E+00 0.000000E+00
4.285000E+00 1.298961E+05 2.697406E+04 1.628477E+05 6.962720E+01 1.162596E+02 -2.478490E+02 0.000000E+00 -2.478490E+02 2.004674E+05 1.912625E+05 1.709884E+05 2.455770E+03 1.000000E+00 0.000000E+00
4.286000E+00 1.297954E+05 2.684065E+04 1.630969E+05 6.938065E+01 1.163429E+02 -2.452396E+02 0.000000E+00 -2.452396E+02 2.003126E+05 1.911276E+05 1.707956E+05 2.461718E+03 1.000000E+00 0.000000E+00
4.287000E+00 1.296920E+05 2.670995E+04 1.633405E+05 6.913672E+01 1.164262E+02 -2.426298E+02 0.000000E+00 -2.426298E+02 2.001523E+05 1.909879E+05 1.706037E+05 2.467629E+03 1.000000E+00 0.000000E+00
4.288000E+00 1.295859E+05 2.658173E+04 1.635786E+05 6.889539E+01 1.165095E+02 -2.400203E+02 0.000000E+00 -2.400203E+02 1.999865E+05 1.908434E+05 1.704127E+05 2.473498E+03 1.000000E+00 0.000000E+00
4.289000E+00 1.294773E+05 2.645587E+04 1.638111E+05 6.865668E+01 1.165928E+02 -2.374116E+02 0.000000E+00 -2.374116E+02 1.998152E+05 1.906943E+05 1.702223E+05 2.479326E+03 1.000000E+00 0.000000E+00
4.290000E+00 1.293660E+05 2.633255E+04 1.640381E+05 6.842057E+01 1.166761E+02 -2.348041E+02 0.000000E+00 -2.348041E+02 1.996387E+05 1.905407E+05 1.700328E+05 2.485113E+03 1.000000E+00 0.000000E+00
4.291000E+00 1.292523E+05 2.621168E+04 1.642596E+05 6.818707E+01 1.167594E+02 -2.321984E+02 0.000000E+00 -2.321984E+02 1.994569E+05 1.903825E+05 1.698443E+05 2.490857E+03 1.000000E+00 0.000000E+00
4.292000E+00 1.291362E+05 2.609317E+04 1.644755E+05 6.795617E+01 1.168427E+02 -2.295950E+02 0.000000E+00 -2.295950E+02 1.992700E+05 1.902199E+05 1.696566E+05 2.496558E+03 1.000000E+00 0.000000E+00
4.293000E+00 1.290177E+05 2.597658E+04 1.646859E+05 6.772788E+01 1.169260E+02 -2.269942E+02 0.000000E+00 -2.269942E+02 1.990780E+05 1.900529E+05 1.694693E+05 2.502209E+03 1.000000E+00 0.000000E+00
4.294000E+00 1.288968E+05 2.586197E+04 1.648909E+05 6.750218E+01 1.170093E+02 -2.243966E+02 0.000000E+00 -2.243966E+02 1.988810E+05 1.898817E+05 1.692826E+05 2.507809E+03 1.000000E+00 0.000000E+00
4.295000E+00 1.287736E+05 2.574934E+04 1.650904E+05 6.727908E+01 1.170926E+02 -2.218025E+02 0.000000E+00 -2.218025E+02 1.986792E+05 1.897061E+05 1.690965E+05 2.513359E+03 1.000000E+00 0.000000E+00
4.296000E+00 1.286480E+05 2.563855E+04 1.652844E+05 6.705858E+01 1.171759E+02 -2.192125E+02 0.000000E+00 -2.192125E+02 1.984725E+05 1.895264E+05 1.689109E+05 2.518856E+03 1.000000E+00 0.000000E+00
4.297000E+00 1.285203E+05 2.552942E+04 1.654730E+05 6.684066E+01 1.172592E+02 -2.166270E+02 0.000000E+00 -2.166270E+02 1.982611E+05 1.893426E+05 1.687256E+05 2.524297E+03 1.000000E+00 0.000000E+00
4.298000E+00 1.283902E+05 2.542119E+04 1.656561E+05 6.662532E+01 1.173425E+02 -2.140462E+02 0.000000E+00 -2.140462E+02 1.980451E+05 1.891546E+05 1.685400E+05 2.529669E+03 1.000000E+00 0.000000E+00
4.299000E+00 1.282580E+05 2.531422E+04 1.658339E+05 6.641256E+01 1.174258E+02 -2.114706E+02 0.000000E+00 -2.114706E+02 1.978244E+05 1.889626E+05 1.683544E+05 2.534978E+03 1.000000E+00 0.000000E+00
4.300000E+00 1.281235E+05 2.520831E+04 1.660062E+05 6.620238E+01 1.175091E+02 -2.089005E+02 0.000000E+00 -2.089005E+02 1.975993E+05 1.887666E+05 1.681686E+05 2.540220E+03 1.000000E+00 0.000000E+00
4.301000E+00 1.279868E+05 2.510325E+04 1.661732E+05 6.599476E+01 1.175924E+02 -2.063363E+02 0.000000E+00 -2.063363E+02 1.973697E+05 1.885666E+05 1.679825E+05 2.545391E+03 1.000000E+00 0.000000E+00
4.302000E+00 1.278479E+05 2.499858E+04 1.663349E+05 6.578970E+01 1.176757E+02 -2.037782E+02 0.000000E+00 -2.037782E+02 1.971358E+05 1.883626E+05 1.677955E+05 2.550483E+03 1.000000E+00 0.000000E+00
4.303000E+00 1.277068E+05 2.489367E+04 1.664912E+05 6.558720E+01 1.177590E+02 -2.012266E+02 0.000000E+00 -2.012266E+02 1.968975E+05 1.881547E+05 1.676072E+05 2.555487E+03 1.000000E+00 0.000000E+00
4.304000E+00 1.275634E+05 2.478882E+04 1.666422E+05 6.538725E+01 1.178423E+02 -1.986816E+02 0.000000E+00 -1.986816E+02 1.966550E+05 1.879428E+05 1.674178E+05 2.560404E+03 1.000000E+00 0.000000E+00
4.305000E+00 1.274177E+05 2.468375E+04 1.667880E+05 6.518984E+01 1.179256E+02 -1.961435E+02 0.000000E+00 -1.961435E+02 1.964083E+05 1.877270E+05 1.672270E+05 2.565231E+03 1.000000E+00 0.000000E+00
4.306000E+00 1.272698E+05 2.457818E+04 1.669284E+05 6.499496E+01 1.180089E+02 -1.936125E+02 0.000000E+00 -1.936125E+02 1.961575E+05 1.875073E+05 1.670345E+05 2.569961E+03 1.000000E+00 0.000000E+00
4.307000E+00 1.271195E+05 2.447124E+04 1.670637E+05 6.480261E+01 1.180922E+02 -1.910887E+02 0.000000E+00 -1.910887E+02 1.959026E+05 1.872837E+05 1.668395E+05 2.574580E+03 1.000000E+00 0.000000E+00
4.308000E+00 1.269669E+05 2.436267E+04 1.671937E+05 6.461278E+01 1.181755E+02 -1.885723E+02 0.000000E+00 -1.885723E+02 1.956436E+05 1.870562E+05 1.666417E+05 2.579083E+03 1.000000E+00 0.000000E+00
4.309000E+00 1.268118E+05 2.425263E+04 1.673185E+05 6.442546E+01 1.182588E+02 -1.860633E+02 0.000000E+00 -1.860633E+02 1.953805E+05 1.868247E+05 1.664412E+05 2.583470E+03 1.000000E+00 0.000000E+00
4.310000E+00 1.266542E+05 2.414076E+04 1.674381E+05 6.424065E+01 1.183421E+02 -1.835619E+02 0.000000E+00 -1.835619E+02 1.951135E+05 1.865892E+05 1.662378E+05 2.587735E+03 1.000000E+00 0.000000E+00
4.311000E+00 1.264941E+05 2.402676E+04 1.675526E+05 6.405833E+01 1.184254E+02 -1.810680E+02 0.000000E+00 -1.810680E+02 1.948426E+05 1.863497E+05 1.660309E+05 2.591870E+03 1.000000E+00 0.000000E+00
4.312000E+00 1.263314E+05 2.390911E+04 1.676620E+05 6.387851E+01 1.185087E+02 -1.785817E+02 0.000000E+00 -1.785817E+02 1.945677E+05 1.861062E+05 1.658191E+05 2.595851E+03 1.000000E+00 0.000000E+00
4.313000E+00 1.261660E+05 2.378833E+04 1.677662E+05 6.370117E+01 1.185920E+02 -1.761030E+02 0.000000E+00 -1.761030E+02 1.942889E+05 1.858587E+05 1.656029E+05 2.599684E+03 1.000000E+00 0.000000E+00
4.314000E+00 1.259977E+05 2.366428E+04 1.678654E+05 6.352630E+01 1.186753E+02 -1.736317E+02 0.000000E+00 -1.736317E+02 1.940061E+05 1.856070E+05 1.653820E+05 2.603363E+03 1.000000E+00 0.000000E+00
4.315000E+00 1.258266E+05 2.353658E+04 1.679595E+05 6.335390E+01 1.187586E+02 -1.711677E+02 0.000000E+00 -1.711677E+02 1.937195E+05 1.853511E+05 1.651561E+05 2.606882E+03 1.000000E+00 0.000000E+00
4.316000E+00 1.256525E+05 2.340465E+04 1.680486E+05 6.318396E+01 1.188419E+02 -1.687109E+02 0.000000E+00 -1.687109E+02 1.934289E+05 1.850910E+05 1.649246E+05 2.610228E+03 1.000000E+00 0.000000E+00
4.317000E+00 1.254753E+05 2.326686E+04 1.681327E+05 6.301648E+01 1.189252E+02 -1.662611E+02 0.000000E+00 -1.662611E+02 1.931345E+05 1.848266E+05 1.646856E+05 2.613373E+03 1.000000E+00 0.000000E+00
4.318000E+00 1.252949E+05 2.312419E+04 1.682118E+05 6.285144E+01 1.190085E+02 -1.638181E+02 0.000000E+00 -1.638181E+02 1.928361E+05 1.845578E+05 1.644402E+05 2.616331E+03 1.000000E+00 0.000000E+00
4.319000E+00 1.251112E+05 2.297632E+04 1.682859E+05 6.268884E+01 1.190918E+02 -1.613817E+02 0.000000E+00 -1.613817E+02 1.925338E+05 1.842846E+05 1.641878E+05 2.619092E+03 1.000000E+00 0.000000E+00
4.320000E+00 1.249240E+05 2.282285E+04 1.683550E+05 6.252867E+01 1.191751E+02 -1.589515E+02 0.000000E+00 -1.589515E+02 1.922275E+05 1.840069E+05 1.639282E+05 2.621648E+03 1.000000E+00 0.000000E+00
4.321000E+00 1.247332E+05 2.266255E+04 1.684192E+05 6.237093E+01 1.192584E+02 -1.565272E+02 0.000000E+00 -1.565272E+02 1.919172E+05 1.837245E+05 1.636599E+05 2.623976E+03 1.000000E+00 0.000000E+00
4.322000E+00 1.245386E+05 2.249465E+04 1.684785E+05 6.221562E+01 1.193417E+02 -1.541084E+02 0.000000E+00 -1.541084E+02 1.916028E+05 1.834374E+05 1.633820E+05 2.626061E+03 1.000000E+00 0.000000E+00
4.323000E+00 1.243401E+05 2.231992E+04 1.685329E+05 6.206271E+01 1.194250E+02 -1.516948E+02 0.000000E+00 -1.516948E+02 1.912843E+05 1.831455E+05 1.630953E+05 2.627911E+03 1.000000E+00 0.000000E+00
4.324000E+00 1.241376E+05 2.213804E+04 1.685824E+05 6.191222E+01 1.195083E+02 -1.492858E+02 0.000000E+00 -1.492858E+02 1.909618E+05 1.828487E+05 1.627993E+05 2.629518E+03 1.000000E+00 0.000000E+00
4.325000E+00 1.239309E+05 2.194862E+04 1.686270E+05 6.176414E+01 1.195916E+02 -1.468810E+02 0.000000E+00 -1.468810E+02 1.906350E+05 1.825468E+05 1.624935E+05 2.630871E+03 1.000000E+00 0.000000E+00
4.326000E+00 1.237199E+05 2.174956E+04 1.686668E+05 6.161846E+01 1.196749E+02 -1.444800E+02 0.000000E+00 -1.444800E+02 1.903039E+05 1.822398E+05 1.621757E+05 2.631934E+03 1.000000E+00 0.000000E+00
4.327000E+00 1.235043E+05 2.154148E+04 1.687018E+05 6.147518E+01 1.197582E+02 -1.420820E+02 0.000000E+00 -1.420820E+02 1.899685E+05 1.819275E+05 1.618464E+05 2.632711E+03 1.000000E+00 0.000000E+00
4.328000E+00 1.232839E+05 2.132470E+04 1.687319E+05 6.133430E+01 1.198415E+02 -1.396866E+02 0.000000E+00 -1.396866E+02 1.896287E+05 1.816098E+05 1.615058E+05 2.633205E+03 1.000000E+00 0.000000E+00
4.329000E+00 1.230587E+05 2.109896E+04 1.687573E+05 6.119581E+01 1.199248E+02 -1.372932E+02 0.000000E+00 -1.372932E+02 1.892843E+05 1.812866E+05 1.611534E+05 2.633406E+03 1.000000E+00 0.000000E+00
4.330000E+00 1.228285E+05 2.086389E+04 1.687778E+05 6.105971E+01 1.200081E+02 -1.349010E+02 0.000000E+00 -1.349010E+02 1.889354E+05 1.809577E+05 1.607888E+05 2.633305E+03 1.000000E+00 0.000000E+00
4.331000E+00 1.225930E+05 2.061635E+04 1.687935E+05 6.092600E+01 1.200914E+02 -1.325094E+02 0.000000E+00 -1.325094E+02 1.885818E+05 1.806231E+05 1.604087E+05 2.632845E+03 1.000000E+00 0.000000E+00
4.332000E+00 1.223520E+05 2.035880E+04 1.688044E+05 6.079469E+01 1.201747E+02 -1.301177E+02 0.000000E+00 -1.301177E+02 1.882234E+05 1.802824E+05 1.600155E+05 2.632063E+03 1.000000E+00 0.000000E+00
4.333000E+00 1.221055E+05 2.009095E+04 1.688106E+05 6.066577E+01 1.202580E+02 -1.277251E+02 0.000000E+00 -1.277251E+02 1.878600E+05 1.799357E+05 1.596086E+05 2.630949E+03 1.000000E+00 0.000000E+00
4.334000E+00 1.218531E+05 1.981259E+04 1.688120E+05 6.053924E+01 1.203413E+02 -1.253308E+02 0.000000E+00 -1.253308E+02 1.874917E+05 1.795828E+05 1.591876E+05 2.629495E+03 1.000000E+00 0.000000E+00
4.335000E+00 1.215947E+05 1.952254E+04 1.688086E+05 6.041511E+01 1.204246E+02 -1.229342E+02 0.000000E+00 -1.229342E+02 1.871182E+05 1.792236E+05 1.587513E+05 2.627676E+03 1.000000E+00 0.000000E+00
4.336000E+00 1.213302E+05 1.921910E+04 1.688004E+05 6.029337E+01 1.205079E+02 -1.205343E+02 0.000000E+00 -1.205343E+02 1.867394E+05 1.788578E+05 1.582978E+05 2.625460E+03 1.000000E+00 0.000000E+00
4.337000E+00 1.210593E+05 1.890438E+04 1.687875E+05 6.017404E+01 1.205912E+02 -1.181303E+02 0.000000E+00 -1.181303E+02 1.863552E+05 1.784853E+05 1.578290E+05 2.622876E+03 1.000000E+00 0.000000E+00
4.338000E+00 1.207818E+05 1.857813E+04 1.687698E+05 6.005711E+01 1.206745E+02 -1.157214E+02 0.000000E+00 -1.157214E+02 1.859655E+05 1.781060E+05 1.573446E+05 2.619916E+03 1.000000E+00 0.000000E+00
4.339000E+00 1.204976E+05 1.824025E+04 1.687473E+05 5.994260E+01 1.207578E+02 -1.133066E+02 0.000000E+00 -1.133066E+02 1.855702E+05 1.777197E+05 1.568441E+05 2.616572E+03 1.000000E+00 0.000000E+00
4.340000E+00 1.202064E+05 1.788853E+04 1.687201E+05 5.983050E+01 1.208411E+02 -1.108851E+02 0.000000E+00 -1.108851E+02 1.851689E+05 1.773263E+05 1.563253E+05 2.612803E+03 1.000000E+00 0.000000E+00
4.341000E+00 1.199082E+05 1.752327E+04 1.686880E+05 5.972083E+01 1.209244E+02 -1.084559E+02 0.000000E+00 -1.084559E+02 1.847618E+05 1.769256E+05 1.557882E+05 2.608608E+03 1.000000E+00 0.000000E+00
4.342000E+00 1.196026E+05 1.714590E+04 1.686511E+05 5.961359E+01 1.210077E+02 -1.060182E+02 0.000000E+00 -1.060182E+02 1.843484E+05 1.765175E+05 1.552342E+05 2.604006E+03 1.000000E+00 0.000000E+00
4.343000E+00 1.192895E+05 1.675630E+04 1.686095E+05 5.950880E+01 1.210910E+02 -1.035709E+02 0.000000E+00 -1.035709E+02 1.839288E+05 1.761017E+05 1.546628E+05 2.598991E+03 1.000000E+00 0.000000E+00
4.344000E+00 1.189688E+05 1.635446E+04 1.685630E+05 5.940645E+01 1.211743E+02 -1.011131E+02 0.000000E+00 -1.011131E+02 1.835028E+05 1.756783E+05 1.540740E+05 2.593556E+03 1.000000E+00 0.000000E+00
4.345000E+00 1.186403E+05 1.593706E+04 1.685116E+05 5.930657E+01 1.212576E+02 -9.864396E+01 0.000000E+00 -9.864396E+01 1.830701E+05 1.752469E+05 1.534641E+05 2.587641E+03 1.000000E+00 0.000000E+00
4.346000E+00 1.183038E+05 1.550672E+04 1.684555E+05 5.920917E+01 1.213409E+02 -9.616240E+01 0.000000E+00 -9.616240E+01 1.826307E+05 1.748075E+05 1.528358E+05 2.581285E+03 1.000000E+00 0.000000E+00
4.347000E+00 1.179591E+05 1.506404E+04 1.683944E+05 5.911425E+01 1.214242E+02 -9.366748E+01 0.000000E+00 -9.366748E+01 1.821843E+05 1.743600E+05 1.521892E+05 2.574493E+03 1.000000E+00 0.000000E+00
4.348000E+00 1.176061E+05 1.460902E+04 1.683284E+05 5.902184E+01 1.215075E+02 -9.115825E+01 0.000000E+00 -9.115825E+01 1.817309E+05 1.739040E+05 1.515244E+05 2.567260E+03 1.000000E+00 0.000000E+00
4.349000E+00 1.172447E+05 1.414119E+04 1.682576E+05 5.893194E+01 1.215908E+02 -8.863378E+01 0.000000E+00 -8.863378E+01 1.812701E+05 1.734397E+05 1.508405E+05 2.559572E+03 1.000000E+00 0.000000E+00
4.350000E+00 1.168747E+05 1.365778E+04 1.681817E+05 5.884458E+01 1.216741E+02 -8.609308E+01 0.000000E+00 -8.609308E+01 1.808019E+05 1.729667E+05 1.501348E+05 2.551378E+03 1.000000E+00 0.000000E+00
4.351000E+00 1.164959E+05 1.316225E+04 1.681009E+05 5.875976E+01 1.217574E+02 -8.353519E+01 0.000000E+00 -8.353519E+01 1.803260E+05 1.724849E+05 1.494104E+05 2.542733E+03 1.000000E+00 0.000000E+00
4.352000E+00 1.161083E+05 1.265478E+04 1.680152E+05 5.867751E+01 1.218407E+02 -8.095921E+01 0.000000E+00 -8.095921E+01 1.798424E+05 1.719943E+05 1.486673E+05 2.533634E+03 1.000000E+00 0.000000E+00
4.353000E+00 1.157117E+05 1.213548E+04 1.679243E+05 5.859785E+01 1.219240E+02 -7.836420E+01 0.000000E+00 -7.836420E+01 1.793507E+05 1.714947E+05 1.479056E+05 2.524079E+03 1.000000E+00 0.000000E+00
4.354000E+00 1.153060E+05 1.160286E+04 1.678285E+05 5.852079E+01 1.220073E+02 -7.574927E+01 0.000000E+00 -7.574927E+01 1.788509E+05 1.709860E+05 1.471235E+05 2.514038E+03 1.000000E+00 0.000000E+00
4.355000E+00 1.148911E+05 1.105655E+04 1.677275E+05 5.844636E+01 1.220906E+02 -7.311350E+01 0.000000E+00 -7.311350E+01 1.783428E+05 1.704681E+05 1.463205E+05 2.503501E+03 1.000000E+00 0.000000E+00
4.356000E+00 1.144670E+05 1.049903E+04 1.676214E+05 5.837457E+01 1.221739E+02 -7.045601E+01 0.000000E+00 -7.045601E+01 1.778263E+05 1.699408E+05 1.454989E+05 2.492505E+03 1.000000E+00 0.000000E+00
4.357000E+00 1.140335E+05 9.930615E+03 1.675102E+05 5.830545E+01 1.222572E+02 -6.777597E+01 0.000000E+00 -6.777597E+01 1.773010E+05 1.694040E+05 1.446589E+05 2.481052E+03 1.000000E+00 0.000000E+00
4.358000E+00 1.135905E+05 9.351520E+03 1.673937E+05 5.823902E+01 1.223405E+02 -6.507256E+01 0.000000E+00 -6.507256E+01 1.767669E+05 1.688577E+05 1.438005E+05 2.469144E+03 1.000000E+00 0.000000E+00
4.359000E+00 1.131381E+05 8.759298E+03 1.672720E+05 5.817531E+01 1.224238E+02 -6.234497E+01 0.000000E+00 -6.234497E+01 1.762239E+05 1.683018E+05 1.429212E+05 2.456732E+03 1.000000E+00 0.000000E+00
4.360000E+00 1.126760E+05 8.155967E+03 1.671450E+05 5.811434E+01 1.225071E+02 -5.959241E+01 0.000000E+00 -5.959241E+01 1.756717E+05 1.677361E+05 1.420227E+05 2.443850E+03 1.000000E+00 0.000000E+00
4.361000E+00 1.122044E+05 7.542967E+03 1.670127E+05 5.805614E+01 1.225904E+02 -5.681414E+01 0.000000E+00 -5.681414E+01 1.751101E+05 1.671606E+05 1.411065E+05 2.430519E+03 1.000000E+00 0.000000E+00
4.362000E+00 1.117232E+05 6.920717E+03 1.668750E+05 5.800072E+01 1.226737E+02 -5.400947E+01 0.000000E+00 -5.400947E+01 1.745392E+05 1.665752E+05 1.401728E+05 2.416743E+03 1.000000E+00 0.000000E+00
4.363000E+00 1.112323E+05 6.289539E+03 1.667319E+05 5.794813E+01 1.227570E+02 -5.117773E+01 0.000000E+00 -5.117773E+01 1.739586E+05 1.659799E+05 1.392219E+05 2.402526E+03 1.000000E+00 0.000000E+00
4.364000E+00 1.107317E+05 5.646173E+03 1.665833E+05 5.789838E+01 1.228403E+02 -4.831827E+01 0.000000E+00 -4.831827E+01 1.733682E+05 1.653746E+05 1.382502E+05 2.387808E+03 1.000000E+00 0.000000E+00
4.365000E+00 1.102215E+05 4.994817E+03 1.664292E+05 5.785150E+01 1.229236E+02 -4.543047E+01 0.000000E+00 -4.543047E+01 1.727680E+05 1.647592E+05 1.372619E+05 2.372660E+03 1.000000E+00 0.000000E+00
4.366000E+00 1.097016E+05 4.335884E+03 1.662696E+05 5.780752E+01 1.230069E+02 -4.251378E+01 0.000000E+00 -4.251378E+01 1.721577E+05 1.641337E+05 1.362574E+05 2.357088E+03 1.000000E+00 0.000000E+00
4.367000E+00 1.091720E+05 3.669879E+03 1.661043E+05 5.776648E+01 1.230902E+02 -3.956770E+01 0.000000E+00 -3.956770E+01 1.715373E+05 1.634980E+05 1.352370E+05 2.341098E+03 1.000000E+00 0.000000E+00
4.368000E+00 1.086329E+05 2.996251E+03 1.659334E+05 5.772840E+01 1.231735E+02 -3.659177E+01 0.000000E+00 -3.659177E+01 1.709065E+05 1.628522E+05 1.342001E+05 2.324681E+03 1.000000E+00 0.000000E+00
4.369000E+00 1.080843E+05 2.314059E+03 1.657568E+05 5.769331E+01 1.232568E+02 -3.358552E+01 0.000000E+00 -3.358552E+01 1.702654E+05 1.621961E+05 1.331457E+05 2.307819E+03 1.000000E+00 0.000000E+00
4.370000E+00 1.075261E+05 1.626365E+03 1.655744E+05 5.766124E+01 1.233401E+02 -3.054859E+01 0.000000E+00 -3.054859E+01 1.696138E+05 1.615299E+05 1.320768E+05 2.290564E+03 1.000000E+00 0.000000E+00
4.371000E+00 1.069586E+05 9.336315E+02 1.653862E+05 5.763222E+01 1.234234E+02 -2.748064E+01 0.000000E+00 -2.748064E+01 1.689515E+05 1.608534E+05 1.309937E+05 2.272925E+03 1.000000E+00 0.000000E+00
4.372000E+00 1.063817E+05 2.364223E+02 1.651921E+05 5.760628E+01 1.235067E+02 -2.438140E+01 0.000000E+00 -2.438140E+01 1.682786E+05 1.601667E+05 1.298970E+05 2.254911E+03 1.000000E+00 0.000000E+00
4.373000E+00 1.057955E+05 -4.664977E+02 1.649920E+05 5.758347E+01 1.235900E+02 -2.125064E+01 0.000000E+00 -2.125064E+01 1.675948E+05 1.594699E+05 1.287854E+05 2.236500E+03 1.000000E+00 0.000000E+00
4.374000E+00 1.052002E+05 -1.174049E+03 1.647860E+05 5.756379E+01 1.236733E+02 -1.808816E+01 0.000000E+00 -1.808816E+01 1.669001E+05 1.587628E+05 1.276600E+05 2.217714E+03 1.000000E+00 0.000000E+00
4.375000E+00 1.045959E+05 -1.884304E+03 1.645740E+05 5.754730E+01 1.237566E+02 -1.489384E+01 0.000000E+00 -1.489384E+01 1.661945E+05 1.580455E+05 1.265226E+05 2.198585E+03 1.000000E+00 0.000000E+00
4.376000E+00 1.039826E+05 -2.596751E+03 1.643558E+05 5.753402E+01 1.238399E+02 -1.166760E+01 0.000000E+00 -1.166760E+01 1.654779E+05 1.573181E+05 1.253738E+05 2.179125E+03 1.000000E+00 0.000000E+00
4.377000E+00 1.033606E+05 -3.310794E+03 1.641315E+05 5.752397E+01 1.239232E+02 -8.409432E+00 0.000000E+00 -8.409432E+00 1.647502E+05 1.565807E+05 1.242141E+05 2.159345E+03 1.000000E+00 0.000000E+00
4.378000E+00 1.027299E+05 -4.028060E+03 1.639010E+05 5.751721E+01 1.240065E+02 -5.119366E+00 0.000000E+00 -5.119366E+00 1.640113E+05 1.558332E+05 1.230419E+05 2.139219E+03 1.000000E+00 0.000000E+00
4.379000E+00 1.020908E+05 -4.746019E+03 1.636643E+05 5.751375E+01 1.240898E+02 -1.797472E+00 0.000000E+00 -1.797472E+00 1.632613E+05 1.550757E+05 1.218598E+05 2.118795E+03 1.000000E+00 0.000000E+00
4.380000E+00 1.014487E+05 -5.464406E+03 1.634228E+05 5.751328E+01 1.241731E+02 8.630091E-03 0.000000E+00 8.630091E-03 1.627372E+05 1.545292E+05 1.206680E+05 2.098090E+03 0.000000E+00 0.000000E+00
4.381000E+00 1.008153E+05 -6.187885E+03 1.631797E+05 5.751328E+01 1.242564E+02 3.174833E-03 0.000000E+00 3.174833E-03 1.624905E+05 1.542444E+05 1.194619E+05 2.077118E+03 0.000000E+00 0.000000E+00
4.382000E+00 1.001961E+05 -6.916804E+03 1.629370E+05 5.751328E+01 1.243397E+02 1.167956E-03 0.000000E+00 1.167956E-03 1.622437E+05 1.539629E+05 1.182408E+05 2.055887E+03 0.000000E+00 0.000000E+00
4.383000E+00 9.959001E+04 -7.651613E+03 1.626945E+05 5.751328E+01 1.244230E+02 4.296669E-04 0.000000E+00 4.296669E-04 1.619972E+05 1.536851E+05 1.170043E+05 2.034387E+03 0.000000E+00 0.000000E+00
4.384000E+00 9.899607E+04 -8.389577E+03 1.624524E+05 5.751328E+01 1.245063E+02 1.580656E-04 0.000000E+00 1.580656E-04 1.617509E+05 1.534137E+05 1.157549E+05 2.012664E+03 0.000000E+00 0.000000E+00
4.385000E+00 9.841355E+04 -9.129769E+03 1.622106E+05 5.751328E+01 1.245896E+02 5.814910E-05 0.000000E+00 5.814910E-05 1.615050E+05 1.531474E+05 1.144935E+05 1.990732E+03 0.000000E+00 0.000000E+00
4.386000E+00 9.784174E+04 -9.871327E+03 1.619690E+05 5.751328E+01 1.246729E+02 2.139186E-05 0.000000E+00 2.139186E-05 1.612594E+05 1.528862E+05 1.132209E+05 1.968604E+03 0.000000E+00 0.000000E+00
4.387000E+00 9.727999E+04 -1.061395E+04 1.617277E+05 5.751328E+01 1.247562E+02 7.869625E-06 0.000000E+00 7.869625E-06 1.610143E+05 1.526293E+05 1.119373E+05 1.946286E+03 0.000000E+00 0.000000E+00
4.388000E+00 9.672770E+04 -1.135682E+04 1.614868E+05 5.751328E+01 1.248395E+02 2.895073E-06 0.000000E+00 2.895073E-06 1.607694E+05 1.523760E+05 1.106435E+05 1.923790E+03 0.000000E+00 0.000000E+00
4.389000E+00 9.618432E+04 -1.209821E+04 1.612461E+05 5.751328E+01 1.249228E+02 1.065038E-06 0.000000E+00 1.065038E-06 1.605250E+05 1.521259E+05 1.093411E+05 1.901146E+03 0.000000E+00 0.000000E+00
4.390000E+00 9.564933E+04 -1.283726E+04 1.610057E+05 5.751328E+01 1.250061E+02 3.918055E-07 0.000000E+00 3.918055E-07 1.602809E+05 1.518786E+05 1.080311E+05 1.878369E+03 0.000000E+00 0.000000E+00
4.391000E+00 9.512229E+04 -1.357316E+04 1.607657E+05 5.751328E+01 1.250894E+02 1.441372E-07 0.000000E+00 1.441372E-07 1.600372E+05 1.516335E+05 1.067143E+05 1.855473E+03 0.000000E+00 0.000000E+00
4.392000E+00 9.460278E+04 -1.430559E+04 1.605259E+05 5.751328E+01 1.251727E+02 5.302511E-08 0.000000E+00 5.302511E-08 1.597939E+05 1.513903E+05 1.053910E+05 1.832464E+03 0.000000E+00 0.000000E+00
4.393000E+00 9.409042E+04 -1.503327E+04 1.602864E+05 5.751328E+01 1.252560E+02 1.950685E-08 0.000000E+00 1.950685E-08 1.595509E+05 1.511488E+05 1.040625E+05 1.809365E+03 0.000000E+00 0.000000E+00
4.394000E+00 9.358487E+04 -1.575514E+04 1.600472E+05 5.751328E+01 1.253393E+02 7.176169E-09 0.000000E+00 7.176169E-09 1.593083E+05 1.509087E+05 1.027300E+05 1.786196E+03 0.000000E+00 0.000000E+00
4.395000E+00 9.308586E+04 -1.647045E+04 1.598083E+05 5.751328E+01 1.254226E+02 2.639965E-09 0.000000E+00 2.639965E-09 1.590660E+05 1.506698E+05 1.013943E+05 1.762971E+03 0.000000E+00 0.000000E+00
4.396000E+00 9.259314E+04 -1.717844E+04 1.595698E+05 5.751328E+01 1.255059E+02 9.711888E-10 0.000000E+00 9.711888E-10 1.588242E+05 1.504320E+05 1.000561E+05 1.739705E+03 0.000000E+00 0.000000E+00
4.397000E+00 9.210647E+04 -1.787850E+04 1.593315E+05 5.751328E+01 1.255892E+02 3.572804E-10 0.000000E+00 3.572804E-10 1.585827E+05 1.501950E+05 9.871633E+04 1.716409E+03 0.000000E+00 0.000000E+00
4.398000E+00 9.162570E+04 -1.856960E+04 1.590935E+05 5.751328E+01 1.256725E+02 1.314361E-10 0.000000E+00 1.314361E-10 1.583415E+05 1.499590E+05 9.737602E+04 1.693105E+03 0.000000E+00 0.000000E+00
4.399000E+00 9.115068E+04 -1.925106E+04 1.588558E+05 5.751328E+01 1.257558E+02 4.835265E-11 0.000000E+00 4.835265E-11 1.581008E+05 1.497237E+05 9.603599E+04 1.669806E+03 0.000000E+00 0.000000E+00
4.400000E+00 9.068128E+04 -1.992222E+04 1.586184E+05 5.751328E+01 1.258391E+02 1.778794E-11 0.000000E+00 1.778794E-11 1.578604E+05 1.494893E+05 9.469706E+04 1.646525E+03 0.000000E+00 0.000000E+00
4.401000E+00 9.021744E+04 -2.058233E+04 1.583814E+05 5.751328E+01 1.259224E+02 6.543819E-12 0.000000E+00 6.543819E-12 1.576203E+05 1.492556E+05 9.336011E+04 1.623279E+03 0.000000E+00 0.000000E+00
4.402000E+00 8.975909E+04 -2.123049E+04 1.581446E+05 5.751328E+01 1.260057E+02 2.407336E-12 0.000000E+00 2.407336E-12 1.573806E+05 1.490228E+05 9.202623E+04 1.600087E+03 0.000000E+00 0.000000E+00
4.403000E+00 8.930620E+04 -2.186633E+04 1.579081E+05 5.751328E+01 1.260890E+02 8.856096E-13 0.000000E+00 8.856096E-13 1.571413E+05 1.487908E+05 9.069595E+04 1.576957E+03 0.000000E+00 0.000000E+00
4.404000E+00 8.885877E+04 -2.248929E+04 1.576719E+05 5.751328E+01 1.261723E+02 3.257976E-13 0.000000E+00 3.257976E-13 1.569023E+05 1.485597E+05 8.937000E+04 1.553902E+03 0.000000E+00 0.000000E+00
4.405000E+00 8.841682E+04 -2.309887E+04 1.574361E+05 5.751328E+01 1.262556E+02 1.198542E-13 0.000000E+00 1.198542E-13 1.566637E+05 1.483295E+05 8.804912E+04 1.530935E+03 0.000000E+00 0.000000E+00
4.406000E+00 8.798036E+04 -2.369401E+04 1.572005E+05 5.751328E+01 1.263389E+02 4.409191E-14 0.000000E+00 4.409191E-14 1.564255E+05 1.481003E+05 8.673454E+04 1.508079E+03 0.000000E+00 0.000000E+00
4.407000E+00 8.754946E+04 -2.427422E+04 1.569652E+05 5.751328E+01 1.264222E+02 1.622051E-14 0.000000E+00 1.622051E-14 1.561876E+05 1.478723E+05 8.542697E+04 1.485343E+03 0.000000E+00 0.000000E+00
4.408000E+00 8.712418E+04 -2.483948E+04 1.567303E+05 5.751328E+01 1.265055E+02 5.967190E-15 0.000000E+00 5.967190E-15 1.559501E+05 1.476454E+05 8.412666E+04 1.462735E+03 0.000000E+00 0.000000E+00
4.409000E+00 8.670460E+04 -2.538935E+04 1.564956E+05 5.751328E+01 1.265888E+02 2.195207E-15 0.000000E+00 2.195207E-15 1.557130E+05 1.474197E+05 8.283427E+04 1.440263E+03 0.000000E+00 0.000000E+00
4.410000E+00 8.629080E+04 -2.592348E+04 1.562613E+05 5.751328E+01 1.266721E+02 8.075714E-16 0.000000E+00 8.075714E-16 1.554762E+05 1.471953E+05 8.155040E+04 1.417940E+03 0.000000E+00 0.000000E+00
4.411000E+00 8.588288E+04 -2.644027E+04 1.560272E+05 5.751328E+01 1.267554E+02 2.970889E-16 0.000000E+00 2.970889E-16 1.552397E+05 1.469723E+05 8.027689E+04 1.395797E+03 0.000000E+00 0.000000E+00
4.412000E+00 8.548095E+04 -2.694028E+04 1.557935E+05 5.751328E+01 1.268387E+02 1.092929E-16 0.000000E+00 1.092929E-16 1.550037E+05 1.467508E+05 7.901339E+04 1.373829E+03 0.000000E+00 0.000000E+00
4.413000E+00 8.508512E+04 -2.742347E+04 1.555600E+05 5.751328E+01 1.269220E+02 4.020661E-17 0.000000E+00 4.020661E-17 1.547680E+05 1.465308E+05 7.776026E+04 1.352040E+03 0.000000E+00 0.000000E+00
4.414000E+00 8.469550E+04 -2.788954E+04 1.553269E+05 5.751328E+01 1.270053E+02 1.479119E-17 0.000000E+00 1.479119E-17 1.545326E+05 1.463124E+05 7.651800E+04 1.330441E+03 0.000000E+00 0.000000E+00
4.415000E+00 8.431220E+04 -2.833805E+04 1.550941E+05 5.751328E+01 1.270886E+02 5.441373E-18 0.000000E+00 5.441373E-18 1.542977E+05 1.460957E+05 7.528735E+04 1.309043E+03 0.000000E+00 0.000000E+00
4.416000E+00 8.393535E+04 -2.876747E+04 1.548616E+05 5.751328E+01 1.271719E+02 2.001769E-18 0.000000E+00 2.001769E-18 1.540631E+05 1.458806E+05 7.407010E+04 1.287878E+03 0.000000E+00 0.000000E+00
4.417000E+00 8.356507E+04 -2.917908E+04 1.546294E+05 5.751328E+01 1.272552E+02 7.364098E-19 0.000000E+00 7.364098E-19 1.538288E+05 1.456674E+05 7.286522E+04 1.266929E+03 0.000000E+00 0.000000E+00
4.418000E+00 8.320148E+04 -2.957279E+04 1.543975E+05 5.751328E+01 1.273385E+02 2.709100E-19 0.000000E+00 2.709100E-19 1.535950E+05 1.454559E+05 7.167309E+04 1.246201E+03 0.000000E+00 0.000000E+00
4.419000E+00 8.284467E+04 -2.994847E+04 1.541659E+05 5.751328E+01 1.274218E+02 9.966223E-20 0.000000E+00 9.966223E-20 1.533615E+05 1.452463E+05 7.049410E+04 1.225701E+03 0.000000E+00 0.000000E+00
4.420000E+00 8.249477E+04 -3.030518E+04 1.539346E+05 5.751328E+01 1.275051E+02 3.666369E-20 0.000000E+00 3.666369E-20 1.531283E+05 1.450385E+05 6.932948E+04 1.205452E+03 0.000000E+00 0.000000E+00
4.421000E+00 8.215188E+04 -3.064253E+04 1.537036E+05 5.751328E+01 1.275884E+02 1.348782E-20 0.000000E+00 1.348782E-20 1.528956E+05 1.448327E+05 6.817989E+04 1.185463E+03 0.000000E+00 0.000000E+00
4.422000E+00 8.181610E+04 -3.096164E+04 1.534729E+05 5.751328E+01 1.276717E+02 4.961890E-21 0.000000E+00 4.961890E-21 1.526632E+05 1.446288E+05 6.704447E+04 1.165722E+03 0.000000E+00 0.000000E+00
4.423000E+00 8.148753E+04 -3.126256E+04 1.532426E+05 5.751328E+01 1.277550E+02 1.825377E-21 0.000000E+00 1.825377E-21 1.524312E+05 1.444268E+05 6.592349E+04 1.146231E+03 0.000000E+00 0.000000E+00
4.424000E+00 8.116624E+04 -3.154530E+04 1.530125E+05 5.751328E+01 1.278383E+02 6.715188E-22 0.000000E+00 6.715188E-22 1.521996E+05 1.442268E+05 6.481716E+04 1.126995E+03 0.000000E+00 0.000000E+00
4.425000E+00 8.085232E+04 -3.180835E+04 1.527828E+05 5.751328E+01 1.279216E+02 2.470380E-22 0.000000E+00 2.470380E-22 1.519684E+05 1.440287E+05 6.372732E+04 1.108045E+03 0.000000E+00 0.000000E+00
4.426000E+00 8.054584E+04 -3.205272E+04 1.525533E+05 5.751328E+01 1.280049E+02 9.088019E-23 0.000000E+00 9.088019E-23 1.517375E+05 1.438325E+05 6.265320E+04 1.089369E+03 0.000000E+00 0.000000E+00
4.427000E+00 8.024687E+04 -3.227915E+04 1.523242E+05 5.751328E+01 1.280882E+02 3.343295E-23 0.000000E+00 3.343295E-23 1.515071E+05 1.436383E+05 6.159433E+04 1.070958E+03 0.000000E+00 0.000000E+00
4.428000E+00 7.995544E+04 -3.248781E+04 1.520954E+05 5.751328E+01 1.281715E+02 1.229930E-23 0.000000E+00 1.229930E-23 1.512770E+05 1.434459E+05 6.055083E+04 1.052815E+03 0.000000E+00 0.000000E+00
4.429000E+00 7.967161E+04 -3.267884E+04 1.518669E+05 5.751328E+01 1.282548E+02 4.524658E-24 0.000000E+00 4.524658E-24 1.510473E+05 1.432555E+05 5.952280E+04 1.034940E+03 0.000000E+00 0.000000E+00
4.430000E+00 7.939540E+04 -3.285014E+04 1.516387E+05 5.751328E+01 1.283381E+02 1.664529E-24 0.000000E+00 1.664529E-24 1.508179E+05 1.430668E+05 5.851264E+04 1.017376E+03 0.000000E+00 0.000000E+00
4.431000E+00 7.912685E+04 -3.300421E+04 1.514108E+05 5.751328E+01 1.284214E+02 6.123459E-25 0.000000E+00 6.123459E-25 1.505890E+05 1.428800E+05 5.751809E+04 1.000084E+03 0.000000E+00 0.000000E+00
4.432000E+00 7.886597E+04 -3.314127E+04 1.511833E+05 5.751328E+01 1.285047E+02 2.252695E-25 0.000000E+00 2.252695E-25 1.503605E+05 1.426950E+05 5.653918E+04 9.830630E+02 0.000000E+00 0.000000E+00
4.433000E+00 7.861274E+04 -3.326161E+04 1.509560E+05 5.751328E+01 1.285880E+02 8.287201E-26 0.000000E+00 8.287201E-26 1.501323E+05 1.425117E+05 5.557590E+04 9.663143E+02 0.000000E+00 0.000000E+00
4.434000E+00 7.836718E+04 -3.336481E+04 1.507291E+05 5.751328E+01 1.286713E+02 3.048691E-26 0.000000E+00 3.048691E-26 1.499046E+05 1.423301E+05 5.462890E+04 9.498485E+02 0.000000E+00 0.000000E+00
4.435000E+00 7.812925E+04 -3.345015E+04 1.505025E+05 5.751328E+01 1.287546E+02 1.121551E-26 0.000000E+00 1.121551E-26 1.496772E+05 1.421501E+05 5.369913E+04 9.336823E+02 0.000000E+00 0.000000E+00
4.436000E+00 7.789895E+04 -3.351964E+04 1.502762E+05 5.751328E+01 1.288379E+02 4.125954E-27 0.000000E+00 4.125954E-27 1.494502E+05 1.419716E+05 5.278486E+04 9.177857E+02 0.000000E+00 0.000000E+00
4.437000E+00 7.767621E+04 -3.357356E+04 1.500502E+05 5.751328E+01 1.289212E+02 1.517854E-27 0.000000E+00 1.517854E-27 1.492237E+05 1.417947E+05 5.188601E+04 9.021571E+02 0.000000E+00 0.000000E+00
4.438000E+00 7.746101E+04 -3.361226E+04 1.498245E+05 5.751328E+01 1.290045E+02 5.583872E-28 0.000000E+00 5.583872E-28 1.489975E+05 1.416193E+05 5.100248E+04 8.867948E+02 0.000000E+00 0.000000E+00
4.439000E+00 7.725327E+04 -3.363480E+04 1.495992E+05 5.751328E+01 1.290878E+02 2.054192E-28 0.000000E+00 2.054192E-28 1.487717E+05 1.414452E+05 5.013543E+04 8.717192E+02 0.000000E+00 0.000000E+00
4.440000E+00 7.705294E+04 -3.364185E+04 1.493741E+05 5.751328E+01 1.291711E+02 7.556949E-29 0.000000E+00 7.556949E-29 1.485463E+05 1.412724E+05 4.928439E+04 8.569219E+02 0.000000E+00 0.000000E+00
4.441000E+00 7.685994E+04 -3.363479E+04 1.491494E+05 5.751328E+01 1.292544E+02 2.780046E-29 0.000000E+00 2.780046E-29 1.483213E+05 1.411010E+05 4.844822E+04 8.423832E+02 0.000000E+00 0.000000E+00
4.442000E+00 7.667418E+04 -3.361395E+04 1.489250E+05 5.751328E+01 1.293377E+02 1.022722E-29 0.000000E+00 1.022722E-29 1.480967E+05 1.409307E+05 4.762677E+04 8.281005E+02 0.000000E+00 0.000000E+00
4.443000E+00 7.649557E+04 -3.357974E+04 1.487010E+05 5.751328E+01 1.294210E+02 3.762383E-30 0.000000E+00 3.762383E-30 1.478725E+05 1.407615E+05 4.681987E+04 8.140706E+02 0.000000E+00 0.000000E+00
4.444000E+00 7.632401E+04 -3.353073E+04 1.484772E+05 5.751328E+01 1.295043E+02 1.384103E-30 0.000000E+00 1.384103E-30 1.476487E+05 1.405934E+05 4.602912E+04 8.003216E+02 0.000000E+00 0.000000E+00
4.445000E+00 7.615939E+04 -3.346884E+04 1.482538E+05 5.751328E+01 1.295876E+02 5.091832E-31 0.000000E+00 5.091832E-31 1.474253E+05 1.404262E+05 4.525277E+04 7.868230E+02 0.000000E+00 0.000000E+00
4.446000E+00 7.600160E+04 -3.339480E+04 1.480307E+05 5.751328E+01 1.296709E+02 1.873180E-31 0.000000E+00 1.873180E-31 1.472023E+05 1.402600E+05 4.449031E+04 7.735659E+02 0.000000E+00 0.000000E+00
4.447000E+00 7.585052E+04 -3.330897E+04 1.478079E+05 5.751328E+01 1.297542E+02 6.891045E-32 0.000000E+00 6.891045E-32 1.469797E+05 1.400946E+05 4.374152E+04 7.605464E+02 0.000000E+00 0.000000E+00
4.448000E+00 7.570601E+04 -3.321151E+04 1.475854E+05 5.751328E+01 1.298375E+02 2.535074E-32 0.000000E+00 2.535074E-32 1.467575E+05 1.399300E+05 4.300644E+04 7.477655E+02 0.000000E+00 0.000000E+00
4.449000E+00 7.556794E+04 -3.310143E+04 1.473632E+05 5.751328E+01 1.299208E+02 9.326016E-33 0.000000E+00 9.326016E-33 1.465357E+05 1.397661E+05 4.228622E+04 7.352427E+02 0.000000E+00 0.000000E+00
4.450000E+00 7.543618E+04 -3.298083E+04 1.471414E+05 5.751328E+01 1.300041E+02 3.430849E-33 0.000000E+00 3.430849E-33 1.463143E+05 1.396028E+05 4.157890E+04 7.229443E+02 0.000000E+00 0.000000E+00
4.451000E+00 7.531058E+04 -3.285012E+04 1.469199E+05 5.751328E+01 1.300874E+02 1.262139E-33 0.000000E+00 1.262139E-33 1.460932E+05 1.394400E+05 4.088424E+04 7.108660E+02 0.000000E+00 0.000000E+00
4.452000E+00 7.519098E+04 -3.270967E+04 1.466987E+05 5.751328E+01 1.301707E+02 4.643150E-34 0.000000E+00 4.643150E-34 1.458726E+05 1.392778E+05 4.020198E+04 6.990035E+02 0.000000E+00 0.000000E+00
4.453000E+00 7.507724E+04 -3.255914E+04 1.464779E+05 5.751328E+01 1.302540E+02 1.708119E-34 0.000000E+00 1.708119E-34 1.456524E+05 1.391160E+05 3.953264E+04 6.873655E+02 0.000000E+00 0.000000E+00
4.454000E+00 7.496920E+04 -3.239870E+04 1.462574E+05 5.751328E+01 1.303373E+02 6.283820E-35 0.000000E+00 6.283820E-35 1.454325E+05 1.389546E+05 3.887617E+04 6.759513E+02 0.000000E+00 0.000000E+00
4.455000E+00 7.486670E+04 -3.222974E+04 1.460371E+05 5.751328E+01 1.304206E+02 2.311688E-35 0.000000E+00 2.311688E-35 1.452131E+05 1.387935E+05 3.823129E+04 6.647385E+02 0.000000E+00 0.000000E+00
4.456000E+00 7.476958E+04 -3.205267E+04 1.458173E+05 5.751328E+01 1.305039E+02 8.504226E-36 0.000000E+00 8.504226E-36 1.449940E+05 1.386326E+05 3.759774E+04 6.537228E+02 0.000000E+00 0.000000E+00
4.457000E+00 7.467768E+04 -3.186781E+04 1.455977E+05 5.751328E+01 1.305872E+02 3.128530E-36 0.000000E+00 3.128530E-36 1.447754E+05 1.384719E+05 3.697527E+04 6.428998E+02 0.000000E+00 0.000000E+00
4.458000E+00 7.459084E+04 -3.167444E+04 1.453785E+05 5.751328E+01 1.306705E+02 1.150922E-36 0.000000E+00 1.150922E-36 1.445571E+05 1.383114E+05 3.636476E+04 6.322847E+02 0.000000E+00 0.000000E+00
4.459000E+00 7.450888E+04 -3.147362E+04 1.451596E+05 5.751328E+01 1.307538E+02 4.234005E-37 0.000000E+00 4.234005E-37 1.443392E+05 1.381509E+05 3.576523E+04 6.218605E+02 0.000000E+00 0.000000E+00
4.460000E+00 7.443164E+04 -3.126614E+04 1.449410E+05 5.751328E+01 1.308371E+02 1.557603E-37 0.000000E+00 1.557603E-37 1.441217E+05 1.379905E+05 3.517598E+04 6.116150E+02 0.000000E+00 0.000000E+00
4.461000E+00 7.435896E+04 -3.105235E+04 1.447228E+05 5.751328E+01 1.309204E+02 5.730102E-38 0.000000E+00 5.730102E-38 1.439046E+05 1.378301E+05 3.459677E+04 6.015441E+02 0.000000E+00 0.000000E+00
4.462000E+00 7.429067E+04 -3.083255E+04 1.445049E+05 5.751328E+01 1.310037E+02 2.107987E-38 0.000000E+00 2.107987E-38 1.436879E+05 1.376696E+05 3.402737E+04 5.916437E+02 0.000000E+00 0.000000E+00
4.463000E+00 7.422660E+04 -3.060569E+04 1.442873E+05 5.751328E+01 1.310870E+02 7.754850E-39 0.000000E+00 7.754850E-39 1.434715E+05 1.375091E+05 3.346893E+04 5.819340E+02 0.000000E+00 0.000000E+00
4.464000E+00 7.416660E+04 -3.037350E+04 1.440700E+05 5.751328E+01 1.311703E+02 2.852850E-39 0.000000E+00 2.852850E-39 1.432556E+05 1.373484E+05 3.291980E+04 5.723860E+02 0.000000E+00 0.000000E+00
4.465000E+00 7.411050E+04 -3.013626E+04 1.438531E+05 5.751328E+01 1.312536E+02 1.049505E-39 0.000000E+00 1.049505E-39 1.430400E+05 1.371875E+05 3.237974E+04 5.629960E+02 0.000000E+00 0.000000E+00
4.466000E+00 7.405814E+04 -2.989428E+04 1.436365E+05 5.751328E+01 1.313369E+02 3.860912E-40 0.000000E+00 3.860912E-40 1.428248E+05 1.370265E+05 3.184857E+04 5.537603E+02 0.000000E+00 0.000000E+00
4.467000E+00 7.400937E+04 -2.964743E+04 1.434202E+05 5.751328E+01 1.314202E+02 1.420350E-40 0.000000E+00 1.420350E-40 1.426100E+05 1.368652E+05 3.132643E+04 5.446817E+02 0.000000E+00 0.000000E+00
4.468000E+00 7.396402E+04 -2.939547E+04 1.432043E+05 5.751328E+01 1.315035E+02 5.225177E-41 0.000000E+00 5.225177E-41 1.423955E+05 1.367036E+05 3.081364E+04 5.357657E+02 0.000000E+00 0.000000E+00
4.469000E+00 7.392195E+04 -2.913957E+04 1.429886E+05 5.751328E+01 1.315868E+02 1.922235E-41 0.000000E+00 1.922235E-41 1.421814E+05 1.365418E+05 3.030911E+04 5.269932E+02 0.000000E+00 0.000000E+00
4.470000E+00 7.388302E+04 -2.887993E+04 1.427734E+05 5.751328E+01 1.316701E+02 7.071508E-42 0.000000E+00 7.071508E-42 1.419677E+05 1.363797E+05 2.981265E+04 5.183612E+02 0.000000E+00 0.000000E+00
4.471000E+00 7.384706E+04 -2.861680E+04 1.425584E+05 5.751328E+01 1.317534E+02 2.601462E-42 0.000000E+00 2.601462E-42 1.417544E+05 1.362173E+05 2.932411E+04 5.098667E+02 0.000000E+00 0.000000E+00
4.472000E+00 7.381395E+04 -2.834972E+04 1.423438E+05 5.751328E+01 1.318367E+02 9.570245E-43 0.000000E+00 9.570245E-43 1.415415E+05 1.360545E+05 2.884396E+04 5.015183E+02 0.000000E+00 0.000000E+00
4.473000E+00 7.378355E+04 -2.807907E+04 1.421295E+05 5.751328E+01 1.319200E+02 3.520696E-43 0.000000E+00 3.520696E-43 1.413289E+05 1.358914E+05 2.837188E+04 4.933101E+02 0.000000E+00 0.000000E+00
4.474000E+00 7.375573E+04 -2.780554E+04 1.419155E+05 5.751328E+01 1.320033E+02 1.295192E-43 0.000000E+00 1.295192E-43 1.411166E+05 1.357280E+05 2.790724E+04 4.852312E+02 0.000000E+00 0.000000E+00
4.475000E+00 7.373035E+04 -2.752927E+04 1.417019E+05 5.751328E+01 1.320866E+02 4.764744E-44 0.000000E+00 4.764744E-44 1.409048E+05 1.355642E+05 2.744989E+04 4.772792E+02 0.000000E+00 0.000000E+00
4.476000E+00 7.370730E+04 -2.725046E+04 1.414886E+05 5.751328E+01 1.321699E+02 1.752852E-44 0.000000E+00 1.752852E-44 1.406933E+05 1.354000E+05 2.699973E+04 4.694522E+02 0.000000E+00 0.000000E+00
4.477000E+00 7.368645E+04 -2.696833E+04 1.412756E+05 5.751328E+01 1.322532E+02 6.448380E-45 0.000000E+00 6.448380E-45 1.404822E+05 1.352355E+05 2.655754E+04 4.617636E+02 0.000000E+00 0.000000E+00
4.478000E+00 7.366769E+04 -2.668377E+04 1.410629E+05 5.751331E+01 1.323365E+02 2.372227E-45 -1.320452E-01 2.372227E-45 1.402714E+05 1.350706E+05 2.612245E+04 4.541984E+02 0.000000E+00 1.000000E+00
4.479000E+00 7.365092E+04 -2.639694E+04 1.408506E+05 5.751369E+01 1.324194E+02 8.726934E-46 -6.980780E-01 8.726934E-46 1.400610E+05 1.349054E+05 2.569438E+04 4.467524E+02 0.000000E+00 1.000000E+00
4.480000E+00 7.363603E+04 -2.610774E+04 1.406386E+05 5.751485E+01 1.325015E+02 3.210460E-46 -1.701138E+00 3.210460E-46 1.398509E+05 1.347398E+05 2.527341E+04 4.394241E+02 0.000000E+00 1.000000E+00
4.481000E+00 7.362295E+04 -2.581600E+04 1.404269E+05 5.751723E+01 1.325824E+02 1.181062E-46 -3.131531E+00 1.181062E-46 1.396412E+05 1.345738E+05 2.485979E+04 4.322146E+02 0.000000E+00 1.000000E+00
4.482000E+00 7.361159E+04 -2.552095E+04 1.402156E+05 5.752126E+01 1.326617E+02 4.344885E-47 -4.979336E+00 4.344885E-47 1.394319E+05 1.344076E+05 2.445430E+04 4.251350E+02 0.000000E+00 1.000000E+00
4.483000E+00 7.360188E+04 -2.522341E+04 1.400046E+05 5.752733E+01 1.327389E+02 1.598394E-47 -7.234564E+00 1.598394E-47 1.392229E+05 1.342411E+05 2.405616E+04 4.181693E+02 0.000000E+00 1.000000E+00
4.484000E+00 7.359377E+04 -2.492334E+04 1.397939E+05 5.753586E+01 1.328137E+02 5.880162E-48 -9.887188E+00 5.880162E-48 1.390143E+05 1.340744E+05 2.366546E+04 4.113167E+02 0.000000E+00 1.000000E+00
4.485000E+00 7.358719E+04 -2.462072E+04 1.395836E+05 5.754723E+01 1.328856E+02 2.163191E-48 -1.292708E+01 2.163191E-48 1.388060E+05 1.339074E+05 2.328225E+04 4.045763E+02 0.000000E+00 1.000000E+00
4.486000E+00 7.358211E+04 -2.431511E+04 1.393735E+05 5.756184E+01 1.329543E+02 7.957934E-49 -1.634402E+01 7.957934E-49 1.385981E+05 1.337402E+05 2.290701E+04 3.979548E+02 0.000000E+00 1.000000E+00
4.487000E+00 7.357848E+04 -2.400637E+04 1.391638E+05 5.758004E+01 1.330194E+02 2.927560E-49 -2.012758E+01 2.927560E-49 1.383905E+05 1.335729E+05 2.253992E+04 3.914536E+02 0.000000E+00 1.000000E+00
4.488000E+00 7.357625E+04 -2.369503E+04 1.389545E+05 5.760221E+01 1.330806E+02 1.076989E-49 -2.426738E+01 1.076989E-49 1.381832E+05 1.334054E+05 2.218048E+04 3.850630E+02 0.000000E+00 1.000000E+00
4.489000E+00 7.357541E+04 -2.338110E+04 1.387454E+05 5.762869E+01 1.331374E+02 3.962022E-50 -2.875299E+01 3.962022E-50 1.379764E+05 1.332378E+05 2.182875E+04 3.787826E+02 0.000000E+00 1.000000E+00
4.490000E+00 7.357592E+04 -2.306456E+04 1.385367E+05 5.765983E+01 1.331895E+02 1.457546E-50 -3.357392E+01 1.457546E-50 1.377698E+05 1.330702E+05 2.148475E+04 3.726122E+02 0.000000E+00 1.000000E+00
4.491000E+00 7.357775E+04 -2.274476E+04 1.383283E+05 5.769595E+01 1.332367E+02 5.362014E-51 -3.871960E+01 5.362014E-51 1.375636E+05 1.329026E+05 2.114921E+04 3.665631E+02 0.000000E+00 1.000000E+00
4.492000E+00 7.358089E+04 -2.242211E+04 1.381203E+05 5.773737E+01 1.332786E+02 1.972575E-51 -4.417932E+01 1.972575E-51 1.373578E+05 1.327349E+05 2.082173E+04 3.606283E+02 0.000000E+00 1.000000E+00
4.493000E+00 7.358532E+04 -2.209689E+04 1.379126E+05 5.778441E+01 1.333149E+02 7.256696E-52 -4.994247E+01 7.256696E-52 1.371522E+05 1.325673E+05 2.050209E+04 3.548031E+02 0.000000E+00 1.000000E+00
4.494000E+00 7.359101E+04 -2.176913E+04 1.377052E+05 5.783736E+01 1.333452E+02 2.669589E-52 -5.599840E+01 2.669589E-52 1.369471E+05 1.323997E+05 2.019029E+04 3.490874E+02 0.000000E+00 1.000000E+00
4.495000E+00 7.359796E+04 -2.143883E+04 1.374981E+05 5.789650E+01 1.333694E+02 9.820870E-53 -6.233644E+01 9.820870E-53 1.367422E+05 1.322321E+05 1.988636E+04 3.434812E+02 0.000000E+00 1.000000E+00
4.496000E+00 7.360615E+04 -2.110510E+04 1.372913E+05 5.796212E+01 1.333871E+02 3.612896E-53 -6.894581E+01 3.612896E-53 1.365378E+05 1.320647E+05 1.959126E+04 3.380011E+02 0.000000E+00 1.000000E+00
4.497000E+00 7.361557E+04 -2.076890E+04 1.370849E+05 5.803448E+01 1.333980E+02 1.329110E-53 -7.581572E+01 1.329110E-53 1.363336E+05 1.318974E+05 1.930404E+04 3.326306E+02 0.000000E+00 1.000000E+00
4.498000E+00 7.362621E+04 -2.043025E+04 1.368788E+05 5.811383E+01 1.334019E+02 4.889523E-54 -8.293548E+01 4.889523E-54 1.361298E+05 1.317302E+05 1.902473E+04 3.273700E+02 0.000000E+00 1.000000E+00
4.499000E+00 7.363805E+04 -2.008921E+04 1.366730E+05 5.820043E+01 1.333986E+02 1.798755E-54 -9.029436E+01 1.798755E-54 1.359263E+05 1.315632E+05 1.875330E+04 3.222193E+02 0.000000E+00 1.000000E+00
4.500000E+00 7.365109E+04 -1.974555E+04 1.364676E+05 5.829450E+01 1.333879E+02 6.617250E-55 -9.788167E+01 6.617250E-55 1.357232E+05 1.313964E+05 1.849004E+04 3.171834E+02 0.000000E+00 1.000000E+00
4.501000E+00 7.366532E+04 -1.939887E+04 1.362624E+05 5.839626E+01 1.333694E+02 2.434350E-55 -1.056866E+02 2.434350E-55 1.355204E+05 1.312297E+05 1.823535E+04 3.122692E+02 0.000000E+00 1.000000E+00
4.502000E+00 7.368074E+04 -1.904994E+04 1.360576E+05 5.850594E+01 1.333430E+02 8.955475E-56 -1.136984E+02 8.955475E-56 1.353179E+05 1.310633E+05 1.798854E+04 3.074652E+02 0.000000E+00 1.000000E+00
4.503000E+00 7.369732E+04 -1.869878E+04 1.358531E+05 5.862373E+01 1.333085E+02 3.294535E-56 -1.219065E+02 3.294535E-56 1.351158E+05 1.308970E+05 1.774959E+04 3.027714E+02 0.000000E+00 1.000000E+00
4.504000E+00 7.371506E+04 -1.834547E+04 1.356490E+05 5.874982E+01 1.332658E+02 1.211992E-56 -1.303002E+02 1.211992E-56 1.349140E+05 1.307310E+05 1.751847E+04 2.981877E+02 0.000000E+00 1.000000E+00
4.505000E+00 7.373395E+04 -1.798950E+04 1.354452E+05 5.888439E+01 1.332145E+02 4.458668E-57 -1.388690E+02 4.458668E-57 1.347126E+05 1.305652E+05 1.729573E+04 2.937235E+02 0.000000E+00 1.000000E+00
4.506000E+00 7.375398E+04 -1.763106E+04 1.352416E+05 5.902761E+01 1.331546E+02 1.640252E-57 -1.476021E+02 1.640252E-57 1.345115E+05 1.303996E+05 1.708119E+04 2.893763E+02 0.000000E+00 1.000000E+00
4.507000E+00 7.377514E+04 -1.727064E+04 1.350385E+05 5.917964E+01 1.330858E+02 6.034151E-58 -1.564891E+02 6.034151E-58 1.343107E+05 1.302342E+05 1.687442E+04 2.851389E+02 0.000000E+00 1.000000E+00
4.508000E+00 7.379741E+04 -1.690829E+04 1.348356E+05 5.934063E+01 1.330081E+02 2.219840E-58 -1.655196E+02 2.219840E-58 1.341102E+05 1.300691E+05 1.667537E+04 2.810110E+02 0.000000E+00 1.000000E+00
4.509000E+00 7.382078E+04 -1.654409E+04 1.346331E+05 5.951073E+01 1.329213E+02 8.166336E-59 -1.746831E+02 8.166336E-59 1.339101E+05 1.299043E+05 1.648401E+04 2.769922E+02 0.000000E+00 1.000000E+00
4.510000E+00 7.384524E+04 -1.617729E+04 1.344308E+05 5.969004E+01 1.328253E+02 3.004227E-59 -1.839693E+02 3.004227E-59 1.337103E+05 1.297396E+05 1.630112E+04 2.730961E+02 0.000000E+00 1.000000E+00
4.511000E+00 7.387078E+04 -1.580864E+04 1.342289E+05 5.987870E+01 1.327200E+02 1.105193E-59 -1.933678E+02 1.105193E-59 1.335109E+05 1.295753E+05 1.612597E+04 2.693106E+02 0.000000E+00 1.000000E+00
4.512000E+00 7.389737E+04 -1.543837E+04 1.340273E+05 6.007681E+01 1.326052E+02 4.065779E-60 -2.028685E+02 4.065779E-60 1.333117E+05 1.294111E+05 1.595836E+04 2.656326E+02 0.000000E+00 1.000000E+00
4.513000E+00 7.392500E+04 -1.506654E+04 1.338261E+05 6.028447E+01 1.324808E+02 1.495717E-60 -2.124614E+02 1.495717E-60 1.331129E+05 1.292472E+05 1.579825E+04 2.620617E+02 0.000000E+00 1.000000E+00
4.514000E+00 7.395364E+04 -1.469311E+04 1.336251E+05 6.050176E+01 1.323468E+02 5.502434E-61 -2.221364E+02 5.502434E-61 1.329145E+05 1.290836E+05 1.564571E+04 2.585993E+02 0.000000E+00 1.000000E+00
4.515000E+00 7.398329E+04 -1.431750E+04 1.334245E+05 6.072877E+01 1.322031E+02 2.024232E-61 -2.318835E+02 2.024232E-61 1.327164E+05 1.289201E+05 1.550135E+04 2.552555E+02 0.000000E+00 1.000000E+00
4.516000E+00 7.401391E+04 -1.394059E+04 1.332242E+05 6.096555E+01 1.320496E+02 7.446734E-62 -2.416929E+02 7.446734E-62 1.325186E+05 1.287569E+05 1.536429E+04 2.520160E+02 0.000000E+00 1.000000E+00
4.517000E+00 7.404550E+04 -1.356249E+04 1.330242E+05 6.121217E+01 1.318863E+02 2.739500E-62 -2.515549E+02 2.739500E-62 1.323211E+05 1.285940E+05 1.523446E+04 2.488796E+02 0.000000E+00 1.000000E+00
4.518000E+00 7.407801E+04 -1.318328E+04 1.328246E+05 6.146867E+01 1.317131E+02 1.007806E-62 -2.614600E+02 1.007806E-62 1.321239E+05 1.284312E+05 1.511179E+04 2.458453E+02 0.000000E+00 1.000000E+00
4.519000E+00 7.411142E+04 -1.280267E+04 1.326252E+05 6.173510E+01 1.315300E+02 3.707511E-63 -2.713986E+02 3.707511E-63 1.319271E+05 1.282686E+05 1.499658E+04 2.429182E+02 0.000000E+00 1.000000E+00
4.520000E+00 7.414572E+04 -1.242064E+04 1.324262E+05 6.201148E+01 1.313369E+02 1.363917E-63 -2.813614E+02 1.363917E-63 1.317306E+05 1.281062E+05 1.488887E+04 2.400987E+02 0.000000E+00 1.000000E+00
4.521000E+00 7.418086E+04 -1.203781E+04 1.322275E+05 6.229783E+01 1.311338E+02 5.017570E-64 -2.913391E+02 5.017570E-64 1.315345E+05 1.279440E+05 1.478806E+04 2.373769E+02 0.000000E+00 1.000000E+00
4.522000E+00 7.421683E+04 -1.165430E+04 1.320291E+05 6.259416E+01 1.309208E+02 1.845861E-64 -3.013227E+02 1.845861E-64 1.313386E+05 1.277820E+05 1.469405E+04 2.347512E+02 0.000000E+00 1.000000E+00
4.523000E+00 7.425358E+04 -1.127018E+04 1.318311E+05 6.290047E+01 1.306978E+02 6.790543E-65 -3.113033E+02 6.790543E-65 1.311431E+05 1.276201E+05 1.460675E+04 2.322200E+02 0.000000E+00 1.000000E+00
4.524000E+00 7.429109E+04 -1.088499E+04 1.316333E+05 6.321676E+01 1.304648E+02 2.498101E-65 -3.212720E+02 2.498101E-65 1.309479E+05 1.274584E+05 1.452666E+04 2.297912E+02 0.000000E+00 1.000000E+00
4.525000E+00 7.432932E+04 -1.049920E+04 1.314359E+05 6.354301E+01 1.302219E+02 9.190000E-66 -3.312202E+02 9.190000E-66 1.307531E+05 1.272969E+05 1.445330E+04 2.274570E+02 0.000000E+00 1.000000E+00
4.526000E+00 7.436824E+04 -1.011317E+04 1.312387E+05 6.387919E+01 1.299690E+02 3.380812E-66 -3.411394E+02 3.380812E-66 1.305585E+05 1.271354E+05 1.438631E+04 2.252113E+02 0.000000E+00 1.000000E+00
4.527000E+00 7.440780E+04 -9.727026E+03 1.310419E+05 6.422528E+01 1.297062E+02 1.243731E-66 -3.510213E+02 1.243731E-66 1.303643E+05 1.269741E+05 1.432559E+04 2.230522E+02 0.000000E+00 1.000000E+00
4.528000E+00 7.444797E+04 -9.340876E+03 1.308454E+05 6.458122E+01 1.294336E+02 4.575432E-67 -3.608578E+02 4.575432E-67 1.301704E+05 1.268129E+05 1.427101E+04 2.209777E+02 0.000000E+00 1.000000E+00
4.529000E+00 7.448872E+04 -8.954072E+03 1.306493E+05 6.494697E+01 1.291511E+02 1.683207E-67 -3.706409E+02 1.683207E-67 1.299769E+05 1.266517E+05 1.422323E+04 2.189976E+02 0.000000E+00 1.000000E+00
4.530000E+00 7.452999E+04 -8.567537E+03 1.304534E+05 6.532248E+01 1.288589E+02 6.192173E-68 -3.803628E+02 6.192173E-68 1.297836E+05 1.264907E+05 1.418132E+04 2.170971E+02 0.000000E+00 1.000000E+00
4.531000E+00 7.457175E+04 -8.181389E+03 1.302579E+05 6.570768E+01 1.285570E+02 2.277973E-68 -3.900159E+02 2.277973E-68 1.295907E+05 1.263297E+05 1.414516E+04 2.152741E+02 0.000000E+00 1.000000E+00
4.532000E+00 7.461395E+04 -7.795763E+03 1.300626E+05 6.610249E+01 1.282455E+02 8.380195E-69 -3.995929E+02 8.380195E-69 1.293981E+05 1.261687E+05 1.411461E+04 2.135262E+02 0.000000E+00 1.000000E+00
4.533000E+00 7.465654E+04 -7.410582E+03 1.298677E+05 6.650683E+01 1.279244E+02 3.082902E-69 -4.090865E+02 3.082902E-69 1.292058E+05 1.260078E+05 1.408973E+04 2.118539E+02 0.000000E+00 1.000000E+00
4.534000E+00 7.469948E+04 -7.025696E+03 1.296731E+05 6.692063E+01 1.275939E+02 1.134136E-69 -4.184897E+02 1.134136E-69 1.290138E+05 1.258469E+05 1.407067E+04 2.102590E+02 0.000000E+00 1.000000E+00
4.535000E+00 7.474272E+04 -6.641752E+03 1.294788E+05 6.734378E+01 1.272541E+02 4.172254E-70 -4.277957E+02 4.172254E-70 1.288221E+05 1.256860E+05 1.405676E+04 2.087314E+02 0.000000E+00 1.000000E+00
4.536000E+00 7.478622E+04 -6.258871E+03 1.292848E+05 6.777619E+01 1.269050E+02 1.534886E-70 -4.369979E+02 1.534886E-70 1.286308E+05 1.255251E+05 1.404787E+04 2.072685E+02 0.000000E+00 1.000000E+00
4.537000E+00 7.482991E+04 -5.877196E+03 1.290912E+05 6.821774E+01 1.265467E+02 5.646531E-71 -4.460900E+02 5.646531E-71 1.284397E+05 1.253641E+05 1.404384E+04 2.058678E+02 0.000000E+00 1.000000E+00
4.538000E+00 7.487375E+04 -5.496520E+03 1.288978E+05 6.866833E+01 1.261794E+02 2.077243E-71 -4.550658E+02 2.077243E-71 1.282490E+05 1.252031E+05 1.404485E+04 2.045317E+02 0.000000E+00 1.000000E+00
4.539000E+00 7.491769E+04 -5.117087E+03 1.287048E+05 6.912783E+01 1.258032E+02 7.641749E-72 -4.639194E+02 7.641749E-72 1.280586E+05 1.250420E+05 1.405064E+04 2.032560E+02 0.000000E+00 1.000000E+00
4.540000E+00 7.496167E+04 -4.739296E+03 1.285120E+05 6.959612E+01 1.254182E+02 2.811242E-72 -4.726449E+02 2.811242E-72 1.278685E+05 1.248809E+05 1.406080E+04 2.020342E+02 0.000000E+00 1.000000E+00
4.541000E+00 7.500564E+04 -4.363274E+03 1.283196E+05 7.007308E+01 1.250246E+02 1.034198E-72 -4.812370E+02 1.034198E-72 1.276787E+05 1.247197E+05 1.407515E+04 2.008639E+02 0.000000E+00 1.000000E+00
4.542000E+00 7.504954E+04 -3.989161E+03 1.281275E+05 7.055855E+01 1.246224E+02 3.804603E-73 -4.896904E+02 3.804603E-73 1.274893E+05 1.245584E+05 1.409355E+04 1.997426E+02 0.000000E+00 1.000000E+00
4.543000E+00 7.509331E+04 -3.616688E+03 1.279357E+05 7.105241E+01 1.242119E+02 1.399635E-73 -4.980001E+02 1.399635E-73 1.273001E+05 1.243969E+05 1.411622E+04 1.986733E+02 0.000000E+00 1.000000E+00
4.544000E+00 7.513690E+04 -3.246352E+03 1.277442E+05 7.155450E+01 1.237931E+02 5.148970E-74 -5.061611E+02 5.148970E-74 1.271113E+05 1.242353E+05 1.414263E+04 1.976483E+02 0.000000E+00 1.000000E+00
4.545000E+00 7.518026E+04 -2.878360E+03 1.275530E+05 7.206468E+01 1.233662E+02 1.894200E-74 -5.141691E+02 1.894200E-74 1.269227E+05 1.240736E+05 1.417255E+04 1.966643E+02 0.000000E+00 1.000000E+00
4.546000E+00 7.522331E+04 -2.512834E+03 1.273621E+05 7.258279E+01 1.229314E+02 6.968373E-75 -5.220195E+02 6.968373E-75 1.267345E+05 1.239117E+05 1.420581E+04 1.957187E+02 0.000000E+00 1.000000E+00
4.547000E+00 7.526601E+04 -2.149856E+03 1.271715E+05 7.310867E+01 1.224888E+02 2.563521E-75 -5.297084E+02 2.563521E-75 1.265465E+05 1.237496E+05 1.424230E+04 1.948100E+02 0.000000E+00 1.000000E+00
4.548000E+00 7.530830E+04 -1.789307E+03 1.269813E+05 7.364215E+01 1.220386E+02 9.430668E-76 -5.372319E+02 9.430668E-76 1.263589E+05 1.235873E+05 1.428209E+04 1.939391E+02 0.000000E+00 1.000000E+00
4.549000E+00 7.535012E+04 -1.431639E+03 1.267913E+05 7.418307E+01 1.215810E+02 3.469349E-76 -5.445862E+02 3.469349E-76 1.261716E+05 1.234248E+05 1.432469E+04 1.930992E+02 0.000000E+00 1.000000E+00
4.550000E+00 7.539140E+04 -1.076975E+03 1.266016E+05 7.473127E+01 1.211161E+02 1.276302E-76 -5.517681E+02 1.276302E-76 1.259846E+05 1.232621E+05 1.436993E+04 1.922881E+02 0.000000E+00 1.000000E+00
4.551000E+00 7.543209E+04 -7.254257E+02 1.264123E+05 7.528655E+01 1.206441E+02 4.695253E-77 -5.587742E+02 4.695253E-77 1.257978E+05 1.230992E+05 1.441766E+04 1.915038E+02 0.000000E+00 1.000000E+00
4.552000E+00 7.547214E+04 -3.769994E+02 1.262233E+05 7.584875E+01 1.201652E+02 1.727287E-77 -5.656016E+02 1.727287E-77 1.256114E+05 1.229360E+05 1.446781E+04 1.907455E+02 0.000000E+00 1.000000E+00
4.553000E+00 7.551148E+04 -3.179057E+01 1.260345E+05 7.641769E+01 1.196796E+02 6.354334E-78 -5.722477E+02 6.354334E-78 1.254253E+05 1.227726E+05 1.452024E+04 1.900115E+02 0.000000E+00 1.000000E+00
4.554000E+00 7.555005E+04 3.099435E+02 1.258461E+05 7.699319E+01 1.191874E+02 2.337629E-78 -5.787097E+02 2.337629E-78 1.252395E+05 1.226089E+05 1.457464E+04 1.892978E+02 0.000000E+00 1.000000E+00
4.555000E+00 7.558781E+04 6.481011E+02 1.256580E+05 7.757505E+01 1.186888E+02 8.599656E-79 -5.849856E+02 8.599656E-79 1.250539E+05 1.224449E+05 1.463086E+04 1.886027E+02 0.000000E+00 1.000000E+00
4.556000E+00 7.562469E+04 9.825913E+02 1.254701E+05 7.816310E+01 1.181841E+02 3.163637E-79 -5.910730E+02 3.163637E-79 1.248687E+05 1.222807E+05 1.468875E+04 1.879244E+02 0.000000E+00 1.000000E+00
4.557000E+00 7.566064E+04 1.313436E+03 1.252826E+05 7.875713E+01 1.176733E+02 1.163837E-79 -5.969703E+02 1.163837E-79 1.246838E+05 1.221162E+05 1.474828E+04 1.872628E+02 0.000000E+00 1.000000E+00
4.558000E+00 7.569560E+04 1.640463E+03 1.250954E+05 7.935697E+01 1.171568E+02 4.281516E-80 -6.026756E+02 4.281516E-80 1.244991E+05 1.219513E+05 1.480922E+04 1.866152E+02 0.000000E+00 1.000000E+00
4.559000E+00 7.572953E+04 1.963546E+03 1.249085E+05 7.996242E+01 1.166347E+02 1.575082E-80 -6.081874E+02 1.575082E-80 1.243148E+05 1.217862E+05 1.487137E+04 1.859795E+02 0.000000E+00 1.000000E+00
4.560000E+00 7.576236E+04 2.282613E+03 1.247218E+05 8.057328E+01 1.161071E+02 5.794402E-81 -6.135044E+02 5.794402E-81 1.241307E+05 1.216208E+05 1.493461E+04 1.853544E+02 0.000000E+00 1.000000E+00
4.561000E+00 7.579406E+04 2.597603E+03 1.245355E+05 8.118936E+01 1.155743E+02 2.131642E-81 -6.186256E+02 2.131642E-81 1.239469E+05 1.214551E+05 1.499882E+04 1.847387E+02 0.000000E+00 1.000000E+00
4.562000E+00 7.582458E+04 2.908546E+03 1.243495E+05 8.181047E+01 1.150365E+02 7.841871E-82 -6.235499E+02 7.841871E-82 1.237634E+05 1.212891E+05 1.506396E+04 1.841325E+02 0.000000E+00 1.000000E+00
4.563000E+00 7.585386E+04 3.215283E+03 1.241638E+05 8.243640E+01 1.144939E+02 2.884863E-82 -6.282765E+02 2.884863E-82 1.235802E+05 1.211228E+05 1.512982E+04 1.835332E+02 0.000000E+00 1.000000E+00
4.564000E+00 7.588187E+04 3.517774E+03 1.239784E+05 8.306696E+01 1.139466E+02 1.061282E-82 -6.328049E+02 1.061282E-82 1.233973E+05 1.209562E+05 1.519628E+04 1.829401E+02 0.000000E+00 1.000000E+00
4.565000E+00 7.590856E+04 3.815983E+03 1.237932E+05 8.370194E+01 1.133949E+02 3.904238E-83 -6.371345E+02 3.904238E-83 1.232147E+05 1.207893E+05 1.526325E+04 1.823524E+02 0.000000E+00 1.000000E+00
4.566000E+00 7.593390E+04 4.109898E+03 1.236084E+05 8.434116E+01 1.128390E+02 1.436289E-83 -6.412649E+02 1.436289E-83 1.230323E+05 1.206220E+05 1.533065E+04 1.817695E+02 0.000000E+00 1.000000E+00
4.567000E+00 7.595784E+04 4.399511E+03 1.234239E+05 8.498441E+01 1.122791E+02 5.283811E-84 -6.451961E+02 5.283811E-84 1.228503E+05 1.204545E+05 1.539840E+04 1.811909E+02 0.000000E+00 1.000000E+00
4.568000E+00 7.598036E+04 4.684772E+03 1.232396E+05 8.563148E+01 1.117153E+02 1.943805E-84 -6.489278E+02 1.943805E-84 1.226685E+05 1.202867E+05 1.546640E+04 1.806159E+02 0.000000E+00 1.000000E+00
4.569000E+00 7.600142E+04 4.965677E+03 1.230557E+05 8.628219E+01 1.111479E+02 7.150861E-85 -6.524601E+02 7.150861E-85 1.224870E+05 1.201186E+05 1.553458E+04 1.800439E+02 0.000000E+00 1.000000E+00
4.570000E+00 7.602098E+04 5.242229E+03 1.228721E+05 8.693634E+01 1.105770E+02 2.630655E-85 -6.557933E+02 2.630655E-85 1.223058E+05 1.199502E+05 1.560286E+04 1.794746E+02 0.000000E+00 1.000000E+00
4.571000E+00 7.603904E+04 5.514455E+03 1.226887E+05 8.759371E+01 1.100030E+02 9.677638E-86 -6.589274E+02 9.677638E-86 1.221248E+05 1.197816E+05 1.567122E+04 1.789081E+02 0.000000E+00 1.000000E+00
4.572000E+00 7.605556E+04 5.782369E+03 1.225056E+05 8.825413E+01 1.094258E+02 3.560204E-86 -6.618628E+02 3.560204E-86 1.219442E+05 1.196127E+05 1.573960E+04 1.783441E+02 0.000000E+00 1.000000E+00
4.573000E+00 7.607052E+04 6.045982E+03 1.223229E+05 8.891737E+01 1.088459E+02 1.309726E-86 -6.646000E+02 1.309726E-86 1.217638E+05 1.194436E+05 1.580795E+04 1.777825E+02 0.000000E+00 1.000000E+00
4.574000E+00 7.608390E+04 6.305328E+03 1.221404E+05 8.958326E+01 1.082633E+02 4.818212E-87 -6.671395E+02 4.818212E-87 1.215837E+05 1.192742E+05 1.587624E+04 1.772233E+02 0.000000E+00 1.000000E+00
4.575000E+00 7.609570E+04 6.560446E+03 1.219582E+05 9.025159E+01 1.076783E+02 1.772521E-87 -6.694817E+02 1.772521E-87 1.214038E+05 1.191047E+05 1.594445E+04 1.766667E+02 0.000000E+00 1.000000E+00
4.576000E+00 7.610590E+04 6.811417E+03 1.217763E+05 9.092216E+01 1.070910E+02 6.520741E-88 -6.716273E+02 6.520741E-88 1.212243E+05 1.189349E+05 1.601259E+04 1.761131E+02 0.000000E+00 1.000000E+00
4.577000E+00 7.611449E+04 7.058270E+03 1.215948E+05 9.159478E+01 1.065017E+02 2.398847E-88 -6.735769E+02 2.398847E-88 1.210450E+05 1.187649E+05 1.608063E+04 1.755627E+02 0.000000E+00 1.000000E+00
4.578000E+00 7.612147E+04 7.301061E+03 1.214134E+05 9.226925E+01 1.059105E+02 8.824863E-89 -6.753312E+02 8.824863E-89 1.208659E+05 1.185948E+05 1.614857E+04 1.750157E+02 0.000000E+00 1.000000E+00
4.579000E+00 7.612684E+04 7.539854E+03 1.212324E+05 9.294537E+01 1.053177E+02 3.246486E-89 -6.768909E+02 3.246486E-89 1.206872E+05 1.184245E+05 1.621641E+04 1.744724E+02 0.000000E+00 1.000000E+00
4.580000E+00 7.613059E+04 7.774727E+03 1.210517E+05 9.362296E+01 1.047234E+02 1.194315E-89 -6.782568E+02 1.194315E-89 1.205087E+05 1.182541E+05 1.628417E+04 1.739335E+02 0.000000E+00 1.000000E+00
4.581000E+00 7.613274E+04 8.005811E+03 1.208713E+05 9.430182E+01 1.041279E+02 4.393641E-90 -6.794296E+02 4.393641E-90 1.203305E+05 1.180835E+05 1.635193E+04 1.733999E+02 0.000000E+00 1.000000E+00
4.582000E+00 7.613329E+04 8.233135E+03 1.206911E+05 9.498176E+01 1.035312E+02 1.616330E-90 -6.804100E+02 1.616330E-90 1.201525E+05 1.179129E+05 1.641966E+04 1.728717E+02 0.000000E+00 1.000000E+00
4.583000E+00 7.613225E+04 8.456781E+03 1.205112E+05 9.566258E+01 1.029337E+02 5.946146E-91 -6.811989E+02 5.946146E-91 1.199748E+05 1.177422E+05 1.648738E+04 1.723493E+02 0.000000E+00 1.000000E+00
4.584000E+00 7.612963E+04 8.676837E+03 1.203316E+05 9.634409E+01 1.023355E+02 2.187465E-91 -6.817970E+02 2.187465E-91 1.197974E+05 1.175715E+05 1.655514E+04 1.718335E+02 0.000000E+00 1.000000E+00
4.585000E+00 7.612546E+04 8.893440E+03 1.201523E+05 9.702611E+01 1.017368E+02 8.047234E-92 -6.822051E+02 8.047234E-92 1.196203E+05 1.174007E+05 1.662302E+04 1.713252E+02 0.000000E+00 1.000000E+00
4.586000E+00 7.611974E+04 9.106711E+03 1.199733E+05 9.770844E+01 1.011377E+02 2.960412E-92 -6.824238E+02 2.960412E-92 1.194434E+05 1.172299E+05 1.669108E+04 1.708254E+02 0.000000E+00 1.000000E+00
4.587000E+00 7.611251E+04 9.316686E+03 1.197946E+05 9.839089E+01 1.005386E+02 1.089075E-92 -6.824540E+02 1.089075E-92 1.192668E+05 1.170591E+05 1.675932E+04 1.703341E+02 0.000000E+00 1.000000E+00
4.588000E+00 7.610378E+04 9.523458E+03 1.196162E+05 9.907329E+01 9.993949E+01 4.006482E-93 -6.822964E+02 4.006482E-93 1.190904E+05 1.168884E+05 1.682779E+04 1.698519E+02 0.000000E+00 1.000000E+00
4.589000E+00 7.609359E+04 9.727126E+03 1.194380E+05 9.975543E+01 9.934065E+01 1.473902E-93 -6.819515E+02 1.473902E-93 1.189143E+05 1.167177E+05 1.689653E+04 1.693795E+02 0.000000E+00 1.000000E+00
4.590000E+00 7.608195E+04 9.927901E+03 1.192601E+05 1.004371E+02 9.874225E+01 5.422183E-94 -6.814202E+02 5.422183E-94 1.187385E+05 1.165470E+05 1.696572E+04 1.689188E+02 0.000000E+00 1.000000E+00
4.591000E+00 7.606890E+04 1.012583E+04 1.190825E+05 1.011182E+02 9.814447E+01 1.994710E-94 -6.807030E+02 1.994710E-94 1.185629E+05 1.163765E+05 1.703535E+04 1.684696E+02 0.000000E+00 1.000000E+00
4.592000E+00 7.605448E+04 1.032095E+04 1.189052E+05 1.017985E+02 9.754750E+01 7.338127E-95 -6.798005E+02 7.338127E-95 1.183876E+05 1.162061E+05 1.710543E+04 1.680323E+02 0.000000E+00 1.000000E+00
4.593000E+00 7.603871E+04 1.051337E+04 1.187282E+05 1.024777E+02 9.695153E+01 2.699546E-95 -6.787134E+02 2.699546E-95 1.182126E+05 1.160359E+05 1.717602E+04 1.676074E+02 0.000000E+00 1.000000E+00
4.594000E+00 7.602162E+04 1.070317E+04 1.185514E+05 1.031558E+02 9.635674E+01 9.931075E-96 -6.774421E+02 9.931075E-96 1.180378E+05 1.158657E+05 1.724718E+04 1.671954E+02 0.000000E+00 1.000000E+00
4.595000E+00 7.600326E+04 1.089065E+04 1.183749E+05 1.038326E+02 9.576331E+01 3.653438E-96 -6.759873E+02 3.653438E-96 1.178632E+05 1.156958E+05 1.731916E+04 1.667989E+02 0.000000E+00 1.000000E+00
4.596000E+00 7.598367E+04 1.107571E+04 1.181987E+05 1.045077E+02 9.517142E+01 1.344025E-96 -6.743494E+02 1.344025E-96 1.176890E+05 1.155261E+05 1.739182E+04 1.664166E+02 0.000000E+00 1.000000E+00
4.597000E+00 7.596287E+04 1.125842E+04 1.180228E+05 1.051812E+02 9.458127E+01 4.944391E-97 -6.725290E+02 4.944391E-97 1.175150E+05 1.153566E+05 1.746521E+04 1.660487E+02 0.000000E+00 1.000000E+00
4.598000E+00 7.594090E+04 1.143886E+04 1.178471E+05 1.058527E+02 9.399303E+01 1.818940E-97 -6.705265E+02 1.818940E-97 1.173412E+05 1.151873E+05 1.753936E+04 1.656959E+02 0.000000E+00 1.000000E+00
4.599000E+00 7.591781E+04 1.161716E+04 1.176718E+05 1.065222E+02 9.340688E+01 6.691506E-98 -6.683423E+02 6.691506E-98 1.171677E+05 1.150182E+05 1.761440E+04 1.653590E+02 0.000000E+00 1.000000E+00
4.600000E+00 7.589363E+04 1.179352E+04 1.174967E+05 1.071894E+02 9.282300E+01 2.461667E-98 -6.659770E+02 2.461667E-98 1.169945E+05 1.148495E+05 1.769047E+04 1.650394E+02 0.000000E+00 1.000000E+00
4.601000E+00 7.586839E+04 1.196782E+04 1.173218E+05 1.078541E+02 9.224158E+01 9.055968E-99 -6.634310E+02 9.055968E-99 1.168215E+05 1.146810E+05 1.776742E+04 1.647357E+02 0.000000E+00 1.000000E+00
4.602000E+00 7.584214E+04 1.214011E+04 1.171473E+05 1.085162E+02 9.166280E+01 3.331505E-99 -6.607047E+02 3.331505E-99 1.166488E+05 1.145127E+05 1.784529E+04 1.644482E+02 0.000000E+00 1.000000E+00
4.603000E+00 7.581492E+04 1.231043E+04 1.169730E+05 1.091754E+02 9.108683E+01 1.225592E-99 -6.577987E+02 1.225592E-99 1.164763E+05 1.143448E+05 1.792409E+04 1.641770E+02 0.000000E+00 1.000000E+00
4.604000E+00 7.578674E+04 1.247899E+04 1.167990E+05 1.098317E+02 9.051386E+01 0.000000E+00 -6.547134E+02 0.000000E+00 1.163041E+05 1.141772E+05 1.800399E+04 1.639235E+02 0.000000E+00 1.000000E+00
4.605000E+00 7.575766E+04 1.264578E+04 1.166253E+05 1.104848E+02 8.994407E+01 0.000000E+00 -6.514492E+02 0.000000E+00 1.161322E+05 1.140099E+05 1.808497E+04 1.636874E+02 0.000000E+00 1.000000E+00
4.606000E+00 7.572769E+04 1.281071E+04 1.164518E+05 1.111345E+02 8.937762E+01 0.000000E+00 -6.480068E+02 0.000000E+00 1.159605E+05 1.138429E+05 1.816691E+04 1.634677E+02 0.000000E+00 1.000000E+00
4.607000E+00 7.569688E+04 1.297381E+04 1.162786E+05 1.117808E+02 8.881471E+01 0.000000E+00 -6.443867E+02 0.000000E+00 1.157890E+05 1.136762E+05 1.824979E+04 1.632642E+02 0.000000E+00 1.000000E+00
4.608000E+00 7.566526E+04 1.313508E+04 1.161057E+05 1.124233E+02 8.825551E+01 0.000000E+00 -6.405895E+02 0.000000E+00 1.156179E+05 1.135098E+05 1.833362E+04 1.630768E+02 0.000000E+00 1.000000E+00
4.609000E+00 7.563284E+04 1.329476E+04 1.159331E+05 1.130619E+02 8.770019E+01 0.000000E+00 -6.366158E+02 0.000000E+00 1.154469E+05 1.133438E+05 1.841859E+04 1.629072E+02 0.000000E+00 1.000000E+00
4.610000E+00 7.559965E+04 1.345265E+04 1.157607E+05 1.136964E+02 8.714894E+01 0.000000E+00 -6.324665E+02 0.000000E+00 1.152763E+05 1.131781E+05 1.850448E+04 1.627534E+02 0.000000E+00 1.000000E+00
4.611000E+00 7.556572E+04 1.360869E+04 1.155886E+05 1.143268E+02 8.660192E+01 0.000000E+00 -6.281421E+02 0.000000E+00 1.151059E+05 1.130127E+05 1.859121E+04 1.626147E+02 0.000000E+00 1.000000E+00
4.612000E+00 7.553107E+04 1.376287E+04 1.154167E+05 1.149527E+02 8.605931E+01 0.000000E+00 -6.236438E+02 0.000000E+00 1.149357E+05 1.128477E+05 1.867874E+04 1.624907E+02 0.000000E+00 1.000000E+00
4.613000E+00 7.549571E+04 1.391520E+04 1.152452E+05 1.155740E+02 8.552129E+01 0.000000E+00 -6.189723E+02 0.000000E+00 1.147658E+05 1.126829E+05 1.876705E+04 1.623813E+02 0.000000E+00 1.000000E+00
4.614000E+00 7.545966E+04 1.406580E+04 1.150738E+05 1.161906E+02 8.498802E+01 0.000000E+00 -6.141287E+02 0.000000E+00 1.145961E+05 1.125185E+05 1.885624E+04 1.622872E+02 0.000000E+00 1.000000E+00
4.615000E+00 7.542293E+04 1.421443E+04 1.149028E+05 1.168022E+02 8.445969E+01 0.000000E+00 -6.091141E+02 0.000000E+00 1.144267E+05 1.123543E+05 1.894603E+04 1.622061E+02 0.000000E+00 1.000000E+00
4.616000E+00 7.538553E+04 1.436103E+04 1.147320E+05 1.174087E+02 8.393645E+01 0.000000E+00 -6.039298E+02 0.000000E+00 1.142576E+05 1.121905E+05 1.903635E+04 1.621374E+02 0.000000E+00 1.000000E+00
4.617000E+00 7.534746E+04 1.450556E+04 1.145615E+05 1.180100E+02 8.341848E+01 0.000000E+00 -5.985772E+02 0.000000E+00 1.140887E+05 1.120269E+05 1.912710E+04 1.620803E+02 0.000000E+00 1.000000E+00
4.618000E+00 7.530874E+04 1.464802E+04 1.143913E+05 1.186058E+02 8.290595E+01 0.000000E+00 -5.930577E+02 0.000000E+00 1.139201E+05 1.118636E+05 1.921828E+04 1.620349E+02 0.000000E+00 1.000000E+00
4.619000E+00 7.526936E+04 1.478837E+04 1.142213E+05 1.191961E+02 8.239902E+01 0.000000E+00 -5.873730E+02 0.000000E+00 1.137517E+05 1.117006E+05 1.930980E+04 1.620003E+02 0.000000E+00 1.000000E+00
4.620000E+00 7.522931E+04 1.492642E+04 1.140516E+05 1.197805E+02 8.189786E+01 0.000000E+00 -5.815246E+02 0.000000E+00 1.135836E+05 1.115377E+05 1.940144E+04 1.619749E+02 0.000000E+00 1.000000E+00
4.621000E+00 7.518860E+04 1.506211E+04 1.138822E+05 1.203590E+02 8.140263E+01 0.000000E+00 -5.755147E+02 0.000000E+00 1.134157E+05 1.113752E+05 1.949310E+04 1.619579E+02 0.000000E+00 1.000000E+00
4.622000E+00 7.514721E+04 1.519534E+04 1.137130E+05 1.209315E+02 8.091349E+01 0.000000E+00 -5.693451E+02 0.000000E+00 1.132481E+05 1.112128E+05 1.958465E+04 1.619483E+02 0.000000E+00 1.000000E+00
4.623000E+00 7.510514E+04 1.532611E+04 1.135440E+05 1.214977E+02 8.043059E+01 0.000000E+00 -5.630180E+02 0.000000E+00 1.130807E+05 1.110506E+05 1.967605E+04 1.619459E+02 0.000000E+00 1.000000E+00
4.624000E+00 7.506236E+04 1.545426E+04 1.133754E+05 1.220575E+02 7.995410E+01 0.000000E+00 -5.565358E+02 0.000000E+00 1.129136E+05 1.108886E+05 1.976711E+04 1.619492E+02 0.000000E+00 1.000000E+00
4.625000E+00 7.501887E+04 1.557968E+04 1.132070E+05 1.226107E+02 7.948417E+01 0.000000E+00 -5.499009E+02 0.000000E+00 1.127467E+05 1.107267E+05 1.985767E+04 1.619570E+02 0.000000E+00 1.000000E+00
4.626000E+00 7.497464E+04 1.570227E+04 1.130388E+05 1.231572E+02 7.902095E+01 0.000000E+00 -5.431161E+02 0.000000E+00 1.125801E+05 1.105650E+05 1.994758E+04 1.619684E+02 0.000000E+00 1.000000E+00
4.627000E+00 7.492964E+04 1.582194E+04 1.128710E+05 1.236969E+02 7.856459E+01 0.000000E+00 -5.361840E+02 0.000000E+00 1.124137E+05 1.104033E+05 2.003672E+04 1.619824E+02 0.000000E+00 1.000000E+00
4.628000E+00 7.488387E+04 1.593861E+04 1.127033E+05 1.242295E+02 7.811523E+01 0.000000E+00 -5.291076E+02 0.000000E+00 1.122476E+05 1.102418E+05 2.012497E+04 1.619982E+02 0.000000E+00 1.000000E+00
4.629000E+00 7.483729E+04 1.605215E+04 1.125360E+05 1.247551E+02 7.767302E+01 0.000000E+00 -5.218901E+02 0.000000E+00 1.120817E+05 1.100804E+05 2.021213E+04 1.620145E+02 0.000000E+00 1.000000E+00
4.630000E+00 7.478987E+04 1.616246E+04 1.123689E+05 1.252733E+02 7.723810E+01 0.000000E+00 -5.145348E+02 0.000000E+00 1.119160E+05 1.099190E+05 2.029807E+04 1.620303E+02 0.000000E+00 1.000000E+00
4.631000E+00 7.474158E+04 1.626947E+04 1.122020E+05 1.257841E+02 7.681059E+01 0.000000E+00 -5.070450E+02 0.000000E+00 1.117507E+05 1.097577E+05 2.038266E+04 1.620448E+02 0.000000E+00 1.000000E+00
4.632000E+00 7.469240E+04 1.637306E+04 1.120354E+05 1.262873E+02 7.639065E+01 0.000000E+00 -4.994245E+02 0.000000E+00 1.115855E+05 1.095963E+05 2.046573E+04 1.620569E+02 0.000000E+00 1.000000E+00
4.633000E+00 7.464228E+04 1.647310E+04 1.118691E+05 1.267829E+02 7.597839E+01 0.000000E+00 -4.916769E+02 0.000000E+00 1.114206E+05 1.094350E+05 2.054711E+04 1.620653E+02 0.000000E+00 1.000000E+00
4.634000E+00 7.459120E+04 1.656956E+04 1.117030E+05 1.272706E+02 7.557394E+01 0.000000E+00 -4.838062E+02 0.000000E+00 1.112560E+05 1.092737E+05 2.062670E+04 1.620696E+02 0.000000E+00 1.000000E+00
4.635000E+00 7.453913E+04 1.666235E+04 1.115372E+05 1.277505E+02 7.517741E+01 0.000000E+00 -4.758163E+02 0.000000E+00 1.110916E+05 1.091123E+05 2.070436E+04 1.620688E+02 0.000000E+00 1.000000E+00
4.636000E+00 7.448602E+04 1.675141E+04 1.113717E+05 1.282222E+02 7.478894E+01 0.000000E+00 -4.677116E+02 0.000000E+00 1.109274E+05 1.089509E+05 2.077997E+04 1.620621E+02 0.000000E+00 1.000000E+00
4.637000E+00 7.443184E+04 1.683659E+04 1.112064E+05 1.286858E+02 7.440863E+01 0.000000E+00 -4.594964E+02 0.000000E+00 1.107635E+05 1.087894E+05 2.085333E+04 1.620484E+02 0.000000E+00 1.000000E+00
4.638000E+00 7.437656E+04 1.691784E+04 1.110413E+05 1.291412E+02 7.403658E+01 0.000000E+00 -4.511750E+02 0.000000E+00 1.105998E+05 1.086279E+05 2.092432E+04 1.620267E+02 0.000000E+00 1.000000E+00
4.639000E+00 7.432014E+04 1.699516E+04 1.108765E+05 1.295882E+02 7.367291E+01 0.000000E+00 -4.427521E+02 0.000000E+00 1.104364E+05 1.084662E+05 2.099290E+04 1.619970E+02 0.000000E+00 1.000000E+00
4.640000E+00 7.426255E+04 1.706852E+04 1.107120E+05 1.300267E+02 7.331771E+01 0.000000E+00 -4.342324E+02 0.000000E+00 1.102732E+05 1.083045E+05 2.105895E+04 1.619587E+02 0.000000E+00 1.000000E+00
4.641000E+00 7.420375E+04 1.713787E+04 1.105477E+05 1.304566E+02 7.297108E+01 0.000000E+00 -4.256206E+02 0.000000E+00 1.101102E+05 1.081426E+05 2.112238E+04 1.619112E+02 0.000000E+00 1.000000E+00
4.642000E+00 7.414371E+04 1.720302E+04 1.103837E+05 1.308779E+02 7.263310E+01 0.000000E+00 -4.169216E+02 0.000000E+00 1.099475E+05 1.079806E+05 2.118294E+04 1.618527E+02 0.000000E+00 1.000000E+00
4.643000E+00 7.408241E+04 1.726408E+04 1.102199E+05 1.312904E+02 7.230386E+01 0.000000E+00 -4.081404E+02 0.000000E+00 1.097850E+05 1.078185E+05 2.124067E+04 1.617838E+02 0.000000E+00 1.000000E+00
4.644000E+00 7.401981E+04 1.732108E+04 1.100563E+05 1.316941E+02 7.198345E+01 0.000000E+00 -3.992820E+02 0.000000E+00 1.096227E+05 1.076563E+05 2.129553E+04 1.617044E+02 0.000000E+00 1.000000E+00
4.645000E+00 7.395588E+04 1.737400E+04 1.098931E+05 1.320890E+02 7.167192E+01 0.000000E+00 -3.903516E+02 0.000000E+00 1.094607E+05 1.074940E+05 2.134746E+04 1.616142E+02 0.000000E+00 1.000000E+00
4.646000E+00 7.389061E+04 1.742284E+04 1.097300E+05 1.324748E+02 7.136936E+01 0.000000E+00 -3.813541E+02 0.000000E+00 1.092990E+05 1.073315E+05 2.139638E+04 1.615128E+02 0.000000E+00 1.000000E+00
4.647000E+00 7.382396E+04 1.746746E+04 1.095672E+05 1.328516E+02 7.107583E+01 0.000000E+00 -3.722949E+02 0.000000E+00 1.091374E+05 1.071689E+05 2.144209E+04 1.613987E+02 0.000000E+00 1.000000E+00
4.648000E+00 7.375591E+04 1.750806E+04 1.094047E+05 1.332194E+02 7.079139E+01 0.000000E+00 -3.631790E+02 0.000000E+00 1.089761E+05 1.070061E+05 2.148474E+04 1.612734E+02 0.000000E+00 1.000000E+00
4.649000E+00 7.368646E+04 1.754471E+04 1.092424E+05 1.335780E+02 7.051609E+01 0.000000E+00 -3.540118E+02 0.000000E+00 1.088150E+05 1.068432E+05 2.152433E+04 1.611368E+02 0.000000E+00 1.000000E+00
4.650000E+00 7.361558E+04 1.757745E+04 1.090804E+05 1.339274E+02 7.024999E+01 0.000000E+00 -3.447984E+02 0.000000E+00 1.086542E+05 1.066802E+05 2.156085E+04 1.609891E+02 0.000000E+00 1.000000E+00
4.651000E+00 7.354326E+04 1.760625E+04 1.089186E+05 1.342676E+02 6.999311E+01 0.000000E+00 -3.355439E+02 0.000000E+00 1.084935E+05 1.065171E+05 2.159419E+04 1.608296E+02 0.000000E+00 1.000000E+00
4.652000E+00 7.346951E+04 1.763116E+04 1.087571E+05 1.345985E+02 6.974551E+01 0.000000E+00 -3.262536E+02 0.000000E+00 1.083332E+05 1.063539E+05 2.162437E+04 1.606584E+02 0.000000E+00 1.000000E+00
4.653000E+00 7.339430E+04 1.765238E+04 1.085958E+05 1.349201E+02 6.950721E+01 0.000000E+00 -3.169325E+02 0.000000E+00 1.081730E+05 1.061906E+05 2.165153E+04 1.604767E+02 0.000000E+00 1.000000E+00
4.654000E+00 7.331764E+04 1.767002E+04 1.084347E+05 1.352323E+02 6.927825E+01 0.000000E+00 -3.075857E+02 0.000000E+00 1.080131E+05 1.060273E+05 2.167570E+04 1.602849E+02 0.000000E+00 1.000000E+00
4.655000E+00 7.323955E+04 1.768417E+04 1.082739E+05 1.355352E+02 6.905865E+01 0.000000E+00 -2.982182E+02 0.000000E+00 1.078534E+05 1.058638E+05 2.169694E+04 1.600834E+02 0.000000E+00 1.000000E+00
4.656000E+00 7.316001E+04 1.769482E+04 1.081133E+05 1.358288E+02 6.884842E+01 0.000000E+00 -2.888348E+02 0.000000E+00 1.076939E+05 1.057004E+05 2.171519E+04 1.598718E+02 0.000000E+00 1.000000E+00
4.657000E+00 7.307905E+04 1.770218E+04 1.079530E+05 1.361129E+02 6.864758E+01 0.000000E+00 -2.794404E+02 0.000000E+00 1.075346E+05 1.055369E+05 2.173061E+04 1.596514E+02 0.000000E+00 1.000000E+00
4.658000E+00 7.299668E+04 1.770644E+04 1.077929E+05 1.363876E+02 6.845614E+01 0.000000E+00 -2.700397E+02 0.000000E+00 1.073756E+05 1.053734E+05 2.174332E+04 1.594230E+02 0.000000E+00 1.000000E+00
4.659000E+00 7.291292E+04 1.770773E+04 1.076331E+05 1.366530E+02 6.827410E+01 0.000000E+00 -2.606373E+02 0.000000E+00 1.072168E+05 1.052100E+05 2.175344E+04 1.591874E+02 0.000000E+00 1.000000E+00
4.660000E+00 7.282779E+04 1.770619E+04 1.074735E+05 1.369089E+02 6.810147E+01 0.000000E+00 -2.512376E+02 0.000000E+00 1.070582E+05 1.050465E+05 2.176104E+04 1.589454E+02 0.000000E+00 1.000000E+00
4.661000E+00 7.274132E+04 1.770188E+04 1.073142E+05 1.371554E+02 6.793823E+01 0.000000E+00 -2.418449E+02 0.000000E+00 1.068999E+05 1.048832E+05 2.176616E+04 1.586970E+02 0.000000E+00 1.000000E+00
4.662000E+00 7.265354E+04 1.769508E+04 1.071551E+05 1.373926E+02 6.778437E+01 0.000000E+00 -2.324634E+02 0.000000E+00 1.067417E+05 1.047199E+05 2.176903E+04 1.584440E+02 0.000000E+00 1.000000E+00
4.663000E+00 7.256448E+04 1.768595E+04 1.069962E+05 1.376204E+02 6.763990E+01 0.000000E+00 -2.230972E+02 0.000000E+00 1.065838E+05 1.045568E+05 2.176978E+04 1.581872E+02 0.000000E+00 1.000000E+00
4.664000E+00 7.247419E+04 1.767466E+04 1.068376E+05 1.378388E+02 6.750477E+01 0.000000E+00 -2.137501E+02 0.000000E+00 1.064261E+05 1.043938E+05 2.176854E+04 1.579275E+02 0.000000E+00 1.000000E+00
4.665000E+00 7.238271E+04 1.766137E+04 1.066792E+05 1.380479E+02 6.737899E+01 0.000000E+00 -2.044258E+02 0.000000E+00 1.062686E+05 1.042310E+05 2.176546E+04 1.576660E+02 0.000000E+00 1.000000E+00
4.666000E+00 7.229008E+04 1.764628E+04 1.065210E+05 1.382477E+02 6.726251E+01 0.000000E+00 -1.951277E+02 0.000000E+00 1.061114E+05 1.040684E+05 2.176068E+04 1.574036E+02 0.000000E+00 1.000000E+00
4.667000E+00 7.219636E+04 1.762957E+04 1.063631E+05 1.384382E+02 6.715532E+01 0.000000E+00 -1.858592E+02 0.000000E+00 1.059544E+05 1.039061E+05 2.175440E+04 1.571417E+02 0.000000E+00 1.000000E+00
4.668000E+00 7.210159E+04 1.761143E+04 1.062055E+05 1.386194E+02 6.705738E+01 0.000000E+00 -1.766235E+02 0.000000E+00 1.057976E+05 1.037440E+05 2.174676E+04 1.568811E+02 0.000000E+00 1.000000E+00
4.669000E+00 7.200583E+04 1.759204E+04 1.060480E+05 1.387914E+02 6.696866E+01 0.000000E+00 -1.674234E+02 0.000000E+00 1.056410E+05 1.035822E+05 2.173793E+04 1.566230E+02 0.000000E+00 1.000000E+00
4.670000E+00 7.190915E+04 1.757162E+04 1.058908E+05 1.389542E+02 6.688912E+01 0.000000E+00 -1.582617E+02 0.000000E+00 1.054846E+05 1.034207E+05 2.172811E+04 1.563688E+02 0.000000E+00 1.000000E+00
4.671000E+00 7.181159E+04 1.755036E+04 1.057339E+05 1.391079E+02 6.681873E+01 0.000000E+00 -1.491410E+02 0.000000E+00 1.053285E+05 1.032596E+05 2.171750E+04 1.561197E+02 0.000000E+00 1.000000E+00
4.672000E+00 7.171322E+04 1.752842E+04 1.055771E+05 1.392525E+02 6.675743E+01 0.000000E+00 -1.400636E+02 0.000000E+00 1.051726E+05 1.030988E+05 2.170621E+04 1.558766E+02 0.000000E+00 1.000000E+00
4.673000E+00 7.161412E+04 1.750595E+04 1.054206E+05 1.393881E+02 6.670518E+01 0.000000E+00 -1.310316E+02 0.000000E+00 1.050169E+05 1.029385E+05 2.169442E+04 1.556404E+02 0.000000E+00 1.000000E+00
4.674000E+00 7.151434E+04 1.748312E+04 1.052644E+05 1.395146E+02 6.666195E+01 0.000000E+00 -1.220471E+02 0.000000E+00 1.048614E+05 1.027786E+05 2.168228E+04 1.554122E+02 0.000000E+00 1.000000E+00
4.675000E+00 7.141395E+04 1.746028E+04 1.051084E+05 1.396322E+02 6.662767E+01 0.000000E+00 -1.131118E+02 0.000000E+00 1.047061E+05 1.026191E+05 2.167014E+04 1.551944E+02 0.000000E+00 1.000000E+00
4.676000E+00 7.131302E+04 1.743746E+04 1.049526E+05 1.397409E+02 6.660231E+01 0.000000E+00 -1.042273E+02 0.000000E+00 1.045511E+05 1.024602E+05 2.165803E+04 1.549871E+02 0.000000E+00 1.000000E+00
4.677000E+00 7.121163E+04 1.741478E+04 1.047970E+05 1.398407E+02 6.658580E+01 0.000000E+00 -9.539491E+01 0.000000E+00 1.043962E+05 1.023017E+05 2.164609E+04 1.547911E+02 0.000000E+00 1.000000E+00
4.678000E+00 7.110983E+04 1.739240E+04 1.046417E+05 1.399317E+02 6.657810E+01 0.000000E+00 -8.661593E+01 0.000000E+00 1.042416E+05 1.021438E+05 2.163446E+04 1.546073E+02 0.000000E+00 1.000000E+00
4.679000E+00 7.100771E+04 1.737048E+04 1.044866E+05 1.400139E+02 6.657915E+01 0.000000E+00 -7.789138E+01 0.000000E+00 1.040872E+05 1.019865E+05 2.162332E+04 1.544369E+02 0.000000E+00 1.000000E+00
4.680000E+00 7.090533E+04 1.734938E+04 1.043317E+05 1.400875E+02 6.658890E+01 0.000000E+00 -6.922212E+01 0.000000E+00 1.039331E+05 1.018297E+05 2.161305E+04 1.542825E+02 0.000000E+00 1.000000E+00
4.681000E+00 7.080276E+04 1.732898E+04 1.041771E+05 1.401524E+02 6.660729E+01 0.000000E+00 -6.060886E+01 0.000000E+00 1.037791E+05 1.016735E+05 2.160352E+04 1.541431E+02 0.000000E+00 1.000000E+00
4.682000E+00 7.070006E+04 1.730938E+04 1.040227E+05 1.402087E+02 6.663426E+01 0.000000E+00 -5.205218E+01 0.000000E+00 1.036254E+05 1.015180E+05 2.159487E+04 1.540195E+02 0.000000E+00 1.000000E+00
4.683000E+00 7.059732E+04 1.729069E+04 1.038685E+05 1.402565E+02 6.666977E+01 0.000000E+00 -4.355250E+01 0.000000E+00 1.034719E+05 1.013630E+05 2.158721E+04 1.539123E+02 0.000000E+00 1.000000E+00
4.684000E+00 7.049458E+04 1.727314E+04 1.037146E+05 1.402958E+02 6.671374E+01 0.000000E+00 -3.511014E+01 0.000000E+00 1.033186E+05 1.012087E+05 2.158079E+04 1.538234E+02 0.000000E+00 1.000000E+00
4.685000E+00 7.039192E+04 1.725688E+04 1.035609E+05 1.403267E+02 6.676613E+01 0.000000E+00 -2.672524E+01 0.000000E+00 1.031656E+05 1.010550E+05 2.157577E+04 1.537538E+02 0.000000E+00 1.000000E+00
4.686000E+00 7.028939E+04 1.724177E+04 1.034074E+05 1.403493E+02 6.682687E+01 0.000000E+00 -1.839787E+01 0.000000E+00 1.030128E+05 1.009020E+05 2.157205E+04 1.537025E+02 0.000000E+00 1.000000E+00
4.687000E+00 7.018706E+04 1.722785E+04 1.032541E+05 1.403636E+02 6.689591E+01 0.000000E+00 -1.012802E+01 0.000000E+00 1.028601E+05 1.007496E+05 2.156967E+04 1.536700E+02 0.000000E+00 1.000000E+00
4.688000E+00 7.008498E+04 1.721518E+04 1.031011E+05 1.403696E+02 6.697319E+01 0.000000E+00 -1.915615E+00 0.000000E+00 1.027078E+05 1.005979E+05 2.156871E+04 1.536566E+02 0.000000E+00 1.000000E+00
4.689000E+00 6.998320E+04 1.720443E+04 1.029483E+05 1.403698E+02 6.705627E+01 0.000000E+00 7.532899E-03 0.000000E+00 1.025556E+05 1.004469E+05 2.156987E+04 1.536646E+02 0.000000E+00 0.000000E+00
4.690000E+00 6.988180E+04 1.719627E+04 1.027957E+05 1.403698E+02 6.713957E+01 0.000000E+00 2.771199E-03 0.000000E+00 1.024036E+05 1.002965E+05 2.157387E+04 1.536931E+02 0.000000E+00 0.000000E+00
4.691000E+00 6.978086E+04 1.719062E+04 1.026434E+05 1.403698E+02 6.722287E+01 0.000000E+00 1.019467E-03 0.000000E+00 1.022519E+05 1.001469E+05 2.158064E+04 1.537413E+02 0.000000E+00 0.000000E+00
4.692000E+00 6.968046E+04 1.718741E+04 1.024912E+05 1.403698E+02 6.730617E+01 0.000000E+00 3.750409E-04 0.000000E+00 1.021004E+05 9.999795E+04 2.159017E+04 1.538092E+02 0.000000E+00 0.000000E+00
4.693000E+00 6.958066E+04 1.718662E+04 1.023393E+05 1.403698E+02 6.738947E+01 0.000000E+00 1.379699E-04 0.000000E+00 1.019492E+05 9.984977E+04 2.160247E+04 1.538968E+02 0.000000E+00 0.000000E+00
4.694000E+00 6.948153E+04 1.718858E+04 1.021877E+05 1.403698E+02 6.747277E+01 0.000000E+00 5.075627E-05 0.000000E+00 1.017981E+05 9.970233E+04 2.161791E+04 1.540068E+02 0.000000E+00 0.000000E+00
4.695000E+00 6.938312E+04 1.719281E+04 1.020362E+05 1.403698E+02 6.755607E+01 0.000000E+00 1.867219E-05 0.000000E+00 1.016473E+05 9.955563E+04 2.163605E+04 1.541361E+02 0.000000E+00 0.000000E+00
4.696000E+00 6.928548E+04 1.719923E+04 1.018850E+05 1.403698E+02 6.763937E+01 0.000000E+00 6.869114E-06 0.000000E+00 1.014967E+05 9.940966E+04 2.165684E+04 1.542842E+02 0.000000E+00 0.000000E+00
4.697000E+00 6.918866E+04 1.720774E+04 1.017340E+05 1.403698E+02 6.772267E+01 0.000000E+00 2.527006E-06 0.000000E+00 1.013463E+05 9.926442E+04 2.168022E+04 1.544507E+02 0.000000E+00 0.000000E+00
4.698000E+00 6.909267E+04 1.721836E+04 1.015833E+05 1.403698E+02 6.780597E+01 0.000000E+00 9.296336E-07 0.000000E+00 1.011962E+05 9.911989E+04 2.170623E+04 1.546360E+02 0.000000E+00 0.000000E+00
4.699000E+00 6.899757E+04 1.723110E+04 1.014327E+05 1.403698E+02 6.788927E+01 0.000000E+00 3.419931E-07 0.000000E+00 1.010463E+05 9.897605E+04 2.173492E+04 1.548404E+02 0.000000E+00 0.000000E+00
4.700000E+00 6.890335E+04 1.724558E+04 1.012824E+05 1.403698E+02 6.797257E+01 0.000000E+00 1.258122E-07 0.000000E+00 1.008966E+05 9.883288E+04 2.176594E+04 1.550614E+02 0.000000E+00 0.000000E+00
4.701000E+00 6.881005E+04 1.726167E+04 1.011323E+05 1.403698E+02 6.805587E+01 0.000000E+00 4.628373E-08 0.000000E+00 1.007471E+05 9.869034E+04 2.179917E+04 1.552981E+02 0.000000E+00 0.000000E+00
4.702000E+00 6.871766E+04 1.727923E+04 1.009824E+05 1.403698E+02 6.813917E+01 0.000000E+00 1.702683E-08 0.000000E+00 1.005979E+05 9.854842E+04 2.183450E+04 1.555498E+02 0.000000E+00 0.000000E+00
4.703000E+00 6.862618E+04 1.729826E+04 1.008328E+05 1.403698E+02 6.822247E+01 0.000000E+00 6.263822E-09 0.000000E+00 1.004489E+05 9.840708E+04 2.187195E+04 1.558167E+02 0.000000E+00 0.000000E+00
4.704000E+00 6.853562E+04 1.731854E+04 1.006833E+05 1.403698E+02 6.830577E+01 0.000000E+00 2.304331E-09 0.000000E+00 1.003001E+05 9.826628E+04 2.191133E+04 1.560972E+02 0.000000E+00 0.000000E+00
4.705000E+00 6.844595E+04 1.733978E+04 1.005341E+05 1.403698E+02 6.838907E+01 0.000000E+00 8.477161E-10 0.000000E+00 1.001515E+05 9.812599E+04 2.195235E+04 1.563894E+02 0.000000E+00 0.000000E+00
4.706000E+00 6.835716E+04 1.736183E+04 1.003851E+05 1.403698E+02 6.847237E+01 0.000000E+00 3.118573E-10 0.000000E+00 1.000032E+05 9.798617E+04 2.199486E+04 1.566923E+02 0.000000E+00 0.000000E+00
4.707000E+00 6.826923E+04 1.738448E+04 1.002364E+05 1.403698E+02 6.855567E+01 0.000000E+00 1.147259E-10 0.000000E+00 9.985510E+04 9.784679E+04 2.203870E+04 1.570046E+02 0.000000E+00 0.000000E+00
4.708000E+00 6.818211E+04 1.740770E+04 1.000878E+05 1.403698E+02 6.863897E+01 0.000000E+00 4.220530E-11 0.000000E+00 9.970723E+04 9.770780E+04 2.208380E+04 1.573259E+02 0.000000E+00 0.000000E+00
4.709000E+00 6.809579E+04 1.743115E+04 9.993952E+04 1.403698E+02 6.872227E+01 0.000000E+00 1.552646E-11 0.000000E+00 9.955959E+04 9.756916E+04 2.212985E+04 1.576539E+02 0.000000E+00 0.000000E+00
4.710000E+00 6.801021E+04 1.745462E+04 9.979142E+04 1.403698E+02 6.880557E+01 0.000000E+00 5.711866E-12 0.000000E+00 9.941217E+04 9.743083E+04 2.217663E+04 1.579872E+02 0.000000E+00 0.000000E+00
4.711000E+00 6.792533E+04 1.747792E+04 9.964354E+04 1.403698E+02 6.888887E+01 0.000000E+00 2.101278E-12 0.000000E+00 9.926498E+04 9.729277E+04 2.222394E+04 1.583243E+02 0.000000E+00 0.000000E+00
4.712000E+00 6.784110E+04 1.750085E+04 9.949589E+04 1.403698E+02 6.897217E+01 0.000000E+00 7.730170E-13 0.000000E+00 9.911801E+04 9.715494E+04 2.227159E+04 1.586637E+02 0.000000E+00 0.000000E+00
4.713000E+00 6.775746E+04 1.752320E+04 9.934845E+04 1.403698E+02 6.905547E+01 0.000000E+00 2.843771E-13 0.000000E+00 9.897127E+04 9.701729E+04 2.231936E+04 1.590040E+02 0.000000E+00 0.000000E+00
4.714000E+00 6.767436E+04 1.754474E+04 9.920124E+04 1.403698E+02 6.913877E+01 0.000000E+00 1.046165E-13 0.000000E+00 9.882476E+04 9.687979E+04 2.236698E+04 1.593433E+02 0.000000E+00 0.000000E+00
4.715000E+00 6.759173E+04 1.756528E+04 9.905424E+04 1.403698E+02 6.922207E+01 0.000000E+00 3.848625E-14 0.000000E+00 9.867847E+04 9.674238E+04 2.241427E+04 1.596801E+02 0.000000E+00 0.000000E+00
4.716000E+00 6.750951E+04 1.758462E+04 9.890747E+04 1.403698E+02 6.930537E+01 0.000000E+00 1.415830E-14 0.000000E+00 9.853241E+04 9.660503E+04 2.246100E+04 1.600130E+02 0.000000E+00 0.000000E+00
4.717000E+00 6.742762E+04 1.760250E+04 9.876091E+04 1.403698E+02 6.938867E+01 0.000000E+00 5.208548E-15 0.000000E+00 9.838656E+04 9.646771E+04 2.250689E+04 1.603399E+02 0.000000E+00 0.000000E+00
4.718000E+00 6.734600E+04 1.761868E+04 9.861457E+04 1.403698E+02 6.947197E+01 0.000000E+00 1.916118E-15 0.000000E+00 9.824095E+04 9.633036E+04 2.255167E+04 1.606590E+02 0.000000E+00 0.000000E+00
4.719000E+00 6.726456E+04 1.763305E+04 9.846846E+04 1.403698E+02 6.955527E+01 0.000000E+00 7.049003E-16 0.000000E+00 9.809555E+04 9.619296E+04 2.259519E+04 1.609690E+02 0.000000E+00 0.000000E+00
4.720000E+00 6.718324E+04 1.764541E+04 9.832256E+04 1.403698E+02 6.963857E+01 0.000000E+00 2.593183E-16 0.000000E+00 9.795037E+04 9.605547E+04 2.263725E+04 1.612686E+02 0.000000E+00 0.000000E+00
4.721000E+00 6.710195E+04 1.765561E+04 9.817688E+04 1.403698E+02 6.972187E+01 0.000000E+00 9.539788E-17 0.000000E+00 9.780542E+04 9.591785E+04 2.267763E+04 1.615563E+02 0.000000E+00 0.000000E+00
4.722000E+00 6.702062E+04 1.766324E+04 9.803141E+04 1.403698E+02 6.980517E+01 0.000000E+00 3.509492E-17 0.000000E+00 9.766069E+04 9.578006E+04 2.271590E+04 1.618290E+02 0.000000E+00 0.000000E+00
4.723000E+00 6.693916E+04 1.766824E+04 9.788617E+04 1.403698E+02 6.988847E+01 0.000000E+00 1.291070E-17 0.000000E+00 9.751617E+04 9.564209E+04 2.275196E+04 1.620858E+02 0.000000E+00 0.000000E+00
4.724000E+00 6.685750E+04 1.767053E+04 9.774114E+04 1.403698E+02 6.997177E+01 0.000000E+00 4.749581E-18 0.000000E+00 9.737187E+04 9.550389E+04 2.278568E+04 1.623261E+02 0.000000E+00 0.000000E+00
4.725000E+00 6.677556E+04 1.766997E+04 9.759633E+04 1.403698E+02 7.005507E+01 0.000000E+00 1.747273E-18 0.000000E+00 9.722779E+04 9.536545E+04 2.281688E+04 1.625483E+02 0.000000E+00 0.000000E+00
4.726000E+00 6.669325E+04 1.766642E+04 9.745174E+04 1.403698E+02 7.013837E+01 0.000000E+00 6.427858E-19 0.000000E+00 9.708392E+04 9.522672E+04 2.284537E+04 1.627513E+02 0.000000E+00 0.000000E+00
4.727000E+00 6.661049E+04 1.765930E+04 9.730736E+04 1.403698E+02 7.022167E+01 0.000000E+00 2.364677E-19 0.000000E+00 9.694027E+04 9.508771E+04 2.287052E+04 1.629305E+02 0.000000E+00 0.000000E+00
4.728000E+00 6.652721E+04 1.764892E+04 9.716320E+04 1.403698E+02 7.030497E+01 0.000000E+00 8.699160E-20 0.000000E+00 9.679683E+04 9.494837E+04 2.289257E+04 1.630876E+02 0.000000E+00 0.000000E+00
4.729000E+00 6.644333E+04 1.763515E+04 9.701926E+04 1.403698E+02 7.038827E+01 0.000000E+00 3.200242E-20 0.000000E+00 9.665361E+04 9.480869E+04 2.291137E+04 1.632215E+02 0.000000E+00 0.000000E+00
4.730000E+00 6.635878E+04 1.761791E+04 9.687553E+04 1.403698E+02 7.047157E+01 0.000000E+00 1.177303E-20 0.000000E+00 9.651059E+04 9.466867E+04 2.292678E+04 1.633313E+02 0.000000E+00 0.000000E+00
4.731000E+00 6.627348E+04 1.759697E+04 9.673201E+04 1.403698E+02 7.055487E+01 0.000000E+00 4.331057E-21 0.000000E+00 9.636779E+04 9.452827E+04 2.293848E+04 1.634146E+02 0.000000E+00 0.000000E+00
4.732000E+00 6.618736E+04 1.757199E+04 9.658871E+04 1.403698E+02 7.063817E+01 0.000000E+00 1.593307E-21 0.000000E+00 9.622520E+04 9.438751E+04 2.294611E+04 1.634690E+02 0.000000E+00 0.000000E+00
4.733000E+00 6.610035E+04 1.754330E+04 9.644563E+04 1.403698E+02 7.072147E+01 0.000000E+00 5.861448E-22 0.000000E+00 9.608281E+04 9.424635E+04 2.294993E+04 1.634962E+02 0.000000E+00 0.000000E+00
4.734000E+00 6.601240E+04 1.751087E+04 9.630276E+04 1.403698E+02 7.080477E+01 0.000000E+00 2.156306E-22 0.000000E+00 9.594063E+04 9.410481E+04 2.294983E+04 1.634955E+02 0.000000E+00 0.000000E+00
4.735000E+00 6.592343E+04 1.747466E+04 9.616010E+04 1.403698E+02 7.088807E+01 0.000000E+00 7.932607E-23 0.000000E+00 9.579865E+04 9.396288E+04 2.294574E+04 1.634663E+02 0.000000E+00 0.000000E+00
4.736000E+00 6.583340E+04 1.743429E+04 9.601766E+04 1.403698E+02 7.097137E+01 0.000000E+00 2.918243E-23 0.000000E+00 9.565688E+04 9.382055E+04 2.293721E+04 1.634056E+02 0.000000E+00 0.000000E+00
4.737000E+00 6.574225E+04 1.738985E+04 9.587543E+04 1.403698E+02 7.105467E+01 0.000000E+00 1.073562E-23 0.000000E+00 9.551532E+04 9.367784E+04 2.292427E+04 1.633134E+02 0.000000E+00 0.000000E+00
4.738000E+00 6.564993E+04 1.734162E+04 9.573341E+04 1.403698E+02 7.113797E+01 0.000000E+00 3.949413E-24 0.000000E+00 9.537395E+04 9.353475E+04 2.290712E+04 1.631913E+02 0.000000E+00 0.000000E+00
4.739000E+00 6.555640E+04 1.728960E+04 9.559160E+04 1.403698E+02 7.122127E+01 0.000000E+00 1.452908E-24 0.000000E+00 9.523279E+04 9.339128E+04 2.288574E+04 1.630389E+02 0.000000E+00 0.000000E+00
4.740000E+00 6.546162E+04 1.723386E+04 9.545000E+04 1.403698E+02 7.130457E+01 0.000000E+00 5.344949E-25 0.000000E+00 9.509183E+04 9.324744E+04 2.286011E+04 1.628563E+02 0.000000E+00 0.000000E+00
4.741000E+00 6.536555E+04 1.717389E+04 9.530862E+04 1.403698E+02 7.138787E+01 0.000000E+00 1.966297E-25 0.000000E+00 9.495106E+04 9.310326E+04 2.282967E+04 1.626395E+02 0.000000E+00 0.000000E+00
4.742000E+00 6.526817E+04 1.711021E+04 9.516744E+04 1.403698E+02 7.147117E+01 0.000000E+00 7.233602E-26 0.000000E+00 9.481050E+04 9.295875E+04 2.279490E+04 1.623918E+02 0.000000E+00 0.000000E+00
4.743000E+00 6.516945E+04 1.704301E+04 9.502648E+04 1.403698E+02 7.155447E+01 0.000000E+00 2.661093E-26 0.000000E+00 9.467013E+04 9.281392E+04 2.275591E+04 1.621140E+02 0.000000E+00 0.000000E+00
4.744000E+00 6.506938E+04 1.697237E+04 9.488573E+04 1.403698E+02 7.163777E+01 0.000000E+00 9.789615E-27 0.000000E+00 9.452995E+04 9.266880E+04 2.271274E+04 1.618064E+02 0.000000E+00 0.000000E+00
4.745000E+00 6.496794E+04 1.689832E+04 9.474518E+04 1.403698E+02 7.172107E+01 0.000000E+00 3.601398E-27 0.000000E+00 9.438997E+04 9.252341E+04 2.266536E+04 1.614689E+02 0.000000E+00 0.000000E+00
4.746000E+00 6.486513E+04 1.682055E+04 9.460484E+04 1.403698E+02 7.180437E+01 0.000000E+00 1.324880E-27 0.000000E+00 9.425019E+04 9.237778E+04 2.261341E+04 1.610989E+02 0.000000E+00 0.000000E+00
4.747000E+00 6.476094E+04 1.673972E+04 9.446471E+04 1.403698E+02 7.188767E+01 0.000000E+00 4.873962E-28 0.000000E+00 9.411060E+04 9.223193E+04 2.255752E+04 1.607007E+02 0.000000E+00 0.000000E+00
4.748000E+00 6.465538E+04 1.665599E+04 9.432479E+04 1.403698E+02 7.197097E+01 0.000000E+00 1.793031E-28 0.000000E+00 9.397120E+04 9.208590E+04 2.249779E+04 1.602751E+02 0.000000E+00 0.000000E+00
4.749000E+00 6.454847E+04 1.656950E+04 9.418508E+04 1.403698E+02 7.205427E+01 0.000000E+00 6.596191E-29 0.000000E+00 9.383199E+04 9.193971E+04 2.243431E+04 1.598229E+02 0.000000E+00 0.000000E+00
4.750000E+00 6.444022E+04 1.648020E+04 9.404557E+04 1.403698E+02 7.213757E+01 0.000000E+00 2.426603E-29 0.000000E+00 9.369297E+04 9.179340E+04 2.236700E+04 1.593434E+02 0.000000E+00 0.000000E+00
4.751000E+00 6.433064E+04 1.638821E+04 9.390627E+04 1.403698E+02 7.222087E+01 0.000000E+00 8.926974E-30 0.000000E+00 9.355414E+04 9.164701E+04 2.229595E+04 1.588372E+02 0.000000E+00 0.000000E+00
4.752000E+00 6.421978E+04 1.629403E+04 9.376717E+04 1.403698E+02 7.230417E+01 0.000000E+00 3.284050E-30 0.000000E+00 9.341551E+04 9.150057E+04 2.222162E+04 1.583077E+02 0.000000E+00 0.000000E+00
4.753000E+00 6.410765E+04 1.619786E+04 9.362828E+04 1.403698E+02 7.238747E+01 0.000000E+00 1.208135E-30 0.000000E+00 9.327706E+04 9.135412E+04 2.214416E+04 1.577559E+02 0.000000E+00 0.000000E+00
4.754000E+00 6.399432E+04 1.609989E+04 9.348960E+04 1.403698E+02 7.247077E+01 0.000000E+00 4.444478E-31 0.000000E+00 9.313880E+04 9.120769E+04 2.206376E+04 1.571831E+02 0.000000E+00 0.000000E+00
4.755000E+00 6.387981E+04 1.600007E+04 9.335112E+04 1.403698E+02 7.255407E+01 0.000000E+00 1.635032E-31 0.000000E+00 9.300073E+04 9.106134E+04 2.198033E+04 1.565887E+02 0.000000E+00 0.000000E+00
4.756000E+00 6.376418E+04 1.589882E+04 9.321284E+04 1.403698E+02 7.263737E+01 0.000000E+00 6.014948E-32 0.000000E+00 9.286284E+04 9.091510E+04 2.189427E+04 1.559756E+02 0.000000E+00 0.000000E+00
4.757000E+00 6.364748E+04 1.579647E+04 9.307476E+04 1.403698E+02 7.272067E+01 0.000000E+00 2.212776E-32 0.000000E+00 9.272515E+04 9.076901E+04 2.180590E+04 1.553461E+02 0.000000E+00 0.000000E+00
4.758000E+00 6.352977E+04 1.569325E+04 9.293689E+04 1.403698E+02 7.280397E+01 0.000000E+00 8.140346E-33 0.000000E+00 9.258764E+04 9.062311E+04 2.171544E+04 1.547017E+02 0.000000E+00 0.000000E+00
4.759000E+00 6.341113E+04 1.558939E+04 9.279922E+04 1.403698E+02 7.288727E+01 0.000000E+00 2.994666E-33 0.000000E+00 9.245032E+04 9.047745E+04 2.162311E+04 1.540439E+02 0.000000E+00 0.000000E+00
4.760000E+00 6.329162E+04 1.548493E+04 9.266175E+04 1.403698E+02 7.297057E+01 0.000000E+00 1.101676E-33 0.000000E+00 9.231318E+04 9.033207E+04 2.152892E+04 1.533729E+02 0.000000E+00 0.000000E+00
4.761000E+00 6.317131E+04 1.538035E+04 9.252448E+04 1.403698E+02 7.305387E+01 0.000000E+00 4.052840E-34 0.000000E+00 9.217623E+04 9.018701E+04 2.143339E+04 1.526923E+02 0.000000E+00 0.000000E+00
4.762000E+00 6.305028E+04 1.527591E+04 9.238742E+04 1.403698E+02 7.313717E+01 0.000000E+00 1.490956E-34 0.000000E+00 9.203947E+04 9.004232E+04 2.133674E+04 1.520038E+02 0.000000E+00 0.000000E+00
4.763000E+00 6.292861E+04 1.517184E+04 9.225055E+04 1.403698E+02 7.322047E+01 0.000000E+00 5.484922E-35 0.000000E+00 9.190290E+04 8.989803E+04 2.123923E+04 1.513091E+02 0.000000E+00 0.000000E+00
4.764000E+00 6.280639E+04 1.506836E+04 9.211388E+04 1.403698E+02 7.330377E+01 0.000000E+00 2.017790E-35 0.000000E+00 9.176651E+04 8.975419E+04 2.114109E+04 1.506100E+02 0.000000E+00 0.000000E+00
4.765000E+00 6.268370E+04 1.496573E+04 9.197742E+04 1.403698E+02 7.338707E+01 0.000000E+00 7.423035E-36 0.000000E+00 9.163031E+04 8.961084E+04 2.104259E+04 1.499082E+02 0.000000E+00 0.000000E+00
4.766000E+00 6.256065E+04 1.486424E+04 9.184115E+04 1.403698E+02 7.347037E+01 0.000000E+00 2.730782E-36 0.000000E+00 9.149429E+04 8.946801E+04 2.094403E+04 1.492061E+02 0.000000E+00 0.000000E+00
4.767000E+00 6.243731E+04 1.476412E+04 9.170508E+04 1.403698E+02 7.355367E+01 0.000000E+00 1.004599E-36 0.000000E+00 9.135847E+04 8.932576E+04 2.084568E+04 1.485054E+02 0.000000E+00 0.000000E+00
4.768000E+00 6.231378E+04 1.466559E+04 9.156920E+04 1.403698E+02 7.363697E+01 0.000000E+00 3.695711E-37 0.000000E+00 9.122283E+04 8.918411E+04 2.074778E+04 1.478080E+02 0.000000E+00 0.000000E+00
4.769000E+00 6.219017E+04 1.456897E+04 9.143353E+04 1.403698E+02 7.372027E+01 0.000000E+00 1.359576E-37 0.000000E+00 9.108738E+04 8.904310E+04 2.065067E+04 1.471162E+02 0.000000E+00 0.000000E+00
4.770000E+00 6.206657E+04 1.447450E+04 9.129805E+04 1.403698E+02 7.380357E+01 0.000000E+00 5.001602E-38 0.000000E+00 9.095212E+04 8.890276E+04 2.055461E+04 1.464319E+02 0.000000E+00 0.000000E+00
4.771000E+00 6.194307E+04 1.438233E+04 9.116277E+04 1.403698E+02 7.388687E+01 0.000000E+00 1.839986E-38 0.000000E+00 9.081705E+04 8.876314E+04 2.045982E+04 1.457566E+02 0.000000E+00 0.000000E+00
4.772000E+00 6.181978E+04 1.429267E+04 9.102769E+04 1.403698E+02 7.397017E+01 0.000000E+00 6.768932E-39 0.000000E+00 9.068216E+04 8.862425E+04 2.036653E+04 1.450919E+02 0.000000E+00 0.000000E+00
4.773000E+00 6.169680E+04 1.420571E+04 9.089280E+04 1.403698E+02 7.405347E+01 0.000000E+00 2.490151E-39 0.000000E+00 9.054747E+04 8.848613E+04 2.027497E+04 1.444397E+02 0.000000E+00 0.000000E+00
4.774000E+00 6.157423E+04 1.412192E+04 9.075811E+04 1.403698E+02 7.413677E+01 0.000000E+00 9.160753E-40 0.000000E+00 9.041297E+04 8.834881E+04 2.018565E+04 1.438034E+02 0.000000E+00 0.000000E+00
4.775000E+00 6.145216E+04 1.404128E+04 9.062361E+04 1.403698E+02 7.422007E+01 0.000000E+00 3.370053E-40 0.000000E+00 9.027866E+04 8.821231E+04 2.009863E+04 1.431834E+02 0.000000E+00 0.000000E+00
4.776000E+00 6.133070E+04 1.396393E+04 9.048931E+04 1.403698E+02 7.430337E+01 0.000000E+00 1.239773E-40 0.000000E+00 9.014454E+04 8.807666E+04 2.001406E+04 1.425809E+02 0.000000E+00 0.000000E+00
4.777000E+00 6.120993E+04 1.389001E+04 9.035521E+04 1.403698E+02 7.438667E+01 0.000000E+00 4.560870E-41 0.000000E+00 9.001061E+04 8.794186E+04 1.993215E+04 1.419975E+02 0.000000E+00 0.000000E+00
4.778000E+00 6.108996E+04 1.381973E+04 9.022129E+04 1.403698E+02 7.446997E+01 0.000000E+00 1.677850E-41 0.000000E+00 8.987688E+04 8.780795E+04 1.985318E+04 1.414348E+02 0.000000E+00 0.000000E+00
4.779000E+00 6.097088E+04 1.375357E+04 9.008758E+04 1.403698E+02 7.455327E+01 0.000000E+00 6.172467E-42 0.000000E+00 8.974334E+04 8.767494E+04 1.977768E+04 1.408969E+02 0.000000E+00 0.000000E+00
4.780000E+00 6.085278E+04 1.369128E+04 8.995405E+04 1.403698E+02 7.463657E+01 0.000000E+00 2.270724E-42 0.000000E+00 8.961000E+04 8.754283E+04 1.970545E+04 1.403824E+02 0.000000E+00 0.000000E+00
4.781000E+00 6.073575E+04 1.363296E+04 8.982072E+04 1.403698E+02 7.471987E+01 0.000000E+00 8.353525E-43 0.000000E+00 8.947685E+04 8.741165E+04 1.963666E+04 1.398923E+02 0.000000E+00 0.000000E+00
4.782000E+00 6.061986E+04 1.357871E+04 8.968758E+04 1.403698E+02 7.480317E+01 0.000000E+00 3.073090E-43 0.000000E+00 8.934390E+04 8.728139E+04 1.957146E+04 1.394278E+02 0.000000E+00 0.000000E+00
4.783000E+00 6.050521E+04 1.352884E+04 8.955464E+04 1.403698E+02 7.488647E+01 0.000000E+00 1.130527E-43 0.000000E+00 8.921115E+04 8.715207E+04 1.951024E+04 1.389917E+02 0.000000E+00 0.000000E+00
4.784000E+00 6.039187E+04 1.348353E+04 8.942189E+04 1.403698E+02 7.496977E+01 0.000000E+00 4.158975E-44 0.000000E+00 8.907859E+04 8.702367E+04 1.945325E+04 1.385857E+02 0.000000E+00 0.000000E+00
4.785000E+00 6.027990E+04 1.344250E+04 8.928933E+04 1.403698E+02 7.505307E+01 0.000000E+00 1.530002E-44 0.000000E+00 8.894623E+04 8.689622E+04 1.940026E+04 1.382082E+02 0.000000E+00 0.000000E+00
4.786000E+00 6.016939E+04 1.340579E+04 8.915697E+04 1.403698E+02 7.513637E+01 0.000000E+00 5.628561E-45 0.000000E+00 8.881407E+04 8.676969E+04 1.935139E+04 1.378600E+02 0.000000E+00 0.000000E+00
4.787000E+00 6.006040E+04 1.337343E+04 8.902479E+04 1.403698E+02 7.521967E+01 0.000000E+00 2.070632E-45 0.000000E+00 8.868211E+04 8.664408E+04 1.930671E+04 1.375418E+02 0.000000E+00 0.000000E+00
4.788000E+00 5.995298E+04 1.334587E+04 8.889281E+04 1.403698E+02 7.530297E+01 0.000000E+00 7.617429E-46 0.000000E+00 8.855035E+04 8.651939E+04 1.926678E+04 1.372573E+02 0.000000E+00 0.000000E+00
4.789000E+00 5.984719E+04 1.332285E+04 8.876102E+04 1.403698E+02 7.538627E+01 0.000000E+00 2.802296E-46 0.000000E+00 8.841880E+04 8.639560E+04 1.923138E+04 1.370051E+02 0.000000E+00 0.000000E+00
4.790000E+00 5.974308E+04 1.330417E+04 8.862943E+04 1.403698E+02 7.546957E+01 0.000000E+00 1.030907E-46 0.000000E+00 8.828744E+04 8.627269E+04 1.920037E+04 1.367842E+02 0.000000E+00 0.000000E+00
4.791000E+00 5.964069E+04 1.328979E+04 8.849802E+04 1.403698E+02 7.555287E+01 0.000000E+00 3.792495E-47 0.000000E+00 8.815629E+04 8.615066E+04 1.917379E+04 1.365948E+02 0.000000E+00 0.000000E+00
4.792000E+00 5.954006E+04 1.327965E+04 8.836681E+04 1.403698E+02 7.563617E+01 0.000000E+00 1.395181E-47 0.000000E+00 8.802534E+04 8.602948E+04 1.915165E+04 1.364371E+02 0.000000E+00 0.000000E+00
4.793000E+00 5.944123E+04 1.327436E+04 8.823579E+04 1.403698E+02 7.571947E+01 0.000000E+00 5.132583E-48 0.000000E+00 8.789460E+04 8.590913E+04 1.913462E+04 1.363158E+02 0.000000E+00 0.000000E+00
4.794000E+00 5.934422E+04 1.327318E+04 8.810496E+04 1.403698E+02 7.580277E+01 0.000000E+00 1.888172E-48 0.000000E+00 8.776406E+04 8.578959E+04 1.912202E+04 1.362260E+02 0.000000E+00 0.000000E+00
4.795000E+00 5.924905E+04 1.327603E+04 8.797432E+04 1.403698E+02 7.588607E+01 0.000000E+00 6.946196E-49 0.000000E+00 8.763372E+04 8.567083E+04 1.911381E+04 1.361675E+02 0.000000E+00 0.000000E+00
4.796000E+00 5.915574E+04 1.328279E+04 8.784387E+04 1.403698E+02 7.596937E+01 0.000000E+00 2.555363E-49 0.000000E+00 8.750359E+04 8.555282E+04 1.910997E+04 1.361402E+02 0.000000E+00 0.000000E+00
4.797000E+00 5.906430E+04 1.329353E+04 8.771361E+04 1.403698E+02 7.605267E+01 0.000000E+00 9.400654E-50 0.000000E+00 8.737367E+04 8.543553E+04 1.911061E+04 1.361447E+02 0.000000E+00 0.000000E+00
4.798000E+00 5.897473E+04 1.330840E+04 8.758354E+04 1.403698E+02 7.613597E+01 0.000000E+00 3.458307E-50 0.000000E+00 8.724395E+04 8.531894E+04 1.911593E+04 1.361826E+02 0.000000E+00 0.000000E+00
4.799000E+00 5.888702E+04 1.332680E+04 8.745367E+04 1.403698E+02 7.621927E+01 0.000000E+00 1.272240E-50 0.000000E+00 8.711444E+04 8.520300E+04 1.912539E+04 1.362500E+02 0.000000E+00 0.000000E+00
4.800000E+00 5.880118E+04 1.334858E+04 8.732399E+04 1.403698E+02 7.630257E+01 0.000000E+00 4.680310E-51 0.000000E+00 8.698514E+04 8.508768E+04 1.913889E+04 1.363462E+02 0.000000E+00 0.000000E+00
4.801000E+00 5.871719E+04 1.337359E+04 8.719449E+04 1.403698E+02 7.638587E+01 0.000000E+00 1.721790E-51 0.000000E+00 8.685604E+04 8.497294E+04 1.915632E+04 1.364704E+02 0.000000E+00 0.000000E+00
4.802000E+00 5.863502E+04 1.340198E+04 8.706519E+04 1.403698E+02 7.646917E+01 0.000000E+00 6.334111E-52 0.000000E+00 8.672715E+04 8.485875E+04 1.917790E+04 1.366241E+02 0.000000E+00 0.000000E+00
4.803000E+00 5.855465E+04 1.343347E+04 8.693608E+04 1.403698E+02 7.655247E+01 0.000000E+00 2.330189E-52 0.000000E+00 8.659847E+04 8.474506E+04 1.920337E+04 1.368056E+02 0.000000E+00 0.000000E+00
4.804000E+00 5.847605E+04 1.346765E+04 8.680716E+04 1.403698E+02 7.663577E+01 0.000000E+00 8.572287E-53 0.000000E+00 8.646999E+04 8.463185E+04 1.923237E+04 1.370122E+02 0.000000E+00 0.000000E+00
4.805000E+00 5.839919E+04 1.350432E+04 8.667843E+04 1.403698E+02 7.671907E+01 0.000000E+00 3.153568E-53 0.000000E+00 8.634173E+04 8.451906E+04 1.926474E+04 1.372427E+02 0.000000E+00 0.000000E+00
4.806000E+00 5.832401E+04 1.354330E+04 8.654989E+04 1.403698E+02 7.680237E+01 0.000000E+00 1.160133E-53 0.000000E+00 8.621367E+04 8.440665E+04 1.930032E+04 1.374963E+02 0.000000E+00 0.000000E+00
4.807000E+00 5.825048E+04 1.358476E+04 8.642154E+04 1.403698E+02 7.688567E+01 0.000000E+00 4.267890E-54 0.000000E+00 8.608581E+04 8.429459E+04 1.933933E+04 1.377741E+02 0.000000E+00 0.000000E+00
4.808000E+00 5.817855E+04 1.362815E+04 8.629338E+04 1.403698E+02 7.696897E+01 0.000000E+00 1.570069E-54 0.000000E+00 8.595817E+04 8.418282E+04 1.938123E+04 1.380726E+02 0.000000E+00 0.000000E+00
4.809000E+00 5.810816E+04 1.367319E+04 8.616541E+04 1.403698E+02 7.705227E+01 0.000000E+00 5.775962E-55 0.000000E+00 8.583073E+04 8.407132E+04 1.942579E+04 1.383901E+02 0.000000E+00 0.000000E+00
4.810000E+00 5.803924E+04 1.371970E+04 8.603763E+04 1.403698E+02 7.713557E+01 0.000000E+00 2.124858E-55 0.000000E+00 8.570350E+04 8.396003E+04 1.947281E+04 1.387251E+02 0.000000E+00 0.000000E+00
4.811000E+00 5.797174E+04 1.376750E+04 8.591004E+04 1.403698E+02 7.721887E+01 0.000000E+00 7.816914E-56 0.000000E+00 8.557647E+04 8.384891E+04 1.952216E+04 1.390767E+02 0.000000E+00 0.000000E+00
4.812000E+00 5.790558E+04 1.381657E+04 8.578264E+04 1.403698E+02 7.730217E+01 0.000000E+00 2.875682E-56 0.000000E+00 8.544965E+04 8.373793E+04 1.957383E+04 1.394448E+02 0.000000E+00 0.000000E+00
4.813000E+00 5.784070E+04 1.386642E+04 8.565544E+04 1.403698E+02 7.738547E+01 0.000000E+00 1.057904E-56 0.000000E+00 8.532303E+04 8.362703E+04 1.962734E+04 1.398260E+02 0.000000E+00 0.000000E+00
4.814000E+00 5.777702E+04 1.391685E+04 8.552842E+04 1.403698E+02 7.746877E+01 0.000000E+00 3.891812E-57 0.000000E+00 8.519662E+04 8.351619E+04 1.968249E+04 1.402188E+02 0.000000E+00 0.000000E+00
4.815000E+00 5.771446E+04 1.396765E+04 8.540159E+04 1.403698E+02 7.755207E+01 0.000000E+00 1.431718E-57 0.000000E+00 8.507042E+04 8.340536E+04 1.973907E+04 1.406219E+02 0.000000E+00 0.000000E+00
4.816000E+00 5.765295E+04 1.401867E+04 8.527495E+04 1.403698E+02 7.763537E+01 0.000000E+00 5.266995E-58 0.000000E+00 8.494442E+04 8.329450E+04 1.979695E+04 1.410343E+02 0.000000E+00 0.000000E+00
4.817000E+00 5.759240E+04 1.406972E+04 8.514850E+04 1.403698E+02 7.771867E+01 0.000000E+00 1.937619E-58 0.000000E+00 8.481862E+04 8.318357E+04 1.985592E+04 1.414543E+02 0.000000E+00 0.000000E+00
4.818000E+00 5.753274E+04 1.412048E+04 8.502225E+04 1.403698E+02 7.780197E+01 0.000000E+00 7.128103E-59 0.000000E+00 8.469302E+04 8.307255E+04 1.991566E+04 1.418799E+02 0.000000E+00 0.000000E+00
4.819000E+00 5.747386E+04 1.417077E+04 8.489618E+04 1.403698E+02 7.788527E+01 0.000000E+00 2.622283E-59 0.000000E+00 8.456763E+04 8.296139E+04 1.997598E+04 1.423097E+02 0.000000E+00 0.000000E+00
4.820000E+00 5.741569E+04 1.422041E+04 8.477030E+04 1.403698E+02 7.796857E+01 0.000000E+00 9.646838E-60 0.000000E+00 8.444243E+04 8.285006E+04 2.003669E+04 1.427421E+02 0.000000E+00 0.000000E+00
4.821000E+00 5.735815E+04 1.426921E+04 8.464461E+04 1.403698E+02 7.805187E+01 0.000000E+00 3.548874E-60 0.000000E+00 8.431744E+04 8.273854E+04 2.009758E+04 1.431760E+02 0.000000E+00 0.000000E+00
4.822000E+00 5.730114E+04 1.431697E+04 8.451911E+04 1.403698E+02 7.813517E+01 0.000000E+00 1.305558E-60 0.000000E+00 8.419264E+04 8.262678E+04 2.015844E+04 1.436095E+02 0.000000E+00 0.000000E+00
4.823000E+00 5.724457E+04 1.436351E+04 8.439379E+04 1.403698E+02 7.821847E+01 0.000000E+00 4.802878E-61 0.000000E+00 8.406804E+04 8.251477E+04 2.021906E+04 1.440414E+02 0.000000E+00 0.000000E+00
4.824000E+00 5.718837E+04 1.440868E+04 8.426867E+04 1.403698E+02 7.830177E+01 0.000000E+00 1.766880E-61 0.000000E+00 8.394364E+04 8.240248E+04 2.027928E+04 1.444704E+02 0.000000E+00 0.000000E+00
4.825000E+00 5.713244E+04 1.445233E+04 8.414373E+04 1.403698E+02 7.838507E+01 0.000000E+00 6.499989E-62 0.000000E+00 8.381944E+04 8.228988E+04 2.033892E+04 1.448952E+02 0.000000E+00 0.000000E+00
4.826000E+00 5.707670E+04 1.449419E+04 8.401899E+04 1.403698E+02 7.846837E+01 0.000000E+00 2.391212E-62 0.000000E+00 8.369543E+04 8.217696E+04 2.039767E+04 1.453138E+02 0.000000E+00 0.000000E+00
4.827000E+00 5.702107E+04 1.453422E+04 8.389443E+04 1.403698E+02 7.855167E+01 0.000000E+00 8.796778E-63 0.000000E+00 8.357161E+04 8.206370E+04 2.045549E+04 1.457257E+02 0.000000E+00 0.000000E+00
4.828000E+00 5.696546E+04 1.457232E+04 8.377006E+04 1.403698E+02 7.863497E+01 0.000000E+00 3.236154E-63 0.000000E+00 8.344799E+04 8.195007E+04 2.051222E+04 1.461298E+02 0.000000E+00 0.000000E+00
4.829000E+00 5.690979E+04 1.460837E+04 8.364588E+04 1.403698E+02 7.871827E+01 0.000000E+00 1.190514E-63 0.000000E+00 8.332456E+04 8.183608E+04 2.056771E+04 1.465252E+02 0.000000E+00 0.000000E+00
4.830000E+00 5.685399E+04 1.464221E+04 8.352188E+04 1.403698E+02 7.880157E+01 0.000000E+00 4.379658E-64 0.000000E+00 8.320132E+04 8.172169E+04 2.062179E+04 1.469104E+02 0.000000E+00 0.000000E+00
4.831000E+00 5.679797E+04 1.467365E+04 8.339808E+04 1.403698E+02 7.888487E+01 0.000000E+00 1.611186E-64 0.000000E+00 8.307827E+04 8.160691E+04 2.067420E+04 1.472838E+02 0.000000E+00 0.000000E+00
4.832000E+00 5.674168E+04 1.470276E+04 8.327446E+04 1.403698E+02 7.896817E+01 0.000000E+00 5.927222E-65 0.000000E+00 8.295541E+04 8.149173E+04 2.072499E+04 1.476457E+02 0.000000E+00 0.000000E+00
4.833000E+00 5.668503E+04 1.472948E+04 8.315102E+04 1.403698E+02 7.905147E+01 0.000000E+00 2.180503E-65 0.000000E+00 8.283274E+04 8.137615E+04 2.077407E+04 1.479953E+02 0.000000E+00 0.000000E+00
4.834000E+00 5.662796E+04 1.475375E+04 8.302778E+04 1.403698E+02 7.913477E+01 0.000000E+00 8.021623E-66 0.000000E+00 8.271025E+04 8.126016E+04 2.082133E+04 1.483320E+02 0.000000E+00 0.000000E+00
4.835000E+00 5.657042E+04 1.477538E+04 8.290472E+04 1.403698E+02 7.921807E+01 0.000000E+00 2.950990E-66 0.000000E+00 8.258795E+04 8.114376E+04 2.086654E+04 1.486541E+02 0.000000E+00 0.000000E+00
4.836000E+00 5.651233E+04 1.479436E+04 8.278184E+04 1.403698E+02 7.930137E+01 0.000000E+00 1.085609E-66 0.000000E+00 8.246583E+04 8.102695E+04 2.090966E+04 1.489612E+02 0.000000E+00 0.000000E+00
4.837000E+00 5.645366E+04 1.481080E+04 8.265916E+04 1.403698E+02 7.938467E+01 0.000000E+00 3.993731E-67 0.000000E+00 8.234390E+04 8.090975E+04 2.095075E+04 1.492540E+02 0.000000E+00 0.000000E+00
4.838000E+00 5.639433E+04 1.482470E+04 8.253665E+04 1.403698E+02 7.946797E+01 0.000000E+00 1.469212E-67 0.000000E+00 8.222215E+04 8.079216E+04 2.098977E+04 1.495320E+02 0.000000E+00 0.000000E+00
4.839000E+00 5.633432E+04 1.483607E+04 8.241434E+04 1.403698E+02 7.955127E+01 0.000000E+00 5.404927E-68 0.000000E+00 8.210058E+04 8.067419E+04 2.102669E+04 1.497950E+02 0.000000E+00 0.000000E+00
4.840000E+00 5.627358E+04 1.484464E+04 8.229220E+04 1.403698E+02 7.963457E+01 0.000000E+00 1.988362E-68 0.000000E+00 8.197919E+04 8.055585E+04 2.106121E+04 1.500409E+02 0.000000E+00 0.000000E+00
4.841000E+00 5.621207E+04 1.485068E+04 8.217026E+04 1.403698E+02 7.971787E+01 0.000000E+00 7.314774E-69 0.000000E+00 8.185798E+04 8.043715E+04 2.109355E+04 1.502713E+02 0.000000E+00 0.000000E+00
4.842000E+00 5.614976E+04 1.485426E+04 8.204849E+04 1.403698E+02 7.980117E+01 0.000000E+00 2.690955E-69 0.000000E+00 8.173695E+04 8.031812E+04 2.112376E+04 1.504865E+02 0.000000E+00 0.000000E+00
4.843000E+00 5.608662E+04 1.485545E+04 8.192691E+04 1.403698E+02 7.988447E+01 0.000000E+00 9.899469E-70 0.000000E+00 8.161609E+04 8.019877E+04 2.115184E+04 1.506866E+02 0.000000E+00 0.000000E+00
4.844000E+00 5.602264E+04 1.485425E+04 8.180552E+04 1.403698E+02 7.996777E+01 0.000000E+00 3.641811E-70 0.000000E+00 8.149541E+04 8.007912E+04 2.117779E+04 1.508714E+02 0.000000E+00 0.000000E+00
4.845000E+00 5.595778E+04 1.485052E+04 8.168430E+04 1.403698E+02 8.005107E+01 0.000000E+00 1.339748E-70 0.000000E+00 8.137491E+04 7.995919E+04 2.120140E+04 1.510396E+02 0.000000E+00 0.000000E+00
4.846000E+00 5.589204E+04 1.484460E+04 8.156327E+04 1.403698E+02 8.013437E+01 0.000000E+00 4.928656E-71 0.000000E+00 8.125458E+04 7.983900E+04 2.122301E+04 1.511935E+02 0.000000E+00 0.000000E+00
4.847000E+00 5.582541E+04 1.483659E+04 8.144242E+04 1.403698E+02 8.021767E+01 0.000000E+00 1.813151E-71 0.000000E+00 8.113443E+04 7.971859E+04 2.124266E+04 1.513335E+02 0.000000E+00 0.000000E+00
4.848000E+00 5.575788E+04 1.482657E+04 8.132176E+04 1.403698E+02 8.030097E+01 0.000000E+00 6.670210E-72 0.000000E+00 8.101444E+04 7.959797E+04 2.126041E+04 1.514600E+02 0.000000E+00 0.000000E+00
4.849000E+00 5.568946E+04 1.481454E+04 8.120127E+04 1.403698E+02 8.038427E+01 0.000000E+00 2.453833E-72 0.000000E+00 8.089464E+04 7.947718E+04 2.127623E+04 1.515727E+02 0.000000E+00 0.000000E+00
4.850000E+00 5.562016E+04 1.480058E+04 8.108097E+04 1.403698E+02 8.046757E+01 0.000000E+00 9.027148E-73 0.000000E+00 8.077500E+04 7.935624E+04 2.129017E+04 1.516720E+02 0.000000E+00 0.000000E+00
4.851000E+00 5.554997E+04 1.478495E+04 8.096085E+04 1.403698E+02 8.055087E+01 0.000000E+00 3.320902E-73 0.000000E+00 8.065553E+04 7.923518E+04 2.130248E+04 1.517597E+02 0.000000E+00 0.000000E+00
4.852000E+00 5.547893E+04 1.476779E+04 8.084091E+04 1.403698E+02 8.063417E+01 0.000000E+00 1.221692E-73 0.000000E+00 8.053624E+04 7.911403E+04 2.131324E+04 1.518364E+02 0.000000E+00 0.000000E+00
4.853000E+00 5.540703E+04 1.474920E+04 8.072115E+04 1.403698E+02 8.071747E+01 0.000000E+00 4.494352E-74 0.000000E+00 8.041711E+04 7.899283E+04 2.132257E+04 1.519028E+02 0.000000E+00 0.000000E+00
4.854000E+00 5.533432E+04 1.472919E+04 8.060156E+04 1.403698E+02 8.080077E+01 0.000000E+00 1.653380E-74 0.000000E+00 8.029815E+04 7.887160E+04 2.133044E+04 1.519589E+02 0.000000E+00 0.000000E+00
4.855000E+00 5.526081E+04 1.470799E+04 8.048216E+04 1.403698E+02 8.088407E+01 0.000000E+00 6.082444E-75 0.000000E+00 8.017937E+04 7.875037E+04 2.133707E+04 1.520061E+02 0.000000E+00 0.000000E+00
4.856000E+00 5.518653E+04 1.468579E+04 8.036294E+04 1.403698E+02 8.096737E+01 0.000000E+00 2.237606E-75 0.000000E+00 8.006075E+04 7.862918E+04 2.134262E+04 1.520457E+02 0.000000E+00 0.000000E+00
4.857000E+00 5.511152E+04 1.466272E+04 8.024389E+04 1.403698E+02 8.105067E+01 0.000000E+00 8.231693E-76 0.000000E+00 7.994230E+04 7.850805E+04 2.134722E+04 1.520784E+02 0.000000E+00 0.000000E+00
4.858000E+00 5.503582E+04 1.463892E+04 8.012503E+04 1.403698E+02 8.113397E+01 0.000000E+00 3.028271E-76 0.000000E+00 7.982402E+04 7.838703E+04 2.135100E+04 1.521054E+02 0.000000E+00 0.000000E+00
4.859000E+00 5.495946E+04 1.461444E+04 8.000634E+04 1.403698E+02 8.121727E+01 0.000000E+00 1.114039E-76 0.000000E+00 7.970590E+04 7.826614E+04 2.135399E+04 1.521267E+02 0.000000E+00 0.000000E+00
4.860000E+00 5.488249E+04 1.458953E+04 7.988783E+04 1.403698E+02 8.130057E+01 0.000000E+00 4.098319E-77 0.000000E+00 7.958795E+04 7.814540E+04 2.135645E+04 1.521442E+02 0.000000E+00 0.000000E+00
4.861000E+00 5.480495E+04 1.456432E+04 7.976949E+04 1.403698E+02 8.138387E+01 0.000000E+00 1.507687E-77 0.000000E+00 7.947017E+04 7.802486E+04 2.135850E+04 1.521588E+02 0.000000E+00 0.000000E+00
4.862000E+00 5.472689E+04 1.453896E+04 7.965134E+04 1.403698E+02 8.146717E+01 0.000000E+00 5.546471E-78 0.000000E+00 7.935256E+04 7.790454E+04 2.136027E+04 1.521714E+02 0.000000E+00 0.000000E+00
4.863000E+00 5.464836E+04 1.451356E+04 7.953335E+04 1.403698E+02 8.155047E+01 0.000000E+00 2.040433E-78 0.000000E+00 7.923512E+04 7.778447E+04 2.136190E+04 1.521830E+02 0.000000E+00 0.000000E+00
4.864000E+00 5.456941E+04 1.448827E+04 7.941555E+04 1.403698E+02 8.163377E+01 0.000000E+00 7.506333E-79 0.000000E+00 7.911784E+04 7.766467E+04 2.136352E+04 1.521946E+02 0.000000E+00 0.000000E+00
4.865000E+00 5.449009E+04 1.446322E+04 7.929792E+04 1.403698E+02 8.171707E+01 0.000000E+00 2.761425E-79 0.000000E+00 7.900072E+04 7.754518E+04 2.136529E+04 1.522072E+02 0.000000E+00 0.000000E+00
4.866000E+00 5.441045E+04 1.443855E+04 7.918046E+04 1.403698E+02 8.180037E+01 0.000000E+00 1.015872E-79 0.000000E+00 7.888378E+04 7.742601E+04 2.136732E+04 1.522216E+02 0.000000E+00 0.000000E+00
4.867000E+00 5.433056E+04 1.441435E+04 7.906318E+04 1.403698E+02 8.188367E+01 0.000000E+00 3.737183E-80 0.000000E+00 7.876700E+04 7.730720E+04 2.136974E+04 1.522389E+02 0.000000E+00 0.000000E+00
4.868000E+00 5.425045E+04 1.439079E+04 7.894608E+04 1.403698E+02 8.196697E+01 0.000000E+00 1.374833E-80 0.000000E+00 7.865039E+04 7.718876E+04 2.137271E+04 1.522600E+02 0.000000E+00 0.000000E+00
4.869000E+00 5.417020E+04 1.436797E+04 7.882915E+04 1.403698E+02 8.205027E+01 0.000000E+00 5.057727E-81 0.000000E+00 7.853394E+04 7.707072E+04 2.137636E+04 1.522860E+02 0.000000E+00 0.000000E+00
4.870000E+00 5.408985E+04 1.434597E+04 7.871239E+04 1.403698E+02 8.213357E+01 0.000000E+00 1.860634E-81 0.000000E+00 7.841767E+04 7.695309E+04 2.138076E+04 1.523174E+02 0.000000E+00 0.000000E+00
4.871000E+00 5.400946E+04 1.432486E+04 7.859581E+04 1.403698E+02 8.221687E+01 0.000000E+00 6.844889E-82 0.000000E+00 7.830156E+04 7.683589E+04 2.138601E+04 1.523548E+02 0.000000E+00 0.000000E+00
4.872000E+00 5.392908E+04 1.430472E+04 7.847939E+04 1.403698E+02 8.230017E+01 0.000000E+00 2.518094E-82 0.000000E+00 7.818562E+04 7.671914E+04 2.139221E+04 1.523989E+02 0.000000E+00 0.000000E+00
4.873000E+00 5.384876E+04 1.428577E+04 7.836316E+04 1.403698E+02 8.238347E+01 0.000000E+00 9.263550E-83 0.000000E+00 7.806984E+04 7.660285E+04 2.139959E+04 1.524515E+02 0.000000E+00 0.000000E+00
4.874000E+00 5.376855E+04 1.426798E+04 7.824709E+04 1.403698E+02 8.246677E+01 0.000000E+00 3.407870E-83 0.000000E+00 7.795423E+04 7.648703E+04 2.140812E+04 1.525123E+02 0.000000E+00 0.000000E+00
4.875000E+00 5.368851E+04 1.425136E+04 7.813120E+04 1.403698E+02 8.255007E+01 0.000000E+00 1.253685E-83 0.000000E+00 7.783880E+04 7.637170E+04 2.141787E+04 1.525818E+02 0.000000E+00 0.000000E+00
4.876000E+00 5.360868E+04 1.423598E+04 7.801548E+04 1.403698E+02 8.263337E+01 0.000000E+00 4.612050E-84 0.000000E+00 7.772353E+04 7.625685E+04 2.142890E+04 1.526603E+02 0.000000E+00 0.000000E+00
4.877000E+00 5.352911E+04 1.422190E+04 7.789993E+04 1.403698E+02 8.271667E+01 0.000000E+00 1.696678E-84 0.000000E+00 7.760842E+04 7.614251E+04 2.144129E+04 1.527486E+02 0.000000E+00 0.000000E+00
4.878000E+00 5.344984E+04 1.420930E+04 7.778455E+04 1.403698E+02 8.279997E+01 0.000000E+00 6.241731E-85 0.000000E+00 7.749349E+04 7.602866E+04 2.145524E+04 1.528480E+02 0.000000E+00 0.000000E+00
4.879000E+00 5.337092E+04 1.419802E+04 7.766934E+04 1.403698E+02 8.288327E+01 0.000000E+00 2.296205E-85 0.000000E+00 7.737873E+04 7.591532E+04 2.147063E+04 1.529576E+02 0.000000E+00 0.000000E+00
4.880000E+00 5.329237E+04 1.418807E+04 7.755430E+04 1.403698E+02 8.296657E+01 0.000000E+00 8.447264E-86 0.000000E+00 7.726413E+04 7.580248E+04 2.148748E+04 1.530776E+02 0.000000E+00 0.000000E+00
4.881000E+00 5.321424E+04 1.417946E+04 7.743944E+04 1.403698E+02 8.304987E+01 0.000000E+00 3.107575E-86 0.000000E+00 7.714971E+04 7.569014E+04 2.150581E+04 1.532082E+02 0.000000E+00 0.000000E+00
4.882000E+00 5.313656E+04 1.417227E+04 7.732474E+04 1.403698E+02 8.313317E+01 0.000000E+00 1.143213E-86 0.000000E+00 7.703545E+04 7.557830E+04 2.152574E+04 1.533502E+02 0.000000E+00 0.000000E+00
4.883000E+00 5.305936E+04 1.416652E+04 7.721021E+04 1.403698E+02 8.321647E+01 0.000000E+00 4.205645E-87 0.000000E+00 7.692137E+04 7.546695E+04 2.154729E+04 1.535037E+02 0.000000E+00 0.000000E+00
4.884000E+00 5.298267E+04 1.416204E+04 7.709586E+04 1.403698E+02 8.329977E+01 0.000000E+00 1.547170E-87 0.000000E+00 7.680745E+04 7.535608E+04 2.157033E+04 1.536679E+02 0.000000E+00 0.000000E+00
4.885000E+00 5.290650E+04 1.415881E+04 7.698167E+04 1.403698E+02 8.338307E+01 0.000000E+00 5.691722E-88 0.000000E+00 7.669370E+04 7.524568E+04 2.159484E+04 1.538425E+02 0.000000E+00 0.000000E+00
4.886000E+00 5.283088E+04 1.415677E+04 7.686765E+04 1.403698E+02 8.346637E+01 0.000000E+00 2.093868E-88 0.000000E+00 7.658013E+04 7.513575E+04 2.162080E+04 1.540275E+02 0.000000E+00 0.000000E+00
4.887000E+00 5.275582E+04 1.415602E+04 7.675381E+04 1.403698E+02 8.354967E+01 0.000000E+00 7.702908E-89 0.000000E+00 7.646673E+04 7.502627E+04 2.164832E+04 1.542235E+02 0.000000E+00 0.000000E+00
4.888000E+00 5.268134E+04 1.415641E+04 7.664013E+04 1.403698E+02 8.363297E+01 0.000000E+00 2.833742E-89 0.000000E+00 7.635349E+04 7.491722E+04 2.167726E+04 1.544296E+02 0.000000E+00 0.000000E+00
4.889000E+00 5.260744E+04 1.415780E+04 7.652662E+04 1.403698E+02 8.371627E+01 0.000000E+00 1.042475E-89 0.000000E+00 7.624043E+04 7.480859E+04 2.170749E+04 1.546450E+02 0.000000E+00 0.000000E+00
4.890000E+00 5.253412E+04 1.416012E+04 7.641327E+04 1.403698E+02 8.379957E+01 0.000000E+00 3.835052E-90 0.000000E+00 7.612754E+04 7.470035E+04 2.173897E+04 1.548693E+02 0.000000E+00 0.000000E+00
4.891000E+00 5.246139E+04 1.416328E+04 7.630010E+04 1.403698E+02 8.388287E+01 0.000000E+00 1.410837E-90 0.000000E+00 7.601482E+04 7.459250E+04 2.177162E+04 1.551018E+02 0.000000E+00 0.000000E+00
4.892000E+00 5.238925E+04 1.416736E+04 7.618709E+04 1.403698E+02 8.396617E+01 0.000000E+00 5.190179E-91 0.000000E+00 7.590226E+04 7.448502E+04 2.180551E+04 1.553433E+02 0.000000E+00 0.000000E+00
4.893000E+00 5.231768E+04 1.417207E+04 7.607425E+04 1.403698E+02 8.404947E+01 0.000000E+00 1.909360E-91 0.000000E+00 7.578989E+04 7.437787E+04 2.184039E+04 1.555918E+02 0.000000E+00 0.000000E+00
4.894000E+00 5.224667E+04 1.417732E+04 7.596158E+04 1.403698E+02 8.413277E+01 0.000000E+00 7.024143E-92 0.000000E+00 7.567768E+04 7.427104E+04 2.187616E+04 1.558466E+02 0.000000E+00 0.000000E+00
4.895000E+00 5.217622E+04 1.418301E+04 7.584908E+04 1.403698E+02 8.421607E+01 0.000000E+00 2.584038E-92 0.000000E+00 7.556564E+04 7.416450E+04 2.191273E+04 1.561071E+02 0.000000E+00 0.000000E+00
4.896000E+00 5.210631E+04 1.418904E+04 7.573675E+04 1.403698E+02 8.429937E+01 0.000000E+00 9.506144E-93 0.000000E+00 7.545377E+04 7.405823E+04 2.195001E+04 1.563727E+02 0.000000E+00 0.000000E+00
4.897000E+00 5.203690E+04 1.419534E+04 7.562458E+04 1.403698E+02 8.438267E+01 0.000000E+00 3.497115E-93 0.000000E+00 7.534207E+04 7.395221E+04 2.198792E+04 1.566428E+02 0.000000E+00 0.000000E+00
4.898000E+00 5.196799E+04 1.420170E+04 7.551257E+04 1.403698E+02 8.446597E+01 0.000000E+00 1.286517E-93 0.000000E+00 7.523055E+04 7.384641E+04 2.202627E+04 1.569160E+02 0.000000E+00 0.000000E+00
4.899000E+00 5.189953E+04 1.420802E+04 7.540074E+04 1.403698E+02 8.454927E+01 0.000000E+00 4.732830E-94 0.000000E+00 7.511919E+04 7.374081E+04 2.206493E+04 1.571914E+02 0.000000E+00 0.000000E+00
4.900000E+00 5.183151E+04 1.421417E+04 7.528907E+04 1.403698E+02 8.463257E+01 0.000000E+00 1.741111E-94 0.000000E+00 7.500800E+04 7.363538E+04 2.210379E+04 1.574683E+02 0.000000E+00 0.000000E+00
4.901000E+00 5.176389E+04 1.422002E+04 7.517757E+04 1.403698E+02 8.471587E+01 0.000000E+00 6.405189E-95 0.000000E+00 7.489699E+04 7.353009E+04 2.214272E+04 1.577456E+02 0.000000E+00 0.000000E+00
4.902000E+00 5.169663E+04 1.422544E+04 7.506623E+04 1.403698E+02 8.479917E+01 0.000000E+00 2.356337E-95 0.000000E+00 7.478614E+04 7.342492E+04 2.218156E+04 1.580223E+02 0.000000E+00 0.000000E+00
4.903000E+00 5.162969E+04 1.423030E+04 7.495506E+04 1.403698E+02 8.488247E+01 0.000000E+00 8.668481E-96 0.000000E+00 7.467546E+04 7.331985E+04 2.222018E+04 1.582974E+02 0.000000E+00 0.000000E+00
4.904000E+00 5.156304E+04 1.423448E+04 7.484405E+04 1.403698E+02 8.496577E+01 0.000000E+00 3.188956E-96 0.000000E+00 7.456495E+04 7.321485E+04 2.225845E+04 1.585701E+02 0.000000E+00 0.000000E+00
4.905000E+00 5.149663E+04 1.423786E+04 7.473321E+04 1.403698E+02 8.504907E+01 0.000000E+00 1.173151E-96 0.000000E+00 7.445461E+04 7.310989E+04 2.229624E+04 1.588393E+02 0.000000E+00 0.000000E+00
4.906000E+00 5.143042E+04 1.424023E+04 7.462254E+04 1.403698E+02 8.513237E+01 0.000000E+00 4.315783E-97 0.000000E+00 7.434443E+04 7.300495E+04 2.233332E+04 1.591034E+02 0.000000E+00 0.000000E+00
4.907000E+00 5.136436E+04 1.424153E+04 7.451203E+04 1.403698E+02 8.521567E+01 0.000000E+00 1.587688E-97 0.000000E+00 7.423442E+04 7.290001E+04 2.236961E+04 1.593620E+02 0.000000E+00 0.000000E+00
4.908000E+00 5.129841E+04 1.424166E+04 7.440169E+04 1.403698E+02 8.529897E+01 0.000000E+00 5.840777E-98 0.000000E+00 7.412458E+04 7.279504E+04 2.240500E+04 1.596141E+02 0.000000E+00 0.000000E+00
4.909000E+00 5.123252E+04 1.424052E+04 7.429151E+04 1.403698E+02 8.538227E+01 0.000000E+00 2.148702E-98 0.000000E+00 7.401491E+04 7.269003E+04 2.243936E+04 1.598589E+02 0.000000E+00 0.000000E+00
4.910000E+00 5.116664E+04 1.423798E+04 7.418149E+04 1.403698E+02 8.546557E+01 0.000000E+00 7.904632E-99 0.000000E+00 7.390539E+04 7.258496E+04 2.247255E+04 1.600953E+02 0.000000E+00 0.000000E+00
4.911000E+00 5.110073E+04 1.423379E+04 7.407164E+04 1.403698E+02 8.554887E+01 0.000000E+00 2.907951E-99 0.000000E+00 7.379605E+04 7.247979E+04 2.250429E+04 1.603214E+02 0.000000E+00 0.000000E+00
4.912000E+00 5.103472E+04 1.422802E+04 7.396195E+04 1.403698E+02 8.563217E+01 0.000000E+00 1.069776E-99 0.000000E+00 7.368687E+04 7.237453E+04 2.253461E+04 1.605374E+02 0.000000E+00 0.000000E+00
4.913000E+00 5.096859E+04 1.422058E+04 7.385243E+04 1.403698E+02 8.571547E+01 0.000000E+00 0.000000E+00 0.000000E+00 7.357785E+04 7.226915E+04 2.256341E+04 1.607426E+02 0.000000E+00 0.000000E+00
4.914000E+00 5.090227E+04 1.421140E+04 7.374307E+04 1.403698E+02 8.579877E+01 0.000000E+00 0.000000E+00 0.000000E+00 7.346899E+04 7.216363E+04 2.259059E+04 1.609363E+02 0.000000E+00 0.000000E+00
4.915000E+00 5.083573E+04 1.420029E+04 7.363387E+04 1.403698E+02 8.588207E+01 0.000000E+00 0.000000E+00 0.000000E+00 7.336030E+04 7.205797E+04 2.261593E+04 1.611168E+02 0.000000E+00 0.000000E+00
4.916000E+00 5.076890E+04 1.418714E+04 7.352484E+04 1.403698E+02 8.596537E+01 0.000000E+00 0.000000E+00 0.000000E+00 7.325177E+04 7.195215E+04 2.263928E+04 1.612831E+02 0.000000E+00 0.000000E+00
4.917000E+00 5.070176E+04 1.417204E+04 7.341596E+04 1.403698E+02 8.604867E+01 0.000000E+00 0.000000E+00 0.000000E+00 7.314340E+04 7.184616E+04 2.266072E+04 1.614358E+02 0.000000E+00 0.000000E+00
4.918000E+00 5.063425E+04 1.415494E+04 7.330726E+04 1.403698E+02 8.613197E+01 0.000000E+00 0.000000E+00 0.000000E+00 7.303519E+04 7.173999E+04 2.268015E+04 1.615743E+02 0.000000E+00 0.000000E+00
4.919000E+00 5.056634E+04 1.413582E+04 7.319871E+04 1.403698E+02 8.621527E+01 0.000000E+00 0.000000E+00 0.000000E+00 7.292714E+04 7.163364E+04 2.269753E+04 1.616981E+02 0.000000E+00 0.000000E+00
4.920000E+00 5.049798E+04 1.411441E+04 7.309032E+04 1.403698E+02 8.629857E+01 0.000000E+00 0.000000E+00 0.000000E+00 7.281924E+04 7.152710E+04 2.271254E+04 1.618050E+02 0.000000E+00 0.000000E+00
4.921000E+00 5.042913E+04 1.409083E+04 7.298210E+04 1.403698E+02 8.638187E+01 0.000000E+00 0.000000E+00 0.000000E+00 7.271151E+04 7.142037E+04 2.272528E+04 1.618958E+02 0.000000E+00 0.000000E+00
4.922000E+00 5.035977E+04 1.406514E+04 7.287404E+04 1.403698E+02 8.646517E+01 0.000000E+00 0.000000E+00 0.000000E+00 7.260393E+04 7.131344E+04 2.273578E+04 1.619706E+02 0.000000E+00 0.000000E+00
4.923000E+00 5.028985E+04 1.403737E+04 7.276614E+04 1.403698E+02 8.654847E+01 0.000000E+00 0.000000E+00 0.000000E+00 7.249651E+04 7.120633E+04 2.274402E+04 1.620293E+02 0.000000E+00 0.000000E+00
4.924000E+00 5.021934E+04 1.400750E+04 7.265840E+04 1.403698E+02 8.663177E+01 0.000000E+00 0.000000E+00 0.000000E+00 7.238924E+04 7.109903E+04 2.274997E+04 1.620717E+02 0.000000E+00 0.000000E+00
4.925000E+00 5.014823E+04 1.397523E+04 7.255082E+04 1.403698E+02 8.671507E+01 0.000000E+00 0.000000E+00 0.000000E+00 7.228213E+04 7.099154E+04 2.275328E+04 1.620952E+02 0.000000E+00 0.000000E+00
4.926000E+00 5.007648E+04 1.394091E+04 7.244340E+04 1.403698E+02 8.679837E+01 0.000000E+00 0.000000E+00 0.000000E+00 7.217518E+04 7.088388E+04 2.275427E+04 1.621023E+02 0.000000E+00 0.000000E+00
4.927000E+00 5.000407E+04 1.390459E+04 7.233614E+04 1.403698E+02 8.688167E+01 0.000000E+00 0.000000E+00 0.000000E+00 7.206837E+04 7.077604E+04 2.275297E+04 1.620930E+02 0.000000E+00 0.000000E+00
4.928000E+00 4.993099E+04 1.386632E+04 7.222904E+04 1.403698E+02 8.696497E+01 0.000000E+00 0.000000E+00 0.000000E+00 7.196172E+04 7.066805E+04 2.274937E+04 1.620674E+02 0.000000E+00 0.000000E+00
4.929000E+00 4.985721E+04 1.382604E+04 7.212210E+04 1.403698E+02 8.704827E+01 0.000000E+00 0.000000E+00 0.000000E+00 7.185523E+04 7.055991E+04 2.274342E+04 1.620250E+02 0.000000E+00 0.000000E+00
4.930000E+00 4.978274E+04 1.378370E+04 7.201531E+04 1.403698E+02 8.713157E+01 0.000000E+00 0.000000E+00 0.000000E+00 7.174888E+04 7.045163E+04 2.273501E+04 1.619651E+02 0.000000E+00 0.000000E+00
4.931000E+00 4.970756E+04 1.373960E+04 7.190869E+04 1.403698E+02 8.721487E+01 0.000000E+00 0.000000E+00 0.000000E+00 7.164268E+04 7.034324E+04 2.272443E+04 1.618897E+02 0.000000E+00 0.000000E+00
4.932000E+00 4.963167E+04 1.369382E+04 7.180223E+04 1.403698E+02 8.729817E+01 0.000000E+00 0.000000E+00 0.000000E+00 7.153664E+04 7.023474E+04 2.271173E+04 1.617993E+02 0.000000E+00 0.000000E+00
4.933000E+00 4.955507E+04 1.364645E+04 7.169592E+04 1.403698E+02 8.738147E+01 0.000000E+00 0.000000E+00 0.000000E+00 7.143074E+04 7.012616E+04 2.269697E+04 1.616941E+02 0.000000E+00 0.000000E+00
4.934000E+00 4.947777E+04 1.359742E+04 7.158977E+04 1.403698E+02 8.746477E+01 0.000000E+00 0.000000E+00 0.000000E+00 7.132500E+04 7.001751E+04 2.268006E+04 1.615737E+02 0.000000E+00 0.000000E+00
4.935000E+00 4.939977E+04 1.354690E+04 7.148378E+04 1.403698E+02 8.754807E+01 0.000000E+00 0.000000E+00 0.000000E+00 7.121940E+04 6.990881E+04 2.266114E+04 1.614389E+02 0.000000E+00 0.000000E+00
4.936000E+00 4.932108E+04 1.349511E+04 7.137794E+04 1.403698E+02 8.763137E+01 0.000000E+00 0.000000E+00 0.000000E+00 7.111395E+04 6.980009E+04 2.264043E+04 1.612913E+02 0.000000E+00 0.000000E+00
4.937000E+00 4.924172E+04 1.344217E+04 7.127226E+04 1.403698E+02 8.771467E+01 0.000000E+00 0.000000E+00 0.000000E+00 7.100865E+04 6.969137E+04 2.261801E+04 1.611316E+02 0.000000E+00 0.000000E+00
4.938000E+00 4.916171E+04 1.338820E+04 7.116674E+04 1.403698E+02 8.779797E+01 0.000000E+00 0.000000E+00 0.000000E+00 7.090350E+04 6.958267E+04 2.259400E+04 1.609605E+02 0.000000E+00 0.000000E+00
4.939000E+00 4.908107E+04 1.333315E+04 7.106137E+04 1.403698E+02 8.788127E+01 0.000000E+00 0.000000E+00 0.000000E+00 7.079849E+04 6.947401E+04 2.256832E+04 1.607776E+02 0.000000E+00 0.000000E+00
4.940000E+00 4.899983E+04 1.327731E+04 7.095616E+04 1.403698E+02 8.796457E+01 0.000000E+00 0.000000E+00 0.000000E+00 7.069364E+04 6.936543E+04 2.254127E+04 1.605849E+02 0.000000E+00 0.000000E+00
4.941000E+00 4.891801E+04 1.322086E+04 7.085111E+04 1.403698E+02 8.804787E+01 0.000000E+00 0.000000E+00 0.000000E+00 7.058892E+04 6.925695E+04 2.251300E+04 1.603835E+02 0.000000E+00 0.000000E+00
4.942000E+00 4.883565E+04 1.316393E+04 7.074620E+04 1.403698E+02 8.813117E+01 0.000000E+00 0.000000E+00 0.000000E+00 7.048436E+04 6.914858E+04 2.248364E+04 1.601743E+02 0.000000E+00 0.000000E+00
4.943000E+00 4.875279E+04 1.310663E+04 7.064146E+04 1.403698E+02 8.821447E+01 0.000000E+00 0.000000E+00 0.000000E+00 7.037994E+04 6.904037E+04 2.245330E+04 1.599582E+02 0.000000E+00 0.000000E+00
4.944000E+00 4.866946E+04 1.304904E+04 7.053687E+04 1.403698E+02 8.829777E+01 0.000000E+00 0.000000E+00 0.000000E+00 7.027566E+04 6.893233E+04 2.242205E+04 1.597355E+02 0.000000E+00 0.000000E+00
4.945000E+00 4.858571E+04 1.299142E+04 7.043243E+04 1.403698E+02 8.838107E+01 0.000000E+00 0.000000E+00 0.000000E+00 7.017154E+04 6.882449E+04 2.239015E+04 1.595083E+02 0.000000E+00 0.000000E+00
4.946000E+00 4.850158E+04 1.293391E+04 7.032814E+04 1.403698E+02 8.846437E+01 0.000000E+00 0.000000E+00 0.000000E+00 7.006755E+04 6.871688E+04 2.235774E+04 1.592774E+02 0.000000E+00 0.000000E+00
4.947000E+00 4.841711E+04 1.287665E+04 7.022401E+04 1.403698E+02 8.854767E+01 0.000000E+00 0.000000E+00 0.000000E+00 6.996372E+04 6.860953E+04 2.232497E+04 1.590440E+02 0.000000E+00 0.000000E+00
4.948000E+00 4.833236E+04 1.281977E+04 7.012003E+04 1.403698E+02 8.863097E+01 0.000000E+00 0.000000E+00 0.000000E+00 6.986003E+04 6.850245E+04 2.229198E+04 1.588090E+02 0.000000E+00 0.000000E+00
4.949000E+00 4.824737E+04 1.276344E+04 7.001621E+04 1.403698E+02 8.871427E+01 0.000000E+00 0.000000E+00 0.000000E+00 6.975648E+04 6.839568E+04 2.225894E+04 1.585736E+02 0.000000E+00 0.000000E+00
4.950000E+00 4.816220E+04 1.270781E+04 6.991253E+04 1.403698E+02 8.879757E+01 0.000000E+00 0.000000E+00 0.000000E+00 6.965308E+04 6.828924E+04 2.222601E+04 1.583390E+02 0.000000E+00 0.000000E+00
4.951000E+00 4.807690E+04 1.265300E+04 6.980901E+04 1.403698E+02 8.888087E+01 0.000000E+00 0.000000E+00 0.000000E+00 6.954983E+04 6.818315E+04 2.219333E+04 1.581062E+02 0.000000E+00 0.000000E+00
4.952000E+00 4.799152E+04 1.259915E+04 6.970564E+04 1.403698E+02 8.896417E+01 0.000000E+00 0.000000E+00 0.000000E+00 6.944672E+04 6.807744E+04 2.216106E+04 1.578763E+02 0.000000E+00 0.000000E+00
4.953000E+00 4.790613E+04 1.254646E+04 6.960242E+04 1.403698E+02 8.904747E+01 0.000000E+00 0.000000E+00 0.000000E+00 6.934376E+04 6.797213E+04 2.212940E+04 1.576507E+02 0.000000E+00 0.000000E+00
4.954000E+00 4.782077E+04 1.249503E+04 6.949936E+04 1.403698E+02 8.913077E+01 0.000000E+00 0.000000E+00 0.000000E+00 6.924095E+04 6.786724E+04 2.209848E+04 1.574304E+02 0.000000E+00 0.000000E+00
4.955000E+00 4.773551E+04 1.244495E+04 6.939644E+04 1.403698E+02 8.921407E+01 0.000000E+00 0.000000E+00 0.000000E+00 6.913828E+04 6.776279E+04 2.206841E+04 1.572162E+02 0.000000E+00 0.000000E+00
4.956000E+00 4.765040E+04 1.239633E+04 6.929368E+04 1.403698E+02 8.929737E+01 0.000000E+00 0.000000E+00 0.000000E+00 6.903576E+04 6.765879E+04 2.203933E+04 1.570090E+02 0.000000E+00 0.000000E+00
4.957000E+00 4.756551E+04 1.234928E+04 6.919106E+04 1.403698E+02 8.938067E+01 0.000000E+00 0.000000E+00 0.000000E+00 6.893338E+04 6.755527E+04 2.201135E+04 1.568097E+02 0.000000E+00 0.000000E+00
4.958000E+00 4.748087E+04 1.230409E+04 6.908860E+04 1.403698E+02 8.946397E+01 0.000000E+00 0.000000E+00 0.000000E+00 6.883115E+04 6.745224E+04 2.198481E+04 1.566207E+02 0.000000E+00 0.000000E+00
4.959000E+00 4.739656E+04 1.226067E+04 6.898628E+04 1.403698E+02 8.954727E+01 0.000000E+00 0.000000E+00 0.000000E+00 6.872907E+04 6.734972E+04 2.195965E+04 1.564414E+02 0.000000E+00 0.000000E+00
4.960000E+00 4.731262E+04 1.221911E+04 6.888412E+04 1.403698E+02 8.963057E+01 0.000000E+00 0.000000E+00 0.000000E+00 6.862714E+04 6.724771E+04 2.193597E+04 1.562727E+02 0.000000E+00 0.000000E+00
4.961000E+00 4.722912E+04 1.217948E+04 6.878210E+04 1.403698E+02 8.971387E+01 0.000000E+00 0.000000E+00 0.000000E+00 6.852536E+04 6.714622E+04 2.191389E+04 1.561154E+02 0.000000E+00 0.000000E+00
4.962000E+00 4.714610E+04 1.214192E+04 6.868023E+04 1.403698E+02 8.979717E+01 0.000000E+00 0.000000E+00 0.000000E+00 6.842372E+04 6.704528E+04 2.189356E+04 1.559706E+02 0.000000E+00 0.000000E+00
4.963000E+00 4.706361E+04 1.210661E+04 6.857851E+04 1.403698E+02 8.988047E+01 0.000000E+00 0.000000E+00 0.000000E+00 6.832223E+04 6.694488E+04 2.187521E+04 1.558399E+02 0.000000E+00 0.000000E+00
4.964000E+00 4.698170E+04 1.207342E+04 6.847695E+04 1.403698E+02 8.996377E+01 0.000000E+00 0.000000E+00 0.000000E+00 6.822089E+04 6.684502E+04 2.185874E+04 1.557225E+02 0.000000E+00 0.000000E+00
4.965000E+00 4.690042E+04 1.204239E+04 6.837552E+04 1.403698E+02 9.004707E+01 0.000000E+00 0.000000E+00 0.000000E+00 6.811971E+04 6.674572E+04 2.184421E+04 1.556190E+02 0.000000E+00 0.000000E+00
4.966000E+00 4.681981E+04 1.201354E+04 6.827425E+04 1.403698E+02 9.013037E+01 0.000000E+00 0.000000E+00 0.000000E+00 6.801867E+04 6.664697E+04 2.183168E+04 1.555298E+02 0.000000E+00 0.000000E+00
4.967000E+00 4.673992E+04 1.198707E+04 6.817313E+04 1.403698E+02 9.021367E+01 0.000000E+00 0.000000E+00 0.000000E+00 6.791778E+04 6.654877E+04 2.182140E+04 1.554565E+02 0.000000E+00 0.000000E+00
4.968000E+00 4.666078E+04 1.196296E+04 6.807215E+04 1.403698E+02 9.029697E+01 0.000000E+00 0.000000E+00 0.000000E+00 6.781704E+04 6.645113E+04 2.181337E+04 1.553993E+02 0.000000E+00 0.000000E+00
4.969000E+00 4.658243E+04 1.194108E+04 6.797132E+04 1.403698E+02 9.038027E+01 0.000000E+00 0.000000E+00 0.000000E+00 6.771645E+04 6.635403E+04 2.180749E+04 1.553574E+02 0.000000E+00 0.000000E+00
4.970000E+00 4.650490E+04 1.192141E+04 6.787064E+04 1.403698E+02 9.046357E+01 0.000000E+00 0.000000E+00 0.000000E+00 6.761602E+04 6.625747E+04 2.180379E+04 1.553310E+02 0.000000E+00 0.000000E+00
4.971000E+00 4.642822E+04 1.190394E+04 6.777011E+04 1.403698E+02 9.054687E+01 0.000000E+00 0.000000E+00 0.000000E+00 6.751574E+04 6.616145E+04 2.180228E+04 1.553203E+02 0.000000E+00 0.000000E+00
4.972000E+00 4.635242E+04 1.188892E+04 6.766972E+04 1.403698E+02 9.063017E+01 0.000000E+00 0.000000E+00 0.000000E+00 6.741560E+04 6.606595E+04 2.180325E+04 1.553272E+02 0.000000E+00 0.000000E+00
4.973000E+00 4.627752E+04 1.187609E+04 6.756948E+04 1.403698E+02 9.071347E+01 0.000000E+00 0.000000E+00 0.000000E+00 6.731562E+04 6.597096E+04 2.180646E+04 1.553501E+02 0.000000E+00 0.000000E+00
4.974000E+00 4.620354E+04 1.186535E+04 6.746939E+04 1.403698E+02 9.079677E+01 0.000000E+00 0.000000E+00 0.000000E+00 6.721580E+04 6.587647E+04 2.181187E+04 1.553886E+02 0.000000E+00 0.000000E+00
4.975000E+00 4.613049E+04 1.185666E+04 6.736945E+04 1.403698E+02 9.088007E+01 0.000000E+00 0.000000E+00 0.000000E+00 6.711612E+04 6.578247E+04 2.181943E+04 1.554425E+02 0.000000E+00 0.000000E+00
4.976000E+00 4.605839E+04 1.184998E+04 6.726965E+04 1.403698E+02 9.096337E+01 0.000000E+00 0.000000E+00 0.000000E+00 6.701660E+04 6.568893E+04 2.182918E+04 1.555119E+02 0.000000E+00 0.000000E+00
4.977000E+00 4.598725E+04 1.184548E+04 6.717000E+04 1.403698E+02 9.104667E+01 0.000000E+00 0.000000E+00 0.000000E+00 6.691723E+04 6.559585E+04 2.184128E+04 1.555981E+02 0.000000E+00 0.000000E+00
4.978000E+00 4.591707E+04 1.184281E+04 6.707049E+04 1.403698E+02 9.112997E+01 0.000000E+00 0.000000E+00 0.000000E+00 6.681801E+04 6.550321E+04 2.185542E+04 1.556989E+02 0.000000E+00 0.000000E+00
4.979000E+00 4.584784E+04 1.184188E+04 6.697113E+04 1.403698E+02 9.121327E+01 0.000000E+00 0.000000E+00 0.000000E+00 6.671895E+04 6.541097E+04 2.187155E+04 1.558137E+02 0.000000E+00 0.000000E+00
4.980000E+00 4.577958E+04 1.184262E+04 6.687192E+04 1.403698E+02 9.129657E+01 0.000000E+00 0.000000E+00 0.000000E+00 6.662004E+04 6.531913E+04 2.188959E+04 1.559423E+02 0.000000E+00 0.000000E+00
4.981000E+00 4.571226E+04 1.184503E+04 6.677285E+04 1.403698E+02 9.137987E+01 0.000000E+00 0.000000E+00 0.000000E+00 6.652129E+04 6.522766E+04 2.190960E+04 1.560849E+02 0.000000E+00 0.000000E+00
4.982000E+00 4.564588E+04 1.184904E+04 6.667393E+04 1.403698E+02 9.146317E+01 0.000000E+00 0.000000E+00 0.000000E+00 6.642269E+04 6.513654E+04 2.193153E+04 1.562411E+02 0.000000E+00 0.000000E+00
4.983000E+00 4.558043E+04 1.185441E+04 6.657516E+04 1.403698E+02 9.154647E+01 0.000000E+00 0.000000E+00 0.000000E+00 6.632424E+04 6.504574E+04 2.195513E+04 1.564092E+02 0.000000E+00 0.000000E+00
4.984000E+00 4.551589E+04 1.186101E+04 6.647653E+04 1.403698E+02 9.162977E+01 0.000000E+00 0.000000E+00 0.000000E+00 6.622594E+04 6.495524E+04 2.198031E+04 1.565886E+02 0.000000E+00 0.000000E+00
4.985000E+00 4.545224E+04 1.186874E+04 6.637805E+04 1.403698E+02 9.171307E+01 0.000000E+00 0.000000E+00 0.000000E+00 6.612780E+04 6.486502E+04 2.200699E+04 1.567787E+02 0.000000E+00 0.000000E+00
4.986000E+00 4.538945E+04 1.187763E+04 6.627971E+04 1.403698E+02 9.179637E+01 0.000000E+00 0.000000E+00 0.000000E+00 6.602982E+04 6.477505E+04 2.203521E+04 1.569797E+02 0.000000E+00 0.000000E+00
4.987000E+00 4.532751E+04 1.188746E+04 6.618152E+04 1.403698E+02 9.187967E+01 0.000000E+00 0.000000E+00 0.000000E+00 6.593198E+04 6.468530E+04 2.206476E+04 1.571902E+02 0.000000E+00 0.000000E+00
4.988000E+00 4.526637E+04 1.189806E+04 6.608347E+04 1.403698E+02 9.196297E+01 0.000000E+00 0.000000E+00 0.000000E+00 6.583430E+04 6.459576E+04 2.209547E+04 1.574090E+02 0.000000E+00 0.000000E+00
4.989000E+00 4.520600E+04 1.190930E+04 6.598557E+04 1.403698E+02 9.204627E+01 0.000000E+00 0.000000E+00 0.000000E+00 6.573677E+04 6.450638E+04 2.212724E+04 1.576353E+02 0.000000E+00 0.000000E+00
4.990000E+00 4.514638E+04 1.192108E+04 6.588781E+04 1.403698E+02 9.212957E+01 0.000000E+00 0.000000E+00 0.000000E+00 6.563940E+04 6.441716E+04 2.215997E+04 1.578685E+02 0.000000E+00 0.000000E+00
4.991000E+00 4.508747E+04 1.193339E+04 6.579020E+04 1.403698E+02 9.221287E+01 0.000000E+00 0.000000E+00 0.000000E+00 6.554218E+04 6.432806E+04 2.219366E+04 1.581085E+02 0.000000E+00 0.000000E+00
4.992000E+00 4.502922E+04 1.194599E+04 6.569273E+04 1.403698E+02 9.229617E+01 0.000000E+00 0.000000E+00 0.000000E+00 6.544511E+04 6.423906E+04 2.222805E+04 1.583535E+02 0.000000E+00 0.000000E+00
4.993000E+00 4.497160E+04 1.195876E+04 6.559541E+04 1.403698E+02 9.237947E+01 0.000000E+00 0.000000E+00 0.000000E+00 6.534819E+04 6.415013E+04 2.226305E+04 1.586028E+02 0.000000E+00 0.000000E+00
4.994000E+00 4.491456E+04 1.197160E+04 6.549824E+04 1.403698E+02 9.246277E+01 0.000000E+00 0.000000E+00 0.000000E+00 6.525142E+04 6.406126E+04 2.229854E+04 1.588557E+02 0.000000E+00 0.000000E+00
4.995000E+00 4.485806E+04 1.198441E+04 6.540120E+04 1.403698E+02 9.254607E+01 0.000000E+00 0.000000E+00 0.000000E+00 6.515481E+04 6.397242E+04 2.233444E+04 1.591114E+02 0.000000E+00 0.000000E+00
4.996000E+00 4.480207E+04 1.199711E+04 6.530432E+04 1.403698E+02 9.262937E+01 0.000000E+00 0.000000E+00 0.000000E+00 6.505834E+04 6.388358E+04 2.237064E+04 1.593693E+02 0.000000E+00 0.000000E+00
4.997000E+00 4.474652E+04 1.200955E+04 6.520757E+04 1.403698E+02 9.271267E+01 0.000000E+00 0.000000E+00 0.000000E+00 6.496203E+04 6.379474E+04 2.240701E+04 1.596284E+02 0.000000E+00 0.000000E+00
4.998000E+00 4.469139E+04 1.202165E+04 6.511097E+04 1.403698E+02 9.279597E+01 0.000000E+00 0.000000E+00 0.000000E+00 6.486586E+04 6.370587E+04 2.244345E+04 1.598880E+02 0.000000E+00 0.000000E+00
4.999000E+00 4.463661E+04 1.203334E+04 6.501452E+04 1.403698E+02 9.287927E+01 0.000000E+00 0.000000E+00 0.000000E+00 6.476985E+04 6.361695E+04 2.247988E+04 1.601475E+02 0.000000E+00 0.000000E+00
5.000000E+00 4.458216E+04 1.204451E+04 6.491821E+04 1.403698E+02 9.296257E+01 0.000000E+00 0.000000E+00 0.000000E+00 6.467398E+04 6.352796E+04 2.251619E+04 1.604062E+02 0.000000E+00 0.000000E+00
